annotation_set,unit_key,work_code,work_name,representation,classification,drift_value,drift_quantile_bin,text_raw_left,text_raw_right,text_norm_left,text_norm_right,drift_r0,drift_r1,drift_r2,delta_representation_left,delta_representation_right,delta_value,category_labels
INLIER_BACKGROUND,1CH:1:30,1CH,1Chronicles,R0,INLIER,1.1102230246251563e-16,Q1,"Mishma, and Dumah, Massa, Hadad, and Tema,","Mishma, and Dumah, Massa, Hadad, and Tema,","mishma, and dumah, massa, hadad, and tema,","mishma, and dumah, massa, hadad, and tema,",1.1102230246251565e-16,1.1102230246251565e-16,,R0,R1,0.0,
INLIER_BACKGROUND,1CH:4:2,1CH,1Chronicles,R0,INLIER,0.0271942375299341,Q1,"And Reaiah, the son of Shobal, begate Iahath, and Iahath begate Ahumai, & Lahad. These are the families of the Zorathites.","And Reaiah the son of Shobal begat Jahath; and Jahath begat Ahumai, and Lahad. These are the families of the Zorathites.","and reaiah, the son of shobal, begate iahath, and iahath begate ahumai, & lahad. these are the families of the zorathites.","and reaiah the son of shobal begat jahath; and jahath begat ahumai, and lahad. these are the families of the zorathites.",0.027194237529934107,0.027194237529934107,,R0,R1,0.0,
INLIER_BACKGROUND,1CH:22:15,1CH,1Chronicles,R0,INLIER,0.0472322853554709,Q2,"Moreouer, there are workmen with thee in abundance, hewers, and workers of stone and timber, and all maner of cunning men for euery maner of worke:","Moreover there are workmen with thee in abundance, hewers and workers of stone and timber, and all manner of cunning men for every manner of work.","moreouer, there are workmen with thee in abundance, hewers, and workers of stone and timber, and all maner of cunning men for euery maner of worke:","moreover there are workmen with thee in abundance, hewers and workers of stone and timber, and all manner of cunning men for every manner of work.",0.04723228535547097,0.04723228535547097,,R0,R1,0.0,
INLIER_BACKGROUND,1CH:6:70,1CH,1Chronicles,R0,INLIER,0.0328970670709997,Q2,"And out of the halfe tribe of Manasseh, Aner with her suburbs, and Bileam with her suburbs, for the family of the remnant of the sonnes of Kohath.","And out of the half tribe of Manasseh; Aner with her suburbs, and Bileam with her suburbs, for the family of the remnant of the sons of Kohath.","and out of the halfe tribe of manasseh, aner with her suburbs, and bileam with her suburbs, for the family of the remnant of the sonnes of kohath.","and out of the half tribe of manasseh; aner with her suburbs, and bileam with her suburbs, for the family of the remnant of the sons of kohath.",0.03289706707099971,0.03289706707099971,,R0,R1,0.0,
INLIER_BACKGROUND,1CH:1:41,1CH,1Chronicles,R0,INLIER,0.0815202712160338,Q3,"The sonnes of Anah: Dishon. And the sonnes of Dishon: Amram, and Eshban, and Ithran, and Cheran.","The sons of Anah; Dishon. And the sons of Dishon; Amram, and Eshban, and Ithran, and Cheran.","the sonnes of anah: dishon. and the sonnes of dishon: amram, and eshban, and ithran, and cheran.","the sons of anah; dishon. and the sons of dishon; amram, and eshban, and ithran, and cheran.",0.08152027121603389,0.08152027121603389,,R0,R1,0.0,
INLIER_BACKGROUND,1CH:9:16,1CH,1Chronicles,R0,INLIER,0.0596568094103098,Q3,"And Obadiah the sonne of Shemaiah, the sonne of Galal, the sonne of Ieduthun: and Berechiah the sonne of Asa, the sonne of Elkanah, that dwelt in the villages of the Netophathites.","And Obadiah the son of Shemaiah, the son of Galal, the son of Jeduthun, and Berechiah the son of Asa, the son of Elkanah, that dwelt in the villages of the Netophathites.","and obadiah the sonne of shemaiah, the sonne of galal, the sonne of ieduthun: and berechiah the sonne of asa, the sonne of elkanah, that dwelt in the villages of the netophathites.","and obadiah the son of shemaiah, the son of galal, the son of jeduthun, and berechiah the son of asa, the son of elkanah, that dwelt in the villages of the netophathites.",0.05965680941030982,0.05965680941030982,,R0,R1,0.0,
INLIER_BACKGROUND,1CH:12:38,1CH,1Chronicles,R0,INLIER,0.095200522474815,Q4,"All these men of warre, that could keepe ranke, came with a perfect heart to Hebron, to make Dauid king ouer all Israel: and all the rest also of Israel, were of one heart to make Dauid king.","All these men of war, that could keep rank, came with a perfect heart to Hebron, to make David king over all Israel: and all the rest also of Israel were of one heart to make David king.","all these men of warre, that could keepe ranke, came with a perfect heart to hebron, to make dauid king ouer all israel: and all the rest also of israel, were of one heart to make dauid king.","all these men of war, that could keep rank, came with a perfect heart to hebron, to make david king over all israel: and all the rest also of israel were of one heart to make david king.",0.09520052247481503,0.09520052247481503,,R0,R1,0.0,
INLIER_BACKGROUND,1CH:6:45,1CH,1Chronicles,R0,INLIER,0.1443626674472219,Q4,"The sonne of Hashabiah, the sonne of Amaziah, the sonne of Hilkiah,","The son of Hashabiah, the son of Amaziah, the son of Hilkiah,","the sonne of hashabiah, the sonne of amaziah, the sonne of hilkiah,","the son of hashabiah, the son of amaziah, the son of hilkiah,",0.14436266744722193,0.14436266744722193,,R0,R1,0.0,
INLIER_BACKGROUND,1CO:3:7,1CO,1Corinthians,R0,INLIER,0.0269402700027864,Q1,"So then, neither is he that planteth any thing, neither hee that watereth: but God that giueth the increase.","So then neither is he that planteth any thing, neither he that watereth; but God that giveth the increase.","so then, neither is he that planteth any thing, neither hee that watereth: but god that giueth the increase.","so then neither is he that planteth any thing, neither he that watereth; but god that giveth the increase.",0.026940270002786426,0.026940270002786426,,R0,R1,0.0,
INLIER_BACKGROUND,1CO:4:11,1CO,1Corinthians,R0,INLIER,0.0300317332989069,Q1,"Euen vnto this present houre we both hunger and thirst, and are naked, and are buffeted, and haue no certaine dwelling place,","Even unto this present hour we both hunger, and thirst, and are naked, and are buffeted, and have no certain dwellingplace;","euen vnto this present houre we both hunger and thirst, and are naked, and are buffeted, and haue no certaine dwelling place,","even unto this present hour we both hunger, and thirst, and are naked, and are buffeted, and have no certain dwellingplace;",0.03003173329890696,0.03003173329890696,,R0,R1,0.0,
INLIER_BACKGROUND,1CO:10:7,1CO,1Corinthians,R0,INLIER,0.0545899353255989,Q2,"Neither be ye idolaters, as were some of them, as it is written, The people sate downe to eate and drinke, and rose vp to play.","Neither be ye idolaters, as were some of them; as it is written, The people sat down to eat and drink, and rose up to play.","neither be ye idolaters, as were some of them, as it is written, the people sate downe to eate and drinke, and rose vp to play.","neither be ye idolaters, as were some of them; as it is written, the people sat down to eat and drink, and rose up to play.",0.05458993532559897,0.05458993532559897,,R0,R1,0.0,
INLIER_BACKGROUND,1CO:4:13,1CO,1Corinthians,R0,INLIER,0.030797878071697,Q2,"Being defamed, we intreate: we are made as the filth of the world, and are the off-scouring of all things vnto this day.","Being defamed, we intreat: we are made as the filth of the world, and are the offscouring of all things unto this day.","being defamed, we intreate: we are made as the filth of the world, and are the off-scouring of all things vnto this day.","being defamed, we intreat: we are made as the filth of the world, and are the offscouring of all things unto this day.",0.030797878071697093,0.030797878071697093,,R0,R1,0.0,
INLIER_BACKGROUND,1CO:12:2,1CO,1Corinthians,R0,INLIER,0.0691179124717451,Q3,"Yee know that yee were Gentiles, caryed away vnto these dumbe idoles, euen as ye were led.","Ye know that ye were Gentiles, carried away unto these dumb idols, even as ye were led.","yee know that yee were gentiles, caryed away vnto these dumbe idoles, euen as ye were led.","ye know that ye were gentiles, carried away unto these dumb idols, even as ye were led.",0.06911791247174515,0.06911791247174515,,R0,R1,0.0,
INLIER_BACKGROUND,1CO:5:8,1CO,1Corinthians,R0,INLIER,0.0882133456510315,Q3,"Therefore let vs keepe the Feast, not with old leauen, neither with the leauen of malice and wickednesse: but with the vnleauened bread of sinceritie and trueth.","Therefore let us keep the feast, not with old leaven, neither with the leaven of malice and wickedness; but with the unleavened bread of sincerity and truth.","therefore let vs keepe the feast, not with old leauen, neither with the leauen of malice and wickednesse: but with the vnleauened bread of sinceritie and trueth.","therefore let us keep the feast, not with old leaven, neither with the leaven of malice and wickedness; but with the unleavened bread of sincerity and truth.",0.08821334565103156,0.08821334565103156,,R0,R1,0.0,
INLIER_BACKGROUND,1CO:10:24,1CO,1Corinthians,R0,INLIER,0.1312329145391259,Q4,Let no man seeke his owne: but euery man anothers wealth.,"Let no man seek his own, but every man another’s wealth.",let no man seeke his owne: but euery man anothers wealth.,"let no man seek his own, but every man another’s wealth.",0.1312329145391259,0.1312329145391259,,R0,R1,0.0,
INLIER_BACKGROUND,1CO:15:58,1CO,1Corinthians,R0,INLIER,0.0980671792730172,Q4,"Therefore my beloued brethren, be yee stedfast, vnmoueable, alwayes abounding in the worke of the Lord, forasmuch as you know that your labour is not in vaine in the Lord.","Therefore, my beloved brethren, be ye stedfast, unmoveable, always abounding in the work of the Lord, forasmuch as ye know that your labour is not in vain in the Lord.","therefore my beloued brethren, be yee stedfast, vnmoueable, alwayes abounding in the worke of the lord, forasmuch as you know that your labour is not in vaine in the lord.","therefore, my beloved brethren, be ye stedfast, unmoveable, always abounding in the work of the lord, forasmuch as ye know that your labour is not in vain in the lord.",0.09806717927301722,0.09806717927301722,,R0,R1,0.0,
INLIER_BACKGROUND,1JN:5:19,1JN,1John,R0,INLIER,0.0059636196212888,Q1,"And we know that we are of God, and the whole world lieth in wickednesse.","And we know that we are of God, and the whole world lieth in wickedness.","and we know that we are of god, and the whole world lieth in wickednesse.","and we know that we are of god, and the whole world lieth in wickedness.",0.005963619621288885,0.005963619621288885,,R0,R1,0.0,
INLIER_BACKGROUND,1JN:5:21,1JN,1John,R0,INLIER,0.0268556826296436,Q1,"Little children, keepe your selues from Idoles. Amen.","Little children, keep yourselves from idols. Amen.","little children, keepe your selues from idoles. amen.","little children, keep yourselves from idols. amen.",0.026855682629643662,0.026855682629643662,,R0,R1,0.0,
INLIER_BACKGROUND,1JN:1:10,1JN,1John,R0,INLIER,0.0454202067240105,Q2,"If we say that we haue not sinned, wee make him a liar, and his word is not in vs.","If we say that we have not sinned, we make him a liar, and his word is not in us.","if we say that we haue not sinned, wee make him a liar, and his word is not in vs.","if we say that we have not sinned, we make him a liar, and his word is not in us.",0.04542020672401059,0.04542020672401059,,R0,R1,0.0,
INLIER_BACKGROUND,1JN:4:3,1JN,1John,R0,INLIER,0.045492508797132,Q2,"And euery Spirit that confesseth not that Iesus Christ is come in the flesh, is not of God: and this is that spirit of Antichrist, whereof you haue heard, that it should come, and euen now already is it in the world.","And every spirit that confesseth not that Jesus Christ is come in the flesh is not of God: and this is that spirit of antichrist, whereof ye have heard that it should come; and even now already is it in the world.","and euery spirit that confesseth not that iesus christ is come in the flesh, is not of god: and this is that spirit of antichrist, whereof you haue heard, that it should come, and euen now already is it in the world.","and every spirit that confesseth not that jesus christ is come in the flesh is not of god: and this is that spirit of antichrist, whereof ye have heard that it should come; and even now already is it in the world.",0.04549250879713207,0.04549250879713207,,R0,R1,0.0,
INLIER_BACKGROUND,1JN:2:28,1JN,1John,R0,INLIER,0.0572732770897167,Q3,"And now, little children, abide in him, that when hee shall appeare, wee may haue confidence, and not bee ashamed before him at his comming.","And now, little children, abide in him; that, when he shall appear, we may have confidence, and not be ashamed before him at his coming.","and now, little children, abide in him, that when hee shall appeare, wee may haue confidence, and not bee ashamed before him at his comming.","and now, little children, abide in him; that, when he shall appear, we may have confidence, and not be ashamed before him at his coming.",0.057273277089716745,0.057273277089716745,,R0,R1,0.0,
INLIER_BACKGROUND,1JN:3:19,1JN,1John,R0,INLIER,0.0777487037775527,Q3,"And hereby wee know that wee are of the trueth, and shall assure our hearts before him.","And hereby we know that we are of the truth, and shall assure our hearts before him.","and hereby wee know that wee are of the trueth, and shall assure our hearts before him.","and hereby we know that we are of the truth, and shall assure our hearts before him.",0.07774870377755272,0.07774870377755272,,R0,R1,0.0,
INLIER_BACKGROUND,1JN:4:9,1JN,1John,R0,INLIER,0.1058911089352808,Q4,"In this was manifested the loue of God towards vs, because that God sent his only begotten Sonne into the world, that we might liue through him.","In this was manifested the love of God toward us, because that God sent his only begotten Son into the world, that we might live through him.","in this was manifested the loue of god towards vs, because that god sent his only begotten sonne into the world, that we might liue through him.","in this was manifested the love of god toward us, because that god sent his only begotten son into the world, that we might live through him.",0.10589110893528086,0.10589110893528086,,R0,R1,0.0,
INLIER_BACKGROUND,1JN:5:17,1JN,1John,R0,INLIER,0.1431756553511654,Q4,"All vnrighteousnes is sinne, and there is a sinne not vnto death.",All unrighteousness is sin: and there is a sin not unto death.,"all vnrighteousnes is sinne, and there is a sinne not vnto death.",all unrighteousness is sin: and there is a sin not unto death.,0.1431756553511654,0.1431756553511654,,R0,R1,0.0,
INLIER_BACKGROUND,1KI:2:43,1KI,1Kings,R0,INLIER,0.0091289117844757,Q1,"Why then hast thou not kept the Oath of the Lord, and the commandement that I haue charged thee with?","Why then hast thou not kept the oath of the LORD, and the commandment that I have charged thee with?","why then hast thou not kept the oath of the lord, and the commandement that i haue charged thee with?","why then hast thou not kept the oath of the lord, and the commandment that i have charged thee with?",0.009128911784475724,0.009128911784475724,,R0,R1,0.0,
INLIER_BACKGROUND,1KI:3:24,1KI,1Kings,R0,INLIER,0.0134040115212551,Q1,"And the King said, Bring mee a sword. And they brought a sword before the king:","And the king said, Bring me a sword. And they brought a sword before the king.","and the king said, bring mee a sword. and they brought a sword before the king:","and the king said, bring me a sword. and they brought a sword before the king.",0.013404011521255144,0.013404011521255144,,R0,R1,0.0,
INLIER_BACKGROUND,1KI:13:3,1KI,1Kings,R0,INLIER,0.0348063027423747,Q2,"And he gaue a signe the same day, saying, This is the signe which the Lord hath spoken: Behold, the altar shall be rent, and the ashes that are vpon it, shalbe powred out.","And he gave a sign the same day, saying, This is the sign which the LORD hath spoken; Behold, the altar shall be rent, and the ashes that are upon it shall be poured out.","and he gaue a signe the same day, saying, this is the signe which the lord hath spoken: behold, the altar shall be rent, and the ashes that are vpon it, shalbe powred out.","and he gave a sign the same day, saying, this is the sign which the lord hath spoken; behold, the altar shall be rent, and the ashes that are upon it shall be poured out.",0.03480630274237473,0.03480630274237473,,R0,R1,0.0,
INLIER_BACKGROUND,1KI:6:21,1KI,1Kings,R0,INLIER,0.0493033937445737,Q2,"So Solomon ouerlayd the house within with pure golde: and he made a partition, by the chaines of golde before the Oracle, and he ouerlaid it with gold.",So Solomon overlaid the house within with pure gold: and he made a partition by the chains of gold before the oracle; and he overlaid it with gold.,"so solomon ouerlayd the house within with pure golde: and he made a partition, by the chaines of golde before the oracle, and he ouerlaid it with gold.",so solomon overlaid the house within with pure gold: and he made a partition by the chains of gold before the oracle; and he overlaid it with gold.,0.04930339374457371,0.04930339374457371,,R0,R1,0.0,
INLIER_BACKGROUND,1KI:1:49,1KI,1Kings,R0,INLIER,0.0795097755634072,Q3,"And all the guests that were with Adoniiah, were afraid, and rose vp, and went euery man his way.","And all the guests that were with Adonijah were afraid, and rose up, and went every man his way.","and all the guests that were with adoniiah, were afraid, and rose vp, and went euery man his way.","and all the guests that were with adonijah were afraid, and rose up, and went every man his way.",0.07950977556340721,0.07950977556340721,,R0,R1,0.0,
INLIER_BACKGROUND,1KI:4:27,1KI,1Kings,R0,INLIER,0.0578699337241377,Q3,"And those officers prouided victuall for king Solomon, and for all that came vnto king Solomons table, euery man in his moneth: they lacked nothing.","And those officers provided victual for king Solomon, and for all that came unto king Solomon’s table, every man in his month: they lacked nothing.","and those officers prouided victuall for king solomon, and for all that came vnto king solomons table, euery man in his moneth: they lacked nothing.","and those officers provided victual for king solomon, and for all that came unto king solomon’s table, every man in his month: they lacked nothing.",0.057869933724137734,0.057869933724137734,,R0,R1,0.0,
INLIER_BACKGROUND,1KI:18:46,1KI,1Kings,R0,INLIER,0.1241237442575936,Q4,"And the hand of the Lord was on Eliiah; and hee girded vp his loynes, and ranne before Ahab, to the entrance of Iezreel.","And the hand of the LORD was on Elijah; and he girded up his loins, and ran before Ahab to the entrance of Jezreel.","and the hand of the lord was on eliiah; and hee girded vp his loynes, and ranne before ahab, to the entrance of iezreel.","and the hand of the lord was on elijah; and he girded up his loins, and ran before ahab to the entrance of jezreel.",0.12412374425759365,0.12412374425759365,,R0,R1,0.0,
INLIER_BACKGROUND,1KI:9:4,1KI,1Kings,R0,INLIER,0.1038703338287849,Q4,"And if thou wilt walke before me, as Dauid thy father walked, in integritie of heart, and in vprightnesse, to doe according to all that I haue commanded thee, and wilt keepe my Statutes, and my Iudgements:","And if thou wilt walk before me, as David thy father walked, in integrity of heart, and in uprightness, to do according to all that I have commanded thee, and wilt keep my statutes and my judgments:","and if thou wilt walke before me, as dauid thy father walked, in integritie of heart, and in vprightnesse, to doe according to all that i haue commanded thee, and wilt keepe my statutes, and my iudgements:","and if thou wilt walk before me, as david thy father walked, in integrity of heart, and in uprightness, to do according to all that i have commanded thee, and wilt keep my statutes and my judgments:",0.10387033382878497,0.10387033382878497,,R0,R1,0.0,
INLIER_BACKGROUND,1PE:1:14,1PE,1Peter,R0,INLIER,0.0178513929037475,Q1,"As obedient children, not fashioning your selues according to the former lusts, in your ignorance:","As obedient children, not fashioning yourselves according to the former lusts in your ignorance:","as obedient children, not fashioning your selues according to the former lusts, in your ignorance:","as obedient children, not fashioning yourselves according to the former lusts in your ignorance:",0.017851392903747598,0.017851392903747598,,R0,R1,0.0,
INLIER_BACKGROUND,1PE:5:1,1PE,1Peter,R0,INLIER,0.0148297609801465,Q1,"The Elders which are among you I exhort, who am also an Elder, and a witnesse of the sufferings of Christ, and also a partaker of the glory that shall be reuealed.","The elders which are among you I exhort, who am also an elder, and a witness of the sufferings of Christ, and also a partaker of the glory that shall be revealed:","the elders which are among you i exhort, who am also an elder, and a witnesse of the sufferings of christ, and also a partaker of the glory that shall be reuealed.","the elders which are among you i exhort, who am also an elder, and a witness of the sufferings of christ, and also a partaker of the glory that shall be revealed:",0.014829760980146545,0.014829760980146545,,R0,R1,0.0,
INLIER_BACKGROUND,1PE:3:12,1PE,1Peter,R0,INLIER,0.0513585033913494,Q2,"For the eyes of the Lord are ouer the righteous, and his eares are open vnto their prayers: but the face of the Lord is against them that doe euill.","For the eyes of the Lord are over the righteous, and his ears are open unto their prayers: but the face of the Lord is against them that do evil.","for the eyes of the lord are ouer the righteous, and his eares are open vnto their prayers: but the face of the lord is against them that doe euill.","for the eyes of the lord are over the righteous, and his ears are open unto their prayers: but the face of the lord is against them that do evil.",0.0513585033913494,0.0513585033913494,,R0,R1,0.0,
INLIER_BACKGROUND,1PE:3:5,1PE,1Peter,R0,INLIER,0.0376983605426162,Q2,"For after this manner in the olde time, the holy women also who trusted in God adorned themselues, beeing in subiection vnto their owne husbands.","For after this manner in the old time the holy women also, who trusted in God, adorned themselves, being in subjection unto their own husbands:","for after this manner in the olde time, the holy women also who trusted in god adorned themselues, beeing in subiection vnto their owne husbands.","for after this manner in the old time the holy women also, who trusted in god, adorned themselves, being in subjection unto their own husbands:",0.037698360542616216,0.037698360542616216,,R0,R1,0.0,
INLIER_BACKGROUND,1PE:2:13,1PE,1Peter,R0,INLIER,0.0746820267953513,Q3,"Submit your selues to euery ordinance of man for the Lordes sake, whether it be to the King, as supreme,","Submit yourselves to every ordinance of man for the Lord’s sake: whether it be to the king, as supreme;","submit your selues to euery ordinance of man for the lordes sake, whether it be to the king, as supreme,","submit yourselves to every ordinance of man for the lord’s sake: whether it be to the king, as supreme;",0.0746820267953513,0.0746820267953513,,R0,R1,0.0,
INLIER_BACKGROUND,1PE:3:15,1PE,1Peter,R0,INLIER,0.0755917461917973,Q3,"But sanctifie the Lord God in your hearts, & be ready alwayes to giue an answere to euery man that asketh you a reason of the hope that is in you, with meekenesse and feare:",But sanctify the Lord God in your hearts: and be ready always to give an answer to every man that asketh you a reason of the hope that is in you with meekness and fear:,"but sanctifie the lord god in your hearts, & be ready alwayes to giue an answere to euery man that asketh you a reason of the hope that is in you, with meekenesse and feare:",but sanctify the lord god in your hearts: and be ready always to give an answer to every man that asketh you a reason of the hope that is in you with meekness and fear:,0.07559174619179732,0.07559174619179732,,R0,R1,0.0,
INLIER_BACKGROUND,1PE:1:10,1PE,1Peter,R0,INLIER,0.0961105656146784,Q4,"Of which saluation the Prophets haue inquired, and searched diligently, who prophesied of the grace that should come vnto you,","Of which salvation the prophets have enquired and searched diligently, who prophesied of the grace that should come unto you:","of which saluation the prophets haue inquired, and searched diligently, who prophesied of the grace that should come vnto you,","of which salvation the prophets have enquired and searched diligently, who prophesied of the grace that should come unto you:",0.09611056561467846,0.09611056561467846,,R0,R1,0.0,
INLIER_BACKGROUND,1PE:1:4,1PE,1Peter,R0,INLIER,0.1021007029337432,Q4,"To an inheritance incorruptible, and vndefiled, and that fadeth not away, reserued in heauen for you,","To an inheritance incorruptible, and undefiled, and that fadeth not away, reserved in heaven for you,","to an inheritance incorruptible, and vndefiled, and that fadeth not away, reserued in heauen for you,","to an inheritance incorruptible, and undefiled, and that fadeth not away, reserved in heaven for you,",0.10210070293374329,0.10210070293374329,,R0,R1,0.0,
INLIER_BACKGROUND,1SA:2:2,1SA,1Samuel,R0,INLIER,0.0189932546425362,Q1,There is none holy as the Lord: for there is none beside thee: neither is there any Rocke like our God.,There is none holy as the LORD: for there is none beside thee: neither is there any rock like our God.,there is none holy as the lord: for there is none beside thee: neither is there any rocke like our god.,there is none holy as the lord: for there is none beside thee: neither is there any rock like our god.,0.018993254642536206,0.018993254642536206,,R0,R1,0.0,
INLIER_BACKGROUND,1SA:3:19,1SA,1Samuel,R0,INLIER,0.0214145870573101,Q1,"¶ And Samuel grew, and the Lord was with him, and did let none of his words fall to the ground.","And Samuel grew, and the LORD was with him, and did let none of his words fall to the ground.","¶ and samuel grew, and the lord was with him, and did let none of his words fall to the ground.","and samuel grew, and the lord was with him, and did let none of his words fall to the ground.",0.02141458705731014,0.02141458705731014,,R0,R1,0.0,
INLIER_BACKGROUND,1SA:12:16,1SA,1Samuel,R0,INLIER,0.0521292789078065,Q2,¶ Now therefore stand and see this great thing which the Lord will doe before your eyes.,"Now therefore stand and see this great thing, which the LORD will do before your eyes.",¶ now therefore stand and see this great thing which the lord will doe before your eyes.,"now therefore stand and see this great thing, which the lord will do before your eyes.",0.0521292789078065,0.0521292789078065,,R0,R1,0.0,
INLIER_BACKGROUND,1SA:14:47,1SA,1Samuel,R0,INLIER,0.0520262330901517,Q2,"¶ So Saul tooke the kingdom ouer Israel, and fought against all his enemies on euery side, against Moab, and against the children of Ammon, and against Edom, and against the kings of Zobah, and against the Philistines: and whithersoeuer hee turned himselfe, he vexed them.","So Saul took the kingdom over Israel, and fought against all his enemies on every side, against Moab, and against the children of Ammon, and against Edom, and against the kings of Zobah, and against the Philistines: and whithersoever he turned himself, he vexed them.","¶ so saul tooke the kingdom ouer israel, and fought against all his enemies on euery side, against moab, and against the children of ammon, and against edom, and against the kings of zobah, and against the philistines: and whithersoeuer hee turned himselfe, he vexed them.","so saul took the kingdom over israel, and fought against all his enemies on every side, against moab, and against the children of ammon, and against edom, and against the kings of zobah, and against the philistines: and whithersoever he turned himself, he vexed them.",0.05202623309015175,0.05202623309015175,,R0,R1,0.0,
INLIER_BACKGROUND,1SA:2:12,1SA,1Samuel,R0,INLIER,0.0749596535416275,Q3,"¶ Now the sonnes of Eli were sonnes of Belial, they knewe not the Lord.",Now the sons of Eli were sons of Belial; they knew not the LORD.,"¶ now the sonnes of eli were sonnes of belial, they knewe not the lord.",now the sons of eli were sons of belial; they knew not the lord.,0.07495965354162759,0.07495965354162759,,R0,R1,0.0,
INLIER_BACKGROUND,1SA:4:5,1SA,1Samuel,R0,INLIER,0.0594062713183005,Q3,"And when the Arke of the Couenant of the Lord came into the campe, all Israel shouted with a great shout, so that the earth rang againe.","And when the ark of the covenant of the LORD came into the camp, all Israel shouted with a great shout, so that the earth rang again.","and when the arke of the couenant of the lord came into the campe, all israel shouted with a great shout, so that the earth rang againe.","and when the ark of the covenant of the lord came into the camp, all israel shouted with a great shout, so that the earth rang again.",0.05940627131830056,0.05940627131830056,,R0,R1,0.0,
INLIER_BACKGROUND,1SA:18:28,1SA,1Samuel,R0,INLIER,0.126524387385908,Q4,"¶ And Saul saw and knew that the Lord was with Dauid, and that Michal Sauls daughter loued him.","And Saul saw and knew that the LORD was with David, and that Michal Saul’s daughter loved him.","¶ and saul saw and knew that the lord was with dauid, and that michal sauls daughter loued him.","and saul saw and knew that the lord was with david, and that michal saul’s daughter loved him.",0.126524387385908,0.126524387385908,,R0,R1,0.0,
INLIER_BACKGROUND,1SA:28:19,1SA,1Samuel,R0,INLIER,0.0980816408116045,Q4,"Moreouer, the Lord will also deliuer Israel with thee, into the hand of the Philistines: and to morrow shalt thou and thy sonnes bee with mee: the Lord also shall deliuer the hoste of Israel into the hand of the Philistines.",Moreover the LORD will also deliver Israel with thee into the hand of the Philistines: and to morrow shalt thou and thy sons be with me: the LORD also shall deliver the host of Israel into the hand of the Philistines.,"moreouer, the lord will also deliuer israel with thee, into the hand of the philistines: and to morrow shalt thou and thy sonnes bee with mee: the lord also shall deliuer the hoste of israel into the hand of the philistines.",moreover the lord will also deliver israel with thee into the hand of the philistines: and to morrow shalt thou and thy sons be with me: the lord also shall deliver the host of israel into the hand of the philistines.,0.09808164081160453,0.09808164081160453,,R0,R1,0.0,
INLIER_BACKGROUND,1TH:1:4,1TH,1Thessalonians,R0,INLIER,0.0247631982319765,Q1,"Knowing, brethren beloued, your election of God.","Knowing, brethren beloved, your election of God.","knowing, brethren beloued, your election of god.","knowing, brethren beloved, your election of god.",0.02476319823197659,0.02476319823197659,,R0,R1,0.0,
INLIER_BACKGROUND,1TH:2:12,1TH,1Thessalonians,R0,INLIER,0.0260780048113663,Q1,"That ye would walke worthy of God, who hath called you vnto his kingdome and glory.","That ye would walk worthy of God, who hath called you unto his kingdom and glory.","that ye would walke worthy of god, who hath called you vnto his kingdome and glory.","that ye would walk worthy of god, who hath called you unto his kingdom and glory.",0.02607800481136635,0.02607800481136635,,R0,R1,0.0,
INLIER_BACKGROUND,1TH:1:1,1TH,1Thessalonians,R0,INLIER,0.0469452256282645,Q2,"Paul and Siluanus, and Timotheus, vnto the Church of the Thessalonians, which is in God the Father, and in the Lord Iesus Christ: grace be vnto you, and peace from God our Father, and the Lord Iesus Christ.","Paul, and Silvanus, and Timotheus, unto the church of the Thessalonians which is in God the Father and in the Lord Jesus Christ: Grace be unto you, and peace, from God our Father, and the Lord Jesus Christ.","paul and siluanus, and timotheus, vnto the church of the thessalonians, which is in god the father, and in the lord iesus christ: grace be vnto you, and peace from god our father, and the lord iesus christ.","paul, and silvanus, and timotheus, unto the church of the thessalonians which is in god the father and in the lord jesus christ: grace be unto you, and peace, from god our father, and the lord jesus christ.",0.04694522562826453,0.04694522562826453,,R0,R1,0.0,
INLIER_BACKGROUND,1TH:5:2,1TH,1Thessalonians,R0,INLIER,0.0547322592539373,Q2,For your selues knowe perfectly that the day of the Lord so commeth as a thiefe in the night.,For yourselves know perfectly that the day of the Lord so cometh as a thief in the night.,for your selues knowe perfectly that the day of the lord so commeth as a thiefe in the night.,for yourselves know perfectly that the day of the lord so cometh as a thief in the night.,0.05473225925393732,0.05473225925393732,,R0,R1,0.0,
INLIER_BACKGROUND,1TH:2:20,1TH,1Thessalonians,R0,INLIER,0.0622082647563512,Q3,"For, ye are our glory and ioy.",For ye are our glory and joy.,"for, ye are our glory and ioy.",for ye are our glory and joy.,0.06220826475635122,0.06220826475635122,,R0,R1,0.0,
INLIER_BACKGROUND,1TH:5:10,1TH,1Thessalonians,R0,INLIER,0.0853843703507674,Q3,"Who died for vs, that whether we wake or sleepe, we should liue together with him.","Who died for us, that, whether we wake or sleep, we should live together with him.","who died for vs, that whether we wake or sleepe, we should liue together with him.","who died for us, that, whether we wake or sleep, we should live together with him.",0.0853843703507674,0.0853843703507674,,R0,R1,0.0,
INLIER_BACKGROUND,1TH:1:10,1TH,1Thessalonians,R0,INLIER,0.1692784138174692,Q4,"And to waite for his sonne from heauen whom he raised from the dead, euen Iesus which deliuered vs from the wrath to come.","And to wait for his Son from heaven, whom he raised from the dead, even Jesus, which delivered us from the wrath to come.","and to waite for his sonne from heauen whom he raised from the dead, euen iesus which deliuered vs from the wrath to come.","and to wait for his son from heaven, whom he raised from the dead, even jesus, which delivered us from the wrath to come.",0.16927841381746922,0.16927841381746922,,R0,R1,0.0,
INLIER_BACKGROUND,1TH:5:18,1TH,1Thessalonians,R0,INLIER,0.1176840725566842,Q4,In euery thing giue thankes: for this is the will of God in Christ Iesus concerning you.,In every thing give thanks: for this is the will of God in Christ Jesus concerning you.,in euery thing giue thankes: for this is the will of god in christ iesus concerning you.,in every thing give thanks: for this is the will of god in christ jesus concerning you.,0.11768407255668423,0.11768407255668423,,R0,R1,0.0,
INLIER_BACKGROUND,1TI:6:13,1TI,1Timothy,R0,INLIER,0.0273080725544908,Q1,"I giue thee charge in the sight of God, who quickneth all things, and before Christ Iesus, who before Pontius Pilate witnessed a good Confession,","I give thee charge in the sight of God, who quickeneth all things, and before Christ Jesus, who before Pontius Pilate witnessed a good confession;","i giue thee charge in the sight of god, who quickneth all things, and before christ iesus, who before pontius pilate witnessed a good confession,","i give thee charge in the sight of god, who quickeneth all things, and before christ jesus, who before pontius pilate witnessed a good confession;",0.02730807255449086,0.02730807255449086,,R0,R1,0.0,
INLIER_BACKGROUND,1TI:6:3,1TI,1Timothy,R0,INLIER,0.0245519044677441,Q1,"If any man teach otherwise, and consent not to wholesome words, euen the wordes of our Lord Iesus Christ, and to the doctrine which is according to godlinesse:","If any man teach otherwise, and consent not to wholesome words, even the words of our Lord Jesus Christ, and to the doctrine which is according to godliness;","if any man teach otherwise, and consent not to wholesome words, euen the wordes of our lord iesus christ, and to the doctrine which is according to godlinesse:","if any man teach otherwise, and consent not to wholesome words, even the words of our lord jesus christ, and to the doctrine which is according to godliness;",0.024551904467744134,0.024551904467744134,,R0,R1,0.0,
INLIER_BACKGROUND,1TI:4:8,1TI,1Timothy,R0,INLIER,0.0528110503465205,Q2,"For bodily exercise profiteth litle, but godlinesse is profitable vnto all things, hauing promise of the life that now is, and of that which is to come.","For bodily exercise profiteth little: but godliness is profitable unto all things, having promise of the life that now is, and of that which is to come.","for bodily exercise profiteth litle, but godlinesse is profitable vnto all things, hauing promise of the life that now is, and of that which is to come.","for bodily exercise profiteth little: but godliness is profitable unto all things, having promise of the life that now is, and of that which is to come.",0.05281105034652056,0.05281105034652056,,R0,R1,0.0,
INLIER_BACKGROUND,1TI:6:2,1TI,1Timothy,R0,INLIER,0.0403747638708374,Q2,"And they that haue beleeuing masters, let them not despise them because they are brethren: but rather doe them seruice, because they are faithfull and beloued, partakers of the benefite: These things teach and exhort.","And they that have believing masters, let them not despise them, because they are brethren; but rather do them service, because they are faithful and beloved, partakers of the benefit. These things teach and exhort.","and they that haue beleeuing masters, let them not despise them because they are brethren: but rather doe them seruice, because they are faithfull and beloued, partakers of the benefite: these things teach and exhort.","and they that have believing masters, let them not despise them, because they are brethren; but rather do them service, because they are faithful and beloved, partakers of the benefit. these things teach and exhort.",0.04037476387083749,0.04037476387083749,,R0,R1,0.0,
INLIER_BACKGROUND,1TI:1:1,1TI,1Timothy,R0,INLIER,0.0790629513397904,Q3,"Paul an Apostle of Iesus Christ by the commaundement of God our Sauiour, & Lord Iesus Christ which is our hope,","Paul, an apostle of Jesus Christ by the commandment of God our Saviour, and Lord Jesus Christ, which is our hope;","paul an apostle of iesus christ by the commaundement of god our sauiour, & lord iesus christ which is our hope,","paul, an apostle of jesus christ by the commandment of god our saviour, and lord jesus christ, which is our hope;",0.07906295133979047,0.07906295133979047,,R0,R1,0.0,
INLIER_BACKGROUND,1TI:6:10,1TI,1Timothy,R0,INLIER,0.0753685023970281,Q3,"For the loue of money is the root of all euill, which while some coueted after, they haue erred from the faith, and pierced themselues through with many sorrowes.","For the love of money is the root of all evil: which while some coveted after, they have erred from the faith, and pierced themselves through with many sorrows.","for the loue of money is the root of all euill, which while some coueted after, they haue erred from the faith, and pierced themselues through with many sorrowes.","for the love of money is the root of all evil: which while some coveted after, they have erred from the faith, and pierced themselves through with many sorrows.",0.07536850239702819,0.07536850239702819,,R0,R1,0.0,
INLIER_BACKGROUND,1TI:1:13,1TI,1Timothy,R0,INLIER,0.094596111506775,Q4,"Who was before a blasphemer, and a persecuter, and iniurious. But I obtained mercie, because I did it ignorantly, in vnbeliefe.","Who was before a blasphemer, and a persecutor, and injurious: but I obtained mercy, because I did it ignorantly in unbelief.","who was before a blasphemer, and a persecuter, and iniurious. but i obtained mercie, because i did it ignorantly, in vnbeliefe.","who was before a blasphemer, and a persecutor, and injurious: but i obtained mercy, because i did it ignorantly in unbelief.",0.09459611150677505,0.09459611150677505,,R0,R1,0.0,
INLIER_BACKGROUND,1TI:1:17,1TI,1Timothy,R0,INLIER,0.1017117351413965,Q4,"Now vnto &thorn; king eternal, immortall, inuisible, the onely wise God, be honour and glory for euer & euer. Amen.","Now unto the King eternal, immortal, invisible, the only wise God, be honour and glory for ever and ever. Amen.","now vnto &thorn; king eternal, immortall, inuisible, the onely wise god, be honour and glory for euer & euer. amen.","now unto the king eternal, immortal, invisible, the only wise god, be honour and glory for ever and ever. amen.",0.10171173514139653,0.10171173514139653,,R0,R1,0.0,
INLIER_BACKGROUND,2CH:29:18,2CH,2Chronicles,R0,INLIER,0.0081207725161237,Q1,"Then they went in to Hezekiah the king, and said, We haue cleansed all the house of the Lord, and the altar of burnt offering, with all the vessels thereof, and the shew-bread table, with all the vessels thereof.","Then they went in to Hezekiah the king, and said, We have cleansed all the house of the LORD, and the altar of burnt offering, with all the vessels thereof, and the shewbread table, with all the vessels thereof.","then they went in to hezekiah the king, and said, we haue cleansed all the house of the lord, and the altar of burnt offering, with all the vessels thereof, and the shew-bread table, with all the vessels thereof.","then they went in to hezekiah the king, and said, we have cleansed all the house of the lord, and the altar of burnt offering, with all the vessels thereof, and the shewbread table, with all the vessels thereof.",0.008120772516123753,0.008120772516123753,,R0,R1,0.0,
INLIER_BACKGROUND,2CH:9:16,2CH,2Chronicles,R0,INLIER,0.0207778588127282,Q1,And three hundred shields made he of beaten gold: three hundred shekels of gold went to one shield: and the king put them in the house of the forrest of Lebanon.,And three hundred shields made he of beaten gold: three hundred shekels of gold went to one shield. And the king put them in the house of the forest of Lebanon.,and three hundred shields made he of beaten gold: three hundred shekels of gold went to one shield: and the king put them in the house of the forrest of lebanon.,and three hundred shields made he of beaten gold: three hundred shekels of gold went to one shield. and the king put them in the house of the forest of lebanon.,0.0207778588127282,0.0207778588127282,,R0,R1,0.0,
INLIER_BACKGROUND,2CH:18:18,2CH,2Chronicles,R0,INLIER,0.0542567760515285,Q2,"Againe he sayd; Therefore heare the word of the Lord: I sawe the Lord sitting vpon his throne, and all the hoste of heauen standing on his right hand, and on his left.","Again he said, Therefore hear the word of the LORD; I saw the LORD sitting upon his throne, and all the host of heaven standing on his right hand and on his left.","againe he sayd; therefore heare the word of the lord: i sawe the lord sitting vpon his throne, and all the hoste of heauen standing on his right hand, and on his left.","again he said, therefore hear the word of the lord; i saw the lord sitting upon his throne, and all the host of heaven standing on his right hand and on his left.",0.054256776051528566,0.054256776051528566,,R0,R1,0.0,
INLIER_BACKGROUND,2CH:4:8,2CH,2Chronicles,R0,INLIER,0.0543013675320475,Q2,"He made also ten tables, and placed them in the Temple, fiue on the right side, and fiue on the left: and hee made an hundred basens of gold.","He made also ten tables, and placed them in the temple, five on the right side, and five on the left. And he made an hundred basons of gold.","he made also ten tables, and placed them in the temple, fiue on the right side, and fiue on the left: and hee made an hundred basens of gold.","he made also ten tables, and placed them in the temple, five on the right side, and five on the left. and he made an hundred basons of gold.",0.054301367532047506,0.054301367532047506,,R0,R1,0.0,
INLIER_BACKGROUND,2CH:11:17,2CH,2Chronicles,R0,INLIER,0.0876384557896496,Q3,"So they strengthened the kingdome of Iudah, and made Rehoboam the sonne of Solomon strong, three yeeres: for three yeeres they walked in the way of Dauid and Solomon.","So they strengthened the kingdom of Judah, and made Rehoboam the son of Solomon strong, three years: for three years they walked in the way of David and Solomon.","so they strengthened the kingdome of iudah, and made rehoboam the sonne of solomon strong, three yeeres: for three yeeres they walked in the way of dauid and solomon.","so they strengthened the kingdom of judah, and made rehoboam the son of solomon strong, three years: for three years they walked in the way of david and solomon.",0.08763845578964968,0.08763845578964968,,R0,R1,0.0,
INLIER_BACKGROUND,2CH:22:8,2CH,2Chronicles,R0,INLIER,0.0892798456878759,Q3,"And it came to passe, that when Iehu was executing iudgement vpon the house of Ahab, and found the princes of Iudah, and the sonnes of the brethren of Ahaziah, that ministred to Ahaziah, he slew them.","And it came to pass, that, when Jehu was executing judgment upon the house of Ahab, and found the princes of Judah, and the sons of the brethren of Ahaziah, that ministered to Ahaziah, he slew them.","and it came to passe, that when iehu was executing iudgement vpon the house of ahab, and found the princes of iudah, and the sonnes of the brethren of ahaziah, that ministred to ahaziah, he slew them.","and it came to pass, that, when jehu was executing judgment upon the house of ahab, and found the princes of judah, and the sons of the brethren of ahaziah, that ministered to ahaziah, he slew them.",0.08927984568787595,0.08927984568787595,,R0,R1,0.0,
INLIER_BACKGROUND,2CH:15:19,2CH,2Chronicles,R0,INLIER,0.1439351391145643,Q4,And there was no more warre vnto the fiue and thirtieth yeere of the reigne of Asa.,And there was no more war unto the five and thirtieth year of the reign of Asa.,and there was no more warre vnto the fiue and thirtieth yeere of the reigne of asa.,and there was no more war unto the five and thirtieth year of the reign of asa.,0.14393513911456435,0.14393513911456435,,R0,R1,0.0,
INLIER_BACKGROUND,2CH:3:1,2CH,2Chronicles,R0,INLIER,0.1050278642416311,Q4,"Then Solomon began to build the house of the Lord at Ierusalem in Mount Moriah, where the Lord appeared vnto Dauid his father, in the place that Dauid had prepared in the threshing floore of Ornan the Iebusite.","Then Solomon began to build the house of the LORD at Jerusalem in mount Moriah, where the Lord appeared unto David his father, in the place that David had prepared in the threshingfloor of Ornan the Jebusite.","then solomon began to build the house of the lord at ierusalem in mount moriah, where the lord appeared vnto dauid his father, in the place that dauid had prepared in the threshing floore of ornan the iebusite.","then solomon began to build the house of the lord at jerusalem in mount moriah, where the lord appeared unto david his father, in the place that david had prepared in the threshingfloor of ornan the jebusite.",0.10502786424163113,0.10502786424163113,,R0,R1,0.0,
INLIER_BACKGROUND,2CO:6:5,2CO,2Corinthians,R0,INLIER,0.002641604716687,Q1,"In stripes, in imprisonments, in tumults, in labours, in watchings, in fastings,","In stripes, in imprisonments, in tumults, in labours, in watchings, in fastings;","in stripes, in imprisonments, in tumults, in labours, in watchings, in fastings,","in stripes, in imprisonments, in tumults, in labours, in watchings, in fastings;",0.0026416047166870626,0.0026416047166870626,,R0,R1,0.0,
INLIER_BACKGROUND,2CO:8:17,2CO,2Corinthians,R0,INLIER,0.0208823945149542,Q1,"For indeed he accepted the exhortation, but being more forward, of his owne accord he went vnto you.","For indeed he accepted the exhortation; but being more forward, of his own accord he went unto you.","for indeed he accepted the exhortation, but being more forward, of his owne accord he went vnto you.","for indeed he accepted the exhortation; but being more forward, of his own accord he went unto you.",0.020882394514954217,0.020882394514954217,,R0,R1,0.0,
INLIER_BACKGROUND,2CO:6:4,2CO,2Corinthians,R0,INLIER,0.0559284497751803,Q2,"But in all things approuing our selues, as the Ministers of God, in much patience, in afflictions, in necessities, in distresses,","But in all things approving ourselves as the ministers of God, in much patience, in afflictions, in necessities, in distresses,","but in all things approuing our selues, as the ministers of god, in much patience, in afflictions, in necessities, in distresses,","but in all things approving ourselves as the ministers of god, in much patience, in afflictions, in necessities, in distresses,",0.0559284497751803,0.0559284497751803,,R0,R1,0.0,
INLIER_BACKGROUND,2CO:7:4,2CO,2Corinthians,R0,INLIER,0.0346137547971191,Q2,"Great is my boldnesse of speach toward you, great is my glorying of you, I am filled with comfort, I am exceeding ioyfull in all our tribulation.","Great is my boldness of speech toward you, great is my glorying of you: I am filled with comfort, I am exceeding joyful in all our tribulation.","great is my boldnesse of speach toward you, great is my glorying of you, i am filled with comfort, i am exceeding ioyfull in all our tribulation.","great is my boldness of speech toward you, great is my glorying of you: i am filled with comfort, i am exceeding joyful in all our tribulation.",0.034613754797119145,0.034613754797119145,,R0,R1,0.0,
INLIER_BACKGROUND,2CO:10:12,2CO,2Corinthians,R0,INLIER,0.0578855529875829,Q3,"For we dare not make our selues of the number, or compare our selues with some that commend themselues: but they measuring themselues by themselues, and comparing themselues amongst themselues, are not wise.","For we dare not make ourselves of the number, or compare ourselves with some that commend themselves: but they measuring themselves by themselves, and comparing themselves among themselves, are not wise.","for we dare not make our selues of the number, or compare our selues with some that commend themselues: but they measuring themselues by themselues, and comparing themselues amongst themselues, are not wise.","for we dare not make ourselves of the number, or compare ourselves with some that commend themselves: but they measuring themselves by themselves, and comparing themselves among themselves, are not wise.",0.05788555298758291,0.05788555298758291,,R0,R1,0.0,
INLIER_BACKGROUND,2CO:11:3,2CO,2Corinthians,R0,INLIER,0.072854904535662,Q3,"But I feare lest by any meanes, as the Serpent beguiled Eue through his subtilty, so your mindes should bee corrupted from the simplicitie that is in Christ.","But I fear, lest by any means, as the serpent beguiled Eve through his subtilty, so your minds should be corrupted from the simplicity that is in Christ.","but i feare lest by any meanes, as the serpent beguiled eue through his subtilty, so your mindes should bee corrupted from the simplicitie that is in christ.","but i fear, lest by any means, as the serpent beguiled eve through his subtilty, so your minds should be corrupted from the simplicity that is in christ.",0.07285490453566201,0.07285490453566201,,R0,R1,0.0,
INLIER_BACKGROUND,2CO:10:6,2CO,2Corinthians,R0,INLIER,0.1184866905476235,Q4,"And hauing in a readinesse to reuenge all disobedience, when your obedience is fulfilled.","And having in a readiness to revenge all disobedience, when your obedience is fulfilled.","and hauing in a readinesse to reuenge all disobedience, when your obedience is fulfilled.","and having in a readiness to revenge all disobedience, when your obedience is fulfilled.",0.11848669054762351,0.11848669054762351,,R0,R1,0.0,
INLIER_BACKGROUND,2CO:12:19,2CO,2Corinthians,R0,INLIER,0.1031527132019335,Q4,"Againe, thinke you that we excuse our selues vnto you? wee speake before God in Christ: but wee doe all things, dearely beloued, for your edifying.","Again, think ye that we excuse ourselves unto you? we speak before God in Christ: but we do all things, dearly beloved, for your edifying.","againe, thinke you that we excuse our selues vnto you? wee speake before god in christ: but wee doe all things, dearely beloued, for your edifying.","again, think ye that we excuse ourselves unto you? we speak before god in christ: but we do all things, dearly beloved, for your edifying.",0.10315271320193353,0.10315271320193353,,R0,R1,0.0,
INLIER_BACKGROUND,2JN:1:13,2JN,2John,R0,INLIER,0.0,Q1,The children of thy elect sister greet thee. Amen.,The children of thy elect sister greet thee. Amen.,the children of thy elect sister greet thee. amen.,the children of thy elect sister greet thee. amen.,0.0,0.0,,R0,R1,0.0,
INLIER_BACKGROUND,2JN:1:9,2JN,2John,R0,INLIER,0.0287625961381757,Q1,"Whosoeuer transgresseth and abideth not in the doctrine of Christ, hath not God: hee that abideth in the doctrine of Christ, he hath both the Father and the Sonne.","Whosoever transgresseth, and abideth not in the doctrine of Christ, hath not God. He that abideth in the doctrine of Christ, he hath both the Father and the Son.","whosoeuer transgresseth and abideth not in the doctrine of christ, hath not god: hee that abideth in the doctrine of christ, he hath both the father and the sonne.","whosoever transgresseth, and abideth not in the doctrine of christ, hath not god. he that abideth in the doctrine of christ, he hath both the father and the son.",0.028762596138175778,0.028762596138175778,,R0,R1,0.0,
INLIER_BACKGROUND,2JN:1:10,2JN,2John,R0,INLIER,0.0464513484472469,Q2,"If there come any vnto you, and bring not this doctrine, receiue him not into your house, neither bid him, God speed.","If there come any unto you, and bring not this doctrine, receive him not into your house, neither bid him God speed:","if there come any vnto you, and bring not this doctrine, receiue him not into your house, neither bid him, god speed.","if there come any unto you, and bring not this doctrine, receive him not into your house, neither bid him god speed:",0.046451348447246965,0.046451348447246965,,R0,R1,0.0,
INLIER_BACKGROUND,2JN:1:7,2JN,2John,R0,INLIER,0.0419222761228699,Q2,"For many deceiuers are entred into the world, who confesse not that Iesus Christ is come in the flesh. This is a deceiuer, and an Antichrist.","For many deceivers are entered into the world, who confess not that Jesus Christ is come in the flesh. This is a deceiver and an antichrist.","for many deceiuers are entred into the world, who confesse not that iesus christ is come in the flesh. this is a deceiuer, and an antichrist.","for many deceivers are entered into the world, who confess not that jesus christ is come in the flesh. this is a deceiver and an antichrist.",0.04192227612286992,0.04192227612286992,,R0,R1,0.0,
INLIER_BACKGROUND,2JN:1:12,2JN,2John,R0,INLIER,0.0722991097324186,Q3,"Hauing many things to write vnto you, I would not write with paper and inke, but I trust to come vnto you, and speake face to face, that our ioy may be full.","Having many things to write unto you, I would not write with paper and ink: but I trust to come unto you, and speak face to face, that our joy may be full.","hauing many things to write vnto you, i would not write with paper and inke, but i trust to come vnto you, and speake face to face, that our ioy may be full.","having many things to write unto you, i would not write with paper and ink: but i trust to come unto you, and speak face to face, that our joy may be full.",0.0722991097324186,0.0722991097324186,,R0,R1,0.0,
INLIER_BACKGROUND,2JN:1:1,2JN,2John,R0,INLIER,0.0917951300022965,Q4,"The Elder vnto the elect Lady, and her children, whome I loue in the trueth: and not I onely, but also all they that haue knowen &thorn; trueth:","The elder unto the elect lady and her children, whom I love in the truth; and not I only, but also all they that have known the truth;","the elder vnto the elect lady, and her children, whome i loue in the trueth: and not i onely, but also all they that haue knowen &thorn; trueth:","the elder unto the elect lady and her children, whom i love in the truth; and not i only, but also all they that have known the truth;",0.09179513000229655,0.09179513000229655,,R0,R1,0.0,
INLIER_BACKGROUND,2JN:1:11,2JN,2John,R0,INLIER,0.111372881391084,Q4,"For hee that biddeth him God speed, is partaker of his euill deeds.",For he that biddeth him God speed is partaker of his evil deeds.,"for hee that biddeth him god speed, is partaker of his euill deeds.",for he that biddeth him god speed is partaker of his evil deeds.,0.11137288139108403,0.11137288139108403,,R0,R1,0.0,
INLIER_BACKGROUND,2KI:14:14,2KI,2Kings,R0,INLIER,0.0268617210700938,Q1,"And he tooke all the golde and siluer, and all the vessels that were found in the house of the Lord, and in the treasures of the kings house, and hostages, and returned to Samaria.","And he took all the gold and silver, and all the vessels that were found in the house of the LORD, and in the treasures of the king’s house, and hostages, and returned to Samaria.","and he tooke all the golde and siluer, and all the vessels that were found in the house of the lord, and in the treasures of the kings house, and hostages, and returned to samaria.","and he took all the gold and silver, and all the vessels that were found in the house of the lord, and in the treasures of the king’s house, and hostages, and returned to samaria.",0.02686172107009388,0.02686172107009388,,R0,R1,0.0,
INLIER_BACKGROUND,2KI:22:10,2KI,2Kings,R0,INLIER,0.0184857413814305,Q1,"And Shaphan the Scribe shewed the king, saying, Hilkiah the Priest hath deliuered mee a booke: and Shaphan read it before the king.","And Shaphan the scribe shewed the king, saying, Hilkiah the priest hath delivered me a book. And Shaphan read it before the king.","and shaphan the scribe shewed the king, saying, hilkiah the priest hath deliuered mee a booke: and shaphan read it before the king.","and shaphan the scribe shewed the king, saying, hilkiah the priest hath delivered me a book. and shaphan read it before the king.",0.018485741381430554,0.018485741381430554,,R0,R1,0.0,
INLIER_BACKGROUND,2KI:12:9,2KI,2Kings,R0,INLIER,0.0315288404812372,Q2,"But Iehoiada the priest tooke a chest, and bored a hole in the lid of it, and set it beside the Altar, on the right side, as one commeth into the house of the Lord, and the priests that kept the doore, put therein all the money that was brought into the house of the Lord.","But Jehoiada the priest took a chest, and bored a hole in the lid of it, and set it beside the altar, on the right side as one cometh into the house of the LORD: and the priests that kept the door put therein all the money that was brought into the house of the LORD.","but iehoiada the priest tooke a chest, and bored a hole in the lid of it, and set it beside the altar, on the right side, as one commeth into the house of the lord, and the priests that kept the doore, put therein all the money that was brought into the house of the lord.","but jehoiada the priest took a chest, and bored a hole in the lid of it, and set it beside the altar, on the right side as one cometh into the house of the lord: and the priests that kept the door put therein all the money that was brought into the house of the lord.",0.031528840481237275,0.031528840481237275,,R0,R1,0.0,
INLIER_BACKGROUND,2KI:17:13,2KI,2Kings,R0,INLIER,0.0368071076099904,Q2,"Yet the Lord testified against Israel, and against Iudah, by all the Prophets, and by all the Seers, saying, Turne ye from your euill wayes, and keepe my commandements, and my statutes, according to all the law which I commanded your fathers, and which I sent to you by my seruants the Prophets.","Yet the LORD testified against Israel, and against Judah, by all the prophets, and by all the seers, saying, Turn ye from your evil ways, and keep my commandments and my statutes, according to all the law which I commanded your fathers, and which I sent to you by my servants the prophets.","yet the lord testified against israel, and against iudah, by all the prophets, and by all the seers, saying, turne ye from your euill wayes, and keepe my commandements, and my statutes, according to all the law which i commanded your fathers, and which i sent to you by my seruants the prophets.","yet the lord testified against israel, and against judah, by all the prophets, and by all the seers, saying, turn ye from your evil ways, and keep my commandments and my statutes, according to all the law which i commanded your fathers, and which i sent to you by my servants the prophets.",0.0368071076099904,0.0368071076099904,,R0,R1,0.0,
INLIER_BACKGROUND,2KI:10:3,2KI,2Kings,R0,INLIER,0.0571748110478216,Q3,"Looke euen out the best and meetest of your masters sonnes, and set him on his fathers throne, and fight for your masters house.","Look even out the best and meetest of your master’s sons, and set him on his father’s throne, and fight for your master’s house.","looke euen out the best and meetest of your masters sonnes, and set him on his fathers throne, and fight for your masters house.","look even out the best and meetest of your master’s sons, and set him on his father’s throne, and fight for your master’s house.",0.05717481104782163,0.05717481104782163,,R0,R1,0.0,
INLIER_BACKGROUND,2KI:11:15,2KI,2Kings,R0,INLIER,0.0766787309630798,Q3,"But Iehoiada the Priest commanded the captaines of the hundreds, the officers of the hoste, and sayde vnto them, Haue her foorth without the ranges; and him that followeth her, kill with the sword: for the Priest had sayd, Let her not be slaine in the house of the Lord.","But Jehoiada the priest commanded the captains of the hundreds, the officers of the host, and said unto them, Have her forth without the ranges: and him that followeth her kill with the sword. For the priest had said, Let her not be slain in the house of the LORD.","but iehoiada the priest commanded the captaines of the hundreds, the officers of the hoste, and sayde vnto them, haue her foorth without the ranges; and him that followeth her, kill with the sword: for the priest had sayd, let her not be slaine in the house of the lord.","but jehoiada the priest commanded the captains of the hundreds, the officers of the host, and said unto them, have her forth without the ranges: and him that followeth her kill with the sword. for the priest had said, let her not be slain in the house of the lord.",0.07667873096307987,0.07667873096307987,,R0,R1,0.0,
INLIER_BACKGROUND,2KI:13:10,2KI,2Kings,R0,INLIER,0.1252436803559574,Q4,"¶ In the thirty and seuenth yeere of Ioash king of Iudah, beganne Iehoash the sonne of Iehoahaz to reigne ouer Israel in Samaria, and reigned sixteene yeeres.","In the thirty and seventh year of Joash king of Judah began Jehoash the son of Jehoahaz to reign over Israel in Samaria, and reigned sixteen years.","¶ in the thirty and seuenth yeere of ioash king of iudah, beganne iehoash the sonne of iehoahaz to reigne ouer israel in samaria, and reigned sixteene yeeres.","in the thirty and seventh year of joash king of judah began jehoash the son of jehoahaz to reign over israel in samaria, and reigned sixteen years.",0.12524368035595745,0.12524368035595745,,R0,R1,0.0,
INLIER_BACKGROUND,2KI:22:4,2KI,2Kings,R0,INLIER,0.1318311392738582,Q4,"Goe vp to Hilkiah the high priest, that he may summe the siluer which is brought into the house of the Lord, which the keepers of the doore haue gathered of the people.","Go up to Hilkiah the high priest, that he may sum the silver which is brought into the house of the LORD, which the keepers of the door have gathered of the people:","goe vp to hilkiah the high priest, that he may summe the siluer which is brought into the house of the lord, which the keepers of the doore haue gathered of the people.","go up to hilkiah the high priest, that he may sum the silver which is brought into the house of the lord, which the keepers of the door have gathered of the people:",0.13183113927385826,0.13183113927385826,,R0,R1,0.0,
INLIER_BACKGROUND,2PE:1:18,2PE,2Peter,R0,INLIER,0.0277067438885414,Q1,"And this voice which came from heauen wee heard, when we were with him in the holy mount.","And this voice which came from heaven we heard, when we were with him in the holy mount.","and this voice which came from heauen wee heard, when we were with him in the holy mount.","and this voice which came from heaven we heard, when we were with him in the holy mount.",0.02770674388854144,0.02770674388854144,,R0,R1,0.0,
INLIER_BACKGROUND,2PE:2:20,2PE,2Peter,R0,INLIER,0.0278603944373503,Q1,"For if after they haue escaped the pollutions of the world through the knowledge of the Lord and Sauiour Iesus Christ, they are againe intangled therein, and ouercome, the latter end is worse with them then the beginning.","For if after they have escaped the pollutions of the world through the knowledge of the Lord and Saviour Jesus Christ, they are again entangled therein, and overcome, the latter end is worse with them than the beginning.","for if after they haue escaped the pollutions of the world through the knowledge of the lord and sauiour iesus christ, they are againe intangled therein, and ouercome, the latter end is worse with them then the beginning.","for if after they have escaped the pollutions of the world through the knowledge of the lord and saviour jesus christ, they are again entangled therein, and overcome, the latter end is worse with them than the beginning.",0.027860394437350333,0.027860394437350333,,R0,R1,0.0,
INLIER_BACKGROUND,2PE:3:1,2PE,2Peter,R0,INLIER,0.0509269419376334,Q2,"This second Epistle (beloued) I now write vnto you, in both which I stir vp your pure mindes by way of remembrance:","This second epistle, beloved, I now write unto you; in both which I stir up your pure minds by way of remembrance:","this second epistle (beloued) i now write vnto you, in both which i stir vp your pure mindes by way of remembrance:","this second epistle, beloved, i now write unto you; in both which i stir up your pure minds by way of remembrance:",0.050926941937633474,0.050926941937633474,,R0,R1,0.0,
INLIER_BACKGROUND,2PE:3:18,2PE,2Peter,R0,INLIER,0.0534034434661296,Q2,"But growe in grace, and in the knowledge of our Lord and Sauiour Iesus Christ: to him be glory both now and for euer. Amen.","But grow in grace, and in the knowledge of our Lord and Saviour Jesus Christ. To him be glory both now and for ever. Amen.","but growe in grace, and in the knowledge of our lord and sauiour iesus christ: to him be glory both now and for euer. amen.","but grow in grace, and in the knowledge of our lord and saviour jesus christ. to him be glory both now and for ever. amen.",0.053403443466129685,0.053403443466129685,,R0,R1,0.0,
INLIER_BACKGROUND,2PE:1:1,2PE,2Peter,R0,INLIER,0.0739126895185589,Q3,"Simon Peter, a seruant & an Apostle of Iesus Christ, to them that haue obtained like precious Faith with vs, through the righteousnes of God, and our Sauiour Iesus Christ.","Simon Peter, a servant and an apostle of Jesus Christ, to them that have obtained like precious faith with us through the righteousness of God and our Saviour Jesus Christ:","simon peter, a seruant & an apostle of iesus christ, to them that haue obtained like precious faith with vs, through the righteousnes of god, and our sauiour iesus christ.","simon peter, a servant and an apostle of jesus christ, to them that have obtained like precious faith with us through the righteousness of god and our saviour jesus christ:",0.0739126895185589,0.0739126895185589,,R0,R1,0.0,
INLIER_BACKGROUND,2PE:1:13,2PE,2Peter,R0,INLIER,0.0600408248094903,Q3,"Yea, I thinke it meete, as long as I am in this tabernacle, to stirre you vp, by putting you in remembrance:","Yea, I think it meet, as long as I am in this tabernacle, to stir you up by putting you in remembrance;","yea, i thinke it meete, as long as i am in this tabernacle, to stirre you vp, by putting you in remembrance:","yea, i think it meet, as long as i am in this tabernacle, to stir you up by putting you in remembrance;",0.060040824809490356,0.060040824809490356,,R0,R1,0.0,
INLIER_BACKGROUND,2PE:2:7,2PE,2Peter,R0,INLIER,0.1442053738312128,Q4,"And deliuered iust Lot, vexed with the filthy conuersation of the wicked:","And delivered just Lot, vexed with the filthy conversation of the wicked:","and deliuered iust lot, vexed with the filthy conuersation of the wicked:","and delivered just lot, vexed with the filthy conversation of the wicked:",0.1442053738312128,0.1442053738312128,,R0,R1,0.0,
INLIER_BACKGROUND,2PE:3:13,2PE,2Peter,R0,INLIER,0.0958730071046299,Q4,"Neuerthelesse wee, according to his promise, looke for new heauens, and a new earth, wherein dwelleth righteousnesse.","Nevertheless we, according to his promise, look for new heavens and a new earth, wherein dwelleth righteousness.","neuerthelesse wee, according to his promise, looke for new heauens, and a new earth, wherein dwelleth righteousnesse.","nevertheless we, according to his promise, look for new heavens and a new earth, wherein dwelleth righteousness.",0.09587300710462998,0.09587300710462998,,R0,R1,0.0,
INLIER_BACKGROUND,2SA:11:26,2SA,2Samuel,R0,INLIER,0.0240547395040173,Q1,"¶ And when the wife of Uriah heard that Uriah her husband was dead, she mourned for her husband.","And when the wife of Uriah heard that Uriah her husband was dead, she mourned for her husband.","¶ and when the wife of uriah heard that uriah her husband was dead, she mourned for her husband.","and when the wife of uriah heard that uriah her husband was dead, she mourned for her husband.",0.024054739504017375,0.024054739504017375,,R0,R1,0.0,
INLIER_BACKGROUND,2SA:23:27,2SA,2Samuel,R0,INLIER,0.0,Q1,"Abiezer the Anethothite, Mebunnai the Hushathite,","Abiezer the Anethothite, Mebunnai the Hushathite,","abiezer the anethothite, mebunnai the hushathite,","abiezer the anethothite, mebunnai the hushathite,",0.0,0.0,,R0,R1,0.0,
INLIER_BACKGROUND,2SA:1:6,2SA,2Samuel,R0,INLIER,0.0518400934752882,Q2,"And the yong man that told him, said, As I happened by chance vpon mount Gilboa, behold, Saul leaned vpon his speare: and loe, the charets and horsemen followed hard after him.","And the young man that told him said, As I happened by chance upon mount Gilboa, behold, Saul leaned upon his spear; and, lo, the chariots and horsemen followed hard after him.","and the yong man that told him, said, as i happened by chance vpon mount gilboa, behold, saul leaned vpon his speare: and loe, the charets and horsemen followed hard after him.","and the young man that told him said, as i happened by chance upon mount gilboa, behold, saul leaned upon his spear; and, lo, the chariots and horsemen followed hard after him.",0.051840093475288285,0.051840093475288285,,R0,R1,0.0,
INLIER_BACKGROUND,2SA:2:8,2SA,2Samuel,R0,INLIER,0.0517976891846783,Q2,"¶ But Abner the sonne of Ner, captaine of Sauls hoste, tooke Ishbosheth the sonne of Saul, and brought him ouer to Mahanaim.","But Abner the son of Ner, captain of Saul’s host, took Ishbosheth the son of Saul, and brought him over to Mahanaim;","¶ but abner the sonne of ner, captaine of sauls hoste, tooke ishbosheth the sonne of saul, and brought him ouer to mahanaim.","but abner the son of ner, captain of saul’s host, took ishbosheth the son of saul, and brought him over to mahanaim;",0.05179768918467831,0.05179768918467831,,R0,R1,0.0,
INLIER_BACKGROUND,2SA:23:16,2SA,2Samuel,R0,INLIER,0.0581939247157471,Q3,"And the three mightie men brake through the host of the Philistines, and drew water out of the Well of Bethlehem, that was by the gate, and tooke it, and brought it to Dauid: neuerthelesse he would not drinke thereof, but powred it out vnto the Lord.","And the three mighty men brake through the host of the Philistines, and drew water out of the well of Bethlehem, that was by the gate, and took it, and brought it to David: nevertheless he would not drink thereof, but poured it out unto the LORD.","and the three mightie men brake through the host of the philistines, and drew water out of the well of bethlehem, that was by the gate, and tooke it, and brought it to dauid: neuerthelesse he would not drinke thereof, but powred it out vnto the lord.","and the three mighty men brake through the host of the philistines, and drew water out of the well of bethlehem, that was by the gate, and took it, and brought it to david: nevertheless he would not drink thereof, but poured it out unto the lord.",0.058193924715747136,0.058193924715747136,,R0,R1,0.0,
INLIER_BACKGROUND,2SA:23:22,2SA,2Samuel,R0,INLIER,0.0717974930851756,Q3,"These things did Benaiah the sonne of Iehoiada, and had the name among three mightie men.","These things did Benaiah the son of Jehoiada, and had the name among three mighty men.","these things did benaiah the sonne of iehoiada, and had the name among three mightie men.","these things did benaiah the son of jehoiada, and had the name among three mighty men.",0.07179749308517569,0.07179749308517569,,R0,R1,0.0,
INLIER_BACKGROUND,2SA:19:41,2SA,2Samuel,R0,INLIER,0.135819761316462,Q4,"¶ And behold, all the men of Israel came to the king, and said vnto the king, Why haue our brethren the men of Iudah stollen thee away, and haue brought the King and his houshold, and all Dauids men with him, ouer Iordane?","And, behold, all the men of Israel came to the king, and said unto the king, Why have our brethren the men of Judah stolen thee away, and have brought the king, and his household, and all David’s men with him, over Jordan?","¶ and behold, all the men of israel came to the king, and said vnto the king, why haue our brethren the men of iudah stollen thee away, and haue brought the king and his houshold, and all dauids men with him, ouer iordane?","and, behold, all the men of israel came to the king, and said unto the king, why have our brethren the men of judah stolen thee away, and have brought the king, and his household, and all david’s men with him, over jordan?",0.135819761316462,0.135819761316462,,R0,R1,0.0,
INLIER_BACKGROUND,2SA:24:24,2SA,2Samuel,R0,INLIER,0.1086995864610184,Q4,"And the King said vnto Araunah, Nay, but I will surely buy it of thee at a price: neither will I offer burnt offerings vnto the Lord my God, of that which doeth cost mee nothing. So Dauid bought the threshing floore, and the oxen, for fiftie shekels of siluer.","And the king said unto Araunah, Nay; but I will surely buy it of thee at a price: neither will I offer burnt offerings unto the LORD my God of that which doth cost me nothing. So David bought the threshingfloor and the oxen for fifty shekels of silver.","and the king said vnto araunah, nay, but i will surely buy it of thee at a price: neither will i offer burnt offerings vnto the lord my god, of that which doeth cost mee nothing. so dauid bought the threshing floore, and the oxen, for fiftie shekels of siluer.","and the king said unto araunah, nay; but i will surely buy it of thee at a price: neither will i offer burnt offerings unto the lord my god of that which doth cost me nothing. so david bought the threshingfloor and the oxen for fifty shekels of silver.",0.1086995864610184,0.1086995864610184,,R0,R1,0.0,
INLIER_BACKGROUND,2TH:1:8,2TH,2Thessalonians,R0,INLIER,0.0081308901430657,Q1,"In flaming fire, taking vengeance on them that know not God, and that obey not the Gospel of our Lorde Iesus Christ,","In flaming fire taking vengeance on them that know not God, and that obey not the gospel of our Lord Jesus Christ:","in flaming fire, taking vengeance on them that know not god, and that obey not the gospel of our lorde iesus christ,","in flaming fire taking vengeance on them that know not god, and that obey not the gospel of our lord jesus christ:",0.008130890143065783,0.008130890143065783,,R0,R1,0.0,
INLIER_BACKGROUND,2TH:3:12,2TH,2Thessalonians,R0,INLIER,0.0214397095554079,Q1,"Now them that are such, we command, and exhort by our Lord Iesus Christ, that with quietnesse they worke, and eat their owne bread.","Now them that are such we command and exhort by our Lord Jesus Christ, that with quietness they work, and eat their own bread.","now them that are such, we command, and exhort by our lord iesus christ, that with quietnesse they worke, and eat their owne bread.","now them that are such we command and exhort by our lord jesus christ, that with quietness they work, and eat their own bread.",0.02143970955540797,0.02143970955540797,,R0,R1,0.0,
INLIER_BACKGROUND,2TH:3:3,2TH,2Thessalonians,R0,INLIER,0.0514859949106134,Q2,"But the Lord is faithfull, who shall stablish you, and keepe you from euill.","But the Lord is faithful, who shall stablish you, and keep you from evil.","but the lord is faithfull, who shall stablish you, and keepe you from euill.","but the lord is faithful, who shall stablish you, and keep you from evil.",0.05148599491061345,0.05148599491061345,,R0,R1,0.0,
INLIER_BACKGROUND,2TH:3:4,2TH,2Thessalonians,R0,INLIER,0.0324886578139662,Q2,"And wee haue confidence in the Lord touching you, that yee both doe, and will doe the things which we command you.","And we have confidence in the Lord touching you, that ye both do and will do the things which we command you.","and wee haue confidence in the lord touching you, that yee both doe, and will doe the things which we command you.","and we have confidence in the lord touching you, that ye both do and will do the things which we command you.",0.03248865781396626,0.03248865781396626,,R0,R1,0.0,
INLIER_BACKGROUND,2TH:1:10,2TH,2Thessalonians,R0,INLIER,0.0845046795597421,Q3,"When hee shall come to bee glorified in his Saints, and to bee admired in all them that beleeue (because our testimony among you was beleeued) in that day.","When he shall come to be glorified in his saints, and to be admired in all them that believe (because our testimony among you was believed) in that day.","when hee shall come to bee glorified in his saints, and to bee admired in all them that beleeue (because our testimony among you was beleeued) in that day.","when he shall come to be glorified in his saints, and to be admired in all them that believe (because our testimony among you was believed) in that day.",0.08450467955974217,0.08450467955974217,,R0,R1,0.0,
INLIER_BACKGROUND,2TH:2:14,2TH,2Thessalonians,R0,INLIER,0.0579063156883451,Q3,"Whereunto he called you by our Gospel, to the obteining of the glorie of the Lord Iesus Christ.","Whereunto he called you by our gospel, to the obtaining of the glory of our Lord Jesus Christ.","whereunto he called you by our gospel, to the obteining of the glorie of the lord iesus christ.","whereunto he called you by our gospel, to the obtaining of the glory of our lord jesus christ.",0.057906315688345145,0.057906315688345145,,R0,R1,0.0,
INLIER_BACKGROUND,2TH:3:10,2TH,2Thessalonians,R0,INLIER,0.1106177020669075,Q4,"For euen when wee were with you, this wee commanded you, that if any would not worke, neither should he eate.","For even when we were with you, this we commanded you, that if any would not work, neither should he eat.","for euen when wee were with you, this wee commanded you, that if any would not worke, neither should he eate.","for even when we were with you, this we commanded you, that if any would not work, neither should he eat.",0.11061770206690758,0.11061770206690758,,R0,R1,0.0,
INLIER_BACKGROUND,2TH:3:2,2TH,2Thessalonians,R0,INLIER,0.1159075622588701,Q4,And that we may bee deliuered from vnreasonable and wicked men: for all men haue not faith.,And that we may be delivered from unreasonable and wicked men: for all men have not faith.,and that we may bee deliuered from vnreasonable and wicked men: for all men haue not faith.,and that we may be delivered from unreasonable and wicked men: for all men have not faith.,0.11590756225887011,0.11590756225887011,,R0,R1,0.0,
INLIER_BACKGROUND,2TI:1:10,2TI,2Timothy,R0,INLIER,0.0213310429044985,Q1,"But is now made manifest by the appearing of our Sauiour Iesus Christ, who hath abolished death, and hath brought life and immortalitie to light, through the Gospel:","But is now made manifest by the appearing of our Saviour Jesus Christ, who hath abolished death, and hath brought life and immortality to light through the gospel:","but is now made manifest by the appearing of our sauiour iesus christ, who hath abolished death, and hath brought life and immortalitie to light, through the gospel:","but is now made manifest by the appearing of our saviour jesus christ, who hath abolished death, and hath brought life and immortality to light through the gospel:",0.0213310429044985,0.0213310429044985,,R0,R1,0.0,
INLIER_BACKGROUND,2TI:1:11,2TI,2Timothy,R0,INLIER,2.220446049250313e-16,Q1,"Whereunto I am appointed a Preacher, and an Apostle, and a teacher of the Gentiles.","Whereunto I am appointed a preacher, and an apostle, and a teacher of the Gentiles.","whereunto i am appointed a preacher, and an apostle, and a teacher of the gentiles.","whereunto i am appointed a preacher, and an apostle, and a teacher of the gentiles.",2.220446049250313e-16,2.220446049250313e-16,,R0,R1,0.0,
INLIER_BACKGROUND,2TI:2:6,2TI,2Timothy,R0,INLIER,0.0474734416378497,Q2,"The husbandman that laboureth, must bee first partaker of the fruites.",The husbandman that laboureth must be first partaker of the fruits.,"the husbandman that laboureth, must bee first partaker of the fruites.",the husbandman that laboureth must be first partaker of the fruits.,0.04747344163784972,0.04747344163784972,,R0,R1,0.0,
INLIER_BACKGROUND,2TI:3:5,2TI,2Timothy,R0,INLIER,0.0434952171517091,Q2,"Hauing a forme of godlinesse, but denying the power thereof: from such turne away.","Having a form of godliness, but denying the power thereof: from such turn away.","hauing a forme of godlinesse, but denying the power thereof: from such turne away.","having a form of godliness, but denying the power thereof: from such turn away.",0.04349521715170912,0.04349521715170912,,R0,R1,0.0,
INLIER_BACKGROUND,2TI:1:12,2TI,2Timothy,R0,INLIER,0.0573388404641493,Q3,"For the which cause I also suffer these things; neuerthelesse, I am not ashamed: for I know whom I haue beleeued, and I am perswaded that he is able to keepe that which I haue committed vnto him against that day.","For the which cause I also suffer these things: nevertheless I am not ashamed: for I know whom I have believed, and am persuaded that he is able to keep that which I have committed unto him against that day.","for the which cause i also suffer these things; neuerthelesse, i am not ashamed: for i know whom i haue beleeued, and i am perswaded that he is able to keepe that which i haue committed vnto him against that day.","for the which cause i also suffer these things: nevertheless i am not ashamed: for i know whom i have believed, and am persuaded that he is able to keep that which i have committed unto him against that day.",0.05733884046414939,0.05733884046414939,,R0,R1,0.0,
INLIER_BACKGROUND,2TI:2:21,2TI,2Timothy,R0,INLIER,0.0711116245331104,Q3,"If a man therefore purge himselfe from these, he shal be a vessell vnto honour, sanctified, and meete for the Masters vse, and prepared vnto euery good worke.","If a man therefore purge himself from these, he shall be a vessel unto honour, sanctified, and meet for the master’s use, and prepared unto every good work.","if a man therefore purge himselfe from these, he shal be a vessell vnto honour, sanctified, and meete for the masters vse, and prepared vnto euery good worke.","if a man therefore purge himself from these, he shall be a vessel unto honour, sanctified, and meet for the master’s use, and prepared unto every good work.",0.07111162453311048,0.07111162453311048,,R0,R1,0.0,
INLIER_BACKGROUND,2TI:1:18,2TI,2Timothy,R0,INLIER,0.1060002132156406,Q4,"The Lord grant vnto him, that he may finde mercie of the Lord in that day: And in how many things hee ministred vnto mee at Ephesus, thou knowest very well.","The Lord grant unto him that he may find mercy of the Lord in that day: and in how many things he ministered unto me at Ephesus, thou knowest very well.","the lord grant vnto him, that he may finde mercie of the lord in that day: and in how many things hee ministred vnto mee at ephesus, thou knowest very well.","the lord grant unto him that he may find mercy of the lord in that day: and in how many things he ministered unto me at ephesus, thou knowest very well.",0.10600021321564068,0.10600021321564068,,R0,R1,0.0,
INLIER_BACKGROUND,2TI:4:17,2TI,2Timothy,R0,INLIER,0.0908669082842035,Q4,"Notwithstanding the Lord stood with me, and strengthened me, that by me the preaching might be fully knowen, and that all the Gentiles might heare: and I was deliuered out of the mouth of the Lyon.","Notwithstanding the Lord stood with me, and strengthened me; that by me the preaching might be fully known, and that all the Gentiles might hear: and I was delivered out of the mouth of the lion.","notwithstanding the lord stood with me, and strengthened me, that by me the preaching might be fully knowen, and that all the gentiles might heare: and i was deliuered out of the mouth of the lyon.","notwithstanding the lord stood with me, and strengthened me; that by me the preaching might be fully known, and that all the gentiles might hear: and i was delivered out of the mouth of the lion.",0.09086690828420352,0.09086690828420352,,R0,R1,0.0,
INLIER_BACKGROUND,3JN:1:12,3JN,3John,R0,INLIER,0.0212249783414429,Q1,"Demetrius hath good report of all men, and of the trueth it selfe: yea, and we also beare record, and ye know that our record is true.","Demetrius hath good report of all men, and of the truth itself: yea, and we also bear record; and ye know that our record is true.","demetrius hath good report of all men, and of the trueth it selfe: yea, and we also beare record, and ye know that our record is true.","demetrius hath good report of all men, and of the truth itself: yea, and we also bear record; and ye know that our record is true.",0.02122497834144299,0.02122497834144299,,R0,R1,0.0,
INLIER_BACKGROUND,3JN:1:13,3JN,3John,R0,INLIER,0.0280711419547275,Q1,"I had many things to write, but I will not with inke and pen write vnto thee.","I had many things to write, but I will not with ink and pen write unto thee:","i had many things to write, but i will not with inke and pen write vnto thee.","i had many things to write, but i will not with ink and pen write unto thee:",0.028071141954727596,0.028071141954727596,,R0,R1,0.0,
INLIER_BACKGROUND,3JN:1:10,3JN,3John,R0,INLIER,0.0482252792081051,Q2,"Wherefore if I come, I will remember his deeds which he doeth, prating against vs with malicious words: and not content therewith, neither doth hee himselfe receiue the brethren, and forbiddeth them that would, and casteth them out of the Church.","Wherefore, if I come, I will remember his deeds which he doeth, prating against us with malicious words: and not content therewith, neither doth he himself receive the brethren, and forbiddeth them that would, and casteth them out of the church.","wherefore if i come, i will remember his deeds which he doeth, prating against vs with malicious words: and not content therewith, neither doth hee himselfe receiue the brethren, and forbiddeth them that would, and casteth them out of the church.","wherefore, if i come, i will remember his deeds which he doeth, prating against us with malicious words: and not content therewith, neither doth he himself receive the brethren, and forbiddeth them that would, and casteth them out of the church.",0.048225279208105154,0.048225279208105154,,R0,R1,0.0,
INLIER_BACKGROUND,3JN:1:3,3JN,3John,R0,INLIER,0.0415662484282838,Q2,"For I reioyced greatly when the brethren came and testified of the truth that is in thee, euen as thou walkest in the trueth.","For I rejoiced greatly, when the brethren came and testified of the truth that is in thee, even as thou walkest in the truth.","for i reioyced greatly when the brethren came and testified of the truth that is in thee, euen as thou walkest in the trueth.","for i rejoiced greatly, when the brethren came and testified of the truth that is in thee, even as thou walkest in the truth.",0.041566248428283825,0.041566248428283825,,R0,R1,0.0,
INLIER_BACKGROUND,3JN:1:2,3JN,3John,R0,INLIER,0.0679654247470944,Q3,"Beloued, I wish aboue all things that thou mayest prosper and be in health, euen as thy soule prospereth.","Beloved, I wish above all things that thou mayest prosper and be in health, even as thy soul prospereth.","beloued, i wish aboue all things that thou mayest prosper and be in health, euen as thy soule prospereth.","beloved, i wish above all things that thou mayest prosper and be in health, even as thy soul prospereth.",0.06796542474709444,0.06796542474709444,,R0,R1,0.0,
INLIER_BACKGROUND,3JN:1:7,3JN,3John,R0,INLIER,0.0599629160473618,Q3,"Because that for his Names sake they went foorth, taking nothing of the Gentiles.","Because that for his name’s sake they went forth, taking nothing of the Gentiles.","because that for his names sake they went foorth, taking nothing of the gentiles.","because that for his name’s sake they went forth, taking nothing of the gentiles.",0.059962916047361814,0.059962916047361814,,R0,R1,0.0,
INLIER_BACKGROUND,3JN:1:1,3JN,3John,R0,INLIER,0.1338415600236203,Q4,"The Elder vnto the welbeloued Gaius, whom I loue in the trueth:","The elder unto the wellbeloved Gaius, whom I love in the truth.","the elder vnto the welbeloued gaius, whom i loue in the trueth:","the elder unto the wellbeloved gaius, whom i love in the truth.",0.13384156002362035,0.13384156002362035,,R0,R1,0.0,
INLIER_BACKGROUND,3JN:1:6,3JN,3John,R0,INLIER,0.124804614206013,Q4,"Which haue borne witnesse of thy charitie before the Church: whome if thou bring forward on their iourney after a godly sort, thou shalt doe well:","Which have borne witness of thy charity before the church: whom if thou bring forward on their journey after a godly sort, thou shalt do well:","which haue borne witnesse of thy charitie before the church: whome if thou bring forward on their iourney after a godly sort, thou shalt doe well:","which have borne witness of thy charity before the church: whom if thou bring forward on their journey after a godly sort, thou shalt do well:",0.12480461420601308,0.12480461420601308,,R0,R1,0.0,
INLIER_BACKGROUND,ACT:13:3,ACT,Acts,R0,INLIER,0.0037485916859473,Q1,"And when they had fasted and prayed, and laid their handes on them, they sent them away.","And when they had fasted and prayed, and laid their hands on them, they sent them away.","and when they had fasted and prayed, and laid their handes on them, they sent them away.","and when they had fasted and prayed, and laid their hands on them, they sent them away.",0.0037485916859473223,0.0037485916859473223,,R0,R1,0.0,
INLIER_BACKGROUND,ACT:22:5,ACT,Acts,R0,INLIER,0.0230995220627155,Q1,"As also the high Priest doth beare me witnesse, and all the estate of the elders: from whom also I receiued letters vnto the brethren, and went to Damascus, to bring them which were there, bound vnto Hierusalem, for to be punished.","As also the high priest doth bear me witness, and all the estate of the elders: from whom also I received letters unto the brethren, and went to Damascus, to bring them which were there bound unto Jerusalem, for to be punished.","as also the high priest doth beare me witnesse, and all the estate of the elders: from whom also i receiued letters vnto the brethren, and went to damascus, to bring them which were there, bound vnto hierusalem, for to be punished.","as also the high priest doth bear me witness, and all the estate of the elders: from whom also i received letters unto the brethren, and went to damascus, to bring them which were there bound unto jerusalem, for to be punished.",0.023099522062715594,0.023099522062715594,,R0,R1,0.0,
INLIER_BACKGROUND,ACT:12:12,ACT,Acts,R0,INLIER,0.0406829354654829,Q2,"And when he had considered the thing, he came to the house of Mary the mother of Iohn whose sirname was Marke, where many were gathered together praying.","And when he had considered the thing, he came to the house of Mary the mother of John, whose surname was Mark; where many were gathered together praying.","and when he had considered the thing, he came to the house of mary the mother of iohn whose sirname was marke, where many were gathered together praying.","and when he had considered the thing, he came to the house of mary the mother of john, whose surname was mark; where many were gathered together praying.",0.04068293546548296,0.04068293546548296,,R0,R1,0.0,
INLIER_BACKGROUND,ACT:23:35,ACT,Acts,R0,INLIER,0.0539581322129109,Q2,"I will heare thee, said hee, when thine accusers are also come. And hee commanded him to be kept in Herods iudgement hall.","I will hear thee, said he, when thine accusers are also come. And he commanded him to be kept in Herod’s judgment hall.","i will heare thee, said hee, when thine accusers are also come. and hee commanded him to be kept in herods iudgement hall.","i will hear thee, said he, when thine accusers are also come. and he commanded him to be kept in herod’s judgment hall.",0.0539581322129109,0.0539581322129109,,R0,R1,0.0,
INLIER_BACKGROUND,ACT:17:28,ACT,Acts,R0,INLIER,0.0642351551676281,Q3,"For in him we liue, and mooue, and haue our being, as certaine also of your owne Poets haue said, For we are also his offspring.","For in him we live, and move, and have our being; as certain also of your own poets have said, For we are also his offspring.","for in him we liue, and mooue, and haue our being, as certaine also of your owne poets haue said, for we are also his offspring.","for in him we live, and move, and have our being; as certain also of your own poets have said, for we are also his offspring.",0.06423515516762812,0.06423515516762812,,R0,R1,0.0,
INLIER_BACKGROUND,ACT:7:20,ACT,Acts,R0,INLIER,0.0808282722312833,Q3,"In which time Moses was borne, and was exceeding faire, and nourished vp in his fathers house three moneths:","In which time Moses was born, and was exceeding fair, and nourished up in his father’s house three months:","in which time moses was borne, and was exceeding faire, and nourished vp in his fathers house three moneths:","in which time moses was born, and was exceeding fair, and nourished up in his father’s house three months:",0.0808282722312833,0.0808282722312833,,R0,R1,0.0,
INLIER_BACKGROUND,ACT:13:30,ACT,Acts,R0,INLIER,0.1072264453260853,Q4,But God raised him fr&#333; the dead:,But God raised him from the dead:,but god raised him fr&#333; the dead:,but god raised him from the dead:,0.10722644532608538,0.10722644532608538,,R0,R1,0.0,
INLIER_BACKGROUND,ACT:4:13,ACT,Acts,R0,INLIER,0.1251939014558781,Q4,"¶ Now when they sawe the boldnesse of Peter and Iohn, and perceiued that they were vnlearned and ignorant men, they marueiled, and they tooke knowledge of them, that they had bene with Iesus.","Now when they saw the boldness of Peter and John, and perceived that they were unlearned and ignorant men, they marvelled; and they took knowledge of them, that they had been with Jesus.","¶ now when they sawe the boldnesse of peter and iohn, and perceiued that they were vnlearned and ignorant men, they marueiled, and they tooke knowledge of them, that they had bene with iesus.","now when they saw the boldness of peter and john, and perceived that they were unlearned and ignorant men, they marvelled; and they took knowledge of them, that they had been with jesus.",0.12519390145587816,0.12519390145587816,,R0,R1,0.0,
INLIER_BACKGROUND,AMO:4:8,AMO,Amos,R0,INLIER,0.0280572423488263,Q1,"So two or three cities wandered vnto one citie, to drinke water; but they were not satisfied: yet haue yee not returned vnto me, saith the Lord.","So two or three cities wandered unto one city, to drink water; but they were not satisfied: yet have ye not returned unto me, saith the LORD.","so two or three cities wandered vnto one citie, to drinke water; but they were not satisfied: yet haue yee not returned vnto me, saith the lord.","so two or three cities wandered unto one city, to drink water; but they were not satisfied: yet have ye not returned unto me, saith the lord.",0.02805724234882634,0.02805724234882634,,R0,R1,0.0,
INLIER_BACKGROUND,AMO:9:12,AMO,Amos,R0,INLIER,0.004967407575215,Q1,"That they may possesse the remnant of Edom, and of all the heathen; which are called by my name, saith the Lord that doth this.","That they may possess the remnant of Edom, and of all the heathen, which are called by my name, saith the LORD that doeth this.","that they may possesse the remnant of edom, and of all the heathen; which are called by my name, saith the lord that doth this.","that they may possess the remnant of edom, and of all the heathen, which are called by my name, saith the lord that doeth this.",0.004967407575215077,0.004967407575215077,,R0,R1,0.0,
INLIER_BACKGROUND,AMO:3:7,AMO,Amos,R0,INLIER,0.0558407952825661,Q2,"Surely the Lord God will doe nothing, but he reuealeth his secret vnto his seruants the Prophets.","Surely the Lord GOD will do nothing, but he revealeth his secret unto his servants the prophets.","surely the lord god will doe nothing, but he reuealeth his secret vnto his seruants the prophets.","surely the lord god will do nothing, but he revealeth his secret unto his servants the prophets.",0.055840795282566136,0.055840795282566136,,R0,R1,0.0,
INLIER_BACKGROUND,AMO:6:9,AMO,Amos,R0,INLIER,0.0412750292307705,Q2,"And it shall come to passe, if there remaine tenne men in one house, that they shall die.","And it shall come to pass, if there remain ten men in one house, that they shall die.","and it shall come to passe, if there remaine tenne men in one house, that they shall die.","and it shall come to pass, if there remain ten men in one house, that they shall die.",0.04127502923077053,0.04127502923077053,,R0,R1,0.0,
INLIER_BACKGROUND,AMO:7:2,AMO,Amos,R0,INLIER,0.0893236136440648,Q3,"And it came to passe, that when they had made an ende of eating the grasse of the land, then I said; O Lord God, forgiue, I beseech thee, by whom shal Iacob arise? for he is small.","And it came to pass, that when they had made an end of eating the grass of the land, then I said, O Lord GOD, forgive, I beseech thee: by whom shall Jacob arise? for he is small.","and it came to passe, that when they had made an ende of eating the grasse of the land, then i said; o lord god, forgiue, i beseech thee, by whom shal iacob arise? for he is small.","and it came to pass, that when they had made an end of eating the grass of the land, then i said, o lord god, forgive, i beseech thee: by whom shall jacob arise? for he is small.",0.08932361364406483,0.08932361364406483,,R0,R1,0.0,
INLIER_BACKGROUND,AMO:9:14,AMO,Amos,R0,INLIER,0.0630507098760813,Q3,"And I will bring againe the captiuitie of my people of Israel: and they shall build the waste cities, and inhabit them; and they shall plant vineyards, and drinke the wine thereof: they shall also make gardens, and eate the fruite of them.","And I will bring again the captivity of my people of Israel, and they shall build the waste cities, and inhabit them; and they shall plant vineyards, and drink the wine thereof; they shall also make gardens, and eat the fruit of them.","and i will bring againe the captiuitie of my people of israel: and they shall build the waste cities, and inhabit them; and they shall plant vineyards, and drinke the wine thereof: they shall also make gardens, and eate the fruite of them.","and i will bring again the captivity of my people of israel, and they shall build the waste cities, and inhabit them; and they shall plant vineyards, and drink the wine thereof; they shall also make gardens, and eat the fruit of them.",0.0630507098760813,0.0630507098760813,,R0,R1,0.0,
INLIER_BACKGROUND,AMO:5:4,AMO,Amos,R0,INLIER,0.1168869878295141,Q4,"¶ For thus saith the Lord vnto the house of Israel, Seeke ye mee, and ye shall liue.","For thus saith the LORD unto the house of Israel, Seek ye me, and ye shall live:","¶ for thus saith the lord vnto the house of israel, seeke ye mee, and ye shall liue.","for thus saith the lord unto the house of israel, seek ye me, and ye shall live:",0.11688698782951412,0.11688698782951412,,R0,R1,0.0,
INLIER_BACKGROUND,AMO:8:6,AMO,Amos,R0,INLIER,0.1573717561913098,Q4,"That wee may buy the poore for siluer, & the needie for a paire of shoes; yea, and sell the refuse of the wheate?","That we may buy the poor for silver, and the needy for a pair of shoes; yea, and sell the refuse of the wheat?","that wee may buy the poore for siluer, & the needie for a paire of shoes; yea, and sell the refuse of the wheate?","that we may buy the poor for silver, and the needy for a pair of shoes; yea, and sell the refuse of the wheat?",0.15737175619130983,0.15737175619130983,,R0,R1,0.0,
INLIER_BACKGROUND,COL:2:5,COL,Colossians,R0,INLIER,0.0229971618275349,Q1,"For though I bee absent in the flesh, yet am I with you in the spirit, ioying and beholding your order, and the stedfastnesse of your faith in Christ.","For though I be absent in the flesh, yet am I with you in the spirit, joying and beholding your order, and the stedfastness of your faith in Christ.","for though i bee absent in the flesh, yet am i with you in the spirit, ioying and beholding your order, and the stedfastnesse of your faith in christ.","for though i be absent in the flesh, yet am i with you in the spirit, joying and beholding your order, and the stedfastness of your faith in christ.",0.022997161827534973,0.022997161827534973,,R0,R1,0.0,
INLIER_BACKGROUND,COL:4:4,COL,Colossians,R0,INLIER,0.0041642861273516,Q1,"That I may make it manifest, as I ought to speake.","That I may make it manifest, as I ought to speak.","that i may make it manifest, as i ought to speake.","that i may make it manifest, as i ought to speak.",0.004164286127351646,0.004164286127351646,,R0,R1,0.0,
INLIER_BACKGROUND,COL:1:7,COL,Colossians,R0,INLIER,0.0428280231926397,Q2,"As yee also learned of Epaphras our deare felow seruant, who is for you a faithfull Minister of Christ:","As ye also learned of Epaphras our dear fellowservant, who is for you a faithful minister of Christ;","as yee also learned of epaphras our deare felow seruant, who is for you a faithfull minister of christ:","as ye also learned of epaphras our dear fellowservant, who is for you a faithful minister of christ;",0.042828023192639786,0.042828023192639786,,R0,R1,0.0,
INLIER_BACKGROUND,COL:3:24,COL,Colossians,R0,INLIER,0.0416459194422502,Q2,"Knowing, that of the Lord yee shall receiue the reward of the inheritance: for ye serue the Lord Christ.",Knowing that of the Lord ye shall receive the reward of the inheritance: for ye serve the Lord Christ.,"knowing, that of the lord yee shall receiue the reward of the inheritance: for ye serue the lord christ.",knowing that of the lord ye shall receive the reward of the inheritance: for ye serve the lord christ.,0.04164591944225027,0.04164591944225027,,R0,R1,0.0,
INLIER_BACKGROUND,COL:1:14,COL,Colossians,R0,INLIER,0.0877887977703311,Q3,"In whom we haue redemption through his blood, euen the forgiuenesse of sinnes:","In whom we have redemption through his blood, even the forgiveness of sins:","in whom we haue redemption through his blood, euen the forgiuenesse of sinnes:","in whom we have redemption through his blood, even the forgiveness of sins:",0.0877887977703311,0.0877887977703311,,R0,R1,0.0,
INLIER_BACKGROUND,COL:4:12,COL,Colossians,R0,INLIER,0.0598584443093224,Q3,"Epaphras, who is one of you, a seruant of Christ, saluteth you, alwaies labouring feruently for you in praiers, that ye may stand perfect, and complete in all the will of God.","Epaphras, who is one of you, a servant of Christ, saluteth you, always labouring fervently for you in prayers, that ye may stand perfect and complete in all the will of God.","epaphras, who is one of you, a seruant of christ, saluteth you, alwaies labouring feruently for you in praiers, that ye may stand perfect, and complete in all the will of god.","epaphras, who is one of you, a servant of christ, saluteth you, always labouring fervently for you in prayers, that ye may stand perfect and complete in all the will of god.",0.05985844430932241,0.05985844430932241,,R0,R1,0.0,
INLIER_BACKGROUND,COL:3:23,COL,Colossians,R0,INLIER,0.1228968711688975,Q4,"And whatsoeuer yee doe, doe it heartily, as to the Lord, and not vnto men:","And whatsoever ye do, do it heartily, as to the Lord, and not unto men;","and whatsoeuer yee doe, doe it heartily, as to the lord, and not vnto men:","and whatsoever ye do, do it heartily, as to the lord, and not unto men;",0.12289687116889758,0.12289687116889758,,R0,R1,0.0,
INLIER_BACKGROUND,COL:3:7,COL,Colossians,R0,INLIER,0.0909616121117231,Q4,"In the which yee also walked sometime, when ye liued in them.","In the which ye also walked some time, when ye lived in them.","in the which yee also walked sometime, when ye liued in them.","in the which ye also walked some time, when ye lived in them.",0.09096161211172316,0.09096161211172316,,R0,R1,0.0,
INLIER_BACKGROUND,DAN:10:18,DAN,Daniel,R0,INLIER,0.0181971133725022,Q1,"Then there came againe and touched me one like the appearance of a man, and he strengthned me,","Then there came again and touched me one like the appearance of a man, and he strengthened me,","then there came againe and touched me one like the appearance of a man, and he strengthned me,","then there came again and touched me one like the appearance of a man, and he strengthened me,",0.018197113372502294,0.018197113372502294,,R0,R1,0.0,
INLIER_BACKGROUND,DAN:7:1,DAN,Daniel,R0,INLIER,0.0289130598887228,Q1,"In the first yeere of Belshazzar king of Babylon, Daniel had a dreame, and visions of his head vpon his bed: then he wrote the dreame, and tolde the summe of the matters.","In the first year of Belshazzar king of Babylon Daniel had a dream and visions of his head upon his bed: then he wrote the dream, and told the sum of the matters.","in the first yeere of belshazzar king of babylon, daniel had a dreame, and visions of his head vpon his bed: then he wrote the dreame, and tolde the summe of the matters.","in the first year of belshazzar king of babylon daniel had a dream and visions of his head upon his bed: then he wrote the dream, and told the sum of the matters.",0.028913059888722836,0.028913059888722836,,R0,R1,0.0,
INLIER_BACKGROUND,DAN:2:38,DAN,Daniel,R0,INLIER,0.0551268994249607,Q2,"And wheresoeuer the children of men dwel, the beasts of the field, and the foules of the heauen hath he giuen into thine hand, and hath made thee ruler ouer them all: thou art this head of gold.","And wheresoever the children of men dwell, the beasts of the field and the fowls of the heaven hath he given into thine hand, and hath made thee ruler over them all. Thou art this head of gold.","and wheresoeuer the children of men dwel, the beasts of the field, and the foules of the heauen hath he giuen into thine hand, and hath made thee ruler ouer them all: thou art this head of gold.","and wheresoever the children of men dwell, the beasts of the field and the fowls of the heaven hath he given into thine hand, and hath made thee ruler over them all. thou art this head of gold.",0.05512689942496074,0.05512689942496074,,R0,R1,0.0,
INLIER_BACKGROUND,DAN:2:49,DAN,Daniel,R0,INLIER,0.0368094870155356,Q2,"Then Daniel requested of the King, and he set Shadrach, Meshach, and Abednego ouer the affaires of the prouince of Babylon: but Daniel sate in the gate of the King.","Then Daniel requested of the king, and he set Shadrach, Meshach, and Abednego, over the affairs of the province of Babylon: but Daniel sat in the gate of the king.","then daniel requested of the king, and he set shadrach, meshach, and abednego ouer the affaires of the prouince of babylon: but daniel sate in the gate of the king.","then daniel requested of the king, and he set shadrach, meshach, and abednego, over the affairs of the province of babylon: but daniel sat in the gate of the king.",0.03680948701553566,0.03680948701553566,,R0,R1,0.0,
INLIER_BACKGROUND,DAN:10:10,DAN,Daniel,R0,INLIER,0.0896013453232054,Q3,"¶ And behold, an hand touched me, which set me vpon my knees, and vpon the palmes of my hands.","And, behold, an hand touched me, which set me upon my knees and upon the palms of my hands.","¶ and behold, an hand touched me, which set me vpon my knees, and vpon the palmes of my hands.","and, behold, an hand touched me, which set me upon my knees and upon the palms of my hands.",0.0896013453232054,0.0896013453232054,,R0,R1,0.0,
INLIER_BACKGROUND,DAN:2:5,DAN,Daniel,R0,INLIER,0.079840953659691,Q3,"The King answered, and said to the Caldeans, The thing is gone from mee: if ye will not make knowen vnto me the dreame, with the interpretation thereof, yee shall be cut in pieces, and your houses shalbe made a dunghill.","The king answered and said to the Chaldeans, The thing is gone from me: if ye will not make known unto me the dream, with the interpretation thereof, ye shall be cut in pieces, and your houses shall be made a dunghill.","the king answered, and said to the caldeans, the thing is gone from mee: if ye will not make knowen vnto me the dreame, with the interpretation thereof, yee shall be cut in pieces, and your houses shalbe made a dunghill.","the king answered and said to the chaldeans, the thing is gone from me: if ye will not make known unto me the dream, with the interpretation thereof, ye shall be cut in pieces, and your houses shall be made a dunghill.",0.07984095365969102,0.07984095365969102,,R0,R1,0.0,
INLIER_BACKGROUND,DAN:1:1,DAN,Daniel,R0,INLIER,0.1133135900694041,Q4,"In the thirde yere of the reigne of Iehoiakim King of Iudah, came Nebuchad-nezzar King of Babylon, vnto Ierusalem, and besieged it.","In the third year of the reign of Jehoiakim king of Judah came Nebuchadnezzar king of Babylon unto Jerusalem, and besieged it.","in the thirde yere of the reigne of iehoiakim king of iudah, came nebuchad-nezzar king of babylon, vnto ierusalem, and besieged it.","in the third year of the reign of jehoiakim king of judah came nebuchadnezzar king of babylon unto jerusalem, and besieged it.",0.11331359006940411,0.11331359006940411,,R0,R1,0.0,
INLIER_BACKGROUND,DAN:7:8,DAN,Daniel,R0,INLIER,0.1460930365810516,Q4,"I considered the hornes, and behold, there came vp among them another little horne, before whom there were three of the first hornes pluckt vp by the roots: and behold, in this horne were eyes like the eyes of man, and a mouth speaking great things.","I considered the horns, and, behold, there came up among them another little horn, before whom there were three of the first horns plucked up by the roots: and, behold, in this horn were eyes like the eyes of man, and a mouth speaking great things.","i considered the hornes, and behold, there came vp among them another little horne, before whom there were three of the first hornes pluckt vp by the roots: and behold, in this horne were eyes like the eyes of man, and a mouth speaking great things.","i considered the horns, and, behold, there came up among them another little horn, before whom there were three of the first horns plucked up by the roots: and, behold, in this horn were eyes like the eyes of man, and a mouth speaking great things.",0.14609303658105166,0.14609303658105166,,R0,R1,0.0,
INLIER_BACKGROUND,DEU:11:29,DEU,Deuteronomy,R0,INLIER,0.0267745983836142,Q1,"And it shall come to passe when the Lord thy God hath brought thee in, vnto the land whither thou goest to possesse it, that thou shalt put the blessing vpon mount Gerizim, and the curse vpon mount Ebal.","And it shall come to pass, when the LORD thy God hath brought thee in unto the land whither thou goest to possess it, that thou shalt put the blessing upon mount Gerizim, and the curse upon mount Ebal.","and it shall come to passe when the lord thy god hath brought thee in, vnto the land whither thou goest to possesse it, that thou shalt put the blessing vpon mount gerizim, and the curse vpon mount ebal.","and it shall come to pass, when the lord thy god hath brought thee in unto the land whither thou goest to possess it, that thou shalt put the blessing upon mount gerizim, and the curse upon mount ebal.",0.02677459838361429,0.02677459838361429,,R0,R1,0.0,
INLIER_BACKGROUND,DEU:31:11,DEU,Deuteronomy,R0,INLIER,0.0079602351407702,Q1,"When all Israel is come to appeare before the Lord thy God, in the place which hee shall choose; thou shalt reade this Law before all Israel, in their hearing.","When all Israel is come to appear before the LORD thy God in the place which he shall choose, thou shalt read this law before all Israel in their hearing.","when all israel is come to appeare before the lord thy god, in the place which hee shall choose; thou shalt reade this law before all israel, in their hearing.","when all israel is come to appear before the lord thy god in the place which he shall choose, thou shalt read this law before all israel in their hearing.",0.007960235140770267,0.007960235140770267,,R0,R1,0.0,
INLIER_BACKGROUND,DEU:27:10,DEU,Deuteronomy,R0,INLIER,0.0358429634379831,Q2,"Thou shalt therefore obey the voyce of the Lord thy God, and doe his Commandements, and his Statutes which I command thee this day.","Thou shalt therefore obey the voice of the LORD thy God, and do his commandments and his statutes, which I command thee this day.","thou shalt therefore obey the voyce of the lord thy god, and doe his commandements, and his statutes which i command thee this day.","thou shalt therefore obey the voice of the lord thy god, and do his commandments and his statutes, which i command thee this day.",0.0358429634379831,0.0358429634379831,,R0,R1,0.0,
INLIER_BACKGROUND,DEU:4:16,DEU,Deuteronomy,R0,INLIER,0.0496852665777872,Q2,"Lest yee corrupt your selues, and make you a grauen image, the similitude of any figure, the likenes of male, or female,","Lest ye corrupt yourselves, and make you a graven image, the similitude of any figure, the likeness of male or female,","lest yee corrupt your selues, and make you a grauen image, the similitude of any figure, the likenes of male, or female,","lest ye corrupt yourselves, and make you a graven image, the similitude of any figure, the likeness of male or female,",0.04968526657778727,0.04968526657778727,,R0,R1,0.0,
INLIER_BACKGROUND,DEU:24:17,DEU,Deuteronomy,R0,INLIER,0.0695061122018656,Q3,"¶ Thou shalt not peruert the iudgement of the stranger, nor of the fatherles, nor take a widowes raiment to pledge.","Thou shalt not pervert the judgment of the stranger, nor of the fatherless; nor take a widow’s raiment to pledge:","¶ thou shalt not peruert the iudgement of the stranger, nor of the fatherles, nor take a widowes raiment to pledge.","thou shalt not pervert the judgment of the stranger, nor of the fatherless; nor take a widow’s raiment to pledge:",0.06950611220186564,0.06950611220186564,,R0,R1,0.0,
INLIER_BACKGROUND,DEU:9:25,DEU,Deuteronomy,R0,INLIER,0.0768100769893682,Q3,"Thus I fell downe before the Lord fourtie dayes, and fourtie nights, as I fel downe at the first, because the Lord had said, he would destroy you.","Thus I fell down before the LORD forty days and forty nights, as I fell down at the first; because the LORD had said he would destroy you.","thus i fell downe before the lord fourtie dayes, and fourtie nights, as i fel downe at the first, because the lord had said, he would destroy you.","thus i fell down before the lord forty days and forty nights, as i fell down at the first; because the lord had said he would destroy you.",0.07681007698936826,0.07681007698936826,,R0,R1,0.0,
INLIER_BACKGROUND,DEU:33:28,DEU,Deuteronomy,R0,INLIER,0.1053261506451418,Q4,"Israel then shall dwell in safetie alone: the fountaine of Iacob shalbe vpon a land of corne and wine, also his heauens shall drop downe deaw.",Israel then shall dwell in safety alone: the fountain of Jacob shall be upon a land of corn and wine; also his heavens shall drop down dew.,"israel then shall dwell in safetie alone: the fountaine of iacob shalbe vpon a land of corne and wine, also his heauens shall drop downe deaw.",israel then shall dwell in safety alone: the fountain of jacob shall be upon a land of corn and wine; also his heavens shall drop down dew.,0.10532615064514184,0.10532615064514184,,R0,R1,0.0,
INLIER_BACKGROUND,DEU:3:27,DEU,Deuteronomy,R0,INLIER,0.0933638658306111,Q4,"Get thee vp into the top of Pisgah, and lift vp thine eyes Westward, and Northward, and Southward, and Eastward, and beholde it with thine eyes: for thou shalt not goe ouer this Iordan.","Get thee up into the top of Pisgah, and lift up thine eyes westward, and northward, and southward, and eastward, and behold it with thine eyes: for thou shalt not go over this Jordan.","get thee vp into the top of pisgah, and lift vp thine eyes westward, and northward, and southward, and eastward, and beholde it with thine eyes: for thou shalt not goe ouer this iordan.","get thee up into the top of pisgah, and lift up thine eyes westward, and northward, and southward, and eastward, and behold it with thine eyes: for thou shalt not go over this jordan.",0.09336386583061118,0.09336386583061118,,R0,R1,0.0,
INLIER_BACKGROUND,ECC:3:6,ECC,Ecclesiastes,R0,INLIER,0.0210111374378559,Q1,"A time to get, and a time to lose: a time to keepe, and a time to cast away.","A time to get, and a time to lose; a time to keep, and a time to cast away;","a time to get, and a time to lose: a time to keepe, and a time to cast away.","a time to get, and a time to lose; a time to keep, and a time to cast away;",0.021011137437855987,0.021011137437855987,,R0,R1,0.0,
INLIER_BACKGROUND,ECC:4:5,ECC,Ecclesiastes,R0,INLIER,0.0140554468096882,Q1,"The foole foldeth his hands together, and eateth his owne flesh.","The fool foldeth his hands together, and eateth his own flesh.","the foole foldeth his hands together, and eateth his owne flesh.","the fool foldeth his hands together, and eateth his own flesh.",0.014055446809688288,0.014055446809688288,,R0,R1,0.0,
INLIER_BACKGROUND,ECC:5:11,ECC,Ecclesiastes,R0,INLIER,0.0301058770112687,Q2,"When goods increase, they are increased that eate them: and what good is there to the owners thereof, sauing the beholding of them with their eyes?","When goods increase, they are increased that eat them: and what good is there to the owners thereof, saving the beholding of them with their eyes?","when goods increase, they are increased that eate them: and what good is there to the owners thereof, sauing the beholding of them with their eyes?","when goods increase, they are increased that eat them: and what good is there to the owners thereof, saving the beholding of them with their eyes?",0.030105877011268767,0.030105877011268767,,R0,R1,0.0,
INLIER_BACKGROUND,ECC:8:1,ECC,Ecclesiastes,R0,INLIER,0.0503501941535399,Q2,"Who is as the Wise man? and who knoweth the interpretation of a thing? a mans wisedome maketh his face to shine, and the boldnes of his face shalbe changed.","Who is as the wise man? and who knoweth the interpretation of a thing? a man’s wisdom maketh his face to shine, and the boldness of his face shall be changed.","who is as the wise man? and who knoweth the interpretation of a thing? a mans wisedome maketh his face to shine, and the boldnes of his face shalbe changed.","who is as the wise man? and who knoweth the interpretation of a thing? a man’s wisdom maketh his face to shine, and the boldness of his face shall be changed.",0.05035019415353992,0.05035019415353992,,R0,R1,0.0,
INLIER_BACKGROUND,ECC:3:5,ECC,Ecclesiastes,R0,INLIER,0.0673097448979676,Q3,"A time to cast away stones, and a time to gather stones together: a time to imbrace, and a time to refraine from imbracing.","A time to cast away stones, and a time to gather stones together; a time to embrace, and a time to refrain from embracing;","a time to cast away stones, and a time to gather stones together: a time to imbrace, and a time to refraine from imbracing.","a time to cast away stones, and a time to gather stones together; a time to embrace, and a time to refrain from embracing;",0.0673097448979676,0.0673097448979676,,R0,R1,0.0,
INLIER_BACKGROUND,ECC:7:7,ECC,Ecclesiastes,R0,INLIER,0.065935472366428,Q3,¶ Surely oppression maketh a wise man mad: and a gift destroyeth the heart.,Surely oppression maketh a wise man mad; and a gift destroyeth the heart.,¶ surely oppression maketh a wise man mad: and a gift destroyeth the heart.,surely oppression maketh a wise man mad; and a gift destroyeth the heart.,0.06593547236642805,0.06593547236642805,,R0,R1,0.0,
INLIER_BACKGROUND,ECC:10:10,ECC,Ecclesiastes,R0,INLIER,0.1770787760821969,Q4,"If the yron be blunt, and he doe not whet the edge, then must he put to more strength: but wisedome is profitable to direct.","If the iron be blunt, and he do not whet the edge, then must he put to more strength: but wisdom is profitable to direct.","if the yron be blunt, and he doe not whet the edge, then must he put to more strength: but wisedome is profitable to direct.","if the iron be blunt, and he do not whet the edge, then must he put to more strength: but wisdom is profitable to direct.",0.1770787760821969,0.1770787760821969,,R0,R1,0.0,
INLIER_BACKGROUND,ECC:3:1,ECC,Ecclesiastes,R0,INLIER,0.169756438729609,Q4,"To euery thing there is a season, and a time to euery purpose vnder the heauen.","To every thing there is a season, and a time to every purpose under the heaven:","to euery thing there is a season, and a time to euery purpose vnder the heauen.","to every thing there is a season, and a time to every purpose under the heaven:",0.169756438729609,0.169756438729609,,R0,R1,0.0,
INLIER_BACKGROUND,EPH:6:1,EPH,Ephesians,R0,INLIER,0.0,Q1,"Children, obey your parents in the Lord: for this is right.","Children, obey your parents in the Lord: for this is right.","children, obey your parents in the lord: for this is right.","children, obey your parents in the lord: for this is right.",0.0,0.0,,R0,R1,0.0,
INLIER_BACKGROUND,EPH:6:2,EPH,Ephesians,R0,INLIER,0.0285036976642043,Q1,"Honour thy father and mother, (which is the first commandement with promise,)",Honour thy father and mother; which is the first commandment with promise;,"honour thy father and mother, (which is the first commandement with promise,)",honour thy father and mother; which is the first commandment with promise;,0.028503697664204353,0.028503697664204353,,R0,R1,0.0,
INLIER_BACKGROUND,EPH:6:18,EPH,Ephesians,R0,INLIER,0.0557087586298141,Q2,"Praying alwayes with all prayer and supplication in the spirit, and watching thereunto with all perseuerance, and supplication for all Saints,","Praying always with all prayer and supplication in the Spirit, and watching thereunto with all perseverance and supplication for all saints;","praying alwayes with all prayer and supplication in the spirit, and watching thereunto with all perseuerance, and supplication for all saints,","praying always with all prayer and supplication in the spirit, and watching thereunto with all perseverance and supplication for all saints;",0.05570875862981417,0.05570875862981417,,R0,R1,0.0,
INLIER_BACKGROUND,EPH:6:22,EPH,Ephesians,R0,INLIER,0.0308326331091456,Q2,"Whom I haue sent vnto you for the same purpose, that yee might know our affaires, and that he might comfort your hearts.","Whom I have sent unto you for the same purpose, that ye might know our affairs, and that he might comfort your hearts.","whom i haue sent vnto you for the same purpose, that yee might know our affaires, and that he might comfort your hearts.","whom i have sent unto you for the same purpose, that ye might know our affairs, and that he might comfort your hearts.",0.030832633109145635,0.030832633109145635,,R0,R1,0.0,
INLIER_BACKGROUND,EPH:4:14,EPH,Ephesians,R0,INLIER,0.0628556451682424,Q3,"That we hencefoorth be no more children, tossed to and fro, and caried about with euery winde of doctrine, by the sleight of men, and cunning craftinesse, whereby they lye in waite to deceiue:","That we henceforth be no more children, tossed to and fro, and carried about with every wind of doctrine, by the sleight of men, and cunning craftiness, whereby they lie in wait to deceive;","that we hencefoorth be no more children, tossed to and fro, and caried about with euery winde of doctrine, by the sleight of men, and cunning craftinesse, whereby they lye in waite to deceiue:","that we henceforth be no more children, tossed to and fro, and carried about with every wind of doctrine, by the sleight of men, and cunning craftiness, whereby they lie in wait to deceive;",0.06285564516824249,0.06285564516824249,,R0,R1,0.0,
INLIER_BACKGROUND,EPH:4:20,EPH,Ephesians,R0,INLIER,0.0576304982464072,Q3,But ye haue not so learned Christ:,But ye have not so learned Christ;,but ye haue not so learned christ:,but ye have not so learned christ;,0.0576304982464072,0.0576304982464072,,R0,R1,0.0,
INLIER_BACKGROUND,EPH:3:3,EPH,Ephesians,R0,INLIER,0.1390810841359744,Q4,"How that by reuelation hee made knowen vnto me the mysterie, (as I wrote afore in few words,","How that by revelation he made known unto me the mystery; (as I wrote afore in few words,","how that by reuelation hee made knowen vnto me the mysterie, (as i wrote afore in few words,","how that by revelation he made known unto me the mystery; (as i wrote afore in few words,",0.13908108413597442,0.13908108413597442,,R0,R1,0.0,
INLIER_BACKGROUND,EPH:6:6,EPH,Ephesians,R0,INLIER,0.1093192010039112,Q4,"Not with eye seruice as men pleasers, but as the seruants of Christ, doing the will of God from the heart:","Not with eyeservice, as menpleasers; but as the servants of Christ, doing the will of God from the heart;","not with eye seruice as men pleasers, but as the seruants of christ, doing the will of god from the heart:","not with eyeservice, as menpleasers; but as the servants of christ, doing the will of god from the heart;",0.10931920100391124,0.10931920100391124,,R0,R1,0.0,
INLIER_BACKGROUND,EST:5:1,EST,Esther,R0,INLIER,0.0239741118368033,Q1,"Now it came to passe on the third day, that Esther put on her royall apparell, and stood in the inner court of the kings house, ouer against the kings house: and the King sate vpon his royall throne in the royall house, ouer against the gate of the house.","Now it came to pass on the third day, that Esther put on her royal apparel, and stood in the inner court of the king’s house, over against the king’s house: and the king sat upon his royal throne in the royal house, over against the gate of the house.","now it came to passe on the third day, that esther put on her royall apparell, and stood in the inner court of the kings house, ouer against the kings house: and the king sate vpon his royall throne in the royall house, ouer against the gate of the house.","now it came to pass on the third day, that esther put on her royal apparel, and stood in the inner court of the king’s house, over against the king’s house: and the king sat upon his royal throne in the royal house, over against the gate of the house.",0.023974111836803313,0.023974111836803313,,R0,R1,0.0,
INLIER_BACKGROUND,EST:5:7,EST,Esther,R0,INLIER,0.0030635620499831,Q1,"Then answered Esther, and said, My petition, and my request is,","Then answered Esther, and said, My petition and my request is;","then answered esther, and said, my petition, and my request is,","then answered esther, and said, my petition and my request is;",0.0030635620499831484,0.0030635620499831484,,R0,R1,0.0,
INLIER_BACKGROUND,EST:2:9,EST,Esther,R0,INLIER,0.0434436891366589,Q2,"And the maiden pleased him, and she obtained kindnesse of him, and hee speedily gaue her her things for purification, with such things as belonged to her, and seuen maidens, which were meet to be giuen her, out of the Kings house, and hee preferred her and her maids, vnto the best place of the house of the women.","And the maiden pleased him, and she obtained kindness of him; and he speedily gave her her things for purification, with such things as belonged to her, and seven maidens, which were meet to be given her, out of the king’s house: and he preferred her and her maids unto the best place of the house of the women.","and the maiden pleased him, and she obtained kindnesse of him, and hee speedily gaue her her things for purification, with such things as belonged to her, and seuen maidens, which were meet to be giuen her, out of the kings house, and hee preferred her and her maids, vnto the best place of the house of the women.","and the maiden pleased him, and she obtained kindness of him; and he speedily gave her her things for purification, with such things as belonged to her, and seven maidens, which were meet to be given her, out of the king’s house: and he preferred her and her maids unto the best place of the house of the women.",0.04344368913665897,0.04344368913665897,,R0,R1,0.0,
INLIER_BACKGROUND,EST:6:8,EST,Esther,R0,INLIER,0.0341375894117559,Q2,"Let the royall apparell bee brought, which the King vseth to weare, and the horse that the King rideth vpon, and the crowne royal which is set vpon his head:","Let the royal apparel be brought which the king useth to wear, and the horse that the king rideth upon, and the crown royal which is set upon his head:","let the royall apparell bee brought, which the king vseth to weare, and the horse that the king rideth vpon, and the crowne royal which is set vpon his head:","let the royal apparel be brought which the king useth to wear, and the horse that the king rideth upon, and the crown royal which is set upon his head:",0.03413758941175593,0.03413758941175593,,R0,R1,0.0,
INLIER_BACKGROUND,EST:9:20,EST,Esther,R0,INLIER,0.0625096673572388,Q3,"¶ And Mordecai wrote these things, and sent letters vnto all the Iewes, that were in all the prouinces of the king Ahasuerus, both nigh & farre,","And Mordecai wrote these things, and sent letters unto all the Jews that were in all the provinces of the king Ahasuerus, both nigh and far,","¶ and mordecai wrote these things, and sent letters vnto all the iewes, that were in all the prouinces of the king ahasuerus, both nigh & farre,","and mordecai wrote these things, and sent letters unto all the jews that were in all the provinces of the king ahasuerus, both nigh and far,",0.06250966735723884,0.06250966735723884,,R0,R1,0.0,
INLIER_BACKGROUND,EST:9:28,EST,Esther,R0,INLIER,0.0882619931423552,Q3,"And that these dayes should be remembred, and kept throughout euery generation, euery family, euery prouince, and euery citie, and that these dayes of Purim should not faile from among the Iewes, nor the memoriall of them perish from their seed.","And that these days should be remembered and kept throughout every generation, every family, every province, and every city; and that these days of Purim should not fail from among the Jews, nor the memorial of them perish from their seed.","and that these dayes should be remembred, and kept throughout euery generation, euery family, euery prouince, and euery citie, and that these dayes of purim should not faile from among the iewes, nor the memoriall of them perish from their seed.","and that these days should be remembered and kept throughout every generation, every family, every province, and every city; and that these days of purim should not fail from among the jews, nor the memorial of them perish from their seed.",0.08826199314235528,0.08826199314235528,,R0,R1,0.0,
INLIER_BACKGROUND,EST:4:3,EST,Esther,R0,INLIER,0.120728053988292,Q4,"And in euery prouince, whithersoeuer the kings commaundement, and his decree came, there was great mourning among the Iewes, and fasting, and weeping, and wailing, and many lay in sackcloth and ashes.","And in every province, whithersoever the king’s commandment and his decree came, there was great mourning among the Jews, and fasting, and weeping, and wailing; and many lay in sackcloth and ashes.","and in euery prouince, whithersoeuer the kings commaundement, and his decree came, there was great mourning among the iewes, and fasting, and weeping, and wailing, and many lay in sackcloth and ashes.","and in every province, whithersoever the king’s commandment and his decree came, there was great mourning among the jews, and fasting, and weeping, and wailing; and many lay in sackcloth and ashes.",0.120728053988292,0.120728053988292,,R0,R1,0.0,
INLIER_BACKGROUND,EST:9:23,EST,Esther,R0,INLIER,0.1268097116417176,Q4,"And the Iewes vndertooke to doe, as they had begun, and as Mordecai had written vnto them:","And the Jews undertook to do as they had begun, and as Mordecai had written unto them;","and the iewes vndertooke to doe, as they had begun, and as mordecai had written vnto them:","and the jews undertook to do as they had begun, and as mordecai had written unto them;",0.12680971164171762,0.12680971164171762,,R0,R1,0.0,
INLIER_BACKGROUND,EXO:10:4,EXO,Exodus,R0,INLIER,0.0142648313794571,Q1,"Els, if thou refuse to let my people goe, behold, to morrow will I bring the locusts into thy coast.","Else, if thou refuse to let my people go, behold, to morrow will I bring the locusts into thy coast:","els, if thou refuse to let my people goe, behold, to morrow will i bring the locusts into thy coast.","else, if thou refuse to let my people go, behold, to morrow will i bring the locusts into thy coast:",0.01426483137945711,0.01426483137945711,,R0,R1,0.0,
INLIER_BACKGROUND,EXO:39:7,EXO,Exodus,R0,INLIER,0.010524050178328,Q1,"And hee put them on the shoulders of the Ephod, that they should be stones for a memoriall to the children of Israel, as the Lord commanded Moses.","And he put them on the shoulders of the ephod, that they should be stones for a memorial to the children of Israel; as the LORD commanded Moses.","and hee put them on the shoulders of the ephod, that they should be stones for a memoriall to the children of israel, as the lord commanded moses.","and he put them on the shoulders of the ephod, that they should be stones for a memorial to the children of israel; as the lord commanded moses.",0.010524050178328026,0.010524050178328026,,R0,R1,0.0,
INLIER_BACKGROUND,EXO:23:30,EXO,Exodus,R0,INLIER,0.0534703255519599,Q2,"By little and little I will driue them out from before thee, vntill thou be increased and inherit the land.","By little and little I will drive them out from before thee, until thou be increased, and inherit the land.","by little and little i will driue them out from before thee, vntill thou be increased and inherit the land.","by little and little i will drive them out from before thee, until thou be increased, and inherit the land.",0.05347032555195996,0.05347032555195996,,R0,R1,0.0,
INLIER_BACKGROUND,EXO:8:16,EXO,Exodus,R0,INLIER,0.055486083063119,Q2,"¶ And the Lord saide vnto Moses, Say vnto Aaron, Stretch out thy rod, and smite the dust of the land, that it may become lice, thorowout all the land of Egypt.","And the LORD said unto Moses, Say unto Aaron, Stretch out thy rod, and smite the dust of the land, that it may become lice throughout all the land of Egypt.","¶ and the lord saide vnto moses, say vnto aaron, stretch out thy rod, and smite the dust of the land, that it may become lice, thorowout all the land of egypt.","and the lord said unto moses, say unto aaron, stretch out thy rod, and smite the dust of the land, that it may become lice throughout all the land of egypt.",0.055486083063119085,0.055486083063119085,,R0,R1,0.0,
INLIER_BACKGROUND,EXO:31:11,EXO,Exodus,R0,INLIER,0.0571522147631307,Q3,"And the anointing oyle, and sweet incense for the Holy place: according to all that I haue commanded thee, shall they doe.","And the anointing oil, and sweet incense for the holy place: according to all that I have commanded thee shall they do.","and the anointing oyle, and sweet incense for the holy place: according to all that i haue commanded thee, shall they doe.","and the anointing oil, and sweet incense for the holy place: according to all that i have commanded thee shall they do.",0.057152214763130704,0.057152214763130704,,R0,R1,0.0,
INLIER_BACKGROUND,EXO:8:11,EXO,Exodus,R0,INLIER,0.0789406047889619,Q3,"And the frogs shall depart from thee, and from thy houses, and from thy seruants, and from thy people; they shall remaine in the riuer onely.","And the frogs shall depart from thee, and from thy houses, and from thy servants, and from thy people; they shall remain in the river only.","and the frogs shall depart from thee, and from thy houses, and from thy seruants, and from thy people; they shall remaine in the riuer onely.","and the frogs shall depart from thee, and from thy houses, and from thy servants, and from thy people; they shall remain in the river only.",0.07894060478896192,0.07894060478896192,,R0,R1,0.0,
INLIER_BACKGROUND,EXO:25:22,EXO,Exodus,R0,INLIER,0.0904330744873861,Q4,"And there I wil meet with thee, and I will commune with thee, from aboue the Mercie-seat, from betweene the two Cherubims which are vpon the Arke of the Testimonie, of all things which I will giue thee in commaundement vnto the children of Israel.","And there I will meet with thee, and I will commune with thee from above the mercy seat, from between the two cherubims which are upon the ark of the testimony, of all things which I will give thee in commandment unto the children of Israel.","and there i wil meet with thee, and i will commune with thee, from aboue the mercie-seat, from betweene the two cherubims which are vpon the arke of the testimonie, of all things which i will giue thee in commaundement vnto the children of israel.","and there i will meet with thee, and i will commune with thee from above the mercy seat, from between the two cherubims which are upon the ark of the testimony, of all things which i will give thee in commandment unto the children of israel.",0.09043307448738613,0.09043307448738613,,R0,R1,0.0,
INLIER_BACKGROUND,EXO:32:30,EXO,Exodus,R0,INLIER,0.0931138838740662,Q4,"¶ And it came to passe on the morrow, that Moses said vnto the people, Ye haue sinned a great sinne: And now I will goe vp vnto the Lord; peraduenture I shall make an atonement for your sinne.","And it came to pass on the morrow, that Moses said unto the people, Ye have sinned a great sin: and now I will go up unto the LORD; peradventure I shall make an atonement for your sin.","¶ and it came to passe on the morrow, that moses said vnto the people, ye haue sinned a great sinne: and now i will goe vp vnto the lord; peraduenture i shall make an atonement for your sinne.","and it came to pass on the morrow, that moses said unto the people, ye have sinned a great sin: and now i will go up unto the lord; peradventure i shall make an atonement for your sin.",0.09311388387406627,0.09311388387406627,,R0,R1,0.0,
INLIER_BACKGROUND,EZE:14:8,EZE,Ezekiel,R0,INLIER,0.0266569281905696,Q1,"And I wil set my face against that man, and will make him a signe and a prouerbe, and I will cut him off from the midst of my people, and yee shall know that I am the Lord.","And I will set my face against that man, and will make him a sign and a proverb, and I will cut him off from the midst of my people; and ye shall know that I am the LORD.","and i wil set my face against that man, and will make him a signe and a prouerbe, and i will cut him off from the midst of my people, and yee shall know that i am the lord.","and i will set my face against that man, and will make him a sign and a proverb, and i will cut him off from the midst of my people; and ye shall know that i am the lord.",0.02665692819056964,0.02665692819056964,,R0,R1,0.0,
INLIER_BACKGROUND,EZE:6:6,EZE,Ezekiel,R0,INLIER,0.0081521431018658,Q1,"In all your dwelling places the cities shall be laid waste, and the high places shalbe desolate, that your altars may be laid waste and made desolate, and your idols may be broken and cease, and your images may bee cut downe, and your workes may be abolished.","In all your dwellingplaces the cities shall be laid waste, and the high places shall be desolate; that your altars may be laid waste and made desolate, and your idols may be broken and cease, and your images may be cut down, and your works may be abolished.","in all your dwelling places the cities shall be laid waste, and the high places shalbe desolate, that your altars may be laid waste and made desolate, and your idols may be broken and cease, and your images may bee cut downe, and your workes may be abolished.","in all your dwellingplaces the cities shall be laid waste, and the high places shall be desolate; that your altars may be laid waste and made desolate, and your idols may be broken and cease, and your images may be cut down, and your works may be abolished.",0.00815214310186585,0.00815214310186585,,R0,R1,0.0,
INLIER_BACKGROUND,EZE:16:10,EZE,Ezekiel,R0,INLIER,0.0348580697020842,Q2,"I clothed thee also with broidred worke, & shod thee with badgers skin, and I girded thee about with fine linen, and I couered thee with silke.","I clothed thee also with broidered work, and shod thee with badgers’ skin, and I girded thee about with fine linen, and I covered thee with silk.","i clothed thee also with broidred worke, & shod thee with badgers skin, and i girded thee about with fine linen, and i couered thee with silke.","i clothed thee also with broidered work, and shod thee with badgers’ skin, and i girded thee about with fine linen, and i covered thee with silk.",0.03485806970208427,0.03485806970208427,,R0,R1,0.0,
INLIER_BACKGROUND,EZE:31:2,EZE,Ezekiel,R0,INLIER,0.0510124451286102,Q2,"Sonne of man, speake vnto Pharaoh king of Egypt, and to his multitude, Whom art thou like in thy greatnesse?","Son of man, speak unto Pharaoh king of Egypt, and to his multitude; Whom art thou like in thy greatness?","sonne of man, speake vnto pharaoh king of egypt, and to his multitude, whom art thou like in thy greatnesse?","son of man, speak unto pharaoh king of egypt, and to his multitude; whom art thou like in thy greatness?",0.05101244512861025,0.05101244512861025,,R0,R1,0.0,
INLIER_BACKGROUND,EZE:10:6,EZE,Ezekiel,R0,INLIER,0.0706123769752349,Q3,"And it came to passe that when he had commanded the man clothed with linnen, saying; Take fire from betweene the wheeles, from betweene the Cherubims; then he went in and stood beside the wheeles.","And it came to pass, that when he had commanded the man clothed with linen, saying, Take fire from between the wheels, from between the cherubims; then he went in, and stood beside the wheels.","and it came to passe that when he had commanded the man clothed with linnen, saying; take fire from betweene the wheeles, from betweene the cherubims; then he went in and stood beside the wheeles.","and it came to pass, that when he had commanded the man clothed with linen, saying, take fire from between the wheels, from between the cherubims; then he went in, and stood beside the wheels.",0.07061237697523493,0.07061237697523493,,R0,R1,0.0,
INLIER_BACKGROUND,EZE:40:31,EZE,Ezekiel,R0,INLIER,0.0640849304432206,Q3,"And the arches thereof were toward the vtter court, and palme trees were vpon the postes thereof, and the going vp to it had eight steps.",And the arches thereof were toward the utter court; and palm trees were upon the posts thereof: and the going up to it had eight steps.,"and the arches thereof were toward the vtter court, and palme trees were vpon the postes thereof, and the going vp to it had eight steps.",and the arches thereof were toward the utter court; and palm trees were upon the posts thereof: and the going up to it had eight steps.,0.06408493044322061,0.06408493044322061,,R0,R1,0.0,
INLIER_BACKGROUND,EZE:13:23,EZE,Ezekiel,R0,INLIER,0.09970276026529,Q4,"Therefore yee shall see no more vanitie, nor diuine diuinations, for I will deliuer my people out of your hand, and ye shall knowe that I am the Lord. par","Therefore ye shall see no more vanity, nor divine divinations: for I will deliver my people out of your hand: and ye shall know that I am the LORD.","therefore yee shall see no more vanitie, nor diuine diuinations, for i will deliuer my people out of your hand, and ye shall knowe that i am the lord. par","therefore ye shall see no more vanity, nor divine divinations: for i will deliver my people out of your hand: and ye shall know that i am the lord.",0.09970276026529001,0.09970276026529001,,R0,R1,0.0,
INLIER_BACKGROUND,EZE:30:17,EZE,Ezekiel,R0,INLIER,0.1268026175189662,Q4,"The yong men of Auen and of Phibeseth, shall fall by the sword: and these cities shall goe into captiuitie.",The young men of Aven and of Pibeseth shall fall by the sword: and these cities shall go into captivity.,"the yong men of auen and of phibeseth, shall fall by the sword: and these cities shall goe into captiuitie.",the young men of aven and of pibeseth shall fall by the sword: and these cities shall go into captivity.,0.12680261751896627,0.12680261751896627,,R0,R1,0.0,
INLIER_BACKGROUND,EZR:3:7,EZR,Ezra,R0,INLIER,0.0288182746639871,Q1,"They gaue money also vnto the masons, and to the carpenters, and meate, and drinke, and oyle, vnto them of Zidon, and to them of Tyre, to bring Cedar trees from Lebanon to the sea of Ioppa: according to the grant that they had of Cyrus king of Persia.","They gave money also unto the masons, and to the carpenters; and meat, and drink, and oil, unto them of Zidon, and to them of Tyre, to bring cedar trees from Lebanon to the sea of Joppa, according to the grant that they had of Cyrus king of Persia.","they gaue money also vnto the masons, and to the carpenters, and meate, and drinke, and oyle, vnto them of zidon, and to them of tyre, to bring cedar trees from lebanon to the sea of ioppa: according to the grant that they had of cyrus king of persia.","they gave money also unto the masons, and to the carpenters; and meat, and drink, and oil, unto them of zidon, and to them of tyre, to bring cedar trees from lebanon to the sea of joppa, according to the grant that they had of cyrus king of persia.",0.02881827466398712,0.02881827466398712,,R0,R1,0.0,
INLIER_BACKGROUND,EZR:7:6,EZR,Ezra,R0,INLIER,0.0193625348892979,Q1,"This Ezra went vp from Babylon, and hee was a ready Scribe in the law of Moses, which the Lord God of Israel had giuen: and the king granted him all his request, according to the hand of the Lord his God vpon him.","This Ezra went up from Babylon; and he was a ready scribe in the law of Moses, which the LORD God of Israel had given: and the king granted him all his request, according to the hand of the LORD his God upon him.","this ezra went vp from babylon, and hee was a ready scribe in the law of moses, which the lord god of israel had giuen: and the king granted him all his request, according to the hand of the lord his god vpon him.","this ezra went up from babylon; and he was a ready scribe in the law of moses, which the lord god of israel had given: and the king granted him all his request, according to the hand of the lord his god upon him.",0.019362534889297955,0.019362534889297955,,R0,R1,0.0,
INLIER_BACKGROUND,EZR:6:21,EZR,Ezra,R0,INLIER,0.0454056255706131,Q2,"And the children of Israel, which were come againe out of captiuitie, and all such as had separated themselues vnto them, from the filthinesse of the heathen of the land, to seeke the Lord God of Israel, did eate,","And the children of Israel, which were come again out of captivity, and all such as had separated themselves unto them from the filthiness of the heathen of the land, to seek the LORD God of Israel, did eat,","and the children of israel, which were come againe out of captiuitie, and all such as had separated themselues vnto them, from the filthinesse of the heathen of the land, to seeke the lord god of israel, did eate,","and the children of israel, which were come again out of captivity, and all such as had separated themselves unto them from the filthiness of the heathen of the land, to seek the lord god of israel, did eat,",0.04540562557061312,0.04540562557061312,,R0,R1,0.0,
INLIER_BACKGROUND,EZR:8:23,EZR,Ezra,R0,INLIER,0.0389240700085581,Q2,"So we fasted, and besought our God for this, and hee was intreated of vs.",So we fasted and besought our God for this: and he was intreated of us.,"so we fasted, and besought our god for this, and hee was intreated of vs.",so we fasted and besought our god for this: and he was intreated of us.,0.03892407000855813,0.03892407000855813,,R0,R1,0.0,
INLIER_BACKGROUND,EZR:10:10,EZR,Ezra,R0,INLIER,0.0757468146559641,Q3,"And Ezra the Priest stood vp, and said vnto them, Yee haue transgressed, and haue taken strange wiues, to encrease the trespasse of Israel.","And Ezra the priest stood up, and said unto them, Ye have transgressed, and have taken strange wives, to increase the trespass of Israel.","and ezra the priest stood vp, and said vnto them, yee haue transgressed, and haue taken strange wiues, to encrease the trespasse of israel.","and ezra the priest stood up, and said unto them, ye have transgressed, and have taken strange wives, to increase the trespass of israel.",0.07574681465596411,0.07574681465596411,,R0,R1,0.0,
INLIER_BACKGROUND,EZR:8:24,EZR,Ezra,R0,INLIER,0.0606943773956754,Q3,"¶ Then I separated twelue of the chiefe of the Priests, Sherebiah, Hashabiah, and ten of their brethren with them,","Then I separated twelve of the chief of the priests, Sherebiah, Hashabiah, and ten of their brethren with them,","¶ then i separated twelue of the chiefe of the priests, sherebiah, hashabiah, and ten of their brethren with them,","then i separated twelve of the chief of the priests, sherebiah, hashabiah, and ten of their brethren with them,",0.0606943773956754,0.0606943773956754,,R0,R1,0.0,
INLIER_BACKGROUND,EZR:10:13,EZR,Ezra,R0,INLIER,0.1071172530388094,Q4,"But the people are many, and it is a time of much raine, and we are not able to stand without; neither is this a worke of one day or two: for wee are many that haue transgressed in this thing.","But the people are many, and it is a time of much rain, and we are not able to stand without, neither is this a work of one day or two: for we are many that have transgressed in this thing.","but the people are many, and it is a time of much raine, and we are not able to stand without; neither is this a worke of one day or two: for wee are many that haue transgressed in this thing.","but the people are many, and it is a time of much rain, and we are not able to stand without, neither is this a work of one day or two: for we are many that have transgressed in this thing.",0.10711725303880948,0.10711725303880948,,R0,R1,0.0,
INLIER_BACKGROUND,EZR:8:21,EZR,Ezra,R0,INLIER,0.1399486869804616,Q4,"¶ Then I proclaimed a fast there, at the riuer Ahaua, that we might afflict our selues before our God, to seeke of him a right way for vs, and for our little ones, and for all our substance.","Then I proclaimed a fast there, at the river of Ahava, that we might afflict ourselves before our God, to seek of him a right way for us, and for our little ones, and for all our substance.","¶ then i proclaimed a fast there, at the riuer ahaua, that we might afflict our selues before our god, to seeke of him a right way for vs, and for our little ones, and for all our substance.","then i proclaimed a fast there, at the river of ahava, that we might afflict ourselves before our god, to seek of him a right way for us, and for our little ones, and for all our substance.",0.1399486869804616,0.1399486869804616,,R0,R1,0.0,
INLIER_BACKGROUND,GAL:3:7,GAL,Galatians,R0,INLIER,0.0224190338446101,Q1,"Knowe yee therefore, that they which are of faith, the same are the children of Abraham.","Know ye therefore that they which are of faith, the same are the children of Abraham.","knowe yee therefore, that they which are of faith, the same are the children of abraham.","know ye therefore that they which are of faith, the same are the children of abraham.",0.022419033844610192,0.022419033844610192,,R0,R1,0.0,
INLIER_BACKGROUND,GAL:5:5,GAL,Galatians,R0,INLIER,0.0145200028603641,Q1,For we through the spirit waite for the hope of righteousnesse by faith.,For we through the Spirit wait for the hope of righteousness by faith.,for we through the spirit waite for the hope of righteousnesse by faith.,for we through the spirit wait for the hope of righteousness by faith.,0.014520002860364145,0.014520002860364145,,R0,R1,0.0,
INLIER_BACKGROUND,GAL:3:29,GAL,Galatians,R0,INLIER,0.0504468813270239,Q2,"And if yee be Christs, then are ye Abrahams seed, and heires according to the promise.","And if ye be Christ’s, then are ye Abraham’s seed, and heirs according to the promise.","and if yee be christs, then are ye abrahams seed, and heires according to the promise.","and if ye be christ’s, then are ye abraham’s seed, and heirs according to the promise.",0.05044688132702391,0.05044688132702391,,R0,R1,0.0,
INLIER_BACKGROUND,GAL:5:10,GAL,Galatians,R0,INLIER,0.0494936233200699,Q2,"I haue confidence in you through the Lord, that you will be none otherwise minded; but he that troubleth you, shall beare his iudgement, whosoeuer hee be.","I have confidence in you through the Lord, that ye will be none otherwise minded: but he that troubleth you shall bear his judgment, whosoever he be.","i haue confidence in you through the lord, that you will be none otherwise minded; but he that troubleth you, shall beare his iudgement, whosoeuer hee be.","i have confidence in you through the lord, that ye will be none otherwise minded: but he that troubleth you shall bear his judgment, whosoever he be.",0.0494936233200699,0.0494936233200699,,R0,R1,0.0,
INLIER_BACKGROUND,GAL:3:6,GAL,Galatians,R0,INLIER,0.0630361014132974,Q3,"Euen as Abraham beleeued God, and it was accounted to him for righteousnesse.","Even as Abraham believed God, and it was accounted to him for righteousness.","euen as abraham beleeued god, and it was accounted to him for righteousnesse.","even as abraham believed god, and it was accounted to him for righteousness.",0.06303610141329741,0.06303610141329741,,R0,R1,0.0,
INLIER_BACKGROUND,GAL:5:21,GAL,Galatians,R0,INLIER,0.0701904732041542,Q3,"Enuyings, murthers, drunkennesse, reuellings, and such like: of the which I tell you before, as I haue also tolde you in time past, that they which do such things shall not inherite the kingdome of God.","Envyings, murders, drunkenness, revellings, and such like: of the which I tell you before, as I have also told you in time past, that they which do such things shall not inherit the kingdom of God.","enuyings, murthers, drunkennesse, reuellings, and such like: of the which i tell you before, as i haue also tolde you in time past, that they which do such things shall not inherite the kingdome of god.","envyings, murders, drunkenness, revellings, and such like: of the which i tell you before, as i have also told you in time past, that they which do such things shall not inherit the kingdom of god.",0.07019047320415428,0.07019047320415428,,R0,R1,0.0,
INLIER_BACKGROUND,GAL:2:4,GAL,Galatians,R0,INLIER,0.1384000780613838,Q4,"And that because of false brethren vnawares brought in, who came in priuily to spie out our libertie, which wee haue in Christ Iesus, that they might bring vs into bondage.","And that because of false brethren unawares brought in, who came in privily to spy out our liberty which we have in Christ Jesus, that they might bring us into bondage:","and that because of false brethren vnawares brought in, who came in priuily to spie out our libertie, which wee haue in christ iesus, that they might bring vs into bondage.","and that because of false brethren unawares brought in, who came in privily to spy out our liberty which we have in christ jesus, that they might bring us into bondage:",0.13840007806138388,0.13840007806138388,,R0,R1,0.0,
INLIER_BACKGROUND,GAL:4:2,GAL,Galatians,R0,INLIER,0.1401313406660974,Q4,But is vnder tutors and gouernours vntill the time appointed of the father.,But is under tutors and governors until the time appointed of the father.,but is vnder tutors and gouernours vntill the time appointed of the father.,but is under tutors and governors until the time appointed of the father.,0.14013134066609745,0.14013134066609745,,R0,R1,0.0,
INLIER_BACKGROUND,GEN:10:30,GEN,Genesis,R0,INLIER,0.0105607044578157,Q1,"And their dwelling was from Mesha, as thou goest vnto Sephar, a mount of the East.","And their dwelling was from Mesha, as thou goest unto Sephar a mount of the east.","and their dwelling was from mesha, as thou goest vnto sephar, a mount of the east.","and their dwelling was from mesha, as thou goest unto sephar a mount of the east.",0.010560704457815762,0.010560704457815762,,R0,R1,0.0,
INLIER_BACKGROUND,GEN:50:5,GEN,Genesis,R0,INLIER,0.0264346179920756,Q1,"My father made me sweare, saying, Loe, I die: in my graue which I haue digged for me, in the land of Canaan, there shalt thou bury me. Now therfore let me goe vp, I pray thee, and bury my father, and I will come againe.","My father made me swear, saying, Lo, I die: in my grave which I have digged for me in the land of Canaan, there shalt thou bury me. Now therefore let me go up, I pray thee, and bury my father, and I will come again.","my father made me sweare, saying, loe, i die: in my graue which i haue digged for me, in the land of canaan, there shalt thou bury me. now therfore let me goe vp, i pray thee, and bury my father, and i will come againe.","my father made me swear, saying, lo, i die: in my grave which i have digged for me in the land of canaan, there shalt thou bury me. now therefore let me go up, i pray thee, and bury my father, and i will come again.",0.026434617992075693,0.026434617992075693,,R0,R1,0.0,
INLIER_BACKGROUND,GEN:17:15,GEN,Genesis,R0,INLIER,0.0412814853729289,Q2,"¶ And God said vnto Abraham, As for Sarai thy wife, thou shalt not call her name Sarai, but Sarah shall her name be.","And God said unto Abraham, As for Sarai thy wife, thou shalt not call her name Sarai, but Sarah shall her name be.","¶ and god said vnto abraham, as for sarai thy wife, thou shalt not call her name sarai, but sarah shall her name be.","and god said unto abraham, as for sarai thy wife, thou shalt not call her name sarai, but sarah shall her name be.",0.04128148537292897,0.04128148537292897,,R0,R1,0.0,
INLIER_BACKGROUND,GEN:27:24,GEN,Genesis,R0,INLIER,0.0412644378864804,Q2,"And he said, Art thou my very sonne Esau? and he said, I am.","And he said, Art thou my very son Esau? And he said, I am.","and he said, art thou my very sonne esau? and he said, i am.","and he said, art thou my very son esau? and he said, i am.",0.04126443788648049,0.04126443788648049,,R0,R1,0.0,
INLIER_BACKGROUND,GEN:31:15,GEN,Genesis,R0,INLIER,0.0842468760213676,Q3,"Are we not counted of him strangers? for he hath sold vs, and hath quite deuoured also our money.","Are we not counted of him strangers? for he hath sold us, and hath quite devoured also our money.","are we not counted of him strangers? for he hath sold vs, and hath quite deuoured also our money.","are we not counted of him strangers? for he hath sold us, and hath quite devoured also our money.",0.0842468760213676,0.0842468760213676,,R0,R1,0.0,
INLIER_BACKGROUND,GEN:9:13,GEN,Genesis,R0,INLIER,0.0576834985701223,Q3,"I doe set my bow in the cloud, and it shall be for a token of a couenant, betweene me and the earth.","I do set my bow in the cloud, and it shall be for a token of a covenant between me and the earth.","i doe set my bow in the cloud, and it shall be for a token of a couenant, betweene me and the earth.","i do set my bow in the cloud, and it shall be for a token of a covenant between me and the earth.",0.05768349857012234,0.05768349857012234,,R0,R1,0.0,
INLIER_BACKGROUND,GEN:18:30,GEN,Genesis,R0,INLIER,0.1220326605071164,Q4,"And he said vnto him, Oh let not the Lord be angry, and I will speake: Peraduenture there shall thirtie bee found there. And he said, I will not doe it, if I find thirtie there.","And he said unto him, Oh let not the LORD be angry, and I will speak: Peradventure there shall thirty be found there. And he said, I will not do it, if I find thirty there.","and he said vnto him, oh let not the lord be angry, and i will speake: peraduenture there shall thirtie bee found there. and he said, i will not doe it, if i find thirtie there.","and he said unto him, oh let not the lord be angry, and i will speak: peradventure there shall thirty be found there. and he said, i will not do it, if i find thirty there.",0.12203266050711647,0.12203266050711647,,R0,R1,0.0,
INLIER_BACKGROUND,GEN:43:26,GEN,Genesis,R0,INLIER,0.1197917028884303,Q4,"¶ And when Ioseph came home, they brought him the Present which was in their hand, into the house, and bowed themselues to him to the earth.","And when Joseph came home, they brought him the present which was in their hand into the house, and bowed themselves to him to the earth.","¶ and when ioseph came home, they brought him the present which was in their hand, into the house, and bowed themselues to him to the earth.","and when joseph came home, they brought him the present which was in their hand into the house, and bowed themselves to him to the earth.",0.11979170288843033,0.11979170288843033,,R0,R1,0.0,
INLIER_BACKGROUND,HAB:3:15,HAB,Habakkuk,R0,INLIER,0.0166051702304801,Q1,"Thou didst walke through the Sea with thine horses, through the heape of great waters.","Thou didst walk through the sea with thine horses, through the heap of great waters.","thou didst walke through the sea with thine horses, through the heape of great waters.","thou didst walk through the sea with thine horses, through the heap of great waters.",0.016605170230480137,0.016605170230480137,,R0,R1,0.0,
INLIER_BACKGROUND,HAB:3:3,HAB,Habakkuk,R0,INLIER,0.0220495779616664,Q1,"God came from Teman, and the holy on from mount Paran Selah. His glory couered the heauens and the earth was full of his praise.","God came from Teman, and the Holy One from mount Paran. Selah. His glory covered the heavens, and the earth was full of his praise.","god came from teman, and the holy on from mount paran selah. his glory couered the heauens and the earth was full of his praise.","god came from teman, and the holy one from mount paran. selah. his glory covered the heavens, and the earth was full of his praise.",0.0220495779616664,0.0220495779616664,,R0,R1,0.0,
INLIER_BACKGROUND,HAB:1:1,HAB,Habakkuk,R0,INLIER,0.0448228933724251,Q2,The burden which Habakkuk &thorn; Prophet did see.,The burden which Habakkuk the prophet did see.,the burden which habakkuk &thorn; prophet did see.,the burden which habakkuk the prophet did see.,0.04482289337242518,0.04482289337242518,,R0,R1,0.0,
INLIER_BACKGROUND,HAB:1:10,HAB,Habakkuk,R0,INLIER,0.0374935456028686,Q2,"And they shal scoffe at the Kings, and the Princes shall bee a scorne vnto them: they shall deride euery strong holde, for they shall heape dust & take it.","And they shall scoff at the kings, and the princes shall be a scorn unto them: they shall deride every strong hold; for they shall heap dust, and take it.","and they shal scoffe at the kings, and the princes shall bee a scorne vnto them: they shall deride euery strong holde, for they shall heape dust & take it.","and they shall scoff at the kings, and the princes shall be a scorn unto them: they shall deride every strong hold; for they shall heap dust, and take it.",0.03749354560286866,0.03749354560286866,,R0,R1,0.0,
INLIER_BACKGROUND,HAB:1:7,HAB,Habakkuk,R0,INLIER,0.0865349741605514,Q3,They are terrible and dreadfull: their iudgement and their dignity shal proceed of themselues.,They are terrible and dreadful: their judgment and their dignity shall proceed of themselves.,they are terrible and dreadfull: their iudgement and their dignity shal proceed of themselues.,they are terrible and dreadful: their judgment and their dignity shall proceed of themselves.,0.08653497416055145,0.08653497416055145,,R0,R1,0.0,
INLIER_BACKGROUND,HAB:3:4,HAB,Habakkuk,R0,INLIER,0.0677143115475,Q3,"And his brightnesse was as the light: he had hornes comming out of his hand, and there was the hiding of his power:",And his brightness was as the light; he had horns coming out of his hand: and there was the hiding of his power.,"and his brightnesse was as the light: he had hornes comming out of his hand, and there was the hiding of his power:",and his brightness was as the light; he had horns coming out of his hand: and there was the hiding of his power.,0.06771431154750007,0.06771431154750007,,R0,R1,0.0,
INLIER_BACKGROUND,HAB:3:13,HAB,Habakkuk,R0,INLIER,0.1046570357826683,Q4,"Thou wentest forth for the saluation of thy people, euen for saluation with thine Anointed, thou woundedst the head out of the house of the wicked, by discouering the foundation vnto the necke. Selah.","Thou wentest forth for the salvation of thy people, even for salvation with thine anointed; thou woundedst the head out of the house of the wicked, by discovering the foundation unto the neck. Selah.","thou wentest forth for the saluation of thy people, euen for saluation with thine anointed, thou woundedst the head out of the house of the wicked, by discouering the foundation vnto the necke. selah.","thou wentest forth for the salvation of thy people, even for salvation with thine anointed; thou woundedst the head out of the house of the wicked, by discovering the foundation unto the neck. selah.",0.10465703578266838,0.10465703578266838,,R0,R1,0.0,
INLIER_BACKGROUND,HAB:3:18,HAB,Habakkuk,R0,INLIER,0.140746240509628,Q4,Yet I will reioyce in the Lord: I will ioy in the God of my saluation.,"Yet I will rejoice in the LORD, I will joy in the God of my salvation.",yet i will reioyce in the lord: i will ioy in the god of my saluation.,"yet i will rejoice in the lord, i will joy in the god of my salvation.",0.14074624050962803,0.14074624050962803,,R0,R1,0.0,
INLIER_BACKGROUND,HAG:1:3,HAG,Haggai,R0,INLIER,0.0025298334312904,Q1,"Then came the word of the Lord by Haggai the prophet, saying;","Then came the word of the LORD by Haggai the prophet, saying,","then came the word of the lord by haggai the prophet, saying;","then came the word of the lord by haggai the prophet, saying,",0.002529833431290429,0.002529833431290429,,R0,R1,0.0,
INLIER_BACKGROUND,HAG:2:3,HAG,Haggai,R0,INLIER,0.012371646115408,Q1,"Who is left among you that sawe this house in her first glory? and how do ye see it now? Is it not in your eyes in comparison of it, as nothing?",Who is left among you that saw this house in her first glory? and how do ye see it now? is it not in your eyes in comparison of it as nothing?,"who is left among you that sawe this house in her first glory? and how do ye see it now? is it not in your eyes in comparison of it, as nothing?",who is left among you that saw this house in her first glory? and how do ye see it now? is it not in your eyes in comparison of it as nothing?,0.012371646115408086,0.012371646115408086,,R0,R1,0.0,
INLIER_BACKGROUND,HAG:2:10,HAG,Haggai,R0,INLIER,0.0437924556816662,Q2,"¶ In the foure and twentieth day of the ninth moneth, in the second yeere of Darius, came &thorn; word of the Lord by Haggai the Prophet, saying,","In the four and twentieth day of the ninth month, in the second year of Darius, came the word of the LORD by Haggai the prophet, saying,","¶ in the foure and twentieth day of the ninth moneth, in the second yeere of darius, came &thorn; word of the lord by haggai the prophet, saying,","in the four and twentieth day of the ninth month, in the second year of darius, came the word of the lord by haggai the prophet, saying,",0.04379245568166623,0.04379245568166623,,R0,R1,0.0,
INLIER_BACKGROUND,HAG:2:15,HAG,Haggai,R0,INLIER,0.036985464894973,Q2,"And now I pray you consider from this day and vpward, from before a stone was laid vpon a stone in the Temple of the Lord.","And now, I pray you, consider from this day and upward, from before a stone was laid upon a stone in the temple of the LORD:","and now i pray you consider from this day and vpward, from before a stone was laid vpon a stone in the temple of the lord.","and now, i pray you, consider from this day and upward, from before a stone was laid upon a stone in the temple of the lord:",0.03698546489497301,0.03698546489497301,,R0,R1,0.0,
INLIER_BACKGROUND,HAG:1:10,HAG,Haggai,R0,INLIER,0.0733581676974588,Q3,"Therefore the heauen ouer you is stayed from dew, and the earth is staied from her fruite.","Therefore the heaven over you is stayed from dew, and the earth is stayed from her fruit.","therefore the heauen ouer you is stayed from dew, and the earth is staied from her fruite.","therefore the heaven over you is stayed from dew, and the earth is stayed from her fruit.",0.07335816769745884,0.07335816769745884,,R0,R1,0.0,
INLIER_BACKGROUND,HAG:1:5,HAG,Haggai,R0,INLIER,0.0837325301627442,Q3,Nowe therefore thus saith the Lord of hostes; Consider your wayes.,Now therefore thus saith the LORD of hosts; Consider your ways.,nowe therefore thus saith the lord of hostes; consider your wayes.,now therefore thus saith the lord of hosts; consider your ways.,0.08373253016274429,0.08373253016274429,,R0,R1,0.0,
INLIER_BACKGROUND,HAG:1:12,HAG,Haggai,R0,INLIER,0.106664245532682,Q4,"¶ Then Zerubbabel the sonne of Shealtiel, and Iosuah the sonne of Iosedech the high priest, with all the remnant of the people obeyed the voyce of the Lord their God, and the words of Haggai the Prophet (as the Lord their God had sent him) and the people did feare before the Lord.","Then Zerubbabel the son of Shealtiel, and Joshua the son of Josedech, the high priest, with all the remnant of the people, obeyed the voice of the LORD their God, and the words of Haggai the prophet, as the LORD their God had sent him, and the people did fear before the LORD.","¶ then zerubbabel the sonne of shealtiel, and iosuah the sonne of iosedech the high priest, with all the remnant of the people obeyed the voyce of the lord their god, and the words of haggai the prophet (as the lord their god had sent him) and the people did feare before the lord.","then zerubbabel the son of shealtiel, and joshua the son of josedech, the high priest, with all the remnant of the people, obeyed the voice of the lord their god, and the words of haggai the prophet, as the lord their god had sent him, and the people did fear before the lord.",0.10666424553268206,0.10666424553268206,,R0,R1,0.0,
INLIER_BACKGROUND,HAG:2:21,HAG,Haggai,R0,INLIER,0.1034806007319465,Q4,"Speake to Zerubbabel gouernor of Iudah, saying, I wil shake the heauens and the earth.","Speak to Zerubbabel, governor of Judah, saying, I will shake the heavens and the earth;","speake to zerubbabel gouernor of iudah, saying, i wil shake the heauens and the earth.","speak to zerubbabel, governor of judah, saying, i will shake the heavens and the earth;",0.10348060073194654,0.10348060073194654,,R0,R1,0.0,
INLIER_BACKGROUND,HEB:10:13,HEB,Hebrews,R0,INLIER,0.0089738693784715,Q1,From henceforth expecting till his enemies be made his footstoole.,From henceforth expecting till his enemies be made his footstool.,from henceforth expecting till his enemies be made his footstoole.,from henceforth expecting till his enemies be made his footstool.,0.008973869378471555,0.008973869378471555,,R0,R1,0.0,
INLIER_BACKGROUND,HEB:13:25,HEB,Hebrews,R0,INLIER,0.0,Q1,Grace be with you all. Amen.,Grace be with you all. Amen.,grace be with you all. amen.,grace be with you all. amen.,0.0,0.0,,R0,R1,0.0,
INLIER_BACKGROUND,HEB:10:2,HEB,Hebrews,R0,INLIER,0.0409842703745177,Q2,"For then would they not haue ceased to be offered, because that the worshippers once purged, should haue had no more conscience of sinnes?",For then would they not have ceased to be offered? because that the worshippers once purged should have had no more conscience of sins.,"for then would they not haue ceased to be offered, because that the worshippers once purged, should haue had no more conscience of sinnes?",for then would they not have ceased to be offered? because that the worshippers once purged should have had no more conscience of sins.,0.040984270374517795,0.040984270374517795,,R0,R1,0.0,
INLIER_BACKGROUND,HEB:8:11,HEB,Hebrews,R0,INLIER,0.0315601095626478,Q2,"And they shall not teach euery man his neighbour, and euery man his brother, saying, Know the Lord: For all shall know me, from the least to the greatest.","And they shall not teach every man his neighbour, and every man his brother, saying, Know the Lord: for all shall know me, from the least to the greatest.","and they shall not teach euery man his neighbour, and euery man his brother, saying, know the lord: for all shall know me, from the least to the greatest.","and they shall not teach every man his neighbour, and every man his brother, saying, know the lord: for all shall know me, from the least to the greatest.",0.031560109562647876,0.031560109562647876,,R0,R1,0.0,
INLIER_BACKGROUND,HEB:7:5,HEB,Hebrews,R0,INLIER,0.0619664130436937,Q3,"And verily they that are of the sonnes of Leui, who receiue the office of the Priesthood, haue a commandement to take Tithes of the people according to the Law, that is of their brethren, though they come out of the loines of Abraham:","And verily they that are of the sons of Levi, who receive the office of the priesthood, have a commandment to take tithes of the people according to the law, that is, of their brethren, though they come out of the loins of Abraham:","and verily they that are of the sonnes of leui, who receiue the office of the priesthood, haue a commandement to take tithes of the people according to the law, that is of their brethren, though they come out of the loines of abraham:","and verily they that are of the sons of levi, who receive the office of the priesthood, have a commandment to take tithes of the people according to the law, that is, of their brethren, though they come out of the loins of abraham:",0.06196641304369377,0.06196641304369377,,R0,R1,0.0,
INLIER_BACKGROUND,HEB:9:21,HEB,Hebrews,R0,INLIER,0.0564150392475921,Q3,"Moreouer, hee sprinkled with blood both the Tabernacle, and all the vessels of the Ministery.","Moreover he sprinkled with blood both the tabernacle, and all the vessels of the ministry.","moreouer, hee sprinkled with blood both the tabernacle, and all the vessels of the ministery.","moreover he sprinkled with blood both the tabernacle, and all the vessels of the ministry.",0.05641503924759217,0.05641503924759217,,R0,R1,0.0,
INLIER_BACKGROUND,HEB:11:24,HEB,Hebrews,R0,INLIER,0.1082174053432528,Q4,"By faith Moses when hee was come to yeeres, refused to bee called the sonne of Pharaohs daughter,","By faith Moses, when he was come to years, refused to be called the son of Pharaoh’s daughter;","by faith moses when hee was come to yeeres, refused to bee called the sonne of pharaohs daughter,","by faith moses, when he was come to years, refused to be called the son of pharaoh’s daughter;",0.10821740534325286,0.10821740534325286,,R0,R1,0.0,
INLIER_BACKGROUND,HEB:6:10,HEB,Hebrews,R0,INLIER,0.1158672832011113,Q4,"For God is not vnrighteous, to forget your worke and labour of loue, which yee haue shewed toward his Name, in that yee haue ministred to the Saints, and doe minister.","For God is not unrighteous to forget your work and labour of love, which ye have shewed toward his name, in that ye have ministered to the saints, and do minister.","for god is not vnrighteous, to forget your worke and labour of loue, which yee haue shewed toward his name, in that yee haue ministred to the saints, and doe minister.","for god is not unrighteous to forget your work and labour of love, which ye have shewed toward his name, in that ye have ministered to the saints, and do minister.",0.11586728320111139,0.11586728320111139,,R0,R1,0.0,
INLIER_BACKGROUND,HOS:1:2,HOS,Hosea,R0,INLIER,0.0221288700051899,Q1,"The beginning of the word of the Lord by Hosea: and the Lord sayd to Hosea, Goe, take vnto thee a wife of whoredomes, and children of whoredomes: for the land hath committed great whoredome, departing from the Lord.","The beginning of the word of the LORD by Hosea. And the LORD said to Hosea, Go, take unto thee a wife of whoredoms and children of whoredoms: for the land hath committed great whoredom, departing from the LORD.","the beginning of the word of the lord by hosea: and the lord sayd to hosea, goe, take vnto thee a wife of whoredomes, and children of whoredomes: for the land hath committed great whoredome, departing from the lord.","the beginning of the word of the lord by hosea. and the lord said to hosea, go, take unto thee a wife of whoredoms and children of whoredoms: for the land hath committed great whoredom, departing from the lord.",0.022128870005189927,0.022128870005189927,,R0,R1,0.0,
INLIER_BACKGROUND,HOS:9:17,HOS,Hosea,R0,INLIER,0.0206339235363691,Q1,"My God will cast them away, because they did not hearken vnto him: and they shalbe wanderers among the nations.","My God will cast them away, because they did not hearken unto him: and they shall be wanderers among the nations.","my god will cast them away, because they did not hearken vnto him: and they shalbe wanderers among the nations.","my god will cast them away, because they did not hearken unto him: and they shall be wanderers among the nations.",0.02063392353636917,0.02063392353636917,,R0,R1,0.0,
INLIER_BACKGROUND,HOS:11:12,HOS,Hosea,R0,INLIER,0.0353678522019114,Q2,"Ephraim compasseth mee about with lies, and the house of Israel with deceit: but Iudah yet ruleth with God, and is faithfull with the Saints.","Ephraim compasseth me about with lies, and the house of Israel with deceit: but Judah yet ruleth with God, and is faithful with the saints.","ephraim compasseth mee about with lies, and the house of israel with deceit: but iudah yet ruleth with god, and is faithfull with the saints.","ephraim compasseth me about with lies, and the house of israel with deceit: but judah yet ruleth with god, and is faithful with the saints.",0.03536785220191141,0.03536785220191141,,R0,R1,0.0,
INLIER_BACKGROUND,HOS:4:11,HOS,Hosea,R0,INLIER,0.0394545910718775,Q2,"Whoredome, and wine, and newe wine take away the heart.",Whoredom and wine and new wine take away the heart.,"whoredome, and wine, and newe wine take away the heart.",whoredom and wine and new wine take away the heart.,0.03945459107187754,0.03945459107187754,,R0,R1,0.0,
INLIER_BACKGROUND,HOS:10:12,HOS,Hosea,R0,INLIER,0.0648564646881758,Q3,"Sow to your selues in righteousnesse, reape in mercie: breake vp your fallow ground: for it is time to seeke the Lord, till he come and raine righteousnesse vpon you.","Sow to yourselves in righteousness, reap in mercy; break up your fallow ground: for it is time to seek the LORD, till he come and rain righteousness upon you.","sow to your selues in righteousnesse, reape in mercie: breake vp your fallow ground: for it is time to seeke the lord, till he come and raine righteousnesse vpon you.","sow to yourselves in righteousness, reap in mercy; break up your fallow ground: for it is time to seek the lord, till he come and rain righteousness upon you.",0.06485646468817585,0.06485646468817585,,R0,R1,0.0,
INLIER_BACKGROUND,HOS:11:1,HOS,Hosea,R0,INLIER,0.0649564430230469,Q3,"When Israel was a childe, then I loued him, and called my sonne out of Egypt.","When Israel was a child, then I loved him, and called my son out of Egypt.","when israel was a childe, then i loued him, and called my sonne out of egypt.","when israel was a child, then i loved him, and called my son out of egypt.",0.06495644302304693,0.06495644302304693,,R0,R1,0.0,
INLIER_BACKGROUND,HOS:14:5,HOS,Hosea,R0,INLIER,0.0951861745945079,Q4,"I wil be as the dew vnto Israel: hee shall grow as the lillie, and cast foorth his rootes as Lebanon.","I will be as the dew unto Israel: he shall grow as the lily, and cast forth his roots as Lebanon.","i wil be as the dew vnto israel: hee shall grow as the lillie, and cast foorth his rootes as lebanon.","i will be as the dew unto israel: he shall grow as the lily, and cast forth his roots as lebanon.",0.09518617459450796,0.09518617459450796,,R0,R1,0.0,
INLIER_BACKGROUND,HOS:4:16,HOS,Hosea,R0,INLIER,0.1148701188191388,Q4,"For Israel slideth backe, as a backe sliding heifer: now the Lord will feede them as a lambe in a large place.",For Israel slideth back as a backsliding heifer: now the LORD will feed them as a lamb in a large place.,"for israel slideth backe, as a backe sliding heifer: now the lord will feede them as a lambe in a large place.",for israel slideth back as a backsliding heifer: now the lord will feed them as a lamb in a large place.,0.11487011881913889,0.11487011881913889,,R0,R1,0.0,
INLIER_BACKGROUND,ISA:42:7,ISA,Isaiah,R0,INLIER,0.0084379468435094,Q1,"To open the blind eyes, to bring out the prisoners from the prison, and them that sit in darkenesse out of the prison house.","To open the blind eyes, to bring out the prisoners from the prison, and them that sit in darkness out of the prison house.","to open the blind eyes, to bring out the prisoners from the prison, and them that sit in darkenesse out of the prison house.","to open the blind eyes, to bring out the prisoners from the prison, and them that sit in darkness out of the prison house.",0.008437946843509403,0.008437946843509403,,R0,R1,0.0,
INLIER_BACKGROUND,ISA:65:3,ISA,Isaiah,R0,INLIER,0.0199419559114909,Q1,"A people that prouoketh mee to anger continually to my face, that sacrificeth in gardens, and burneth incense vpon altars of bricke:","A people that provoketh me to anger continually to my face; that sacrificeth in gardens, and burneth incense upon altars of brick;","a people that prouoketh mee to anger continually to my face, that sacrificeth in gardens, and burneth incense vpon altars of bricke:","a people that provoketh me to anger continually to my face; that sacrificeth in gardens, and burneth incense upon altars of brick;",0.01994195591149095,0.01994195591149095,,R0,R1,0.0,
INLIER_BACKGROUND,ISA:2:8,ISA,Isaiah,R0,INLIER,0.0317102004805655,Q2,"Their land also is full of idoles: they worship the worke of their owne hands, that which their owne fingers haue made.","Their land also is full of idols; they worship the work of their own hands, that which their own fingers have made:","their land also is full of idoles: they worship the worke of their owne hands, that which their owne fingers haue made.","their land also is full of idols; they worship the work of their own hands, that which their own fingers have made:",0.0317102004805655,0.0317102004805655,,R0,R1,0.0,
INLIER_BACKGROUND,ISA:51:23,ISA,Isaiah,R0,INLIER,0.0499314483687746,Q2,"But I will put it into the hand of them that afflict thee: which haue said to thy soule, Bow downe that wee may goe ouer: and thou hast laide thy body as the ground, and as the streete to them that went ouer.","But I will put it into the hand of them that afflict thee; which have said to thy soul, Bow down, that we may go over: and thou hast laid thy body as the ground, and as the street, to them that went over.","but i will put it into the hand of them that afflict thee: which haue said to thy soule, bow downe that wee may goe ouer: and thou hast laide thy body as the ground, and as the streete to them that went ouer.","but i will put it into the hand of them that afflict thee; which have said to thy soul, bow down, that we may go over: and thou hast laid thy body as the ground, and as the street, to them that went over.",0.04993144836877461,0.04993144836877461,,R0,R1,0.0,
INLIER_BACKGROUND,ISA:11:5,ISA,Isaiah,R0,INLIER,0.0671250939304785,Q3,"And righteousnesse shalbe the girdle of his loines, and faithfulnesse the girdle of his reines.","And righteousness shall be the girdle of his loins, and faithfulness the girdle of his reins.","and righteousnesse shalbe the girdle of his loines, and faithfulnesse the girdle of his reines.","and righteousness shall be the girdle of his loins, and faithfulness the girdle of his reins.",0.0671250939304785,0.0671250939304785,,R0,R1,0.0,
INLIER_BACKGROUND,ISA:66:24,ISA,Isaiah,R0,INLIER,0.0772794827352524,Q3,"And they shall goe foorth, and looke vpon the carkeises of the men that haue transgressed against me: for their worme shall not die, neither shall their fire be quenched, and they shall be an abhorring vnto all flesh.","And they shall go forth, and look upon the carcases of the men that have transgressed against me: for their worm shall not die, neither shall their fire be quenched; and they shall be an abhorring unto all flesh.","and they shall goe foorth, and looke vpon the carkeises of the men that haue transgressed against me: for their worme shall not die, neither shall their fire be quenched, and they shall be an abhorring vnto all flesh.","and they shall go forth, and look upon the carcases of the men that have transgressed against me: for their worm shall not die, neither shall their fire be quenched; and they shall be an abhorring unto all flesh.",0.07727948273525242,0.07727948273525242,,R0,R1,0.0,
INLIER_BACKGROUND,ISA:17:2,ISA,Isaiah,R0,INLIER,0.0907536202630034,Q4,"The cities of Aroer are forsaken: they shall bee for flockes, which shall lye downe, and none shall make them afraid.","The cities of Aroer are forsaken: they shall be for flocks, which shall lie down, and none shall make them afraid.","the cities of aroer are forsaken: they shall bee for flockes, which shall lye downe, and none shall make them afraid.","the cities of aroer are forsaken: they shall be for flocks, which shall lie down, and none shall make them afraid.",0.09075362026300349,0.09075362026300349,,R0,R1,0.0,
INLIER_BACKGROUND,ISA:34:14,ISA,Isaiah,R0,INLIER,0.1214980981221868,Q4,"The wilde beasts of the desert shall also meete with the wilde beasts of the Iland and the satyre shall cry to his felow, the shrichowle also shall rest there, & finde for her selfe a place of rest.","The wild beasts of the desert shall also meet with the wild beasts of the island, and the satyr shall cry to his fellow; the screech owl also shall rest there, and find for herself a place of rest.","the wilde beasts of the desert shall also meete with the wilde beasts of the iland and the satyre shall cry to his felow, the shrichowle also shall rest there, & finde for her selfe a place of rest.","the wild beasts of the desert shall also meet with the wild beasts of the island, and the satyr shall cry to his fellow; the screech owl also shall rest there, and find for herself a place of rest.",0.12149809812218682,0.12149809812218682,,R0,R1,0.0,
INLIER_BACKGROUND,JAS:3:11,JAS,James,R0,INLIER,0.0237129273527723,Q1,Doeth a fountaine send foorth at the same place sweet water and bitter?,Doth a fountain send forth at the same place sweet water and bitter?,doeth a fountaine send foorth at the same place sweet water and bitter?,doth a fountain send forth at the same place sweet water and bitter?,0.023712927352772306,0.023712927352772306,,R0,R1,0.0,
INLIER_BACKGROUND,JAS:5:2,JAS,James,R0,INLIER,0.0205936597321577,Q1,"Your riches are corrupted, and your garments motheaten:","Your riches are corrupted, and your garments are motheaten.","your riches are corrupted, and your garments motheaten:","your riches are corrupted, and your garments are motheaten.",0.020593659732157765,0.020593659732157765,,R0,R1,0.0,
INLIER_BACKGROUND,JAS:2:17,JAS,James,R0,INLIER,0.0489678957432266,Q2,"Euen so faith, if it hath not works, is dead being alone.","Even so faith, if it hath not works, is dead, being alone.","euen so faith, if it hath not works, is dead being alone.","even so faith, if it hath not works, is dead, being alone.",0.048967895743226686,0.048967895743226686,,R0,R1,0.0,
INLIER_BACKGROUND,JAS:2:9,JAS,James,R0,INLIER,0.0513083374124342,Q2,"But if ye haue respect to persons, ye commit sinne, and are conuinced of the Law, as transgressours.","But if ye have respect to persons, ye commit sin, and are convinced of the law as transgressors.","but if ye haue respect to persons, ye commit sinne, and are conuinced of the law, as transgressours.","but if ye have respect to persons, ye commit sin, and are convinced of the law as transgressors.",0.051308337412434235,0.051308337412434235,,R0,R1,0.0,
INLIER_BACKGROUND,JAS:3:12,JAS,James,R0,INLIER,0.0791679764307021,Q3,"Can &thorn; figtree, my brethren, beare oliue berries? either a vine, figs? so can no fountaine both yeeld salt water & fresh.","Can the fig tree, my brethren, bear olive berries? either a vine, figs? so can no fountain both yield salt water and fresh.","can &thorn; figtree, my brethren, beare oliue berries? either a vine, figs? so can no fountaine both yeeld salt water & fresh.","can the fig tree, my brethren, bear olive berries? either a vine, figs? so can no fountain both yield salt water and fresh.",0.07916797643070217,0.07916797643070217,,R0,R1,0.0,
INLIER_BACKGROUND,JAS:4:9,JAS,James,R0,INLIER,0.0814633795692995,Q3,"Bee afflicted, and mourne, and weepe: let your laughter be turned to mourning, and your ioy to heauinesse.","Be afflicted, and mourn, and weep: let your laughter be turned to mourning, and your joy to heaviness.","bee afflicted, and mourne, and weepe: let your laughter be turned to mourning, and your ioy to heauinesse.","be afflicted, and mourn, and weep: let your laughter be turned to mourning, and your joy to heaviness.",0.0814633795692995,0.0814633795692995,,R0,R1,0.0,
INLIER_BACKGROUND,JAS:2:19,JAS,James,R0,INLIER,0.1396450796274131,Q4,"Thou beleeuest that there is one God, thou doest well: the deuils also beleeue, and tremble.","Thou believest that there is one God; thou doest well: the devils also believe, and tremble.","thou beleeuest that there is one god, thou doest well: the deuils also beleeue, and tremble.","thou believest that there is one god; thou doest well: the devils also believe, and tremble.",0.13964507962741313,0.13964507962741313,,R0,R1,0.0,
INLIER_BACKGROUND,JAS:4:11,JAS,James,R0,INLIER,0.1394594881833974,Q4,"Speake not euill one of another (brethren:) he that speaketh euill of his brother, and iudgeth his brother, speaketh euill of the Law, and iudgeth the Law: but if thou iudge the Law, thou art not a doer of the Law, but a iudge.","Speak not evil one of another, brethren. He that speaketh evil of his brother, and judgeth his brother, speaketh evil of the law, and judgeth the law: but if thou judge the law, thou art not a doer of the law, but a judge.","speake not euill one of another (brethren:) he that speaketh euill of his brother, and iudgeth his brother, speaketh euill of the law, and iudgeth the law: but if thou iudge the law, thou art not a doer of the law, but a iudge.","speak not evil one of another, brethren. he that speaketh evil of his brother, and judgeth his brother, speaketh evil of the law, and judgeth the law: but if thou judge the law, thou art not a doer of the law, but a judge.",0.13945948818339748,0.13945948818339748,,R0,R1,0.0,
INLIER_BACKGROUND,JDG:20:5,JDG,Judges,R0,INLIER,0.0279379544795609,Q1,"And the men of Gibeah rose against me, and beset the house round about vpon me by night, and thought to haue slaine mee, and my concubine haue they forced that she is dead.","And the men of Gibeah rose against me, and beset the house round about upon me by night, and thought to have slain me: and my concubine have they forced, that she is dead.","and the men of gibeah rose against me, and beset the house round about vpon me by night, and thought to haue slaine mee, and my concubine haue they forced that she is dead.","and the men of gibeah rose against me, and beset the house round about upon me by night, and thought to have slain me: and my concubine have they forced, that she is dead.",0.027937954479560934,0.027937954479560934,,R0,R1,0.0,
INLIER_BACKGROUND,JDG:6:17,JDG,Judges,R0,INLIER,0.0177847033781792,Q1,"And he said vnto him, If now I haue found grace in thy sight, then shew me a signe, that thou talkest with me.","And he said unto him, If now I have found grace in thy sight, then shew me a sign that thou talkest with me.","and he said vnto him, if now i haue found grace in thy sight, then shew me a signe, that thou talkest with me.","and he said unto him, if now i have found grace in thy sight, then shew me a sign that thou talkest with me.",0.01778470337817928,0.01778470337817928,,R0,R1,0.0,
INLIER_BACKGROUND,JDG:1:26,JDG,Judges,R0,INLIER,0.0439423162678274,Q2,"And the man went into the lande of the Hittites, and built a citie, and called the name thereof Luz: which is the name thereof vnto this day.","And the man went into the land of the Hittites, and built a city, and called the name thereof Luz: which is the name thereof unto this day.","and the man went into the lande of the hittites, and built a citie, and called the name thereof luz: which is the name thereof vnto this day.","and the man went into the land of the hittites, and built a city, and called the name thereof luz: which is the name thereof unto this day.",0.04394231626782741,0.04394231626782741,,R0,R1,0.0,
INLIER_BACKGROUND,JDG:3:27,JDG,Judges,R0,INLIER,0.0376447880365082,Q2,"And it came to passe when hee was come, that hee blew a trumpet in the mountaine of Ephraim, and the children of Israel went downe with him from the mount, & he before them.","And it came to pass, when he was come, that he blew a trumpet in the mountain of Ephraim, and the children of Israel went down with him from the mount, and he before them.","and it came to passe when hee was come, that hee blew a trumpet in the mountaine of ephraim, and the children of israel went downe with him from the mount, & he before them.","and it came to pass, when he was come, that he blew a trumpet in the mountain of ephraim, and the children of israel went down with him from the mount, and he before them.",0.03764478803650828,0.03764478803650828,,R0,R1,0.0,
INLIER_BACKGROUND,JDG:14:19,JDG,Judges,R0,INLIER,0.0767077782844291,Q3,"¶ And the Spirit of the Lord came vpon him, and hee went downe to Ashkelon, and slewe thirtie men of them, and tooke their spoile, and gaue change of garments vnto them which expounded the riddle, and his anger was kindled; and hee went vp to his fathers house.","And the Spirit of the LORD came upon him, and he went down to Ashkelon, and slew thirty men of them, and took their spoil, and gave change of garments unto them which expounded the riddle. And his anger was kindled, and he went up to his father’s house.","¶ and the spirit of the lord came vpon him, and hee went downe to ashkelon, and slewe thirtie men of them, and tooke their spoile, and gaue change of garments vnto them which expounded the riddle, and his anger was kindled; and hee went vp to his fathers house.","and the spirit of the lord came upon him, and he went down to ashkelon, and slew thirty men of them, and took their spoil, and gave change of garments unto them which expounded the riddle. and his anger was kindled, and he went up to his father’s house.",0.0767077782844291,0.0767077782844291,,R0,R1,0.0,
INLIER_BACKGROUND,JDG:6:5,JDG,Judges,R0,INLIER,0.0676408696066271,Q3,"For they came vp with their cattell and their tents, and they came as Grashoppers for multitude, for both they and their camels were without number: and they entred into the land to destroy it.","For they came up with their cattle and their tents, and they came as grasshoppers for multitude; for both they and their camels were without number: and they entered into the land to destroy it.","for they came vp with their cattell and their tents, and they came as grashoppers for multitude, for both they and their camels were without number: and they entred into the land to destroy it.","for they came up with their cattle and their tents, and they came as grasshoppers for multitude; for both they and their camels were without number: and they entered into the land to destroy it.",0.06764086960662719,0.06764086960662719,,R0,R1,0.0,
INLIER_BACKGROUND,JDG:1:22,JDG,Judges,R0,INLIER,0.1259741515485603,Q4,"¶ And the house of Ioseph, they also went vp against Bethel: and the Lord was with them.","And the house of Joseph, they also went up against Bethel: and the LORD was with them.","¶ and the house of ioseph, they also went vp against bethel: and the lord was with them.","and the house of joseph, they also went up against bethel: and the lord was with them.",0.1259741515485603,0.1259741515485603,,R0,R1,0.0,
INLIER_BACKGROUND,JDG:1:25,JDG,Judges,R0,INLIER,0.0982820271424427,Q4,"And when hee shewed them the entrance into the citie, they smote the citie with the edge of the sword: but they let goe the man and all his familie.","And when he shewed them the entrance into the city, they smote the city with the edge of the sword; but they let go the man and all his family.","and when hee shewed them the entrance into the citie, they smote the citie with the edge of the sword: but they let goe the man and all his familie.","and when he shewed them the entrance into the city, they smote the city with the edge of the sword; but they let go the man and all his family.",0.09828202714244272,0.09828202714244272,,R0,R1,0.0,
INLIER_BACKGROUND,JER:16:20,JER,Jeremiah,R0,INLIER,0.0295524614144481,Q1,"Shall a man make Gods vnto himselfe, and they are no Gods?","Shall a man make gods unto himself, and they are no gods?","shall a man make gods vnto himselfe, and they are no gods?","shall a man make gods unto himself, and they are no gods?",0.029552461414448117,0.029552461414448117,,R0,R1,0.0,
INLIER_BACKGROUND,JER:43:13,JER,Jeremiah,R0,INLIER,0.0215448545377037,Q1,"He shall breake also the images of Beth-shemesh that is in the land of Egypt, and the houses of the gods of the Egyptians shall he burne with fire.","He shall break also the images of Bethshemesh, that is in the land of Egypt; and the houses of the gods of the Egyptians shall he burn with fire.","he shall breake also the images of beth-shemesh that is in the land of egypt, and the houses of the gods of the egyptians shall he burne with fire.","he shall break also the images of bethshemesh, that is in the land of egypt; and the houses of the gods of the egyptians shall he burn with fire.",0.021544854537703717,0.021544854537703717,,R0,R1,0.0,
INLIER_BACKGROUND,JER:23:1,JER,Jeremiah,R0,INLIER,0.0331755845480675,Q2,"Woe bee vnto the pastors that destroy and scatter the sheepe of my pasture, saith the Lord.",Woe be unto the pastors that destroy and scatter the sheep of my pasture! saith the LORD.,"woe bee vnto the pastors that destroy and scatter the sheepe of my pasture, saith the lord.",woe be unto the pastors that destroy and scatter the sheep of my pasture! saith the lord.,0.03317558454806757,0.03317558454806757,,R0,R1,0.0,
INLIER_BACKGROUND,JER:47:6,JER,Jeremiah,R0,INLIER,0.0335782364683758,Q2,"O thou sword of the Lord, how long will it be ere thou be quiet? put vp thy selfe into thy scabberd, rest and be still.","O thou sword of the LORD, how long will it be ere thou be quiet? put up thyself into thy scabbard, rest, and be still.","o thou sword of the lord, how long will it be ere thou be quiet? put vp thy selfe into thy scabberd, rest and be still.","o thou sword of the lord, how long will it be ere thou be quiet? put up thyself into thy scabbard, rest, and be still.",0.03357823646837588,0.03357823646837588,,R0,R1,0.0,
INLIER_BACKGROUND,JER:32:14,JER,Jeremiah,R0,INLIER,0.0781810037758967,Q3,"Thus saith the Lord of hosts the God of Israel; Take these euidences, this euidence of the purchase, both which is sealed, and this euidence which is open, and put them in an earthen vessell, that they may continue many daies.","Thus saith the LORD of hosts, the God of Israel; Take these evidences, this evidence of the purchase, both which is sealed, and this evidence which is open; and put them in an earthen vessel, that they may continue many days.","thus saith the lord of hosts the god of israel; take these euidences, this euidence of the purchase, both which is sealed, and this euidence which is open, and put them in an earthen vessell, that they may continue many daies.","thus saith the lord of hosts, the god of israel; take these evidences, this evidence of the purchase, both which is sealed, and this evidence which is open; and put them in an earthen vessel, that they may continue many days.",0.07818100377589676,0.07818100377589676,,R0,R1,0.0,
INLIER_BACKGROUND,JER:9:1,JER,Jeremiah,R0,INLIER,0.0667602198375646,Q3,"Oh that my head were waters, and mine eyes a fountaine of teares, that I might weepe day and night for the slaine of the daughter of my people.","Oh that my head were waters, and mine eyes a fountain of tears, that I might weep day and night for the slain of the daughter of my people!","oh that my head were waters, and mine eyes a fountaine of teares, that i might weepe day and night for the slaine of the daughter of my people.","oh that my head were waters, and mine eyes a fountain of tears, that i might weep day and night for the slain of the daughter of my people!",0.06676021983756464,0.06676021983756464,,R0,R1,0.0,
INLIER_BACKGROUND,JER:32:37,JER,Jeremiah,R0,INLIER,0.0909753586993844,Q4,"Behold, I wil gather them out of all countreys, whither I haue driuen them in mine anger, and in my furie, and in great wrath, and I will bring them againe vnto this place; and I will cause them to dwell safely.","Behold, I will gather them out of all countries, whither I have driven them in mine anger, and in my fury, and in great wrath; and I will bring them again unto this place, and I will cause them to dwell safely:","behold, i wil gather them out of all countreys, whither i haue driuen them in mine anger, and in my furie, and in great wrath, and i will bring them againe vnto this place; and i will cause them to dwell safely.","behold, i will gather them out of all countries, whither i have driven them in mine anger, and in my fury, and in great wrath; and i will bring them again unto this place, and i will cause them to dwell safely:",0.09097535869938445,0.09097535869938445,,R0,R1,0.0,
INLIER_BACKGROUND,JER:36:2,JER,Jeremiah,R0,INLIER,0.0969805372122442,Q4,"Take thee a roule of a booke, and write therein all the words that I haue spoken vnto thee against Israel, and against Iudah, & against all the nations, from the day I spake vnto thee, fr&#333; the dayes of Iosiah, euen vnto this day.","Take thee a roll of a book, and write therein all the words that I have spoken unto thee against Israel, and against Judah, and against all the nations, from the day I spake unto thee, from the days of Josiah, even unto this day.","take thee a roule of a booke, and write therein all the words that i haue spoken vnto thee against israel, and against iudah, & against all the nations, from the day i spake vnto thee, fr&#333; the dayes of iosiah, euen vnto this day.","take thee a roll of a book, and write therein all the words that i have spoken unto thee against israel, and against judah, and against all the nations, from the day i spake unto thee, from the days of josiah, even unto this day.",0.0969805372122442,0.0969805372122442,,R0,R1,0.0,
INLIER_BACKGROUND,JHN:7:41,JHN,John,R0,INLIER,0.0,Q1,"Others said, This is the Christ. But some said, Shall Christ come out of Galilee?","Others said, This is the Christ. But some said, Shall Christ come out of Galilee?","others said, this is the christ. but some said, shall christ come out of galilee?","others said, this is the christ. but some said, shall christ come out of galilee?",0.0,0.0,,R0,R1,0.0,
INLIER_BACKGROUND,JHN:8:5,JHN,John,R0,INLIER,0.028091311794567,Q1,"Now Moses in the Law commanded vs, that such should be stoned: but what sayest thou?","Now Moses in the law commanded us, that such should be stoned: but what sayest thou?","now moses in the law commanded vs, that such should be stoned: but what sayest thou?","now moses in the law commanded us, that such should be stoned: but what sayest thou?",0.02809131179456703,0.02809131179456703,,R0,R1,0.0,
INLIER_BACKGROUND,JHN:11:46,JHN,John,R0,INLIER,0.0536934128749219,Q2,"But some of them went their wayes to the Pharises, and tolde them what things Iesus had done.","But some of them went their ways to the Pharisees, and told them what things Jesus had done.","but some of them went their wayes to the pharises, and tolde them what things iesus had done.","but some of them went their ways to the pharisees, and told them what things jesus had done.",0.05369341287492191,0.05369341287492191,,R0,R1,0.0,
INLIER_BACKGROUND,JHN:13:9,JHN,John,R0,INLIER,0.0339256584573809,Q2,"Simon Peter saith vnto him, Lord, not my feete only, but also my hands, and my head.","Simon Peter saith unto him, Lord, not my feet only, but also my hands and my head.","simon peter saith vnto him, lord, not my feete only, but also my hands, and my head.","simon peter saith unto him, lord, not my feet only, but also my hands and my head.",0.033925658457380936,0.033925658457380936,,R0,R1,0.0,
INLIER_BACKGROUND,JHN:10:38,JHN,John,R0,INLIER,0.0738755894868924,Q3,"But if I doe, though yee beleeue not me, beleeue the works: that ye may know and beleeue that the Father is in me, and I in him.","But if I do, though ye believe not me, believe the works: that ye may know, and believe, that the Father is in me, and I in him.","but if i doe, though yee beleeue not me, beleeue the works: that ye may know and beleeue that the father is in me, and i in him.","but if i do, though ye believe not me, believe the works: that ye may know, and believe, that the father is in me, and i in him.",0.07387558948689243,0.07387558948689243,,R0,R1,0.0,
INLIER_BACKGROUND,JHN:8:26,JHN,John,R0,INLIER,0.0874583886502884,Q3,"I haue many things to say, and to iudge of you: But hee that sent mee is true, and I speake to the world, those things which I haue heard of him.",I have many things to say and to judge of you: but he that sent me is true; and I speak to the world those things which I have heard of him.,"i haue many things to say, and to iudge of you: but hee that sent mee is true, and i speake to the world, those things which i haue heard of him.",i have many things to say and to judge of you: but he that sent me is true; and i speak to the world those things which i have heard of him.,0.08745838865028843,0.08745838865028843,,R0,R1,0.0,
INLIER_BACKGROUND,JHN:13:23,JHN,John,R0,INLIER,0.1514846173770397,Q4,"Now there was leaning on Iesus bosome one of his disciples, whom Iesus loued.","Now there was leaning on Jesus’ bosom one of his disciples, whom Jesus loved.","now there was leaning on iesus bosome one of his disciples, whom iesus loued.","now there was leaning on jesus’ bosom one of his disciples, whom jesus loved.",0.15148461737703978,0.15148461737703978,,R0,R1,0.0,
INLIER_BACKGROUND,JHN:18:17,JHN,John,R0,INLIER,0.102522352655179,Q4,"Then saith the damosell that kept the doore vnto Peter, Art not thou also one of this mans disciples? He sayth, I am not.","Then saith the damsel that kept the door unto Peter, Art not thou also one of this man’s disciples? He saith, I am not.","then saith the damosell that kept the doore vnto peter, art not thou also one of this mans disciples? he sayth, i am not.","then saith the damsel that kept the door unto peter, art not thou also one of this man’s disciples? he saith, i am not.",0.10252235265517906,0.10252235265517906,,R0,R1,0.0,
INLIER_BACKGROUND,JOB:1:11,JOB,Job,R0,INLIER,0.0111445788349295,Q1,"But put foorth thine hand now, and touch all that he hath, and he will curse thee to thy face.","But put forth thine hand now, and touch all that he hath, and he will curse thee to thy face.","but put foorth thine hand now, and touch all that he hath, and he will curse thee to thy face.","but put forth thine hand now, and touch all that he hath, and he will curse thee to thy face.",0.011144578834929586,0.011144578834929586,,R0,R1,0.0,
INLIER_BACKGROUND,JOB:37:13,JOB,Job,R0,INLIER,2.220446049250313e-16,Q1,"He causeth it to come, whether for correction, or for his land, or for mercy.","He causeth it to come, whether for correction, or for his land, or for mercy.","he causeth it to come, whether for correction, or for his land, or for mercy.","he causeth it to come, whether for correction, or for his land, or for mercy.",2.220446049250313e-16,2.220446049250313e-16,,R0,R1,0.0,
INLIER_BACKGROUND,JOB:10:2,JOB,Job,R0,INLIER,0.0328306236955373,Q2,"I will say vnto God, Doe not condemne mee; shewe me wherefore thou contendest with me.","I will say unto God, Do not condemn me; shew me wherefore thou contendest with me.","i will say vnto god, doe not condemne mee; shewe me wherefore thou contendest with me.","i will say unto god, do not condemn me; shew me wherefore thou contendest with me.",0.03283062369553735,0.03283062369553735,,R0,R1,0.0,
INLIER_BACKGROUND,JOB:15:24,JOB,Job,R0,INLIER,0.0396111235571743,Q2,"Trouble and anguish shall make him afraid; they shall preuaile against him, as a king ready to the battell.","Trouble and anguish shall make him afraid; they shall prevail against him, as a king ready to the battle.","trouble and anguish shall make him afraid; they shall preuaile against him, as a king ready to the battell.","trouble and anguish shall make him afraid; they shall prevail against him, as a king ready to the battle.",0.03961112355717433,0.03961112355717433,,R0,R1,0.0,
INLIER_BACKGROUND,JOB:8:18,JOB,Job,R0,INLIER,0.059957892372036,Q3,"If he destroy him from his place, then it shal denie him, saying, I haue not seene thee.","If he destroy him from his place, then it shall deny him, saying, I have not seen thee.","if he destroy him from his place, then it shal denie him, saying, i haue not seene thee.","if he destroy him from his place, then it shall deny him, saying, i have not seen thee.",0.05995789237203608,0.05995789237203608,,R0,R1,0.0,
INLIER_BACKGROUND,JOB:9:27,JOB,Job,R0,INLIER,0.0603616217017666,Q3,"If I say, I will forget my complaint, I will leaue off my heauinesse, and comfort my selfe.","If I say, I will forget my complaint, I will leave off my heaviness, and comfort myself:","if i say, i will forget my complaint, i will leaue off my heauinesse, and comfort my selfe.","if i say, i will forget my complaint, i will leave off my heaviness, and comfort myself:",0.06036162170176662,0.06036162170176662,,R0,R1,0.0,
INLIER_BACKGROUND,JOB:23:12,JOB,Job,R0,INLIER,0.1135341977840137,Q4,"Neither haue I gone backe from the commaundement of his lippes, I haue esteemed the words of his mouth more then my necessary food.",Neither have I gone back from the commandment of his lips; I have esteemed the words of his mouth more than my necessary food.,"neither haue i gone backe from the commaundement of his lippes, i haue esteemed the words of his mouth more then my necessary food.",neither have i gone back from the commandment of his lips; i have esteemed the words of his mouth more than my necessary food.,0.11353419778401375,0.11353419778401375,,R0,R1,0.0,
INLIER_BACKGROUND,JOB:6:27,JOB,Job,R0,INLIER,0.111402319545325,Q4,"Yea, ye ouerwhelme the fatherlesse, and you digge a pit for your friend.","Yea, ye overwhelm the fatherless, and ye dig a pit for your friend.","yea, ye ouerwhelme the fatherlesse, and you digge a pit for your friend.","yea, ye overwhelm the fatherless, and ye dig a pit for your friend.",0.11140231954532509,0.11140231954532509,,R0,R1,0.0,
INLIER_BACKGROUND,JOE:3:14,JOE,Joel,R0,INLIER,0.0270974966198312,Q1,"Multitudes, multitudes in the valley of decision: for &thorn; day of the Lord is neere in the valley of decision.","Multitudes, multitudes in the valley of decision: for the day of the LORD is near in the valley of decision.","multitudes, multitudes in the valley of decision: for &thorn; day of the lord is neere in the valley of decision.","multitudes, multitudes in the valley of decision: for the day of the lord is near in the valley of decision.",0.027097496619831296,0.027097496619831296,,R0,R1,0.0,
INLIER_BACKGROUND,JOE:3:2,JOE,Joel,R0,INLIER,0.0254295473821282,Q1,"I wil also gather all nations, and will bring them downe into the valley of Iehoshaphat, and wil plead with them there for my people, and for my heritage Israel, whom they haue scattered among the nations, and parted my land.","I will also gather all nations, and will bring them down into the valley of Jehoshaphat, and will plead with them there for my people and for my heritage Israel, whom they have scattered among the nations, and parted my land.","i wil also gather all nations, and will bring them downe into the valley of iehoshaphat, and wil plead with them there for my people, and for my heritage israel, whom they haue scattered among the nations, and parted my land.","i will also gather all nations, and will bring them down into the valley of jehoshaphat, and will plead with them there for my people and for my heritage israel, whom they have scattered among the nations, and parted my land.",0.025429547382128215,0.025429547382128215,,R0,R1,0.0,
INLIER_BACKGROUND,JOE:1:13,JOE,Joel,R0,INLIER,0.0356766756969075,Q2,"Gird your selues, and lament, yee Priests: howle, ye ministers of the Altar: come, lie all night in sackecloth, ye ministers of my God: for the meat offering and the drinke offering is withholden from the house of your God.","Gird yourselves, and lament, ye priests: howl, ye ministers of the altar: come, lie all night in sackcloth, ye ministers of my God: for the meat offering and the drink offering is withholden from the house of your God.","gird your selues, and lament, yee priests: howle, ye ministers of the altar: come, lie all night in sackecloth, ye ministers of my god: for the meat offering and the drinke offering is withholden from the house of your god.","gird yourselves, and lament, ye priests: howl, ye ministers of the altar: come, lie all night in sackcloth, ye ministers of my god: for the meat offering and the drink offering is withholden from the house of your god.",0.03567667569690758,0.03567667569690758,,R0,R1,0.0,
INLIER_BACKGROUND,JOE:3:19,JOE,Joel,R0,INLIER,0.0446271922714858,Q2,"Egypt shall be a desolation, and Edom shall be a desolate wildernes, for the violence against the children of Iudah, because they haue shed innocent blood in their land.","Egypt shall be a desolation, and Edom shall be a desolate wilderness, for the violence against the children of Judah, because they have shed innocent blood in their land.","egypt shall be a desolation, and edom shall be a desolate wildernes, for the violence against the children of iudah, because they haue shed innocent blood in their land.","egypt shall be a desolation, and edom shall be a desolate wilderness, for the violence against the children of judah, because they have shed innocent blood in their land.",0.044627192271485816,0.044627192271485816,,R0,R1,0.0,
INLIER_BACKGROUND,JOE:2:7,JOE,Joel,R0,INLIER,0.0642771003332305,Q3,"They shall runne like mighty men, they shall clime the wall like men of warre, and they shall march euery one on his wayes, and they shall not breake their rankes.","They shall run like mighty men; they shall climb the wall like men of war; and they shall march every one on his ways, and they shall not break their ranks:","they shall runne like mighty men, they shall clime the wall like men of warre, and they shall march euery one on his wayes, and they shall not breake their rankes.","they shall run like mighty men; they shall climb the wall like men of war; and they shall march every one on his ways, and they shall not break their ranks:",0.06427710033323053,0.06427710033323053,,R0,R1,0.0,
INLIER_BACKGROUND,JOE:3:13,JOE,Joel,R0,INLIER,0.0665713115288214,Q3,"Put ye in the sickle, for the haruest is ripe, come, get you downe, for the presse is full, the fats ouerflowe, for the wickednesse is great.","Put ye in the sickle, for the harvest is ripe: come, get you down; for the press is full, the fats overflow; for their wickedness is great.","put ye in the sickle, for the haruest is ripe, come, get you downe, for the presse is full, the fats ouerflowe, for the wickednesse is great.","put ye in the sickle, for the harvest is ripe: come, get you down; for the press is full, the fats overflow; for their wickedness is great.",0.06657131152882145,0.06657131152882145,,R0,R1,0.0,
INLIER_BACKGROUND,JOE:1:1,JOE,Joel,R0,INLIER,0.1248582021850706,Q4,The word of the Lord that came to Ioel the sonne of Pethuel.,The word of the LORD that came to Joel the son of Pethuel.,the word of the lord that came to ioel the sonne of pethuel.,the word of the lord that came to joel the son of pethuel.,0.1248582021850706,0.1248582021850706,,R0,R1,0.0,
INLIER_BACKGROUND,JOE:3:12,JOE,Joel,R0,INLIER,0.0937976250418244,Q4,"Let the heathen be wakened, and come vp to the valley of Iehoshaphat: for there will I sit to iudge all the heathen round about.","Let the heathen be wakened, and come up to the valley of Jehoshaphat: for there will I sit to judge all the heathen round about.","let the heathen be wakened, and come vp to the valley of iehoshaphat: for there will i sit to iudge all the heathen round about.","let the heathen be wakened, and come up to the valley of jehoshaphat: for there will i sit to judge all the heathen round about.",0.09379762504182443,0.09379762504182443,,R0,R1,0.0,
INLIER_BACKGROUND,JON:1:14,JON,Jonah,R0,INLIER,0.0206495402549947,Q1,"Wherefore they cried vnto the Lord, and said, We beseech thee, O Lord, We beseech thee, let vs not perish for this mans life, and lay not vpon vs, innocent blood: for thou, O Lord, hast done as it pleased thee.","Wherefore they cried unto the LORD, and said, We beseech thee, O LORD, we beseech thee, let us not perish for this man’s life, and lay not upon us innocent blood: for thou, O LORD, hast done as it pleased thee.","wherefore they cried vnto the lord, and said, we beseech thee, o lord, we beseech thee, let vs not perish for this mans life, and lay not vpon vs, innocent blood: for thou, o lord, hast done as it pleased thee.","wherefore they cried unto the lord, and said, we beseech thee, o lord, we beseech thee, let us not perish for this man’s life, and lay not upon us innocent blood: for thou, o lord, hast done as it pleased thee.",0.02064954025499477,0.02064954025499477,,R0,R1,0.0,
INLIER_BACKGROUND,JON:4:4,JON,Jonah,R0,INLIER,0.0203860391198822,Q1,"¶ Then said the Lord, Doest thou well to be angry?","Then said the LORD, Doest thou well to be angry?","¶ then said the lord, doest thou well to be angry?","then said the lord, doest thou well to be angry?",0.020386039119882238,0.020386039119882238,,R0,R1,0.0,
INLIER_BACKGROUND,JON:1:4,JON,Jonah,R0,INLIER,0.0507301322685089,Q2,"¶ But the Lord sent out a great winde into the sea, and there was a mightie tempest in the sea, so that the ship was like to be broken.","But the LORD sent out a great wind into the sea, and there was a mighty tempest in the sea, so that the ship was like to be broken.","¶ but the lord sent out a great winde into the sea, and there was a mightie tempest in the sea, so that the ship was like to be broken.","but the lord sent out a great wind into the sea, and there was a mighty tempest in the sea, so that the ship was like to be broken.",0.050730132268508976,0.050730132268508976,,R0,R1,0.0,
INLIER_BACKGROUND,JON:1:9,JON,Jonah,R0,INLIER,0.0334837673590761,Q2,"And hee said vnto them, I am an Hebrew, and I feare the Lord the God of heauen, which hath made the sea, and the dry land.","And he said unto them, I am an Hebrew; and I fear the LORD, the God of heaven, which hath made the sea and the dry land.","and hee said vnto them, i am an hebrew, and i feare the lord the god of heauen, which hath made the sea, and the dry land.","and he said unto them, i am an hebrew; and i fear the lord, the god of heaven, which hath made the sea and the dry land.",0.0334837673590761,0.0334837673590761,,R0,R1,0.0,
INLIER_BACKGROUND,JON:1:5,JON,Jonah,R0,INLIER,0.0766637644781081,Q3,"Then the Mariners were afraid, and cried euery man vnto his god, and cast foorth the wares that were in the ship, into the sea, to lighten it of them: but Ionah was gone downe into the sides of the ship, and hee lay, and was fast asleepe.","Then the mariners were afraid, and cried every man unto his god, and cast forth the wares that were in the ship into the sea, to lighten it of them. But Jonah was gone down into the sides of the ship; and he lay, and was fast asleep.","then the mariners were afraid, and cried euery man vnto his god, and cast foorth the wares that were in the ship, into the sea, to lighten it of them: but ionah was gone downe into the sides of the ship, and hee lay, and was fast asleepe.","then the mariners were afraid, and cried every man unto his god, and cast forth the wares that were in the ship into the sea, to lighten it of them. but jonah was gone down into the sides of the ship; and he lay, and was fast asleep.",0.07666376447810819,0.07666376447810819,,R0,R1,0.0,
INLIER_BACKGROUND,JON:3:6,JON,Jonah,R0,INLIER,0.0744645640363383,Q3,"For word came vnto the King of Nineueh, and he arose from his throne, and he laid his robe from him and couered him with sackcloth, & sate in ashes.","For word came unto the king of Nineveh, and he arose from his throne, and he laid his robe from him, and covered him with sackcloth, and sat in ashes.","for word came vnto the king of nineueh, and he arose from his throne, and he laid his robe from him and couered him with sackcloth, & sate in ashes.","for word came unto the king of nineveh, and he arose from his throne, and he laid his robe from him, and covered him with sackcloth, and sat in ashes.",0.07446456403633839,0.07446456403633839,,R0,R1,0.0,
INLIER_BACKGROUND,JON:1:1,JON,Jonah,R0,INLIER,0.1332074914618204,Q4,"Now the word of the Lord came vnto Ionah the sonne of Amittai, saying,","Now the word of the LORD came unto Jonah the son of Amittai, saying,","now the word of the lord came vnto ionah the sonne of amittai, saying,","now the word of the lord came unto jonah the son of amittai, saying,",0.13320749146182043,0.13320749146182043,,R0,R1,0.0,
INLIER_BACKGROUND,JON:3:3,JON,Jonah,R0,INLIER,0.1887221869630483,Q4,"So Ionah arose and went vnto Nineueh, according to the word of the Lord: now Nineueh was an exceeding great citie of three dayes iourney.","So Jonah arose, and went unto Nineveh, according to the word of the LORD. Now Nineveh was an exceeding great city of three days’ journey.","so ionah arose and went vnto nineueh, according to the word of the lord: now nineueh was an exceeding great citie of three dayes iourney.","so jonah arose, and went unto nineveh, according to the word of the lord. now nineveh was an exceeding great city of three days’ journey.",0.18872218696304832,0.18872218696304832,,R0,R1,0.0,
INLIER_BACKGROUND,JOS:15:34,JOS,Joshua,R0,INLIER,2.220446049250313e-16,Q1,"And Zanoah, and Engannim, Tappuah, and Enam,","And Zanoah, and Engannim, Tappuah, and Enam,","and zanoah, and engannim, tappuah, and enam,","and zanoah, and engannim, tappuah, and enam,",2.220446049250313e-16,2.220446049250313e-16,,R0,R1,0.0,
INLIER_BACKGROUND,JOS:23:5,JOS,Joshua,R0,INLIER,0.0248769618337697,Q1,"And the Lord your God, hee shall expell them from before you, and driue them from out of your sight, & ye shall possesse their land, as the Lord your God hath promised vnto you.","And the LORD your God, he shall expel them from before you, and drive them from out of your sight; and ye shall possess their land, as the LORD your God hath promised unto you.","and the lord your god, hee shall expell them from before you, and driue them from out of your sight, & ye shall possesse their land, as the lord your god hath promised vnto you.","and the lord your god, he shall expel them from before you, and drive them from out of your sight; and ye shall possess their land, as the lord your god hath promised unto you.",0.02487696183376975,0.02487696183376975,,R0,R1,0.0,
INLIER_BACKGROUND,JOS:11:2,JOS,Joshua,R0,INLIER,0.0419253764919475,Q2,"And to the kings that were on the North of the mountaines, and of the plaines South of Cinneroth, and in the valley, and in the borders of Dor, on the West;","And to the kings that were on the north of the mountains, and of the plains south of Chinneroth, and in the valley, and in the borders of Dor on the west,","and to the kings that were on the north of the mountaines, and of the plaines south of cinneroth, and in the valley, and in the borders of dor, on the west;","and to the kings that were on the north of the mountains, and of the plains south of chinneroth, and in the valley, and in the borders of dor on the west,",0.0419253764919475,0.0419253764919475,,R0,R1,0.0,
INLIER_BACKGROUND,JOS:23:9,JOS,Joshua,R0,INLIER,0.0465745599474589,Q2,"For the Lord hath driuen out from before you, great nations, and strong: But as for you, no man hath beene able to stand before you vnto this day.","For the LORD hath driven out from before you great nations and strong: but as for you, no man hath been able to stand before you unto this day.","for the lord hath driuen out from before you, great nations, and strong: but as for you, no man hath beene able to stand before you vnto this day.","for the lord hath driven out from before you great nations and strong: but as for you, no man hath been able to stand before you unto this day.",0.04657455994745896,0.04657455994745896,,R0,R1,0.0,
INLIER_BACKGROUND,JOS:19:51,JOS,Joshua,R0,INLIER,0.0832101023200312,Q3,"These are the inheritances which Eleazar the Priest, and Ioshua the sonne of Nun, and the heads of the fathers of the tribes of the children of Israel, diuided for an inheritance by lot, in Shiloh before the Lord, at the doore of the Tabernacle of the Congregation: so they made an end of diuiding the countrey.","These are the inheritances, which Eleazar the priest, and Joshua the son of Nun, and the heads of the fathers of the tribes of the children of Israel, divided for an inheritance by lot in Shiloh before the LORD, at the door of the tabernacle of the congregation. So they made an end of dividing the country.","these are the inheritances which eleazar the priest, and ioshua the sonne of nun, and the heads of the fathers of the tribes of the children of israel, diuided for an inheritance by lot, in shiloh before the lord, at the doore of the tabernacle of the congregation: so they made an end of diuiding the countrey.","these are the inheritances, which eleazar the priest, and joshua the son of nun, and the heads of the fathers of the tribes of the children of israel, divided for an inheritance by lot in shiloh before the lord, at the door of the tabernacle of the congregation. so they made an end of dividing the country.",0.08321010232003123,0.08321010232003123,,R0,R1,0.0,
INLIER_BACKGROUND,JOS:5:2,JOS,Joshua,R0,INLIER,0.0899074209873209,Q3,"¶ At that time the Lord said vnto Ioshua, Make thee sharpe kniues, and circumcise againe the children of Israel the second time.","At that time the LORD said unto Joshua, Make thee sharp knives, and circumcise again the children of Israel the second time.","¶ at that time the lord said vnto ioshua, make thee sharpe kniues, and circumcise againe the children of israel the second time.","at that time the lord said unto joshua, make thee sharp knives, and circumcise again the children of israel the second time.",0.08990742098732096,0.08990742098732096,,R0,R1,0.0,
INLIER_BACKGROUND,JOS:11:19,JOS,Joshua,R0,INLIER,0.0949538080620594,Q4,"There was not a citie that made peace with the children of Israel, saue the Hiuites the inhabitants of Gibeon; all other they tooke in battell.","There was not a city that made peace with the children of Israel, save the Hivites the inhabitants of Gibeon: all other they took in battle.","there was not a citie that made peace with the children of israel, saue the hiuites the inhabitants of gibeon; all other they tooke in battell.","there was not a city that made peace with the children of israel, save the hivites the inhabitants of gibeon: all other they took in battle.",0.09495380806205944,0.09495380806205944,,R0,R1,0.0,
INLIER_BACKGROUND,JOS:6:17,JOS,Joshua,R0,INLIER,0.1589627864029422,Q4,"¶ And the citie shalbe accursed, euen it, and all that are therein, to the Lord: onely Rahab the harlot shal liue, she, and all that are with her in the house, because she hid the messengers that we sent.","And the city shall be accursed, even it, and all that are therein, to the LORD: only Rahab the harlot shall live, she and all that are with her in the house, because she hid the messengers that we sent.","¶ and the citie shalbe accursed, euen it, and all that are therein, to the lord: onely rahab the harlot shal liue, she, and all that are with her in the house, because she hid the messengers that we sent.","and the city shall be accursed, even it, and all that are therein, to the lord: only rahab the harlot shall live, she and all that are with her in the house, because she hid the messengers that we sent.",0.15896278640294226,0.15896278640294226,,R0,R1,0.0,
INLIER_BACKGROUND,JUD:1:8,JUD,Jude,R0,INLIER,0.0160306410292181,Q1,"Likewise also these filthy dreamers defile the flesh, despise dominion, and speake euill of dignities.","Likewise also these filthy dreamers defile the flesh, despise dominion, and speak evil of dignities.","likewise also these filthy dreamers defile the flesh, despise dominion, and speake euill of dignities.","likewise also these filthy dreamers defile the flesh, despise dominion, and speak evil of dignities.",0.01603064102921814,0.01603064102921814,,R0,R1,0.0,
INLIER_BACKGROUND,JUD:1:9,JUD,Jude,R0,INLIER,0.0129678673365627,Q1,"Yet Michael the Archangel, when contending with the deuill, he disputed about the body of Moses, durst not bring against him a railing accusation, but said, The Lord rebuke thee.","Yet Michael the archangel, when contending with the devil he disputed about the body of Moses, durst not bring against him a railing accusation, but said, The Lord rebuke thee.","yet michael the archangel, when contending with the deuill, he disputed about the body of moses, durst not bring against him a railing accusation, but said, the lord rebuke thee.","yet michael the archangel, when contending with the devil he disputed about the body of moses, durst not bring against him a railing accusation, but said, the lord rebuke thee.",0.012967867336562744,0.012967867336562744,,R0,R1,0.0,
INLIER_BACKGROUND,JUD:1:17,JUD,Jude,R0,INLIER,0.0540837249717977,Q2,"But beloued, remember yee the words, which were spoken before of the Apostles of our Lord Iesus Christ:","But, beloved, remember ye the words which were spoken before of the apostles of our Lord Jesus Christ;","but beloued, remember yee the words, which were spoken before of the apostles of our lord iesus christ:","but, beloved, remember ye the words which were spoken before of the apostles of our lord jesus christ;",0.0540837249717977,0.0540837249717977,,R0,R1,0.0,
INLIER_BACKGROUND,JUD:1:24,JUD,Jude,R0,INLIER,0.0487353931334919,Q2,"Now vnto him that is able to keepe you from falling, and to present you faultlesse before the presence of his glory with exceeding ioy,","Now unto him that is able to keep you from falling, and to present you faultless before the presence of his glory with exceeding joy,","now vnto him that is able to keepe you from falling, and to present you faultlesse before the presence of his glory with exceeding ioy,","now unto him that is able to keep you from falling, and to present you faultless before the presence of his glory with exceeding joy,",0.048735393133491955,0.048735393133491955,,R0,R1,0.0,
INLIER_BACKGROUND,JUD:1:12,JUD,Jude,R0,INLIER,0.0710686513808173,Q3,"These are spottes in your feasts of charitie, when they feast with you, feeding themselues without feare: cloudes they are without water, caried about of winds, trees whose fruit withereth, without fruit, twise dead, plucked vp by the rootes.","These are spots in your feasts of charity, when they feast with you, feeding themselves without fear: clouds they are without water, carried about of winds; trees whose fruit withereth, without fruit, twice dead, plucked up by the roots;","these are spottes in your feasts of charitie, when they feast with you, feeding themselues without feare: cloudes they are without water, caried about of winds, trees whose fruit withereth, without fruit, twise dead, plucked vp by the rootes.","these are spots in your feasts of charity, when they feast with you, feeding themselves without fear: clouds they are without water, carried about of winds; trees whose fruit withereth, without fruit, twice dead, plucked up by the roots;",0.0710686513808173,0.0710686513808173,,R0,R1,0.0,
INLIER_BACKGROUND,JUD:1:4,JUD,Jude,R0,INLIER,0.0758584083275076,Q3,"For there are certaine men crept in vnawares, who were before of olde ordained to this condemnation, vngodly men, turning the grace of our God into lasciuiousnesse, and denying the onely Lord God, & our Lord Iesus Christ.","For there are certain men crept in unawares, who were before of old ordained to this condemnation, ungodly men, turning the grace of our God into lasciviousness, and denying the only Lord God, and our Lord Jesus Christ.","for there are certaine men crept in vnawares, who were before of olde ordained to this condemnation, vngodly men, turning the grace of our god into lasciuiousnesse, and denying the onely lord god, & our lord iesus christ.","for there are certain men crept in unawares, who were before of old ordained to this condemnation, ungodly men, turning the grace of our god into lasciviousness, and denying the only lord god, and our lord jesus christ.",0.07585840832750768,0.07585840832750768,,R0,R1,0.0,
INLIER_BACKGROUND,JUD:1:11,JUD,Jude,R0,INLIER,0.108261865168686,Q4,"Wo vnto them, for they haue gone in the way of Kain, and ranne greedily after the errour of Balaam, for reward, and perished in the gainsaying of Core.","Woe unto them! for they have gone in the way of Cain, and ran greedily after the error of Balaam for reward, and perished in the gainsaying of Core.","wo vnto them, for they haue gone in the way of kain, and ranne greedily after the errour of balaam, for reward, and perished in the gainsaying of core.","woe unto them! for they have gone in the way of cain, and ran greedily after the error of balaam for reward, and perished in the gainsaying of core.",0.10826186516868608,0.10826186516868608,,R0,R1,0.0,
INLIER_BACKGROUND,LAM:3:34,LAM,Lamentations,R0,INLIER,0.0260342325500891,Q1,"To crush vnder his feete all the prisoners of the earth,","To crush under his feet all the prisoners of the earth,","to crush vnder his feete all the prisoners of the earth,","to crush under his feet all the prisoners of the earth,",0.026034232550089187,0.026034232550089187,,R0,R1,0.0,
INLIER_BACKGROUND,LAM:4:4,LAM,Lamentations,R0,INLIER,0.010954879401676,Q1,"The tongue of the sucking child cleaueth to the roofe of his mouth for thirst: the young children aske bread, and no man breaketh it vnto them.","The tongue of the sucking child cleaveth to the roof of his mouth for thirst: the young children ask bread, and no man breaketh it unto them.","the tongue of the sucking child cleaueth to the roofe of his mouth for thirst: the young children aske bread, and no man breaketh it vnto them.","the tongue of the sucking child cleaveth to the roof of his mouth for thirst: the young children ask bread, and no man breaketh it unto them.",0.010954879401676054,0.010954879401676054,,R0,R1,0.0,
INLIER_BACKGROUND,LAM:3:44,LAM,Lamentations,R0,INLIER,0.03563057380737,Q2,"Thou hast couered thy selfe with a cloud, that our prayer should not passe through.","Thou hast covered thyself with a cloud, that our prayer should not pass through.","thou hast couered thy selfe with a cloud, that our prayer should not passe through.","thou hast covered thyself with a cloud, that our prayer should not pass through.",0.03563057380737,0.03563057380737,,R0,R1,0.0,
INLIER_BACKGROUND,LAM:5:5,LAM,Lamentations,R0,INLIER,0.0417119225023553,Q2,Our neckes are vnder persecution: we labour and haue no rest.,"Our necks are under persecution: we labour, and have no rest.",our neckes are vnder persecution: we labour and haue no rest.,"our necks are under persecution: we labour, and have no rest.",0.041711922502355336,0.041711922502355336,,R0,R1,0.0,
INLIER_BACKGROUND,LAM:2:3,LAM,Lamentations,R0,INLIER,0.0685101262286859,Q3,"He hath cut off in his fierce anger all the horne of Israel: he hath drawen backe his right hand from before the enemy, and he burned against Iacob like a flaming fire which deuoureth round about.","He hath cut off in his fierce anger all the horn of Israel: he hath drawn back his right hand from before the enemy, and he burned against Jacob like a flaming fire, which devoureth round about.","he hath cut off in his fierce anger all the horne of israel: he hath drawen backe his right hand from before the enemy, and he burned against iacob like a flaming fire which deuoureth round about.","he hath cut off in his fierce anger all the horn of israel: he hath drawn back his right hand from before the enemy, and he burned against jacob like a flaming fire, which devoureth round about.",0.06851012622868591,0.06851012622868591,,R0,R1,0.0,
INLIER_BACKGROUND,LAM:3:65,LAM,Lamentations,R0,INLIER,0.0703129535159552,Q3,"Giue them sorrow of heart, thy curse vnto them.","Give them sorrow of heart, thy curse unto them.","giue them sorrow of heart, thy curse vnto them.","give them sorrow of heart, thy curse unto them.",0.07031295351595523,0.07031295351595523,,R0,R1,0.0,
INLIER_BACKGROUND,LAM:3:43,LAM,Lamentations,R0,INLIER,0.1615114210032899,Q4,"Thou hast couered with anger, and persecuted vs: thou hast slaine, thou hast not pitied.","Thou hast covered with anger, and persecuted us: thou hast slain, thou hast not pitied.","thou hast couered with anger, and persecuted vs: thou hast slaine, thou hast not pitied.","thou hast covered with anger, and persecuted us: thou hast slain, thou hast not pitied.",0.16151142100328997,0.16151142100328997,,R0,R1,0.0,
INLIER_BACKGROUND,LAM:5:11,LAM,Lamentations,R0,INLIER,0.1090297025497993,Q4,"They rauished the women in Zion, and the maides in the cities of Iudah.","They ravished the women in Zion, and the maids in the cities of Judah.","they rauished the women in zion, and the maides in the cities of iudah.","they ravished the women in zion, and the maids in the cities of judah.",0.10902970254979938,0.10902970254979938,,R0,R1,0.0,
INLIER_BACKGROUND,LEV:11:1,LEV,Leviticus,R0,INLIER,0.0261650876862197,Q1,"And the Lord spake vnto Moses, and to Aaron, saying vnto them,","And the LORD spake unto Moses and to Aaron, saying unto them,","and the lord spake vnto moses, and to aaron, saying vnto them,","and the lord spake unto moses and to aaron, saying unto them,",0.026165087686219723,0.026165087686219723,,R0,R1,0.0,
INLIER_BACKGROUND,LEV:25:43,LEV,Leviticus,R0,INLIER,0.0106964431260778,Q1,"Thou shalt not rule ouer him with rigour, but shalt feare thy God.",Thou shalt not rule over him with rigour; but shalt fear thy God.,"thou shalt not rule ouer him with rigour, but shalt feare thy god.",thou shalt not rule over him with rigour; but shalt fear thy god.,0.01069644312607787,0.01069644312607787,,R0,R1,0.0,
INLIER_BACKGROUND,LEV:10:6,LEV,Leviticus,R0,INLIER,0.0320715676400156,Q2,"And Moses said vnto Aaron, and vnto Eleazar and vnto Ithamar his sonnes, Uncouer not your heads, neither rend your clothes, lest you die, and lest wrath come vpon all the people: But let your brethren, the whole house of Israel, bewaile the burning which the Lord hath kindled.","And Moses said unto Aaron, and unto Eleazar and unto Ithamar, his sons, Uncover not your heads, neither rend your clothes; lest ye die, and lest wrath come upon all the people: but let your brethren, the whole house of Israel, bewail the burning which the LORD hath kindled.","and moses said vnto aaron, and vnto eleazar and vnto ithamar his sonnes, uncouer not your heads, neither rend your clothes, lest you die, and lest wrath come vpon all the people: but let your brethren, the whole house of israel, bewaile the burning which the lord hath kindled.","and moses said unto aaron, and unto eleazar and unto ithamar, his sons, uncover not your heads, neither rend your clothes; lest ye die, and lest wrath come upon all the people: but let your brethren, the whole house of israel, bewail the burning which the lord hath kindled.",0.03207156764001562,0.03207156764001562,,R0,R1,0.0,
INLIER_BACKGROUND,LEV:13:47,LEV,Leviticus,R0,INLIER,0.0511588402850856,Q2,"¶ The garment also, that the plague of leprosie is in, whether it bee a woollen garment, or a linnen garment,","The garment also that the plague of leprosy is in, whether it be a woollen garment, or a linen garment;","¶ the garment also, that the plague of leprosie is in, whether it bee a woollen garment, or a linnen garment,","the garment also that the plague of leprosy is in, whether it be a woollen garment, or a linen garment;",0.05115884028508566,0.05115884028508566,,R0,R1,0.0,
INLIER_BACKGROUND,LEV:13:19,LEV,Leviticus,R0,INLIER,0.0844747916113248,Q3,"And in the place of the bile there be a white rising, or a bright spot white, and somewhat reddish, and it be shewed to the Priest:","And in the place of the boil there be a white rising, or a bright spot, white, and somewhat reddish, and it be shewed to the priest;","and in the place of the bile there be a white rising, or a bright spot white, and somewhat reddish, and it be shewed to the priest:","and in the place of the boil there be a white rising, or a bright spot, white, and somewhat reddish, and it be shewed to the priest;",0.08447479161132487,0.08447479161132487,,R0,R1,0.0,
INLIER_BACKGROUND,LEV:26:34,LEV,Leviticus,R0,INLIER,0.0650886184836867,Q3,"Then shall the lande enioy her Sabbaths, as long as it lieth desolate, and yee be in your enemies land, euen then shall the land rest, and enioy her Sabbaths.","Then shall the land enjoy her sabbaths, as long as it lieth desolate, and ye be in your enemies’ land; even then shall the land rest, and enjoy her sabbaths.","then shall the lande enioy her sabbaths, as long as it lieth desolate, and yee be in your enemies land, euen then shall the land rest, and enioy her sabbaths.","then shall the land enjoy her sabbaths, as long as it lieth desolate, and ye be in your enemies’ land; even then shall the land rest, and enjoy her sabbaths.",0.06508861848368674,0.06508861848368674,,R0,R1,0.0,
INLIER_BACKGROUND,LEV:15:23,LEV,Leviticus,R0,INLIER,0.1092585983282096,Q4,"And if it be on her bed, or on any thing whereon she sitteth, when hee toucheth it, he shall be vncleane vntill the Euen.","And if it be on her bed, or on any thing whereon she sitteth, when he toucheth it, he shall be unclean until the even.","and if it be on her bed, or on any thing whereon she sitteth, when hee toucheth it, he shall be vncleane vntill the euen.","and if it be on her bed, or on any thing whereon she sitteth, when he toucheth it, he shall be unclean until the even.",0.10925859832820961,0.10925859832820961,,R0,R1,0.0,
INLIER_BACKGROUND,LEV:19:19,LEV,Leviticus,R0,INLIER,0.1038759979031582,Q4,¶ Yee shall keepe my Statutes: Thou shalt not let thy cattell gender with a diuerse kinde: Thou shalt not sowe thy field with mingled seed: Neither shall a garment mingled of linnen and woollen come vpon thee.,Ye shall keep my statutes. Thou shalt not let thy cattle gender with a diverse kind: thou shalt not sow thy field with mingled seed: neither shall a garment mingled of linen and woollen come upon thee.,¶ yee shall keepe my statutes: thou shalt not let thy cattell gender with a diuerse kinde: thou shalt not sowe thy field with mingled seed: neither shall a garment mingled of linnen and woollen come vpon thee.,ye shall keep my statutes. thou shalt not let thy cattle gender with a diverse kind: thou shalt not sow thy field with mingled seed: neither shall a garment mingled of linen and woollen come upon thee.,0.10387599790315827,0.10387599790315827,,R0,R1,0.0,
INLIER_BACKGROUND,LUK:13:16,LUK,Luke,R0,INLIER,0.0153234633799863,Q1,"And ought not this woman being a daughter of Abraham, whom Satan hath bound, loe these eighteene yeeres, be loosed from this bond on the Sabbath day?","And ought not this woman, being a daughter of Abraham, whom Satan hath bound, lo, these eighteen years, be loosed from this bond on the sabbath day?","and ought not this woman being a daughter of abraham, whom satan hath bound, loe these eighteene yeeres, be loosed from this bond on the sabbath day?","and ought not this woman, being a daughter of abraham, whom satan hath bound, lo, these eighteen years, be loosed from this bond on the sabbath day?",0.015323463379986357,0.015323463379986357,,R0,R1,0.0,
INLIER_BACKGROUND,LUK:20:15,LUK,Luke,R0,INLIER,0.0126318164299417,Q1,"So they cast him out of the vineyard, and killed him. What therefore shall the lord of the vineyard doe vnto them?","So they cast him out of the vineyard, and killed him. What therefore shall the lord of the vineyard do unto them?","so they cast him out of the vineyard, and killed him. what therefore shall the lord of the vineyard doe vnto them?","so they cast him out of the vineyard, and killed him. what therefore shall the lord of the vineyard do unto them?",0.012631816429941711,0.012631816429941711,,R0,R1,0.0,
INLIER_BACKGROUND,LUK:22:60,LUK,Luke,R0,INLIER,0.0325637819469641,Q2,"And Peter said, Man, I know not what thou sayest. And immediately while he yet spake, the cocke crew.","And Peter said, Man, I know not what thou sayest. And immediately, while he yet spake, the cock crew.","and peter said, man, i know not what thou sayest. and immediately while he yet spake, the cocke crew.","and peter said, man, i know not what thou sayest. and immediately, while he yet spake, the cock crew.",0.03256378194696419,0.03256378194696419,,R0,R1,0.0,
INLIER_BACKGROUND,LUK:24:20,LUK,Luke,R0,INLIER,0.0480936063604566,Q2,"And how the chiefe Priests and our rulers deliuered him to be condemned to death, and haue crucified him.","And how the chief priests and our rulers delivered him to be condemned to death, and have crucified him.","and how the chiefe priests and our rulers deliuered him to be condemned to death, and haue crucified him.","and how the chief priests and our rulers delivered him to be condemned to death, and have crucified him.",0.048093606360456675,0.048093606360456675,,R0,R1,0.0,
INLIER_BACKGROUND,LUK:10:41,LUK,Luke,R0,INLIER,0.0757136355283292,Q3,"And Iesus answered, and saide vnto her, Martha, Martha, thou art carefull, and troubled about many things:","And Jesus answered and said unto her, Martha, Martha, thou art careful and troubled about many things:","and iesus answered, and saide vnto her, martha, martha, thou art carefull, and troubled about many things:","and jesus answered and said unto her, martha, martha, thou art careful and troubled about many things:",0.07571363552832922,0.07571363552832922,,R0,R1,0.0,
INLIER_BACKGROUND,LUK:23:51,LUK,Luke,R0,INLIER,0.0561207405285625,Q3,"(The same had not consented to the counsell and deede of them) he was of Arimathea, a city of the Iewes (who also himselfe waited for the kingdome of God.)","(The same had not consented to the counsel and deed of them;) he was of Arimathaea, a city of the Jews: who also himself waited for the kingdom of God.","(the same had not consented to the counsell and deede of them) he was of arimathea, a city of the iewes (who also himselfe waited for the kingdome of god.)","(the same had not consented to the counsel and deed of them;) he was of arimathaea, a city of the jews: who also himself waited for the kingdom of god.",0.05612074052856253,0.05612074052856253,,R0,R1,0.0,
INLIER_BACKGROUND,LUK:21:10,LUK,Luke,R0,INLIER,0.0979539417172362,Q4,"Then said he vnto them, Nation shall rise against nation, and kingdome against kingdome:","Then said he unto them, Nation shall rise against nation, and kingdom against kingdom:","then said he vnto them, nation shall rise against nation, and kingdome against kingdome:","then said he unto them, nation shall rise against nation, and kingdom against kingdom:",0.09795394171723626,0.09795394171723626,,R0,R1,0.0,
INLIER_BACKGROUND,LUK:24:19,LUK,Luke,R0,INLIER,0.1128461534810277,Q4,"And hee saide vnto them, What things? And they said vnto him, Concerning Iesus of Nazareth, which was a Prophet, mighty in deede and word before God, and all the people.","And he said unto them, What things? And they said unto him, Concerning Jesus of Nazareth, which was a prophet mighty in deed and word before God and all the people:","and hee saide vnto them, what things? and they said vnto him, concerning iesus of nazareth, which was a prophet, mighty in deede and word before god, and all the people.","and he said unto them, what things? and they said unto him, concerning jesus of nazareth, which was a prophet mighty in deed and word before god and all the people:",0.11284615348102778,0.11284615348102778,,R0,R1,0.0,
INLIER_BACKGROUND,MAL:1:3,MAL,Malachi,R0,INLIER,0.0159172722242407,Q1,"And I hated Esau, and layde his mountaines, and his heritage waste, for the dragons of the wildernesse.","And I hated Esau, and laid his mountains and his heritage waste for the dragons of the wilderness.","and i hated esau, and layde his mountaines, and his heritage waste, for the dragons of the wildernesse.","and i hated esau, and laid his mountains and his heritage waste for the dragons of the wilderness.",0.015917272224240775,0.015917272224240775,,R0,R1,0.0,
INLIER_BACKGROUND,MAL:3:9,MAL,Malachi,R0,INLIER,0.0167833779549928,Q1,"Ye are cursed with a curse: for ye haue robbed me, euen this whole nation.","Ye are cursed with a curse: for ye have robbed me, even this whole nation.","ye are cursed with a curse: for ye haue robbed me, euen this whole nation.","ye are cursed with a curse: for ye have robbed me, even this whole nation.",0.01678337795499285,0.01678337795499285,,R0,R1,0.0,
INLIER_BACKGROUND,MAL:3:13,MAL,Malachi,R0,INLIER,0.0556474239396288,Q2,"¶ Your words haue bin stout against me, saith the Lord, yet ye say, What haue we spoken so much against thee?","Your words have been stout against me, saith the LORD. Yet ye say, What have we spoken so much against thee?","¶ your words haue bin stout against me, saith the lord, yet ye say, what haue we spoken so much against thee?","your words have been stout against me, saith the lord. yet ye say, what have we spoken so much against thee?",0.05564742393962885,0.05564742393962885,,R0,R1,0.0,
INLIER_BACKGROUND,MAL:3:18,MAL,Malachi,R0,INLIER,0.0385141586691784,Q2,"Then shall yee returne and discerne betweene the righteous and the wicked, betweene him that serueth God, and him that serueth him not.","Then shall ye return, and discern between the righteous and the wicked, between him that serveth God and him that serveth him not.","then shall yee returne and discerne betweene the righteous and the wicked, betweene him that serueth god, and him that serueth him not.","then shall ye return, and discern between the righteous and the wicked, between him that serveth god and him that serveth him not.",0.0385141586691784,0.0385141586691784,,R0,R1,0.0,
INLIER_BACKGROUND,MAL:3:15,MAL,Malachi,R0,INLIER,0.0845439918465108,Q3,"And now we call the proud happy: yea, they that worke wickednes are set vp, yea they that tempt God, are euen deliuered.","And now we call the proud happy; yea, they that work wickedness are set up; yea, they that tempt God are even delivered.","and now we call the proud happy: yea, they that worke wickednes are set vp, yea they that tempt god, are euen deliuered.","and now we call the proud happy; yea, they that work wickedness are set up; yea, they that tempt god are even delivered.",0.08454399184651085,0.08454399184651085,,R0,R1,0.0,
INLIER_BACKGROUND,MAL:3:6,MAL,Malachi,R0,INLIER,0.0823866362016001,Q3,"For I am the Lord, I change not: therefore ye sonnes of Iacob are not consumed.","For I am the LORD, I change not; therefore ye sons of Jacob are not consumed.","for i am the lord, i change not: therefore ye sonnes of iacob are not consumed.","for i am the lord, i change not; therefore ye sons of jacob are not consumed.",0.08238663620160014,0.08238663620160014,,R0,R1,0.0,
INLIER_BACKGROUND,MAL:3:3,MAL,Malachi,R0,INLIER,0.1144387541524768,Q4,"And he shall sit as a refiner and purifier of siluer: and he shall purifie the sonnes of Leui, and purge them as gold & siluer, that they may offer vnto the Lord an offring in righteousnes.","And he shall sit as a refiner and purifier of silver: and he shall purify the sons of Levi, and purge them as gold and silver, that they may offer unto the LORD an offering in righteousness.","and he shall sit as a refiner and purifier of siluer: and he shall purifie the sonnes of leui, and purge them as gold & siluer, that they may offer vnto the lord an offring in righteousnes.","and he shall sit as a refiner and purifier of silver: and he shall purify the sons of levi, and purge them as gold and silver, that they may offer unto the lord an offering in righteousness.",0.11443875415247684,0.11443875415247684,,R0,R1,0.0,
INLIER_BACKGROUND,MAL:3:7,MAL,Malachi,R0,INLIER,0.1072801372093731,Q4,"¶ Euen from the dayes of your fathers yee are gone away from mine ordinances, and haue not kept them: returne vnto me, and I will returne vnto you, saith the Lord of hosts: But ye said, Wherein shall we returne?","Even from the days of your fathers ye are gone away from mine ordinances, and have not kept them. Return unto me, and I will return unto you, saith the LORD of hosts. But ye said, Wherein shall we return?","¶ euen from the dayes of your fathers yee are gone away from mine ordinances, and haue not kept them: returne vnto me, and i will returne vnto you, saith the lord of hosts: but ye said, wherein shall we returne?","even from the days of your fathers ye are gone away from mine ordinances, and have not kept them. return unto me, and i will return unto you, saith the lord of hosts. but ye said, wherein shall we return?",0.10728013720937313,0.10728013720937313,,R0,R1,0.0,
INLIER_BACKGROUND,MAT:10:31,MAT,Matthew,R0,INLIER,0.0293949347086789,Q1,"Feare yee not therefore, ye are of more value then many Sparrowes.","Fear ye not therefore, ye are of more value than many sparrows.","feare yee not therefore, ye are of more value then many sparrowes.","fear ye not therefore, ye are of more value than many sparrows.",0.029394934708678933,0.029394934708678933,,R0,R1,0.0,
INLIER_BACKGROUND,MAT:12:6,MAT,Matthew,R0,INLIER,0.0251116308713615,Q1,"But I saye vnto you, that in this place is one greater then the Temple.","But I say unto you, That in this place is one greater than the temple.","but i saye vnto you, that in this place is one greater then the temple.","but i say unto you, that in this place is one greater than the temple.",0.02511163087136159,0.02511163087136159,,R0,R1,0.0,
INLIER_BACKGROUND,MAT:11:21,MAT,Matthew,R0,INLIER,0.0376178310791538,Q2,"Woe vnto thee Chorazin, woe vnto thee Bethsaida: for if the mightie workes which were done in you, had bene done in Tyre and Sidon, they would haue repented long agoe in sackcloth and ashes.","Woe unto thee, Chorazin! woe unto thee, Bethsaida! for if the mighty works, which were done in you, had been done in Tyre and Sidon, they would have repented long ago in sackcloth and ashes.","woe vnto thee chorazin, woe vnto thee bethsaida: for if the mightie workes which were done in you, had bene done in tyre and sidon, they would haue repented long agoe in sackcloth and ashes.","woe unto thee, chorazin! woe unto thee, bethsaida! for if the mighty works, which were done in you, had been done in tyre and sidon, they would have repented long ago in sackcloth and ashes.",0.03761783107915384,0.03761783107915384,,R0,R1,0.0,
INLIER_BACKGROUND,MAT:12:11,MAT,Matthew,R0,INLIER,0.0478423327657806,Q2,"And hee said vnto them, What man shal there be among you, that shall haue one sheepe: and if it fall into a pit on the Sabbath day, will hee not lay hold on it, and lift it out?","And he said unto them, What man shall there be among you, that shall have one sheep, and if it fall into a pit on the sabbath day, will he not lay hold on it, and lift it out?","and hee said vnto them, what man shal there be among you, that shall haue one sheepe: and if it fall into a pit on the sabbath day, will hee not lay hold on it, and lift it out?","and he said unto them, what man shall there be among you, that shall have one sheep, and if it fall into a pit on the sabbath day, will he not lay hold on it, and lift it out?",0.04784233276578065,0.04784233276578065,,R0,R1,0.0,
INLIER_BACKGROUND,MAT:20:12,MAT,Matthew,R0,INLIER,0.076783509854595,Q3,"Saying, These last haue wrought but one houre, and thou hast made them equall vnto vs, which haue borne the burden, and heat of the day.","Saying, These last have wrought but one hour, and thou hast made them equal unto us, which have borne the burden and heat of the day.","saying, these last haue wrought but one houre, and thou hast made them equall vnto vs, which haue borne the burden, and heat of the day.","saying, these last have wrought but one hour, and thou hast made them equal unto us, which have borne the burden and heat of the day.",0.07678350985459503,0.07678350985459503,,R0,R1,0.0,
INLIER_BACKGROUND,MAT:8:11,MAT,Matthew,R0,INLIER,0.068831579422782,Q3,"And I say vnto you, that many shall come from the East and West, and shal sit downe with Abraham, and Isaac, & Iacob, in the kingdome of heauen:","And I say unto you, That many shall come from the east and west, and shall sit down with Abraham, and Isaac, and Jacob, in the kingdom of heaven.","and i say vnto you, that many shall come from the east and west, and shal sit downe with abraham, and isaac, & iacob, in the kingdome of heauen:","and i say unto you, that many shall come from the east and west, and shall sit down with abraham, and isaac, and jacob, in the kingdom of heaven.",0.06883157942278206,0.06883157942278206,,R0,R1,0.0,
INLIER_BACKGROUND,MAT:1:11,MAT,Matthew,R0,INLIER,0.1442124041950867,Q4,"And Iosias begate Iechonias and his brethren, about the time they were caried away to Babylon.","And Josias begat Jechonias and his brethren, about the time they were carried away to Babylon:","and iosias begate iechonias and his brethren, about the time they were caried away to babylon.","and josias begat jechonias and his brethren, about the time they were carried away to babylon:",0.14421240419508674,0.14421240419508674,,R0,R1,0.0,
INLIER_BACKGROUND,MAT:5:43,MAT,Matthew,R0,INLIER,0.167209126985567,Q4,"¶ Yee haue heard, that it hath beene said, Thou shalt loue thy neighbour, and hate thine enemie:","Ye have heard that it hath been said, Thou shalt love thy neighbour, and hate thine enemy.","¶ yee haue heard, that it hath beene said, thou shalt loue thy neighbour, and hate thine enemie:","ye have heard that it hath been said, thou shalt love thy neighbour, and hate thine enemy.",0.167209126985567,0.167209126985567,,R0,R1,0.0,
INLIER_BACKGROUND,MIC:1:2,MIC,Micah,R0,INLIER,0.0191525902905339,Q1,"Heare all ye people, hearken O earth, and all that therein is, and let the Lord God be witnesse against you, the Lord from his holy temple.","Hear, all ye people; hearken, O earth, and all that therein is: and let the Lord GOD be witness against you, the LORD from his holy temple.","heare all ye people, hearken o earth, and all that therein is, and let the lord god be witnesse against you, the lord from his holy temple.","hear, all ye people; hearken, o earth, and all that therein is: and let the lord god be witness against you, the lord from his holy temple.",0.019152590290533955,0.019152590290533955,,R0,R1,0.0,
INLIER_BACKGROUND,MIC:7:17,MIC,Micah,R0,INLIER,0.0108554969868779,Q1,"They shall licke the dust like a serpent, they shall moue out of their holes like wormes of the earth: they shall be afraid of the Lord our God, and shall feare because of thee.","They shall lick the dust like a serpent, they shall move out of their holes like worms of the earth: they shall be afraid of the LORD our God, and shall fear because of thee.","they shall licke the dust like a serpent, they shall moue out of their holes like wormes of the earth: they shall be afraid of the lord our god, and shall feare because of thee.","they shall lick the dust like a serpent, they shall move out of their holes like worms of the earth: they shall be afraid of the lord our god, and shall fear because of thee.",0.010855496986877933,0.010855496986877933,,R0,R1,0.0,
INLIER_BACKGROUND,MIC:3:12,MIC,Micah,R0,INLIER,0.0404617336758975,Q2,"Therefore shall Zion for your sake be plowed as a field, and Ierusalem shal become heapes, and the mountaine of the house, as the high places of the forrest.","Therefore shall Zion for your sake be plowed as a field, and Jerusalem shall become heaps, and the mountain of the house as the high places of the forest.","therefore shall zion for your sake be plowed as a field, and ierusalem shal become heapes, and the mountaine of the house, as the high places of the forrest.","therefore shall zion for your sake be plowed as a field, and jerusalem shall become heaps, and the mountain of the house as the high places of the forest.",0.04046173367589756,0.04046173367589756,,R0,R1,0.0,
INLIER_BACKGROUND,MIC:4:11,MIC,Micah,R0,INLIER,0.0423188256684669,Q2,"¶ Now also many nations are gathered against thee, that say, Let her be defiled, & let our eye look vpon Zion.","Now also many nations are gathered against thee, that say, Let her be defiled, and let our eye look upon Zion.","¶ now also many nations are gathered against thee, that say, let her be defiled, & let our eye look vpon zion.","now also many nations are gathered against thee, that say, let her be defiled, and let our eye look upon zion.",0.0423188256684669,0.0423188256684669,,R0,R1,0.0,
INLIER_BACKGROUND,MIC:4:12,MIC,Micah,R0,INLIER,0.060458897179771,Q3,"But they know not the thoughts of the Lord, neither vnderstand they his counsell: for hee shall gather them as the sheaues into the floore.","But they know not the thoughts of the LORD, neither understand they his counsel: for he shall gather them as the sheaves into the floor.","but they know not the thoughts of the lord, neither vnderstand they his counsell: for hee shall gather them as the sheaues into the floore.","but they know not the thoughts of the lord, neither understand they his counsel: for he shall gather them as the sheaves into the floor.",0.06045889717977104,0.06045889717977104,,R0,R1,0.0,
INLIER_BACKGROUND,MIC:5:6,MIC,Micah,R0,INLIER,0.0657819794134311,Q3,"And they shall waste the land of Assyria with the sword, and the land of Nimrod in the entrances thereof: thus shall hee deliuer vs from the Assyrian, when he commeth into our land, and when hee treadeth within our borders.","And they shall waste the land of Assyria with the sword, and the land of Nimrod in the entrances thereof: thus shall he deliver us from the Assyrian, when he cometh into our land, and when he treadeth within our borders.","and they shall waste the land of assyria with the sword, and the land of nimrod in the entrances thereof: thus shall hee deliuer vs from the assyrian, when he commeth into our land, and when hee treadeth within our borders.","and they shall waste the land of assyria with the sword, and the land of nimrod in the entrances thereof: thus shall he deliver us from the assyrian, when he cometh into our land, and when he treadeth within our borders.",0.06578197941343111,0.06578197941343111,,R0,R1,0.0,
INLIER_BACKGROUND,MIC:3:1,MIC,Micah,R0,INLIER,0.1004772586143671,Q4,"And I said, Heare, I pray you, O heads of Iacob, and ye princes of the house of Israel: is it not for you to know iudgement?","And I said, Hear, I pray you, O heads of Jacob, and ye princes of the house of Israel; Is it not for you to know judgment?","and i said, heare, i pray you, o heads of iacob, and ye princes of the house of israel: is it not for you to know iudgement?","and i said, hear, i pray you, o heads of jacob, and ye princes of the house of israel; is it not for you to know judgment?",0.10047725861436718,0.10047725861436718,,R0,R1,0.0,
INLIER_BACKGROUND,MIC:5:2,MIC,Micah,R0,INLIER,0.139881617737167,Q4,"But thou Beth-leem Ephratah, though thou bee little among the thousands of Iudah, yet out of thee shall he come foorth vnto mee, that is to be ruler in Israel: whose goings foorth haue bene from of old, from euerlasting.","But thou, Bethlehem Ephratah, though thou be little among the thousands of Judah, yet out of thee shall he come forth unto me that is to be ruler in Israel; whose goings forth have been from of old, from everlasting.","but thou beth-leem ephratah, though thou bee little among the thousands of iudah, yet out of thee shall he come foorth vnto mee, that is to be ruler in israel: whose goings foorth haue bene from of old, from euerlasting.","but thou, bethlehem ephratah, though thou be little among the thousands of judah, yet out of thee shall he come forth unto me that is to be ruler in israel; whose goings forth have been from of old, from everlasting.",0.139881617737167,0.139881617737167,,R0,R1,0.0,
INLIER_BACKGROUND,MRK:1:40,MRK,Mark,R0,INLIER,0.0090396288138204,Q1,"And there came a leper to him, beseeching him, and kneeling downe to him, and saying vnto him, If thou wilt, thou canst make me cleane.","And there came a leper to him, beseeching him, and kneeling down to him, and saying unto him, If thou wilt, thou canst make me clean.","and there came a leper to him, beseeching him, and kneeling downe to him, and saying vnto him, if thou wilt, thou canst make me cleane.","and there came a leper to him, beseeching him, and kneeling down to him, and saying unto him, if thou wilt, thou canst make me clean.",0.009039628813820477,0.009039628813820477,,R0,R1,0.0,
INLIER_BACKGROUND,MRK:7:17,MRK,Mark,R0,INLIER,0.0147242299482803,Q1,"And when hee was entred into the house from the people, his disciples asked him concerning the parable.","And when he was entered into the house from the people, his disciples asked him concerning the parable.","and when hee was entred into the house from the people, his disciples asked him concerning the parable.","and when he was entered into the house from the people, his disciples asked him concerning the parable.",0.014724229948280376,0.014724229948280376,,R0,R1,0.0,
INLIER_BACKGROUND,MRK:14:70,MRK,Mark,R0,INLIER,0.0503855087575216,Q2,"And he denied it againe. And a little after, they that stood by said againe to Peter, Surely thou art one of them: for thou art a Galilean, and thy speach agreeth thereto.","And he denied it again. And a little after, they that stood by said again to Peter, Surely thou art one of them: for thou art a Galilaean, and thy speech agreeth thereto.","and he denied it againe. and a little after, they that stood by said againe to peter, surely thou art one of them: for thou art a galilean, and thy speach agreeth thereto.","and he denied it again. and a little after, they that stood by said again to peter, surely thou art one of them: for thou art a galilaean, and thy speech agreeth thereto.",0.05038550875752168,0.05038550875752168,,R0,R1,0.0,
INLIER_BACKGROUND,MRK:1:17,MRK,Mark,R0,INLIER,0.0459000768295757,Q2,"And Iesus said vnto them, Come ye after me; and I will make you to become fishers of men.","And Jesus said unto them, Come ye after me, and I will make you to become fishers of men.","and iesus said vnto them, come ye after me; and i will make you to become fishers of men.","and jesus said unto them, come ye after me, and i will make you to become fishers of men.",0.04590007682957575,0.04590007682957575,,R0,R1,0.0,
INLIER_BACKGROUND,MRK:14:1,MRK,Mark,R0,INLIER,0.0763258343052115,Q3,"After two dayes was the feast of the Passeouer, and of vnleauened bread: and the chiefe Priests, and the Scribes sought how they might take him by craft, and put him to death.","After two days was the feast of the passover, and of unleavened bread: and the chief priests and the scribes sought how they might take him by craft, and put him to death.","after two dayes was the feast of the passeouer, and of vnleauened bread: and the chiefe priests, and the scribes sought how they might take him by craft, and put him to death.","after two days was the feast of the passover, and of unleavened bread: and the chief priests and the scribes sought how they might take him by craft, and put him to death.",0.07632583430521156,0.07632583430521156,,R0,R1,0.0,
INLIER_BACKGROUND,MRK:7:24,MRK,Mark,R0,INLIER,0.0803103269333326,Q3,"¶ And from thence he arose, and went into the borders of Tyre and Sidon, and entred into an house, and would haue no man know it, but hee could not be hid.","And from thence he arose, and went into the borders of Tyre and Sidon, and entered into an house, and would have no man know it: but he could not be hid.","¶ and from thence he arose, and went into the borders of tyre and sidon, and entred into an house, and would haue no man know it, but hee could not be hid.","and from thence he arose, and went into the borders of tyre and sidon, and entered into an house, and would have no man know it: but he could not be hid.",0.08031032693333262,0.08031032693333262,,R0,R1,0.0,
INLIER_BACKGROUND,MRK:11:15,MRK,Mark,R0,INLIER,0.178847030874428,Q4,"¶ And they come to Hierusalem, and Iesus went into the Temple, and beganne to cast out them that sold and bought in the Temple, and ouerthrew the tables of the money changers, and the seats of them that sold doues,","And they come to Jerusalem: and Jesus went into the temple, and began to cast out them that sold and bought in the temple, and overthrew the tables of the moneychangers, and the seats of them that sold doves;","¶ and they come to hierusalem, and iesus went into the temple, and beganne to cast out them that sold and bought in the temple, and ouerthrew the tables of the money changers, and the seats of them that sold doues,","and they come to jerusalem: and jesus went into the temple, and began to cast out them that sold and bought in the temple, and overthrew the tables of the moneychangers, and the seats of them that sold doves;",0.178847030874428,0.178847030874428,,R0,R1,0.0,
INLIER_BACKGROUND,MRK:13:13,MRK,Mark,R0,INLIER,0.1304682132666995,Q4,"And ye shall bee hated of all men for my Names sake: but hee that shall endure vnto the ende, the same shall be saued.","And ye shall be hated of all men for my name’s sake: but he that shall endure unto the end, the same shall be saved.","and ye shall bee hated of all men for my names sake: but hee that shall endure vnto the ende, the same shall be saued.","and ye shall be hated of all men for my name’s sake: but he that shall endure unto the end, the same shall be saved.",0.13046821326669955,0.13046821326669955,,R0,R1,0.0,
INLIER_BACKGROUND,NAH:1:1,NAH,Nahum,R0,INLIER,0.0293410808367547,Q1,The burden of Nineueh. The book of the vision of Nahum the Elkoshite.,The burden of Nineveh. The book of the vision of Nahum the Elkoshite.,the burden of nineueh. the book of the vision of nahum the elkoshite.,the burden of nineveh. the book of the vision of nahum the elkoshite.,0.029341080836754796,0.029341080836754796,,R0,R1,0.0,
INLIER_BACKGROUND,NAH:1:6,NAH,Nahum,R0,INLIER,0.0260678579729831,Q1,"Who can stand before his indignation? and who can abide in the fiercenesse of his anger? his furie is powred out like fire, and the rocks are throwen downe by him.","Who can stand before his indignation? and who can abide in the fierceness of his anger? his fury is poured out like fire, and the rocks are thrown down by him.","who can stand before his indignation? and who can abide in the fiercenesse of his anger? his furie is powred out like fire, and the rocks are throwen downe by him.","who can stand before his indignation? and who can abide in the fierceness of his anger? his fury is poured out like fire, and the rocks are thrown down by him.",0.026067857972983166,0.026067857972983166,,R0,R1,0.0,
INLIER_BACKGROUND,NAH:3:18,NAH,Nahum,R0,INLIER,0.0460165938782078,Q2,"Thy shepheards slumber, O king of Assyria: thy nobles shall dwell in the dust: thy people is scattered vpon the mountaines, & no man gathereth them.","Thy shepherds slumber, O king of Assyria: thy nobles shall dwell in the dust: thy people is scattered upon the mountains, and no man gathereth them.","thy shepheards slumber, o king of assyria: thy nobles shall dwell in the dust: thy people is scattered vpon the mountaines, & no man gathereth them.","thy shepherds slumber, o king of assyria: thy nobles shall dwell in the dust: thy people is scattered upon the mountains, and no man gathereth them.",0.04601659387820789,0.04601659387820789,,R0,R1,0.0,
INLIER_BACKGROUND,NAH:3:2,NAH,Nahum,R0,INLIER,0.054650052705598,Q2,"The noise of a whip, and the noise of the rattling of the wheeles, and of the praunsing horses, and of the iumping charets.","The noise of a whip, and the noise of the rattling of the wheels, and of the pransing horses, and of the jumping chariots.","the noise of a whip, and the noise of the rattling of the wheeles, and of the praunsing horses, and of the iumping charets.","the noise of a whip, and the noise of the rattling of the wheels, and of the pransing horses, and of the jumping chariots.",0.054650052705598084,0.054650052705598084,,R0,R1,0.0,
INLIER_BACKGROUND,NAH:1:15,NAH,Nahum,R0,INLIER,0.067019177208206,Q3,"Behold vpon the mountaines the feete of him that bringeth good tidings, that publisheth peace. O Iudah keepe thy solemne feasts, performe thy vowes: for the wicked shall no more passe through thee, he is vtterly cut off.","Behold upon the mountains the feet of him that bringeth good tidings, that publisheth peace! O Judah, keep thy solemn feasts, perform thy vows: for the wicked shall no more pass through thee; he is utterly cut off.","behold vpon the mountaines the feete of him that bringeth good tidings, that publisheth peace. o iudah keepe thy solemne feasts, performe thy vowes: for the wicked shall no more passe through thee, he is vtterly cut off.","behold upon the mountains the feet of him that bringeth good tidings, that publisheth peace! o judah, keep thy solemn feasts, perform thy vows: for the wicked shall no more pass through thee; he is utterly cut off.",0.06701917720820605,0.06701917720820605,,R0,R1,0.0,
INLIER_BACKGROUND,NAH:3:16,NAH,Nahum,R0,INLIER,0.0744181901866039,Q3,Thou hast multiplied thy merchants aboue the starres of heauen; the cankerworme spoileth & flieth away.,"Thou hast multiplied thy merchants above the stars of heaven: the cankerworm spoileth, and fleeth away.",thou hast multiplied thy merchants aboue the starres of heauen; the cankerworme spoileth & flieth away.,"thou hast multiplied thy merchants above the stars of heaven: the cankerworm spoileth, and fleeth away.",0.0744181901866039,0.0744181901866039,,R0,R1,0.0,
INLIER_BACKGROUND,NAH:1:8,NAH,Nahum,R0,INLIER,0.1060227660228216,Q4,"But with an ouer-running flood he will make an vtter ende of the place thereof, and darkenesse shall pursue his enemies.","But with an overrunning flood he will make an utter end of the place thereof, and darkness shall pursue his enemies.","but with an ouer-running flood he will make an vtter ende of the place thereof, and darkenesse shall pursue his enemies.","but with an overrunning flood he will make an utter end of the place thereof, and darkness shall pursue his enemies.",0.10602276602282168,0.10602276602282168,,R0,R1,0.0,
INLIER_BACKGROUND,NAH:3:1,NAH,Nahum,R0,INLIER,0.0932402610356594,Q4,"Woe to the bloody City, it is all full of lyes and robberie, the pray departeth not.",Woe to the bloody city! it is all full of lies and robbery; the prey departeth not;,"woe to the bloody city, it is all full of lyes and robberie, the pray departeth not.",woe to the bloody city! it is all full of lies and robbery; the prey departeth not;,0.09324026103565941,0.09324026103565941,,R0,R1,0.0,
INLIER_BACKGROUND,NEH:10:1,NEH,Nehemiah,R0,INLIER,0.0277376531616818,Q1,"Now those that sealed were, Nehemiah the Tirshatha the sonne of Hachaliah, and Zidkiiah,","Now those that sealed were, Nehemiah, the Tirshatha, the son of Hachaliah, and Zidkijah,","now those that sealed were, nehemiah the tirshatha the sonne of hachaliah, and zidkiiah,","now those that sealed were, nehemiah, the tirshatha, the son of hachaliah, and zidkijah,",0.027737653161681863,0.027737653161681863,,R0,R1,0.0,
INLIER_BACKGROUND,NEH:9:12,NEH,Nehemiah,R0,INLIER,0.015024495072705,Q1,"Moreouer thou leddest them in the day by a cloudy pillar, and in the night, by a pillar of fire, to giue them light in the way wherin they should go.","Moreover thou leddest them in the day by a cloudy pillar; and in the night by a pillar of fire, to give them light in the way wherein they should go.","moreouer thou leddest them in the day by a cloudy pillar, and in the night, by a pillar of fire, to giue them light in the way wherin they should go.","moreover thou leddest them in the day by a cloudy pillar; and in the night by a pillar of fire, to give them light in the way wherein they should go.",0.01502449507270509,0.01502449507270509,,R0,R1,0.0,
INLIER_BACKGROUND,NEH:10:14,NEH,Nehemiah,R0,INLIER,0.0341148250340117,Q2,"The chiefe of the people. Parosh, Pahath-Moab, Elam, Zatthu, Bani,","The chief of the people; Parosh, Pahathmoab, Elam, Zatthu, Bani,","the chiefe of the people. parosh, pahath-moab, elam, zatthu, bani,","the chief of the people; parosh, pahathmoab, elam, zatthu, bani,",0.03411482503401175,0.03411482503401175,,R0,R1,0.0,
INLIER_BACKGROUND,NEH:8:5,NEH,Nehemiah,R0,INLIER,0.0413081835804255,Q2,"And Ezra opened the booke in the sight of all the people (for hee was aboue al the people) and when he opened it, all the people stood vp:","And Ezra opened the book in the sight of all the people; (for he was above all the people;) and when he opened it, all the people stood up:","and ezra opened the booke in the sight of all the people (for hee was aboue al the people) and when he opened it, all the people stood vp:","and ezra opened the book in the sight of all the people; (for he was above all the people;) and when he opened it, all the people stood up:",0.04130818358042554,0.04130818358042554,,R0,R1,0.0,
INLIER_BACKGROUND,NEH:11:17,NEH,Nehemiah,R0,INLIER,0.0843680881047439,Q3,"And Mattaniah the sonne of Micha, the sonne of Zabdi, the sonne of Asaph, was the principall to beginne the thankesgiuing in prayer: and Bakbukiah the second among his brethren, and Abda the sonne of Shammua, the sonne of Galal, the sonne of Ieduthun.","And Mattaniah the son of Micha, the son of Zabdi, the son of Asaph, was the principal to begin the thanksgiving in prayer: and Bakbukiah the second among his brethren, and Abda the son of Shammua, the son of Galal, the son of Jeduthun.","and mattaniah the sonne of micha, the sonne of zabdi, the sonne of asaph, was the principall to beginne the thankesgiuing in prayer: and bakbukiah the second among his brethren, and abda the sonne of shammua, the sonne of galal, the sonne of ieduthun.","and mattaniah the son of micha, the son of zabdi, the son of asaph, was the principal to begin the thanksgiving in prayer: and bakbukiah the second among his brethren, and abda the son of shammua, the son of galal, the son of jeduthun.",0.08436808810474394,0.08436808810474394,,R0,R1,0.0,
INLIER_BACKGROUND,NEH:7:11,NEH,Nehemiah,R0,INLIER,0.0897494855265664,Q3,"The children of Pahath-Moab, of the children of Ieshua, and Ioab, two thousand, and eight hundred, and eighteene.","The children of Pahathmoab, of the children of Jeshua and Joab, two thousand and eight hundred and eighteen.","the children of pahath-moab, of the children of ieshua, and ioab, two thousand, and eight hundred, and eighteene.","the children of pahathmoab, of the children of jeshua and joab, two thousand and eight hundred and eighteen.",0.08974948552656647,0.08974948552656647,,R0,R1,0.0,
INLIER_BACKGROUND,NEH:3:28,NEH,Nehemiah,R0,INLIER,0.1069492687094427,Q4,"From aboue the horsegate repaired the Priests, euery one ouer against his house.","From above the horse gate repaired the priests, every one over against his house.","from aboue the horsegate repaired the priests, euery one ouer against his house.","from above the horse gate repaired the priests, every one over against his house.",0.10694926870944277,0.10694926870944277,,R0,R1,0.0,
INLIER_BACKGROUND,NEH:7:42,NEH,Nehemiah,R0,INLIER,0.0899577278758132,Q4,"The children of Harim, a thousand, and seuenteene.","The children of Harim, a thousand and seventeen.","the children of harim, a thousand, and seuenteene.","the children of harim, a thousand and seventeen.",0.08995772787581324,0.08995772787581324,,R0,R1,0.0,
INLIER_BACKGROUND,NUM:21:2,NUM,Numbers,R0,INLIER,0.0297579795704961,Q1,"And Israel vowed a vow vnto the Lord, and said, If thou wilt in deed deliuer this people into my hand, then I wil vtterly destroy their cities.","And Israel vowed a vow unto the LORD, and said, If thou wilt indeed deliver this people into my hand, then I will utterly destroy their cities.","and israel vowed a vow vnto the lord, and said, if thou wilt in deed deliuer this people into my hand, then i wil vtterly destroy their cities.","and israel vowed a vow unto the lord, and said, if thou wilt indeed deliver this people into my hand, then i will utterly destroy their cities.",0.029757979570496196,0.029757979570496196,,R0,R1,0.0,
INLIER_BACKGROUND,NUM:3:7,NUM,Numbers,R0,INLIER,0.0181812936862754,Q1,"And they shall keepe his charge, and the charge of the whole Congregation before the Tabernacle of the Congregation, to doe the seruice of the Tabernacle.","And they shall keep his charge, and the charge of the whole congregation before the tabernacle of the congregation, to do the service of the tabernacle.","and they shall keepe his charge, and the charge of the whole congregation before the tabernacle of the congregation, to doe the seruice of the tabernacle.","and they shall keep his charge, and the charge of the whole congregation before the tabernacle of the congregation, to do the service of the tabernacle.",0.018181293686275413,0.018181293686275413,,R0,R1,0.0,
INLIER_BACKGROUND,NUM:23:19,NUM,Numbers,R0,INLIER,0.0345688057970802,Q2,"God is not a man that he should lie, neither the sonne of man, that hee should repent: hath he said, and shall he not doe it? or, hath hee spoken, and shall he not make it good?","God is not a man, that he should lie; neither the son of man, that he should repent: hath he said, and shall he not do it? or hath he spoken, and shall he not make it good?","god is not a man that he should lie, neither the sonne of man, that hee should repent: hath he said, and shall he not doe it? or, hath hee spoken, and shall he not make it good?","god is not a man, that he should lie; neither the son of man, that he should repent: hath he said, and shall he not do it? or hath he spoken, and shall he not make it good?",0.034568805797080215,0.034568805797080215,,R0,R1,0.0,
INLIER_BACKGROUND,NUM:28:8,NUM,Numbers,R0,INLIER,0.0486488248859795,Q2,"And the other lambe shalt thou offer at Euen: as the meate offring of the morning, and as the drinke offering thereof, thou shalt offer it, a sacrifice made by fire of a sweet sauour vnto the Lord.","And the other lamb shalt thou offer at even: as the meat offering of the morning, and as the drink offering thereof, thou shalt offer it, a sacrifice made by fire, of a sweet savour unto the LORD.","and the other lambe shalt thou offer at euen: as the meate offring of the morning, and as the drinke offering thereof, thou shalt offer it, a sacrifice made by fire of a sweet sauour vnto the lord.","and the other lamb shalt thou offer at even: as the meat offering of the morning, and as the drink offering thereof, thou shalt offer it, a sacrifice made by fire, of a sweet savour unto the lord.",0.04864882488597955,0.04864882488597955,,R0,R1,0.0,
INLIER_BACKGROUND,NUM:29:9,NUM,Numbers,R0,INLIER,0.086003172117018,Q3,"And their meate offering shall be of floure mingled with oyle, three tenth deales to a bullocke, and two tenth deales to one ramme:","And their meat offering shall be of flour mingled with oil, three tenth deals to a bullock, and two tenth deals to one ram,","and their meate offering shall be of floure mingled with oyle, three tenth deales to a bullocke, and two tenth deales to one ramme:","and their meat offering shall be of flour mingled with oil, three tenth deals to a bullock, and two tenth deals to one ram,",0.08600317211701802,0.08600317211701802,,R0,R1,0.0,
INLIER_BACKGROUND,NUM:32:20,NUM,Numbers,R0,INLIER,0.0566230331155246,Q3,"¶ And Moses said vnto them, If ye will doe this thing, if ye will goe armed before the Lord to warre,","And Moses said unto them, If ye will do this thing, if ye will go armed before the LORD to war,","¶ and moses said vnto them, if ye will doe this thing, if ye will goe armed before the lord to warre,","and moses said unto them, if ye will do this thing, if ye will go armed before the lord to war,",0.056623033115524635,0.056623033115524635,,R0,R1,0.0,
INLIER_BACKGROUND,NUM:10:6,NUM,Numbers,R0,INLIER,0.0978398960632697,Q4,"When you blow an alarme the second time, then the campes that lye on the Southside, shall take their iourney: they shall blow an alarme for their iourneys.","When ye blow an alarm the second time, then the camps that lie on the south side shall take their journey: they shall blow an alarm for their journeys.","when you blow an alarme the second time, then the campes that lye on the southside, shall take their iourney: they shall blow an alarme for their iourneys.","when ye blow an alarm the second time, then the camps that lie on the south side shall take their journey: they shall blow an alarm for their journeys.",0.0978398960632697,0.0978398960632697,,R0,R1,0.0,
INLIER_BACKGROUND,NUM:34:17,NUM,Numbers,R0,INLIER,0.1359017587992937,Q4,"These are the names of the men which shall diuide the land vnto you: Eleazar the Priest, and Ioshua the sonne of Nun.","These are the names of the men which shall divide the land unto you: Eleazar the priest, and Joshua the son of Nun.","these are the names of the men which shall diuide the land vnto you: eleazar the priest, and ioshua the sonne of nun.","these are the names of the men which shall divide the land unto you: eleazar the priest, and joshua the son of nun.",0.13590175879929378,0.13590175879929378,,R0,R1,0.0,
INLIER_BACKGROUND,OBA:1:19,OBA,Obadiah,R0,INLIER,0.0251195815702405,Q1,"And they of the South shall possesse the mount of Esau, and they of the plaine, the Philistines: and they shall possesse the fields of Ephraim, and the fields of Samaria, and Beniamin shall possesse Gilead.","And they of the south shall possess the mount of Esau; and they of the plain the Philistines: and they shall possess the fields of Ephraim, and the fields of Samaria: and Benjamin shall possess Gilead.","and they of the south shall possesse the mount of esau, and they of the plaine, the philistines: and they shall possesse the fields of ephraim, and the fields of samaria, and beniamin shall possesse gilead.","and they of the south shall possess the mount of esau; and they of the plain the philistines: and they shall possess the fields of ephraim, and the fields of samaria: and benjamin shall possess gilead.",0.025119581570240523,0.025119581570240523,,R0,R1,0.0,
INLIER_BACKGROUND,OBA:1:2,OBA,Obadiah,R0,INLIER,0.0061396777814777,Q1,"Behold, I haue made thee small among the heathen: thou art greatly despised.","Behold, I have made thee small among the heathen: thou art greatly despised.","behold, i haue made thee small among the heathen: thou art greatly despised.","behold, i have made thee small among the heathen: thou art greatly despised.",0.006139677781477726,0.006139677781477726,,R0,R1,0.0,
INLIER_BACKGROUND,OBA:1:13,OBA,Obadiah,R0,INLIER,0.0483313304310528,Q2,"Thou shouldest not haue entred into the gate of my people in the day of their calamitie: yea, thou shouldest not haue looked on their affliction in the day of their calamitie, nor haue laid hands on their substance in the day of their calamitie.","Thou shouldest not have entered into the gate of my people in the day of their calamity; yea, thou shouldest not have looked on their affliction in the day of their calamity, nor have laid hands on their substance in the day of their calamity;","thou shouldest not haue entred into the gate of my people in the day of their calamitie: yea, thou shouldest not haue looked on their affliction in the day of their calamitie, nor haue laid hands on their substance in the day of their calamitie.","thou shouldest not have entered into the gate of my people in the day of their calamity; yea, thou shouldest not have looked on their affliction in the day of their calamity, nor have laid hands on their substance in the day of their calamity;",0.048331330431052866,0.048331330431052866,,R0,R1,0.0,
INLIER_BACKGROUND,OBA:1:9,OBA,Obadiah,R0,INLIER,0.0303905647362727,Q2,"And thy mightie men, O Teman, shall be dismayed, to the end that euery one of the mount of Esau may be cut off by slaughter.","And thy mighty men, O Teman, shall be dismayed, to the end that every one of the mount of Esau may be cut off by slaughter.","and thy mightie men, o teman, shall be dismayed, to the end that euery one of the mount of esau may be cut off by slaughter.","and thy mighty men, o teman, shall be dismayed, to the end that every one of the mount of esau may be cut off by slaughter.",0.030390564736272774,0.030390564736272774,,R0,R1,0.0,
INLIER_BACKGROUND,OBA:1:12,OBA,Obadiah,R0,INLIER,0.06027958439929,Q3,"But thou shouldest not haue looked on the day of thy brother in the day that hee became a stranger, neither shouldest thou haue reioyced ouer the children of Iudah in the day of their destruction: neither shouldest thou haue spoken proudly in the day of distresse.",But thou shouldest not have looked on the day of thy brother in the day that he became a stranger; neither shouldest thou have rejoiced over the children of Judah in the day of their destruction; neither shouldest thou have spoken proudly in the day of distress.,"but thou shouldest not haue looked on the day of thy brother in the day that hee became a stranger, neither shouldest thou haue reioyced ouer the children of iudah in the day of their destruction: neither shouldest thou haue spoken proudly in the day of distresse.",but thou shouldest not have looked on the day of thy brother in the day that he became a stranger; neither shouldest thou have rejoiced over the children of judah in the day of their destruction; neither shouldest thou have spoken proudly in the day of distress.,0.06027958439929004,0.06027958439929004,,R0,R1,0.0,
INLIER_BACKGROUND,OBA:1:16,OBA,Obadiah,R0,INLIER,0.0756143673164416,Q3,"For as ye haue drunke vpon my holy mountaine, so shall all the heathen drinke continually: yea, they shall drinke, and they shall swallow downe, and they shall bee as though they had not bene.","For as ye have drunk upon my holy mountain, so shall all the heathen drink continually, yea, they shall drink, and they shall swallow down, and they shall be as though they had not been.","for as ye haue drunke vpon my holy mountaine, so shall all the heathen drinke continually: yea, they shall drinke, and they shall swallow downe, and they shall bee as though they had not bene.","for as ye have drunk upon my holy mountain, so shall all the heathen drink continually, yea, they shall drink, and they shall swallow down, and they shall be as though they had not been.",0.07561436731644167,0.07561436731644167,,R0,R1,0.0,
INLIER_BACKGROUND,OBA:1:11,OBA,Obadiah,R0,INLIER,0.0949896048710018,Q4,"In the day that thou stoodest on the other side, in the day that the strangers caried away captiue his forces, and forreiners entred into his gates, and cast lots vpon Ierusalem, euen thou wast as one of them.","In the day that thou stoodest on the other side, in the day that the strangers carried away captive his forces, and foreigners entered into his gates, and cast lots upon Jerusalem, even thou wast as one of them.","in the day that thou stoodest on the other side, in the day that the strangers caried away captiue his forces, and forreiners entred into his gates, and cast lots vpon ierusalem, euen thou wast as one of them.","in the day that thou stoodest on the other side, in the day that the strangers carried away captive his forces, and foreigners entered into his gates, and cast lots upon jerusalem, even thou wast as one of them.",0.09498960487100183,0.09498960487100183,,R0,R1,0.0,
INLIER_BACKGROUND,OBA:1:14,OBA,Obadiah,R0,INLIER,0.0904125163917182,Q4,"Neither shouldest thou haue stood in the crosse way to cut off those of his that did escape, neither shouldest thou haue deliuered vp those of his that did remaine in the day of distresse.","Neither shouldest thou have stood in the crossway, to cut off those of his that did escape; neither shouldest thou have delivered up those of his that did remain in the day of distress.","neither shouldest thou haue stood in the crosse way to cut off those of his that did escape, neither shouldest thou haue deliuered vp those of his that did remaine in the day of distresse.","neither shouldest thou have stood in the crossway, to cut off those of his that did escape; neither shouldest thou have delivered up those of his that did remain in the day of distress.",0.09041251639171821,0.09041251639171821,,R0,R1,0.0,
INLIER_BACKGROUND,PHM:1:19,PHM,Philemon,R0,INLIER,0.0264325722242866,Q1,"I Paul haue written it with mine own hand, I will repay it: albeit I doe not say to thee how thou owest vnto me, euen thine owne selfe besides:","I Paul have written it with mine own hand, I will repay it: albeit I do not say to thee how thou owest unto me even thine own self besides.","i paul haue written it with mine own hand, i will repay it: albeit i doe not say to thee how thou owest vnto me, euen thine owne selfe besides:","i paul have written it with mine own hand, i will repay it: albeit i do not say to thee how thou owest unto me even thine own self besides.",0.026432572224286632,0.026432572224286632,,R0,R1,0.0,
INLIER_BACKGROUND,PHM:1:22,PHM,Philemon,R0,INLIER,0.0239840711282208,Q1,But withall prepare mee also a lodging: for I trust that through your prayers I shall be giuen vnto you.,But withal prepare me also a lodging: for I trust that through your prayers I shall be given unto you.,but withall prepare mee also a lodging: for i trust that through your prayers i shall be giuen vnto you.,but withal prepare me also a lodging: for i trust that through your prayers i shall be given unto you.,0.023984071128220874,0.023984071128220874,,R0,R1,0.0,
INLIER_BACKGROUND,PHM:1:10,PHM,Philemon,R0,INLIER,0.0448191008237001,Q2,"I beseech thee for my sonne Onesimus, whome I haue begotten in my bonds,","I beseech thee for my son Onesimus, whom I have begotten in my bonds:","i beseech thee for my sonne onesimus, whome i haue begotten in my bonds,","i beseech thee for my son onesimus, whom i have begotten in my bonds:",0.04481910082370011,0.04481910082370011,,R0,R1,0.0,
INLIER_BACKGROUND,PHM:1:17,PHM,Philemon,R0,INLIER,0.0401344066661555,Q2,"If thou count mee therefore a partner, receiue him as my selfe.","If thou count me therefore a partner, receive him as myself.","if thou count mee therefore a partner, receiue him as my selfe.","if thou count me therefore a partner, receive him as myself.",0.04013440666615553,0.04013440666615553,,R0,R1,0.0,
INLIER_BACKGROUND,PHM:1:12,PHM,Philemon,R0,INLIER,0.0673767595597548,Q3,"Whom I haue sent againe: thou therfore receiue him, that is mine owne bowels.","Whom I have sent again: thou therefore receive him, that is, mine own bowels:","whom i haue sent againe: thou therfore receiue him, that is mine owne bowels.","whom i have sent again: thou therefore receive him, that is, mine own bowels:",0.06737675955975486,0.06737675955975486,,R0,R1,0.0,
INLIER_BACKGROUND,PHM:1:14,PHM,Philemon,R0,INLIER,0.0755795808411063,Q3,"But without thy minde would I doe nothing, that thy benefite should not bee as it were of necessitie, but willingly.","But without thy mind would I do nothing; that thy benefit should not be as it were of necessity, but willingly.","but without thy minde would i doe nothing, that thy benefite should not bee as it were of necessitie, but willingly.","but without thy mind would i do nothing; that thy benefit should not be as it were of necessity, but willingly.",0.07557958084110639,0.07557958084110639,,R0,R1,0.0,
INLIER_BACKGROUND,PHM:1:11,PHM,Philemon,R0,INLIER,0.1008822348921901,Q4,Which in time past was to thee vnprofitable: but now profitable to thee and to me:,"Which in time past was to thee unprofitable, but now profitable to thee and to me:",which in time past was to thee vnprofitable: but now profitable to thee and to me:,"which in time past was to thee unprofitable, but now profitable to thee and to me:",0.10088223489219017,0.10088223489219017,,R0,R1,0.0,
INLIER_BACKGROUND,PHM:1:20,PHM,Philemon,R0,INLIER,0.1157841679780876,Q4,"Yea, brother, let mee haue ioy of thee in the Lord: refresh my bowles in the Lord.","Yea, brother, let me have joy of thee in the Lord: refresh my bowels in the Lord.","yea, brother, let mee haue ioy of thee in the lord: refresh my bowles in the lord.","yea, brother, let me have joy of thee in the lord: refresh my bowels in the lord.",0.11578416797808766,0.11578416797808766,,R0,R1,0.0,
INLIER_BACKGROUND,PHP:2:14,PHP,Philippians,R0,INLIER,0.0143631800721399,Q1,"Doe all things without murmurings, and disputings:",Do all things without murmurings and disputings:,"doe all things without murmurings, and disputings:",do all things without murmurings and disputings:,0.014363180072139992,0.014363180072139992,,R0,R1,0.0,
INLIER_BACKGROUND,PHP:4:19,PHP,Philippians,R0,INLIER,0.015924603484775,Q1,"But my God shall supply all your need, according to his riches in glory, by Christ Iesus.",But my God shall supply all your need according to his riches in glory by Christ Jesus.,"but my god shall supply all your need, according to his riches in glory, by christ iesus.",but my god shall supply all your need according to his riches in glory by christ jesus.,0.01592460348477509,0.01592460348477509,,R0,R1,0.0,
INLIER_BACKGROUND,PHP:2:27,PHP,Philippians,R0,INLIER,0.0397332858030969,Q2,"For indeed he was sicke nigh vnto death, but God had mercy on him: and not on him onely, but on mee also, lest I should haue sorow vpon sorow.","For indeed he was sick nigh unto death: but God had mercy on him; and not on him only, but on me also, lest I should have sorrow upon sorrow.","for indeed he was sicke nigh vnto death, but god had mercy on him: and not on him onely, but on mee also, lest i should haue sorow vpon sorow.","for indeed he was sick nigh unto death: but god had mercy on him; and not on him only, but on me also, lest i should have sorrow upon sorrow.",0.039733285803096985,0.039733285803096985,,R0,R1,0.0,
INLIER_BACKGROUND,PHP:3:13,PHP,Philippians,R0,INLIER,0.0333289535344263,Q2,"Brethren, I count not my selfe to haue apprehended: but this one thing I doe, forgetting those things which are behinde, and reaching forth vnto those things which are before,","Brethren, I count not myself to have apprehended: but this one thing I do, forgetting those things which are behind, and reaching forth unto those things which are before,","brethren, i count not my selfe to haue apprehended: but this one thing i doe, forgetting those things which are behinde, and reaching forth vnto those things which are before,","brethren, i count not myself to have apprehended: but this one thing i do, forgetting those things which are behind, and reaching forth unto those things which are before,",0.03332895353442633,0.03332895353442633,,R0,R1,0.0,
INLIER_BACKGROUND,PHP:1:1,PHP,Philippians,R0,INLIER,0.0599806441086997,Q3,"Paul and Timotheus the seruants of Iesus Christ, to all the Saints in Christ Iesus, which are at Philippi, with the Bishops and Deacons:","Paul and Timotheus, the servants of Jesus Christ, to all the saints in Christ Jesus which are at Philippi, with the bishops and deacons:","paul and timotheus the seruants of iesus christ, to all the saints in christ iesus, which are at philippi, with the bishops and deacons:","paul and timotheus, the servants of jesus christ, to all the saints in christ jesus which are at philippi, with the bishops and deacons:",0.05998064410869974,0.05998064410869974,,R0,R1,0.0,
INLIER_BACKGROUND,PHP:2:28,PHP,Philippians,R0,INLIER,0.062961834909608,Q3,"I sent him therefore the more carefully, that when ye see him againe, ye may reioyce, and that I may bee the lesse sorrowfull.","I sent him therefore the more carefully, that, when ye see him again, ye may rejoice, and that I may be the less sorrowful.","i sent him therefore the more carefully, that when ye see him againe, ye may reioyce, and that i may bee the lesse sorrowfull.","i sent him therefore the more carefully, that, when ye see him again, ye may rejoice, and that i may be the less sorrowful.",0.06296183490960805,0.06296183490960805,,R0,R1,0.0,
INLIER_BACKGROUND,PHP:1:18,PHP,Philippians,R0,INLIER,0.1033576638802399,Q4,"What then? Notwithstanding euery way, whether in pretence, or in trueth: Christ is preached, and I therein doe reioyce, yea, and will reioyce.","What then? notwithstanding, every way, whether in pretence, or in truth, Christ is preached; and I therein do rejoice, yea, and will rejoice.","what then? notwithstanding euery way, whether in pretence, or in trueth: christ is preached, and i therein doe reioyce, yea, and will reioyce.","what then? notwithstanding, every way, whether in pretence, or in truth, christ is preached; and i therein do rejoice, yea, and will rejoice.",0.10335766388023993,0.10335766388023993,,R0,R1,0.0,
INLIER_BACKGROUND,PHP:4:12,PHP,Philippians,R0,INLIER,0.1385551860741235,Q4,"I know both how to bee abased, and I knowe how to abound: euerie where, and in all things I am instructed, both to bee full, and to bee hungrie, both to abound, and to suffer need.","I know both how to be abased, and I know how to abound: every where and in all things I am instructed both to be full and to be hungry, both to abound and to suffer need.","i know both how to bee abased, and i knowe how to abound: euerie where, and in all things i am instructed, both to bee full, and to bee hungrie, both to abound, and to suffer need.","i know both how to be abased, and i know how to abound: every where and in all things i am instructed both to be full and to be hungry, both to abound and to suffer need.",0.13855518607412354,0.13855518607412354,,R0,R1,0.0,
INLIER_BACKGROUND,PRO:15:20,PRO,Proverbs,R0,INLIER,0.0147444644098372,Q1,A wise sonne maketh a glad father: but a foolish man despiseth his mother.,A wise son maketh a glad father: but a foolish man despiseth his mother.,a wise sonne maketh a glad father: but a foolish man despiseth his mother.,a wise son maketh a glad father: but a foolish man despiseth his mother.,0.014744464409837232,0.014744464409837232,,R0,R1,0.0,
INLIER_BACKGROUND,PRO:18:12,PRO,Proverbs,R0,INLIER,0.0171104863382449,Q1,"Before destruction the heart of man is haughtie, and before honour is humilitie.","Before destruction the heart of man is haughty, and before honour is humility.","before destruction the heart of man is haughtie, and before honour is humilitie.","before destruction the heart of man is haughty, and before honour is humility.",0.017110486338244968,0.017110486338244968,,R0,R1,0.0,
INLIER_BACKGROUND,PRO:12:9,PRO,Proverbs,R0,INLIER,0.0479565560061242,Q2,"Hee that is despised and hath a seruant, is better then he that honoureth himselfe, and lacketh bread.","He that is despised, and hath a servant, is better than he that honoureth himself, and lacketh bread.","hee that is despised and hath a seruant, is better then he that honoureth himselfe, and lacketh bread.","he that is despised, and hath a servant, is better than he that honoureth himself, and lacketh bread.",0.04795655600612425,0.04795655600612425,,R0,R1,0.0,
INLIER_BACKGROUND,PRO:31:30,PRO,Proverbs,R0,INLIER,0.0550004958620115,Q2,"Fauour is deceitfull, and beautie is vaine: but a woman that feareth the Lord, she shalbe praised.","Favour is deceitful, and beauty is vain: but a woman that feareth the LORD, she shall be praised.","fauour is deceitfull, and beautie is vaine: but a woman that feareth the lord, she shalbe praised.","favour is deceitful, and beauty is vain: but a woman that feareth the lord, she shall be praised.",0.0550004958620115,0.0550004958620115,,R0,R1,0.0,
INLIER_BACKGROUND,PRO:21:17,PRO,Proverbs,R0,INLIER,0.079983884058201,Q3,"He that loueth pleasure, shall be a poore man: hee that loueth wine and oyle, shall not be rich.",He that loveth pleasure shall be a poor man: he that loveth wine and oil shall not be rich.,"he that loueth pleasure, shall be a poore man: hee that loueth wine and oyle, shall not be rich.",he that loveth pleasure shall be a poor man: he that loveth wine and oil shall not be rich.,0.079983884058201,0.079983884058201,,R0,R1,0.0,
INLIER_BACKGROUND,PRO:9:3,PRO,Proverbs,R0,INLIER,0.0830634592646443,Q3,She hath sent forth her maidens; she cryeth vpon the highest places of the citie.,"She hath sent forth her maidens: she crieth upon the highest places of the city,",she hath sent forth her maidens; she cryeth vpon the highest places of the citie.,"she hath sent forth her maidens: she crieth upon the highest places of the city,",0.08306345926464431,0.08306345926464431,,R0,R1,0.0,
INLIER_BACKGROUND,PRO:13:19,PRO,Proverbs,R0,INLIER,0.0938522069135866,Q4,The desire accomplished is sweet to the soule: but it is abomination to fooles to depart from euill.,The desire accomplished is sweet to the soul: but it is abomination to fools to depart from evil.,the desire accomplished is sweet to the soule: but it is abomination to fooles to depart from euill.,the desire accomplished is sweet to the soul: but it is abomination to fools to depart from evil.,0.09385220691358664,0.09385220691358664,,R0,R1,0.0,
INLIER_BACKGROUND,PRO:17:24,PRO,Proverbs,R0,INLIER,0.1104091232697472,Q4,Wisedome is before him that hath vnderstanding: but the eyes of a foole are in the ends of the earth.,Wisdom is before him that hath understanding; but the eyes of a fool are in the ends of the earth.,wisedome is before him that hath vnderstanding: but the eyes of a foole are in the ends of the earth.,wisdom is before him that hath understanding; but the eyes of a fool are in the ends of the earth.,0.11040912326974728,0.11040912326974728,,R0,R1,0.0,
INLIER_BACKGROUND,PSA:149:3,PSA,Psalms,R0,INLIER,0.0271681268225418,Q1,Let them praise his Name in the dance: let them sing praises vnto him with the timbrell and harpe.,Let them praise his name in the dance: let them sing praises unto him with the timbrel and harp.,let them praise his name in the dance: let them sing praises vnto him with the timbrell and harpe.,let them praise his name in the dance: let them sing praises unto him with the timbrel and harp.,0.027168126822541883,0.027168126822541883,,R0,R1,0.0,
INLIER_BACKGROUND,PSA:68:14,PSA,Psalms,R0,INLIER,2.220446049250313e-16,Q1,"When the Almighty scattered Kings in it, it was white as snow in Salmon.","When the Almighty scattered kings in it, it was white as snow in Salmon.","when the almighty scattered kings in it, it was white as snow in salmon.","when the almighty scattered kings in it, it was white as snow in salmon.",2.220446049250313e-16,2.220446049250313e-16,,R0,R1,0.0,
INLIER_BACKGROUND,PSA:78:39,PSA,Psalms,R0,INLIER,0.047154582550536,Q2,"For he remembred that they were but flesh; a wind that passeth away, and commeth not againe.","For he remembered that they were but flesh; a wind that passeth away, and cometh not again.","for he remembred that they were but flesh; a wind that passeth away, and commeth not againe.","for he remembered that they were but flesh; a wind that passeth away, and cometh not again.",0.04715458255053606,0.04715458255053606,,R0,R1,0.0,
INLIER_BACKGROUND,PSA:99:7,PSA,Psalms,R0,INLIER,0.0510602021285591,Q2,"He spake vnto them in the cloudie pillar: they kept his Testimonies, and the Ordinance that he gaue them.","He spake unto them in the cloudy pillar: they kept his testimonies, and the ordinance that he gave them.","he spake vnto them in the cloudie pillar: they kept his testimonies, and the ordinance that he gaue them.","he spake unto them in the cloudy pillar: they kept his testimonies, and the ordinance that he gave them.",0.05106020212855911,0.05106020212855911,,R0,R1,0.0,
INLIER_BACKGROUND,PSA:114:7,PSA,Psalms,R0,INLIER,0.0837924615564561,Q3,Tremble thou earth at the presence of the Lord: at the presence of the God of Iacob:,"Tremble, thou earth, at the presence of the Lord, at the presence of the God of Jacob;",tremble thou earth at the presence of the lord: at the presence of the god of iacob:,"tremble, thou earth, at the presence of the lord, at the presence of the god of jacob;",0.08379246155645614,0.08379246155645614,,R0,R1,0.0,
INLIER_BACKGROUND,PSA:140:10,PSA,Psalms,R0,INLIER,0.0803846832999393,Q3,"Let burning coales fall vpon them, let them be cast into the fire: into deepe pits, that they rise not vp againe.","Let burning coals fall upon them: let them be cast into the fire; into deep pits, that they rise not up again.","let burning coales fall vpon them, let them be cast into the fire: into deepe pits, that they rise not vp againe.","let burning coals fall upon them: let them be cast into the fire; into deep pits, that they rise not up again.",0.08038468329993931,0.08038468329993931,,R0,R1,0.0,
INLIER_BACKGROUND,PSA:47:4,PSA,Psalms,R0,INLIER,0.1148110900661241,Q4,"He shall chuse our inheritance for vs, the excellencie of Iacob whom hee loued. Selah.","He shall choose our inheritance for us, the excellency of Jacob whom he loved. Selah.","he shall chuse our inheritance for vs, the excellencie of iacob whom hee loued. selah.","he shall choose our inheritance for us, the excellency of jacob whom he loved. selah.",0.11481109006612411,0.11481109006612411,,R0,R1,0.0,
INLIER_BACKGROUND,PSA:94:15,PSA,Psalms,R0,INLIER,0.1129013529272969,Q4,But iudgement shall returne vnto righteousnesse: and all the vpright in heart shall follow it.,But judgment shall return unto righteousness: and all the upright in heart shall follow it.,but iudgement shall returne vnto righteousnesse: and all the vpright in heart shall follow it.,but judgment shall return unto righteousness: and all the upright in heart shall follow it.,0.11290135292729697,0.11290135292729697,,R0,R1,0.0,
INLIER_BACKGROUND,REV:11:3,REV,Revelation,R0,INLIER,0.0149491187597443,Q1,"And I will giue power vnto my two witnesses, and they shall prophesie a thousand two hundred and threescore dayes clothed in sackcloth.","And I will give power unto my two witnesses, and they shall prophesy a thousand two hundred and threescore days, clothed in sackcloth.","and i will giue power vnto my two witnesses, and they shall prophesie a thousand two hundred and threescore dayes clothed in sackcloth.","and i will give power unto my two witnesses, and they shall prophesy a thousand two hundred and threescore days, clothed in sackcloth.",0.014949118759744362,0.014949118759744362,,R0,R1,0.0,
INLIER_BACKGROUND,REV:3:3,REV,Revelation,R0,INLIER,0.0114944657911445,Q1,"Remember therefore, how thou hast receiued and heard, and hold fast, and repent. If therefore thou shalt not watch, I will come on thee as a thiefe, and thou shalt not know what houre I will come vpon thee.","Remember therefore how thou hast received and heard, and hold fast, and repent. If therefore thou shalt not watch, I will come on thee as a thief, and thou shalt not know what hour I will come upon thee.","remember therefore, how thou hast receiued and heard, and hold fast, and repent. if therefore thou shalt not watch, i will come on thee as a thiefe, and thou shalt not know what houre i will come vpon thee.","remember therefore how thou hast received and heard, and hold fast, and repent. if therefore thou shalt not watch, i will come on thee as a thief, and thou shalt not know what hour i will come upon thee.",0.011494465791144548,0.011494465791144548,,R0,R1,0.0,
INLIER_BACKGROUND,REV:12:13,REV,Revelation,R0,INLIER,0.0404408556084603,Q2,"And when the dragon saw that he was cast vnto the earth, hee persecuted the woman which brought foorth the man childe.","And when the dragon saw that he was cast unto the earth, he persecuted the woman which brought forth the man child.","and when the dragon saw that he was cast vnto the earth, hee persecuted the woman which brought foorth the man childe.","and when the dragon saw that he was cast unto the earth, he persecuted the woman which brought forth the man child.",0.040440855608460335,0.040440855608460335,,R0,R1,0.0,
INLIER_BACKGROUND,REV:2:25,REV,Revelation,R0,INLIER,0.0393540302766356,Q2,"But that which ye haue already, hold fast till I come.",But that which ye have already hold fast till I come.,"but that which ye haue already, hold fast till i come.",but that which ye have already hold fast till i come.,0.03935403027663564,0.03935403027663564,,R0,R1,0.0,
INLIER_BACKGROUND,REV:18:21,REV,Revelation,R0,INLIER,0.0707539619099888,Q3,"And a mightie Angel tooke vp a stone like a great milstone, and cast it into the sea, saying, Thus with violence shall that great citie Babylon bee throwen downe, and shall bee found no more at all.","And a mighty angel took up a stone like a great millstone, and cast it into the sea, saying, Thus with violence shall that great city Babylon be thrown down, and shall be found no more at all.","and a mightie angel tooke vp a stone like a great milstone, and cast it into the sea, saying, thus with violence shall that great citie babylon bee throwen downe, and shall bee found no more at all.","and a mighty angel took up a stone like a great millstone, and cast it into the sea, saying, thus with violence shall that great city babylon be thrown down, and shall be found no more at all.",0.07075396190998884,0.07075396190998884,,R0,R1,0.0,
INLIER_BACKGROUND,REV:22:10,REV,Revelation,R0,INLIER,0.0762862461093593,Q3,"And hee saith vnto mee, Seale not the sayings of the prophesie of this booke: for the time is at hand.","And he saith unto me, Seal not the sayings of the prophecy of this book: for the time is at hand.","and hee saith vnto mee, seale not the sayings of the prophesie of this booke: for the time is at hand.","and he saith unto me, seal not the sayings of the prophecy of this book: for the time is at hand.",0.0762862461093593,0.0762862461093593,,R0,R1,0.0,
INLIER_BACKGROUND,REV:10:3,REV,Revelation,R0,INLIER,0.0979691939075563,Q4,"And cryed with a loude voice, as when a Lion roareth: and when hee had cried, seuen thunders vttered their voices.","And cried with a loud voice, as when a lion roareth: and when he had cried, seven thunders uttered their voices.","and cryed with a loude voice, as when a lion roareth: and when hee had cried, seuen thunders vttered their voices.","and cried with a loud voice, as when a lion roareth: and when he had cried, seven thunders uttered their voices.",0.09796919390755632,0.09796919390755632,,R0,R1,0.0,
INLIER_BACKGROUND,REV:12:10,REV,Revelation,R0,INLIER,0.1183664631786071,Q4,"And I heard a lowd voyce saying in heauen, Now is come saluation, and strength, and the kingdome of our God, and the power of his Christ: for the accuser of our brethren is cast down, which accused them before our God day and night.","And I heard a loud voice saying in heaven, Now is come salvation, and strength, and the kingdom of our God, and the power of his Christ: for the accuser of our brethren is cast down, which accused them before our God day and night.","and i heard a lowd voyce saying in heauen, now is come saluation, and strength, and the kingdome of our god, and the power of his christ: for the accuser of our brethren is cast down, which accused them before our god day and night.","and i heard a loud voice saying in heaven, now is come salvation, and strength, and the kingdom of our god, and the power of his christ: for the accuser of our brethren is cast down, which accused them before our god day and night.",0.1183664631786071,0.1183664631786071,,R0,R1,0.0,
INLIER_BACKGROUND,ROM:16:24,ROM,Romans,R0,INLIER,0.0207201529149968,Q1,The grace of our Lord Iesus Christ be with you all. Amen.,The grace of our Lord Jesus Christ be with you all. Amen.,the grace of our lord iesus christ be with you all. amen.,the grace of our lord jesus christ be with you all. amen.,0.020720152914996848,0.020720152914996848,,R0,R1,0.0,
INLIER_BACKGROUND,ROM:3:23,ROM,Romans,R0,INLIER,0.017381825756158,Q1,"For all haue sinned, and come short of the glory of God,","For all have sinned, and come short of the glory of God;","for all haue sinned, and come short of the glory of god,","for all have sinned, and come short of the glory of god;",0.017381825756158098,0.017381825756158098,,R0,R1,0.0,
INLIER_BACKGROUND,ROM:12:1,ROM,Romans,R0,INLIER,0.0358030985050977,Q2,"I beseech you therefore brethren, by the mercies of God, that yee present your bodies a liuing sacrifice, holy, acceptable vnto God, which is your reasonable seruice.","I beseech you therefore, brethren, by the mercies of God, that ye present your bodies a living sacrifice, holy, acceptable unto God, which is your reasonable service.","i beseech you therefore brethren, by the mercies of god, that yee present your bodies a liuing sacrifice, holy, acceptable vnto god, which is your reasonable seruice.","i beseech you therefore, brethren, by the mercies of god, that ye present your bodies a living sacrifice, holy, acceptable unto god, which is your reasonable service.",0.035803098505097775,0.035803098505097775,,R0,R1,0.0,
INLIER_BACKGROUND,ROM:9:15,ROM,Romans,R0,INLIER,0.0420906421145262,Q2,"For hee saith to Moses, I will haue mercy on whom I wil haue mercie, and I will haue compassion on whom I will haue compassion.","For he saith to Moses, I will have mercy on whom I will have mercy, and I will have compassion on whom I will have compassion.","for hee saith to moses, i will haue mercy on whom i wil haue mercie, and i will haue compassion on whom i will haue compassion.","for he saith to moses, i will have mercy on whom i will have mercy, and i will have compassion on whom i will have compassion.",0.04209064211452629,0.04209064211452629,,R0,R1,0.0,
INLIER_BACKGROUND,ROM:16:4,ROM,Romans,R0,INLIER,0.0841742462637595,Q3,"(Who haue for my life laid downe their owne neckes: vnto whome not onely I giue thankes, but also all the Churches of the Gentiles.)","Who have for my life laid down their own necks: unto whom not only I give thanks, but also all the churches of the Gentiles.","(who haue for my life laid downe their owne neckes: vnto whome not onely i giue thankes, but also all the churches of the gentiles.)","who have for my life laid down their own necks: unto whom not only i give thanks, but also all the churches of the gentiles.",0.08417424626375958,0.08417424626375958,,R0,R1,0.0,
INLIER_BACKGROUND,ROM:3:7,ROM,Romans,R0,INLIER,0.0807249708353422,Q3,For if the trueth of God hath more abounded through my lye vnto his glory; why yet am I also iudged as a sinner?,For if the truth of God hath more abounded through my lie unto his glory; why yet am I also judged as a sinner?,for if the trueth of god hath more abounded through my lye vnto his glory; why yet am i also iudged as a sinner?,for if the truth of god hath more abounded through my lie unto his glory; why yet am i also judged as a sinner?,0.08072497083534225,0.08072497083534225,,R0,R1,0.0,
INLIER_BACKGROUND,ROM:10:12,ROM,Romans,R0,INLIER,0.1229111520104733,Q4,"For there is no difference betweene the Iew and the Greeke: for the same Lord ouer all, is rich vnto all, that call vpon him.",For there is no difference between the Jew and the Greek: for the same Lord over all is rich unto all that call upon him.,"for there is no difference betweene the iew and the greeke: for the same lord ouer all, is rich vnto all, that call vpon him.",for there is no difference between the jew and the greek: for the same lord over all is rich unto all that call upon him.,0.12291115201047331,0.12291115201047331,,R0,R1,0.0,
INLIER_BACKGROUND,ROM:15:2,ROM,Romans,R0,INLIER,0.10757468704184,Q4,Let euery one of vs please his neighbour for his good to edification.,Let every one of us please his neighbour for his good to edification.,let euery one of vs please his neighbour for his good to edification.,let every one of us please his neighbour for his good to edification.,0.10757468704184003,0.10757468704184003,,R0,R1,0.0,
INLIER_BACKGROUND,RUT:2:19,RUT,Ruth,R0,INLIER,0.0099773451733373,Q1,"And her mother in law said vnto her, Where hast thou gleaned to day? and where wroughtest thou? blessed be hee that did take knowledge of thee. And shee shewed her mother in lawe with whom shee had wrought, and said, The mans name with whom I wrought to day, is Boaz.","And her mother in law said unto her, Where hast thou gleaned to day? and where wroughtest thou? blessed be he that did take knowledge of thee. And she shewed her mother in law with whom she had wrought, and said, The man’s name with whom I wrought to day is Boaz.","and her mother in law said vnto her, where hast thou gleaned to day? and where wroughtest thou? blessed be hee that did take knowledge of thee. and shee shewed her mother in lawe with whom shee had wrought, and said, the mans name with whom i wrought to day, is boaz.","and her mother in law said unto her, where hast thou gleaned to day? and where wroughtest thou? blessed be he that did take knowledge of thee. and she shewed her mother in law with whom she had wrought, and said, the man’s name with whom i wrought to day is boaz.",0.00997734517333737,0.00997734517333737,,R0,R1,0.0,
INLIER_BACKGROUND,RUT:3:17,RUT,Ruth,R0,INLIER,0.0287608158839353,Q1,"And she said, These sixe measures of barley gaue he me, for he said to me, Go not emptie vnto thy mother in law.","And she said, These six measures of barley gave he me; for he said to me, Go not empty unto thy mother in law.","and she said, these sixe measures of barley gaue he me, for he said to me, go not emptie vnto thy mother in law.","and she said, these six measures of barley gave he me; for he said to me, go not empty unto thy mother in law.",0.02876081588393531,0.02876081588393531,,R0,R1,0.0,
INLIER_BACKGROUND,RUT:2:11,RUT,Ruth,R0,INLIER,0.044043233564648,Q2,"And Boaz answered and said vnto her, It hath fully bene shewed me, all that thou hast done vnto thy mother in law since the death of thine husband: and how thou hast left thy father and thy mother, and the land of thy natiuitie, and art come vnto a people, which thou knewest not heretofore.","And Boaz answered and said unto her, It hath fully been shewed me, all that thou hast done unto thy mother in law since the death of thine husband: and how thou hast left thy father and thy mother, and the land of thy nativity, and art come unto a people which thou knewest not heretofore.","and boaz answered and said vnto her, it hath fully bene shewed me, all that thou hast done vnto thy mother in law since the death of thine husband: and how thou hast left thy father and thy mother, and the land of thy natiuitie, and art come vnto a people, which thou knewest not heretofore.","and boaz answered and said unto her, it hath fully been shewed me, all that thou hast done unto thy mother in law since the death of thine husband: and how thou hast left thy father and thy mother, and the land of thy nativity, and art come unto a people which thou knewest not heretofore.",0.04404323356464801,0.04404323356464801,,R0,R1,0.0,
INLIER_BACKGROUND,RUT:4:16,RUT,Ruth,R0,INLIER,0.052789194729757,Q2,"And Naomi tooke the childe, and laid it in her bosome, and became nurse vnto it.","And Naomi took the child, and laid it in her bosom, and became nurse unto it.","and naomi tooke the childe, and laid it in her bosome, and became nurse vnto it.","and naomi took the child, and laid it in her bosom, and became nurse unto it.",0.05278919472975707,0.05278919472975707,,R0,R1,0.0,
INLIER_BACKGROUND,RUT:1:7,RUT,Ruth,R0,INLIER,0.0663731539757979,Q3,"Wherefore she went foorth out of the place where she was, and her two daughters in law with her: and they went on the way to returne vnto the land of Iudah.","Wherefore she went forth out of the place where she was, and her two daughters in law with her; and they went on the way to return unto the land of Judah.","wherefore she went foorth out of the place where she was, and her two daughters in law with her: and they went on the way to returne vnto the land of iudah.","wherefore she went forth out of the place where she was, and her two daughters in law with her; and they went on the way to return unto the land of judah.",0.0663731539757979,0.0663731539757979,,R0,R1,0.0,
INLIER_BACKGROUND,RUT:3:3,RUT,Ruth,R0,INLIER,0.0574846302210934,Q3,"Wash thy selfe therefore, and annoint thee, and put thy raiment vpon thee, and get thee downe to the floore: but make not thy selfe knowen vnto the man, vntill hee shall haue done eating and drinking.","Wash thyself therefore, and anoint thee, and put thy raiment upon thee, and get thee down to the floor: but make not thyself known unto the man, until he shall have done eating and drinking.","wash thy selfe therefore, and annoint thee, and put thy raiment vpon thee, and get thee downe to the floore: but make not thy selfe knowen vnto the man, vntill hee shall haue done eating and drinking.","wash thyself therefore, and anoint thee, and put thy raiment upon thee, and get thee down to the floor: but make not thyself known unto the man, until he shall have done eating and drinking.",0.0574846302210934,0.0574846302210934,,R0,R1,0.0,
INLIER_BACKGROUND,RUT:2:21,RUT,Ruth,R0,INLIER,0.0968896651344425,Q4,"And Ruth the Moabitesse said, He said vnto me also, Thou shalt keepe fast by my yong men, vntill they haue ended all my haruest.","And Ruth the Moabitess said, He said unto me also, Thou shalt keep fast by my young men, until they have ended all my harvest.","and ruth the moabitesse said, he said vnto me also, thou shalt keepe fast by my yong men, vntill they haue ended all my haruest.","and ruth the moabitess said, he said unto me also, thou shalt keep fast by my young men, until they have ended all my harvest.",0.09688966513444253,0.09688966513444253,,R0,R1,0.0,
INLIER_BACKGROUND,RUT:4:7,RUT,Ruth,R0,INLIER,0.0986524442237041,Q4,"Now this was the maner in former time in Israel, concerning redeeming and concerning changing, for to confirme all things: a man plucked off his shooe, and gaue it to his neighbour: and this was a testimonie in Israel.","Now this was the manner in former time in Israel concerning redeeming and concerning changing, for to confirm all things; a man plucked off his shoe, and gave it to his neighbour: and this was a testimony in Israel.","now this was the maner in former time in israel, concerning redeeming and concerning changing, for to confirme all things: a man plucked off his shooe, and gaue it to his neighbour: and this was a testimonie in israel.","now this was the manner in former time in israel concerning redeeming and concerning changing, for to confirm all things; a man plucked off his shoe, and gave it to his neighbour: and this was a testimony in israel.",0.09865244422370412,0.09865244422370412,,R0,R1,0.0,
INLIER_BACKGROUND,SNG:1:12,SNG,SongofSolomon,R0,INLIER,0.0282785558971792,Q1,"¶ While the king sitteth at his table, my spikenard sendeth foorth the smell thereof.","While the king sitteth at his table, my spikenard sendeth forth the smell thereof.","¶ while the king sitteth at his table, my spikenard sendeth foorth the smell thereof.","while the king sitteth at his table, my spikenard sendeth forth the smell thereof.",0.028278555897179203,0.028278555897179203,,R0,R1,0.0,
INLIER_BACKGROUND,SNG:2:1,SNG,SongofSolomon,R0,INLIER,0.0275863121521106,Q1,"I Am the rose of Sharon, and the lillie of the valleys.","I am the rose of Sharon, and the lily of the valleys.","i am the rose of sharon, and the lillie of the valleys.","i am the rose of sharon, and the lily of the valleys.",0.027586312152110604,0.027586312152110604,,R0,R1,0.0,
INLIER_BACKGROUND,SNG:2:13,SNG,SongofSolomon,R0,INLIER,0.0388222654319814,Q2,"The fig tree putteth foorth her greene figs, and the vines with the tender grape giue a good smell. Arise, my loue, my faire one, and come away.","The fig tree putteth forth her green figs, and the vines with the tender grape give a good smell. Arise, my love, my fair one, and come away.","the fig tree putteth foorth her greene figs, and the vines with the tender grape giue a good smell. arise, my loue, my faire one, and come away.","the fig tree putteth forth her green figs, and the vines with the tender grape give a good smell. arise, my love, my fair one, and come away.",0.03882226543198142,0.03882226543198142,,R0,R1,0.0,
INLIER_BACKGROUND,SNG:3:8,SNG,SongofSolomon,R0,INLIER,0.0469143365292294,Q2,"They all hold swords, being expert in warre: Euery man hath his sword vpon his thigh, because of feare in the night.","They all hold swords, being expert in war: every man hath his sword upon his thigh because of fear in the night.","they all hold swords, being expert in warre: euery man hath his sword vpon his thigh, because of feare in the night.","they all hold swords, being expert in war: every man hath his sword upon his thigh because of fear in the night.",0.046914336529229494,0.046914336529229494,,R0,R1,0.0,
INLIER_BACKGROUND,SNG:4:2,SNG,SongofSolomon,R0,INLIER,0.0679337703322164,Q3,"Thy teeth are like a flocke of sheepe that are euen shorne, which came vp from the washing: whereof euery one beare twinnes, and none is barren among them.","Thy teeth are like a flock of sheep that are even shorn, which came up from the washing; whereof every one bear twins, and none is barren among them.","thy teeth are like a flocke of sheepe that are euen shorne, which came vp from the washing: whereof euery one beare twinnes, and none is barren among them.","thy teeth are like a flock of sheep that are even shorn, which came up from the washing; whereof every one bear twins, and none is barren among them.",0.06793377033221648,0.06793377033221648,,R0,R1,0.0,
INLIER_BACKGROUND,SNG:4:9,SNG,SongofSolomon,R0,INLIER,0.0646504007623622,Q3,"Thou hast rauished my heart, my sister, my spouse; thou hast rauished my heart, with one of thine eyes, with one chaine of thy necke.","Thou hast ravished my heart, my sister, my spouse; thou hast ravished my heart with one of thine eyes, with one chain of thy neck.","thou hast rauished my heart, my sister, my spouse; thou hast rauished my heart, with one of thine eyes, with one chaine of thy necke.","thou hast ravished my heart, my sister, my spouse; thou hast ravished my heart with one of thine eyes, with one chain of thy neck.",0.06465040076236228,0.06465040076236228,,R0,R1,0.0,
INLIER_BACKGROUND,SNG:5:6,SNG,SongofSolomon,R0,INLIER,0.0919524340042484,Q4,"I opened to my beloued, but my beloued had with drawen himselfe, and was gone: my soule failed when hee spake: I sought him, but I could not find him: I called him, but he gaue me no answere.","I opened to my beloved; but my beloved had withdrawn himself, and was gone: my soul failed when he spake: I sought him, but I could not find him; I called him, but he gave me no answer.","i opened to my beloued, but my beloued had with drawen himselfe, and was gone: my soule failed when hee spake: i sought him, but i could not find him: i called him, but he gaue me no answere.","i opened to my beloved; but my beloved had withdrawn himself, and was gone: my soul failed when he spake: i sought him, but i could not find him; i called him, but he gave me no answer.",0.09195243400424846,0.09195243400424846,,R0,R1,0.0,
INLIER_BACKGROUND,SNG:8:6,SNG,SongofSolomon,R0,INLIER,0.1231763530868922,Q4,"¶ Set mee as a seale vpon thine heart, as a seale vpon thine arme: for loue is strong as death, iealousie is cruel as the graue: the coales thereof are coales of fire, which hath a most vehement flame.","Set me as a seal upon thine heart, as a seal upon thine arm: for love is strong as death; jealousy is cruel as the grave: the coals thereof are coals of fire, which hath a most vehement flame.","¶ set mee as a seale vpon thine heart, as a seale vpon thine arme: for loue is strong as death, iealousie is cruel as the graue: the coales thereof are coales of fire, which hath a most vehement flame.","set me as a seal upon thine heart, as a seal upon thine arm: for love is strong as death; jealousy is cruel as the grave: the coals thereof are coals of fire, which hath a most vehement flame.",0.12317635308689223,0.12317635308689223,,R0,R1,0.0,
INLIER_BACKGROUND,TIT:2:5,TIT,Titus,R0,INLIER,0.0035142368927117,Q1,"To be discreet, chaste, keepers at home, good, obedient to their own husbands, that the word of God bee not blasphemed.","To be discreet, chaste, keepers at home, good, obedient to their own husbands, that the word of God be not blasphemed.","to be discreet, chaste, keepers at home, good, obedient to their own husbands, that the word of god bee not blasphemed.","to be discreet, chaste, keepers at home, good, obedient to their own husbands, that the word of god be not blasphemed.",0.0035142368927117973,0.0035142368927117973,,R0,R1,0.0,
INLIER_BACKGROUND,TIT:3:12,TIT,Titus,R0,INLIER,0.0101934448230979,Q1,"When I shall send Artemas vnto thee, or Tychicus, be diligent to come vnto mee to Nicopolis: for I haue determined there to winter.","When I shall send Artemas unto thee, or Tychicus, be diligent to come unto me to Nicopolis: for I have determined there to winter.","when i shall send artemas vnto thee, or tychicus, be diligent to come vnto mee to nicopolis: for i haue determined there to winter.","when i shall send artemas unto thee, or tychicus, be diligent to come unto me to nicopolis: for i have determined there to winter.",0.010193444823097919,0.010193444823097919,,R0,R1,0.0,
INLIER_BACKGROUND,TIT:3:13,TIT,Titus,R0,INLIER,0.048005244705141,Q2,"Bring Zenas the Lawyer, and Apollos, on their iourney diligently, that nothing be wanting vnto them.","Bring Zenas the lawyer and Apollos on their journey diligently, that nothing be wanting unto them.","bring zenas the lawyer, and apollos, on their iourney diligently, that nothing be wanting vnto them.","bring zenas the lawyer and apollos on their journey diligently, that nothing be wanting unto them.",0.048005244705141004,0.048005244705141004,,R0,R1,0.0,
INLIER_BACKGROUND,TIT:3:15,TIT,Titus,R0,INLIER,0.0309230853499734,Q2,All that are with mee salute thee. Greete them that loue vs in the faith. Grace be with you all. Amen.,All that are with me salute thee. Greet them that love us in the faith. Grace be with you all. Amen.,all that are with mee salute thee. greete them that loue vs in the faith. grace be with you all. amen.,all that are with me salute thee. greet them that love us in the faith. grace be with you all. amen.,0.030923085349973456,0.030923085349973456,,R0,R1,0.0,
INLIER_BACKGROUND,TIT:2:12,TIT,Titus,R0,INLIER,0.0857659656920573,Q3,"Teaching vs that denying vngodlinesse and worldly lusts we should liue soberly, righteously and godly in this present world,","Teaching us that, denying ungodliness and worldly lusts, we should live soberly, righteously, and godly, in this present world;","teaching vs that denying vngodlinesse and worldly lusts we should liue soberly, righteously and godly in this present world,","teaching us that, denying ungodliness and worldly lusts, we should live soberly, righteously, and godly, in this present world;",0.0857659656920573,0.0857659656920573,,R0,R1,0.0,
INLIER_BACKGROUND,TIT:3:2,TIT,Titus,R0,INLIER,0.0611578144469768,Q3,"To speake euill of no man, to bee no brawlers, but gentle, shewing all meekenesse vnto all men.","To speak evil of no man, to be no brawlers, but gentle, shewing all meekness unto all men.","to speake euill of no man, to bee no brawlers, but gentle, shewing all meekenesse vnto all men.","to speak evil of no man, to be no brawlers, but gentle, shewing all meekness unto all men.",0.06115781444697688,0.06115781444697688,,R0,R1,0.0,
INLIER_BACKGROUND,TIT:3:10,TIT,Titus,R0,INLIER,0.1005608300024991,Q4,"A man that is an heretike, after the first and second admonition, reiect:",A man that is an heretick after the first and second admonition reject;,"a man that is an heretike, after the first and second admonition, reiect:",a man that is an heretick after the first and second admonition reject;,0.10056083000249916,0.10056083000249916,,R0,R1,0.0,
INLIER_BACKGROUND,TIT:3:5,TIT,Titus,R0,INLIER,0.0912234863102545,Q4,"Not by workes of righteousnesse which wee haue done, but according to his mercy he saued vs, by the washing of regeneration, and renewing of the holy Ghost,","Not by works of righteousness which we have done, but according to his mercy he saved us, by the washing of regeneration, and renewing of the Holy Ghost;","not by workes of righteousnesse which wee haue done, but according to his mercy he saued vs, by the washing of regeneration, and renewing of the holy ghost,","not by works of righteousness which we have done, but according to his mercy he saved us, by the washing of regeneration, and renewing of the holy ghost;",0.09122348631025456,0.09122348631025456,,R0,R1,0.0,
INLIER_BACKGROUND,ZEC:14:5,ZEC,Zechariah,R0,INLIER,0.0238892795051856,Q1,"And ye shal flee to the valley of the mountaines: for the valley of the mountaines shal reach vnto Azal: yea, ye shall flee like as yee fled from before the earthquake in the dayes of Uzziah king of Iudah: and the Lord my God shall come, and all the Saints with thee.","And ye shall flee to the valley of the mountains; for the valley of the mountains shall reach unto Azal: yea, ye shall flee, like as ye fled from before the earthquake in the days of Uzziah king of Judah: and the LORD my God shall come, and all the saints with thee.","and ye shal flee to the valley of the mountaines: for the valley of the mountaines shal reach vnto azal: yea, ye shall flee like as yee fled from before the earthquake in the dayes of uzziah king of iudah: and the lord my god shall come, and all the saints with thee.","and ye shall flee to the valley of the mountains; for the valley of the mountains shall reach unto azal: yea, ye shall flee, like as ye fled from before the earthquake in the days of uzziah king of judah: and the lord my god shall come, and all the saints with thee.",0.0238892795051856,0.0238892795051856,,R0,R1,0.0,
INLIER_BACKGROUND,ZEC:9:2,ZEC,Zechariah,R0,INLIER,0.0035724548744978,Q1,"And Hamath also shall border thereby; Tyrus and Zidon, though it be very wise.","And Hamath also shall border thereby; Tyrus, and Zidon, though it be very wise.","and hamath also shall border thereby; tyrus and zidon, though it be very wise.","and hamath also shall border thereby; tyrus, and zidon, though it be very wise.",0.0035724548744978657,0.0035724548744978657,,R0,R1,0.0,
INLIER_BACKGROUND,ZEC:5:4,ZEC,Zechariah,R0,INLIER,0.037524109303897,Q2,"I will bring it forth, saith the Lord of hostes, and it shall enter into the house of the theefe, and into the house of him that sweareth falsely by my name: and it shall remaine in the midst of his house, and shall consume it, with the timber thereof, and the stones thereof.","I will bring it forth, saith the LORD of hosts, and it shall enter into the house of the thief, and into the house of him that sweareth falsely by my name: and it shall remain in the midst of his house, and shall consume it with the timber thereof and the stones thereof.","i will bring it forth, saith the lord of hostes, and it shall enter into the house of the theefe, and into the house of him that sweareth falsely by my name: and it shall remaine in the midst of his house, and shall consume it, with the timber thereof, and the stones thereof.","i will bring it forth, saith the lord of hosts, and it shall enter into the house of the thief, and into the house of him that sweareth falsely by my name: and it shall remain in the midst of his house, and shall consume it with the timber thereof and the stones thereof.",0.037524109303897046,0.037524109303897046,,R0,R1,0.0,
INLIER_BACKGROUND,ZEC:8:22,ZEC,Zechariah,R0,INLIER,0.053497573796382,Q2,"Yea many people and strong nations shall come to seeke the Lord of hostes in Ierusalem, and to pray before the Lord.","Yea, many people and strong nations shall come to seek the LORD of hosts in Jerusalem, and to pray before the LORD.","yea many people and strong nations shall come to seeke the lord of hostes in ierusalem, and to pray before the lord.","yea, many people and strong nations shall come to seek the lord of hosts in jerusalem, and to pray before the lord.",0.05349757379638209,0.05349757379638209,,R0,R1,0.0,
INLIER_BACKGROUND,ZEC:4:2,ZEC,Zechariah,R0,INLIER,0.0856142997232758,Q3,"And said vnto mee, What seest thou? and I said, I haue looked, and behold a candlesticke all of gold, with a bowle vpon the top of it, and his seuen lampes thereon, and seuen pipes to the seuen lampes, which were vpon the top thereof.","And said unto me, What seest thou? And I said, I have looked, and behold a candlestick all of gold, with a bowl upon the top of it, and his seven lamps thereon, and seven pipes to the seven lamps, which are upon the top thereof:","and said vnto mee, what seest thou? and i said, i haue looked, and behold a candlesticke all of gold, with a bowle vpon the top of it, and his seuen lampes thereon, and seuen pipes to the seuen lampes, which were vpon the top thereof.","and said unto me, what seest thou? and i said, i have looked, and behold a candlestick all of gold, with a bowl upon the top of it, and his seven lamps thereon, and seven pipes to the seven lamps, which are upon the top thereof:",0.08561429972327583,0.08561429972327583,,R0,R1,0.0,
INLIER_BACKGROUND,ZEC:8:3,ZEC,Zechariah,R0,INLIER,0.0650953940458137,Q3,"Thus saith the Lord, I am returned vnto Zion, and will dwell in the midst of Ierusalem, and Ierusalem shall be called a Citie of trueth, and the Mountaine of the Lord of hostes, the holy Mountaine.","Thus saith the LORD; I am returned unto Zion, and will dwell in the midst of Jerusalem: and Jerusalem shall be called a city of truth; and the mountain of the LORD of hosts the holy mountain.","thus saith the lord, i am returned vnto zion, and will dwell in the midst of ierusalem, and ierusalem shall be called a citie of trueth, and the mountaine of the lord of hostes, the holy mountaine.","thus saith the lord; i am returned unto zion, and will dwell in the midst of jerusalem: and jerusalem shall be called a city of truth; and the mountain of the lord of hosts the holy mountain.",0.06509539404581377,0.06509539404581377,,R0,R1,0.0,
INLIER_BACKGROUND,ZEC:8:2,ZEC,Zechariah,R0,INLIER,0.166584161889307,Q4,"Thus sayeth the Lord of hostes, I was iealous for Zion, with great iealousie; and I was iealous for her with great furie.","Thus saith the LORD of hosts; I was jealous for Zion with great jealousy, and I was jealous for her with great fury.","thus sayeth the lord of hostes, i was iealous for zion, with great iealousie; and i was iealous for her with great furie.","thus saith the lord of hosts; i was jealous for zion with great jealousy, and i was jealous for her with great fury.",0.16658416188930703,0.16658416188930703,,R0,R1,0.0,
INLIER_BACKGROUND,ZEC:9:17,ZEC,Zechariah,R0,INLIER,0.0979964558817835,Q4,"For how great is his goodnesse, and how great is his beautie? corne shal make the yong men cheerefull, and new wine the maides.","For how great is his goodness, and how great is his beauty! corn shall make the young men cheerful, and new wine the maids.","for how great is his goodnesse, and how great is his beautie? corne shal make the yong men cheerefull, and new wine the maides.","for how great is his goodness, and how great is his beauty! corn shall make the young men cheerful, and new wine the maids.",0.09799645588178352,0.09799645588178352,,R0,R1,0.0,
INLIER_BACKGROUND,ZEP:1:13,ZEP,Zephaniah,R0,INLIER,0.014831849561214,Q1,"Therefore their goods shall become a booty, and their houses a desolation: they shall also build houses, but not inhabite them, and they shall plant Uineyards, but not drinke the wine thereof.","Therefore their goods shall become a booty, and their houses a desolation: they shall also build houses, but not inhabit them; and they shall plant vineyards, but not drink the wine thereof.","therefore their goods shall become a booty, and their houses a desolation: they shall also build houses, but not inhabite them, and they shall plant uineyards, but not drinke the wine thereof.","therefore their goods shall become a booty, and their houses a desolation: they shall also build houses, but not inhabit them; and they shall plant vineyards, but not drink the wine thereof.",0.014831849561214083,0.014831849561214083,,R0,R1,0.0,
INLIER_BACKGROUND,ZEP:1:15,ZEP,Zephaniah,R0,INLIER,0.0105252031333518,Q1,"That day is a day of wrath, a day of trouble and distresse, a day of wastenesse and desolation, a day of darknesse and gloominesse, a day of cloudes and thicke darkenesse;","That day is a day of wrath, a day of trouble and distress, a day of wasteness and desolation, a day of darkness and gloominess, a day of clouds and thick darkness,","that day is a day of wrath, a day of trouble and distresse, a day of wastenesse and desolation, a day of darknesse and gloominesse, a day of cloudes and thicke darkenesse;","that day is a day of wrath, a day of trouble and distress, a day of wasteness and desolation, a day of darkness and gloominess, a day of clouds and thick darkness,",0.010525203133351813,0.010525203133351813,,R0,R1,0.0,
INLIER_BACKGROUND,ZEP:1:16,ZEP,Zephaniah,R0,INLIER,0.0318279168946505,Q2,"A day of the trumpet and alarme against the fenced cities, and against the high towres.","A day of the trumpet and alarm against the fenced cities, and against the high towers.","a day of the trumpet and alarme against the fenced cities, and against the high towres.","a day of the trumpet and alarm against the fenced cities, and against the high towers.",0.03182791689465059,0.03182791689465059,,R0,R1,0.0,
INLIER_BACKGROUND,ZEP:3:6,ZEP,Zephaniah,R0,INLIER,0.0340387358517739,Q2,"I haue cut off the nations: their towres are desolate, I made their streetes waste, that none passeth by: their cities are destroied, so that there is no man, that there is none inhabitant.","I have cut off the nations: their towers are desolate; I made their streets waste, that none passeth by: their cities are destroyed, so that there is no man, that there is none inhabitant.","i haue cut off the nations: their towres are desolate, i made their streetes waste, that none passeth by: their cities are destroied, so that there is no man, that there is none inhabitant.","i have cut off the nations: their towers are desolate; i made their streets waste, that none passeth by: their cities are destroyed, so that there is no man, that there is none inhabitant.",0.03403873585177397,0.03403873585177397,,R0,R1,0.0,
INLIER_BACKGROUND,ZEP:3:1,ZEP,Zephaniah,R0,INLIER,0.0877402803603035,Q3,"Woe to her that is filthie and polluted, to the oppressing citie.","Woe to her that is filthy and polluted, to the oppressing city!","woe to her that is filthie and polluted, to the oppressing citie.","woe to her that is filthy and polluted, to the oppressing city!",0.08774028036030357,0.08774028036030357,,R0,R1,0.0,
INLIER_BACKGROUND,ZEP:3:16,ZEP,Zephaniah,R0,INLIER,0.0657015406584022,Q3,"In that day it shall be said to Ierusalem, Feare thou not: and to Zion, Let not thine hands be slacke.","In that day it shall be said to Jerusalem, Fear thou not: and to Zion, Let not thine hands be slack.","in that day it shall be said to ierusalem, feare thou not: and to zion, let not thine hands be slacke.","in that day it shall be said to jerusalem, fear thou not: and to zion, let not thine hands be slack.",0.06570154065840228,0.06570154065840228,,R0,R1,0.0,
INLIER_BACKGROUND,ZEP:2:12,ZEP,Zephaniah,R0,INLIER,0.1350740016554373,Q4,"¶ Ye Ethiopians also, ye shalbe slaine by my sword.","Ye Ethiopians also, ye shall be slain by my sword.","¶ ye ethiopians also, ye shalbe slaine by my sword.","ye ethiopians also, ye shall be slain by my sword.",0.13507400165543737,0.13507400165543737,,R0,R1,0.0,
INLIER_BACKGROUND,ZEP:3:3,ZEP,Zephaniah,R0,INLIER,0.1097990960459122,Q4,"Her princes within her are roaring lyons; her Iudges are euening wolues, they gnaw not the bones till the morrow.",Her princes within her are roaring lions; her judges are evening wolves; they gnaw not the bones till the morrow.,"her princes within her are roaring lyons; her iudges are euening wolues, they gnaw not the bones till the morrow.",her princes within her are roaring lions; her judges are evening wolves; they gnaw not the bones till the morrow.,0.1097990960459122,0.1097990960459122,,R0,R1,0.0,
INLIER_BACKGROUND,1CH:1:30,1CH,1Chronicles,R1,INLIER,1.1102230246251563e-16,Q1,"Mishma, and Dumah, Massa, Hadad, and Tema,","Mishma, and Dumah, Massa, Hadad, and Tema,","mishma, and dumah, massa, hadad, and tema,","mishma, and dumah, massa, hadad, and tema,",1.1102230246251565e-16,1.1102230246251565e-16,,R0,R1,0.0,
INLIER_BACKGROUND,1CH:4:2,1CH,1Chronicles,R1,INLIER,0.0271942375299341,Q1,"And Reaiah, the son of Shobal, begate Iahath, and Iahath begate Ahumai, & Lahad. These are the families of the Zorathites.","And Reaiah the son of Shobal begat Jahath; and Jahath begat Ahumai, and Lahad. These are the families of the Zorathites.","and reaiah, the son of shobal, begate iahath, and iahath begate ahumai, & lahad. these are the families of the zorathites.","and reaiah the son of shobal begat jahath; and jahath begat ahumai, and lahad. these are the families of the zorathites.",0.027194237529934107,0.027194237529934107,,R0,R1,0.0,
INLIER_BACKGROUND,1CH:22:15,1CH,1Chronicles,R1,INLIER,0.0472322853554709,Q2,"Moreouer, there are workmen with thee in abundance, hewers, and workers of stone and timber, and all maner of cunning men for euery maner of worke:","Moreover there are workmen with thee in abundance, hewers and workers of stone and timber, and all manner of cunning men for every manner of work.","moreouer, there are workmen with thee in abundance, hewers, and workers of stone and timber, and all maner of cunning men for euery maner of worke:","moreover there are workmen with thee in abundance, hewers and workers of stone and timber, and all manner of cunning men for every manner of work.",0.04723228535547097,0.04723228535547097,,R0,R1,0.0,
INLIER_BACKGROUND,1CH:6:70,1CH,1Chronicles,R1,INLIER,0.0328970670709997,Q2,"And out of the halfe tribe of Manasseh, Aner with her suburbs, and Bileam with her suburbs, for the family of the remnant of the sonnes of Kohath.","And out of the half tribe of Manasseh; Aner with her suburbs, and Bileam with her suburbs, for the family of the remnant of the sons of Kohath.","and out of the halfe tribe of manasseh, aner with her suburbs, and bileam with her suburbs, for the family of the remnant of the sonnes of kohath.","and out of the half tribe of manasseh; aner with her suburbs, and bileam with her suburbs, for the family of the remnant of the sons of kohath.",0.03289706707099971,0.03289706707099971,,R0,R1,0.0,
INLIER_BACKGROUND,1CH:1:41,1CH,1Chronicles,R1,INLIER,0.0815202712160338,Q3,"The sonnes of Anah: Dishon. And the sonnes of Dishon: Amram, and Eshban, and Ithran, and Cheran.","The sons of Anah; Dishon. And the sons of Dishon; Amram, and Eshban, and Ithran, and Cheran.","the sonnes of anah: dishon. and the sonnes of dishon: amram, and eshban, and ithran, and cheran.","the sons of anah; dishon. and the sons of dishon; amram, and eshban, and ithran, and cheran.",0.08152027121603389,0.08152027121603389,,R0,R1,0.0,
INLIER_BACKGROUND,1CH:9:16,1CH,1Chronicles,R1,INLIER,0.0596568094103098,Q3,"And Obadiah the sonne of Shemaiah, the sonne of Galal, the sonne of Ieduthun: and Berechiah the sonne of Asa, the sonne of Elkanah, that dwelt in the villages of the Netophathites.","And Obadiah the son of Shemaiah, the son of Galal, the son of Jeduthun, and Berechiah the son of Asa, the son of Elkanah, that dwelt in the villages of the Netophathites.","and obadiah the sonne of shemaiah, the sonne of galal, the sonne of ieduthun: and berechiah the sonne of asa, the sonne of elkanah, that dwelt in the villages of the netophathites.","and obadiah the son of shemaiah, the son of galal, the son of jeduthun, and berechiah the son of asa, the son of elkanah, that dwelt in the villages of the netophathites.",0.05965680941030982,0.05965680941030982,,R0,R1,0.0,
INLIER_BACKGROUND,1CH:12:38,1CH,1Chronicles,R1,INLIER,0.095200522474815,Q4,"All these men of warre, that could keepe ranke, came with a perfect heart to Hebron, to make Dauid king ouer all Israel: and all the rest also of Israel, were of one heart to make Dauid king.","All these men of war, that could keep rank, came with a perfect heart to Hebron, to make David king over all Israel: and all the rest also of Israel were of one heart to make David king.","all these men of warre, that could keepe ranke, came with a perfect heart to hebron, to make dauid king ouer all israel: and all the rest also of israel, were of one heart to make dauid king.","all these men of war, that could keep rank, came with a perfect heart to hebron, to make david king over all israel: and all the rest also of israel were of one heart to make david king.",0.09520052247481503,0.09520052247481503,,R0,R1,0.0,
INLIER_BACKGROUND,1CH:6:45,1CH,1Chronicles,R1,INLIER,0.1443626674472219,Q4,"The sonne of Hashabiah, the sonne of Amaziah, the sonne of Hilkiah,","The son of Hashabiah, the son of Amaziah, the son of Hilkiah,","the sonne of hashabiah, the sonne of amaziah, the sonne of hilkiah,","the son of hashabiah, the son of amaziah, the son of hilkiah,",0.14436266744722193,0.14436266744722193,,R0,R1,0.0,
INLIER_BACKGROUND,1CO:3:7,1CO,1Corinthians,R1,INLIER,0.0269402700027864,Q1,"So then, neither is he that planteth any thing, neither hee that watereth: but God that giueth the increase.","So then neither is he that planteth any thing, neither he that watereth; but God that giveth the increase.","so then, neither is he that planteth any thing, neither hee that watereth: but god that giueth the increase.","so then neither is he that planteth any thing, neither he that watereth; but god that giveth the increase.",0.026940270002786426,0.026940270002786426,,R0,R1,0.0,
INLIER_BACKGROUND,1CO:4:11,1CO,1Corinthians,R1,INLIER,0.0300317332989069,Q1,"Euen vnto this present houre we both hunger and thirst, and are naked, and are buffeted, and haue no certaine dwelling place,","Even unto this present hour we both hunger, and thirst, and are naked, and are buffeted, and have no certain dwellingplace;","euen vnto this present houre we both hunger and thirst, and are naked, and are buffeted, and haue no certaine dwelling place,","even unto this present hour we both hunger, and thirst, and are naked, and are buffeted, and have no certain dwellingplace;",0.03003173329890696,0.03003173329890696,,R0,R1,0.0,
INLIER_BACKGROUND,1CO:10:7,1CO,1Corinthians,R1,INLIER,0.0545899353255989,Q2,"Neither be ye idolaters, as were some of them, as it is written, The people sate downe to eate and drinke, and rose vp to play.","Neither be ye idolaters, as were some of them; as it is written, The people sat down to eat and drink, and rose up to play.","neither be ye idolaters, as were some of them, as it is written, the people sate downe to eate and drinke, and rose vp to play.","neither be ye idolaters, as were some of them; as it is written, the people sat down to eat and drink, and rose up to play.",0.05458993532559897,0.05458993532559897,,R0,R1,0.0,
INLIER_BACKGROUND,1CO:4:13,1CO,1Corinthians,R1,INLIER,0.030797878071697,Q2,"Being defamed, we intreate: we are made as the filth of the world, and are the off-scouring of all things vnto this day.","Being defamed, we intreat: we are made as the filth of the world, and are the offscouring of all things unto this day.","being defamed, we intreate: we are made as the filth of the world, and are the off-scouring of all things vnto this day.","being defamed, we intreat: we are made as the filth of the world, and are the offscouring of all things unto this day.",0.030797878071697093,0.030797878071697093,,R0,R1,0.0,
INLIER_BACKGROUND,1CO:12:2,1CO,1Corinthians,R1,INLIER,0.0691179124717451,Q3,"Yee know that yee were Gentiles, caryed away vnto these dumbe idoles, euen as ye were led.","Ye know that ye were Gentiles, carried away unto these dumb idols, even as ye were led.","yee know that yee were gentiles, caryed away vnto these dumbe idoles, euen as ye were led.","ye know that ye were gentiles, carried away unto these dumb idols, even as ye were led.",0.06911791247174515,0.06911791247174515,,R0,R1,0.0,
INLIER_BACKGROUND,1CO:5:8,1CO,1Corinthians,R1,INLIER,0.0882133456510315,Q3,"Therefore let vs keepe the Feast, not with old leauen, neither with the leauen of malice and wickednesse: but with the vnleauened bread of sinceritie and trueth.","Therefore let us keep the feast, not with old leaven, neither with the leaven of malice and wickedness; but with the unleavened bread of sincerity and truth.","therefore let vs keepe the feast, not with old leauen, neither with the leauen of malice and wickednesse: but with the vnleauened bread of sinceritie and trueth.","therefore let us keep the feast, not with old leaven, neither with the leaven of malice and wickedness; but with the unleavened bread of sincerity and truth.",0.08821334565103156,0.08821334565103156,,R0,R1,0.0,
INLIER_BACKGROUND,1CO:10:24,1CO,1Corinthians,R1,INLIER,0.1312329145391259,Q4,Let no man seeke his owne: but euery man anothers wealth.,"Let no man seek his own, but every man another’s wealth.",let no man seeke his owne: but euery man anothers wealth.,"let no man seek his own, but every man another’s wealth.",0.1312329145391259,0.1312329145391259,,R0,R1,0.0,
INLIER_BACKGROUND,1CO:15:58,1CO,1Corinthians,R1,INLIER,0.0980671792730172,Q4,"Therefore my beloued brethren, be yee stedfast, vnmoueable, alwayes abounding in the worke of the Lord, forasmuch as you know that your labour is not in vaine in the Lord.","Therefore, my beloved brethren, be ye stedfast, unmoveable, always abounding in the work of the Lord, forasmuch as ye know that your labour is not in vain in the Lord.","therefore my beloued brethren, be yee stedfast, vnmoueable, alwayes abounding in the worke of the lord, forasmuch as you know that your labour is not in vaine in the lord.","therefore, my beloved brethren, be ye stedfast, unmoveable, always abounding in the work of the lord, forasmuch as ye know that your labour is not in vain in the lord.",0.09806717927301722,0.09806717927301722,,R0,R1,0.0,
INLIER_BACKGROUND,1JN:5:19,1JN,1John,R1,INLIER,0.0059636196212888,Q1,"And we know that we are of God, and the whole world lieth in wickednesse.","And we know that we are of God, and the whole world lieth in wickedness.","and we know that we are of god, and the whole world lieth in wickednesse.","and we know that we are of god, and the whole world lieth in wickedness.",0.005963619621288885,0.005963619621288885,,R0,R1,0.0,
INLIER_BACKGROUND,1JN:5:21,1JN,1John,R1,INLIER,0.0268556826296436,Q1,"Little children, keepe your selues from Idoles. Amen.","Little children, keep yourselves from idols. Amen.","little children, keepe your selues from idoles. amen.","little children, keep yourselves from idols. amen.",0.026855682629643662,0.026855682629643662,,R0,R1,0.0,
INLIER_BACKGROUND,1JN:1:10,1JN,1John,R1,INLIER,0.0454202067240105,Q2,"If we say that we haue not sinned, wee make him a liar, and his word is not in vs.","If we say that we have not sinned, we make him a liar, and his word is not in us.","if we say that we haue not sinned, wee make him a liar, and his word is not in vs.","if we say that we have not sinned, we make him a liar, and his word is not in us.",0.04542020672401059,0.04542020672401059,,R0,R1,0.0,
INLIER_BACKGROUND,1JN:4:3,1JN,1John,R1,INLIER,0.045492508797132,Q2,"And euery Spirit that confesseth not that Iesus Christ is come in the flesh, is not of God: and this is that spirit of Antichrist, whereof you haue heard, that it should come, and euen now already is it in the world.","And every spirit that confesseth not that Jesus Christ is come in the flesh is not of God: and this is that spirit of antichrist, whereof ye have heard that it should come; and even now already is it in the world.","and euery spirit that confesseth not that iesus christ is come in the flesh, is not of god: and this is that spirit of antichrist, whereof you haue heard, that it should come, and euen now already is it in the world.","and every spirit that confesseth not that jesus christ is come in the flesh is not of god: and this is that spirit of antichrist, whereof ye have heard that it should come; and even now already is it in the world.",0.04549250879713207,0.04549250879713207,,R0,R1,0.0,
INLIER_BACKGROUND,1JN:2:28,1JN,1John,R1,INLIER,0.0572732770897167,Q3,"And now, little children, abide in him, that when hee shall appeare, wee may haue confidence, and not bee ashamed before him at his comming.","And now, little children, abide in him; that, when he shall appear, we may have confidence, and not be ashamed before him at his coming.","and now, little children, abide in him, that when hee shall appeare, wee may haue confidence, and not bee ashamed before him at his comming.","and now, little children, abide in him; that, when he shall appear, we may have confidence, and not be ashamed before him at his coming.",0.057273277089716745,0.057273277089716745,,R0,R1,0.0,
INLIER_BACKGROUND,1JN:3:19,1JN,1John,R1,INLIER,0.0777487037775527,Q3,"And hereby wee know that wee are of the trueth, and shall assure our hearts before him.","And hereby we know that we are of the truth, and shall assure our hearts before him.","and hereby wee know that wee are of the trueth, and shall assure our hearts before him.","and hereby we know that we are of the truth, and shall assure our hearts before him.",0.07774870377755272,0.07774870377755272,,R0,R1,0.0,
INLIER_BACKGROUND,1JN:4:9,1JN,1John,R1,INLIER,0.1058911089352808,Q4,"In this was manifested the loue of God towards vs, because that God sent his only begotten Sonne into the world, that we might liue through him.","In this was manifested the love of God toward us, because that God sent his only begotten Son into the world, that we might live through him.","in this was manifested the loue of god towards vs, because that god sent his only begotten sonne into the world, that we might liue through him.","in this was manifested the love of god toward us, because that god sent his only begotten son into the world, that we might live through him.",0.10589110893528086,0.10589110893528086,,R0,R1,0.0,
INLIER_BACKGROUND,1JN:5:17,1JN,1John,R1,INLIER,0.1431756553511654,Q4,"All vnrighteousnes is sinne, and there is a sinne not vnto death.",All unrighteousness is sin: and there is a sin not unto death.,"all vnrighteousnes is sinne, and there is a sinne not vnto death.",all unrighteousness is sin: and there is a sin not unto death.,0.1431756553511654,0.1431756553511654,,R0,R1,0.0,
INLIER_BACKGROUND,1KI:2:43,1KI,1Kings,R1,INLIER,0.0091289117844757,Q1,"Why then hast thou not kept the Oath of the Lord, and the commandement that I haue charged thee with?","Why then hast thou not kept the oath of the LORD, and the commandment that I have charged thee with?","why then hast thou not kept the oath of the lord, and the commandement that i haue charged thee with?","why then hast thou not kept the oath of the lord, and the commandment that i have charged thee with?",0.009128911784475724,0.009128911784475724,,R0,R1,0.0,
INLIER_BACKGROUND,1KI:3:24,1KI,1Kings,R1,INLIER,0.0134040115212551,Q1,"And the King said, Bring mee a sword. And they brought a sword before the king:","And the king said, Bring me a sword. And they brought a sword before the king.","and the king said, bring mee a sword. and they brought a sword before the king:","and the king said, bring me a sword. and they brought a sword before the king.",0.013404011521255144,0.013404011521255144,,R0,R1,0.0,
INLIER_BACKGROUND,1KI:13:3,1KI,1Kings,R1,INLIER,0.0348063027423747,Q2,"And he gaue a signe the same day, saying, This is the signe which the Lord hath spoken: Behold, the altar shall be rent, and the ashes that are vpon it, shalbe powred out.","And he gave a sign the same day, saying, This is the sign which the LORD hath spoken; Behold, the altar shall be rent, and the ashes that are upon it shall be poured out.","and he gaue a signe the same day, saying, this is the signe which the lord hath spoken: behold, the altar shall be rent, and the ashes that are vpon it, shalbe powred out.","and he gave a sign the same day, saying, this is the sign which the lord hath spoken; behold, the altar shall be rent, and the ashes that are upon it shall be poured out.",0.03480630274237473,0.03480630274237473,,R0,R1,0.0,
INLIER_BACKGROUND,1KI:6:21,1KI,1Kings,R1,INLIER,0.0493033937445737,Q2,"So Solomon ouerlayd the house within with pure golde: and he made a partition, by the chaines of golde before the Oracle, and he ouerlaid it with gold.",So Solomon overlaid the house within with pure gold: and he made a partition by the chains of gold before the oracle; and he overlaid it with gold.,"so solomon ouerlayd the house within with pure golde: and he made a partition, by the chaines of golde before the oracle, and he ouerlaid it with gold.",so solomon overlaid the house within with pure gold: and he made a partition by the chains of gold before the oracle; and he overlaid it with gold.,0.04930339374457371,0.04930339374457371,,R0,R1,0.0,
INLIER_BACKGROUND,1KI:1:49,1KI,1Kings,R1,INLIER,0.0795097755634072,Q3,"And all the guests that were with Adoniiah, were afraid, and rose vp, and went euery man his way.","And all the guests that were with Adonijah were afraid, and rose up, and went every man his way.","and all the guests that were with adoniiah, were afraid, and rose vp, and went euery man his way.","and all the guests that were with adonijah were afraid, and rose up, and went every man his way.",0.07950977556340721,0.07950977556340721,,R0,R1,0.0,
INLIER_BACKGROUND,1KI:4:27,1KI,1Kings,R1,INLIER,0.0578699337241377,Q3,"And those officers prouided victuall for king Solomon, and for all that came vnto king Solomons table, euery man in his moneth: they lacked nothing.","And those officers provided victual for king Solomon, and for all that came unto king Solomon’s table, every man in his month: they lacked nothing.","and those officers prouided victuall for king solomon, and for all that came vnto king solomons table, euery man in his moneth: they lacked nothing.","and those officers provided victual for king solomon, and for all that came unto king solomon’s table, every man in his month: they lacked nothing.",0.057869933724137734,0.057869933724137734,,R0,R1,0.0,
INLIER_BACKGROUND,1KI:18:46,1KI,1Kings,R1,INLIER,0.1241237442575936,Q4,"And the hand of the Lord was on Eliiah; and hee girded vp his loynes, and ranne before Ahab, to the entrance of Iezreel.","And the hand of the LORD was on Elijah; and he girded up his loins, and ran before Ahab to the entrance of Jezreel.","and the hand of the lord was on eliiah; and hee girded vp his loynes, and ranne before ahab, to the entrance of iezreel.","and the hand of the lord was on elijah; and he girded up his loins, and ran before ahab to the entrance of jezreel.",0.12412374425759365,0.12412374425759365,,R0,R1,0.0,
INLIER_BACKGROUND,1KI:9:4,1KI,1Kings,R1,INLIER,0.1038703338287849,Q4,"And if thou wilt walke before me, as Dauid thy father walked, in integritie of heart, and in vprightnesse, to doe according to all that I haue commanded thee, and wilt keepe my Statutes, and my Iudgements:","And if thou wilt walk before me, as David thy father walked, in integrity of heart, and in uprightness, to do according to all that I have commanded thee, and wilt keep my statutes and my judgments:","and if thou wilt walke before me, as dauid thy father walked, in integritie of heart, and in vprightnesse, to doe according to all that i haue commanded thee, and wilt keepe my statutes, and my iudgements:","and if thou wilt walk before me, as david thy father walked, in integrity of heart, and in uprightness, to do according to all that i have commanded thee, and wilt keep my statutes and my judgments:",0.10387033382878497,0.10387033382878497,,R0,R1,0.0,
INLIER_BACKGROUND,1PE:1:14,1PE,1Peter,R1,INLIER,0.0178513929037475,Q1,"As obedient children, not fashioning your selues according to the former lusts, in your ignorance:","As obedient children, not fashioning yourselves according to the former lusts in your ignorance:","as obedient children, not fashioning your selues according to the former lusts, in your ignorance:","as obedient children, not fashioning yourselves according to the former lusts in your ignorance:",0.017851392903747598,0.017851392903747598,,R0,R1,0.0,
INLIER_BACKGROUND,1PE:5:1,1PE,1Peter,R1,INLIER,0.0148297609801465,Q1,"The Elders which are among you I exhort, who am also an Elder, and a witnesse of the sufferings of Christ, and also a partaker of the glory that shall be reuealed.","The elders which are among you I exhort, who am also an elder, and a witness of the sufferings of Christ, and also a partaker of the glory that shall be revealed:","the elders which are among you i exhort, who am also an elder, and a witnesse of the sufferings of christ, and also a partaker of the glory that shall be reuealed.","the elders which are among you i exhort, who am also an elder, and a witness of the sufferings of christ, and also a partaker of the glory that shall be revealed:",0.014829760980146545,0.014829760980146545,,R0,R1,0.0,
INLIER_BACKGROUND,1PE:3:12,1PE,1Peter,R1,INLIER,0.0513585033913494,Q2,"For the eyes of the Lord are ouer the righteous, and his eares are open vnto their prayers: but the face of the Lord is against them that doe euill.","For the eyes of the Lord are over the righteous, and his ears are open unto their prayers: but the face of the Lord is against them that do evil.","for the eyes of the lord are ouer the righteous, and his eares are open vnto their prayers: but the face of the lord is against them that doe euill.","for the eyes of the lord are over the righteous, and his ears are open unto their prayers: but the face of the lord is against them that do evil.",0.0513585033913494,0.0513585033913494,,R0,R1,0.0,
INLIER_BACKGROUND,1PE:3:5,1PE,1Peter,R1,INLIER,0.0376983605426162,Q2,"For after this manner in the olde time, the holy women also who trusted in God adorned themselues, beeing in subiection vnto their owne husbands.","For after this manner in the old time the holy women also, who trusted in God, adorned themselves, being in subjection unto their own husbands:","for after this manner in the olde time, the holy women also who trusted in god adorned themselues, beeing in subiection vnto their owne husbands.","for after this manner in the old time the holy women also, who trusted in god, adorned themselves, being in subjection unto their own husbands:",0.037698360542616216,0.037698360542616216,,R0,R1,0.0,
INLIER_BACKGROUND,1PE:2:13,1PE,1Peter,R1,INLIER,0.0746820267953513,Q3,"Submit your selues to euery ordinance of man for the Lordes sake, whether it be to the King, as supreme,","Submit yourselves to every ordinance of man for the Lord’s sake: whether it be to the king, as supreme;","submit your selues to euery ordinance of man for the lordes sake, whether it be to the king, as supreme,","submit yourselves to every ordinance of man for the lord’s sake: whether it be to the king, as supreme;",0.0746820267953513,0.0746820267953513,,R0,R1,0.0,
INLIER_BACKGROUND,1PE:3:15,1PE,1Peter,R1,INLIER,0.0755917461917973,Q3,"But sanctifie the Lord God in your hearts, & be ready alwayes to giue an answere to euery man that asketh you a reason of the hope that is in you, with meekenesse and feare:",But sanctify the Lord God in your hearts: and be ready always to give an answer to every man that asketh you a reason of the hope that is in you with meekness and fear:,"but sanctifie the lord god in your hearts, & be ready alwayes to giue an answere to euery man that asketh you a reason of the hope that is in you, with meekenesse and feare:",but sanctify the lord god in your hearts: and be ready always to give an answer to every man that asketh you a reason of the hope that is in you with meekness and fear:,0.07559174619179732,0.07559174619179732,,R0,R1,0.0,
INLIER_BACKGROUND,1PE:1:10,1PE,1Peter,R1,INLIER,0.0961105656146784,Q4,"Of which saluation the Prophets haue inquired, and searched diligently, who prophesied of the grace that should come vnto you,","Of which salvation the prophets have enquired and searched diligently, who prophesied of the grace that should come unto you:","of which saluation the prophets haue inquired, and searched diligently, who prophesied of the grace that should come vnto you,","of which salvation the prophets have enquired and searched diligently, who prophesied of the grace that should come unto you:",0.09611056561467846,0.09611056561467846,,R0,R1,0.0,
INLIER_BACKGROUND,1PE:1:4,1PE,1Peter,R1,INLIER,0.1021007029337432,Q4,"To an inheritance incorruptible, and vndefiled, and that fadeth not away, reserued in heauen for you,","To an inheritance incorruptible, and undefiled, and that fadeth not away, reserved in heaven for you,","to an inheritance incorruptible, and vndefiled, and that fadeth not away, reserued in heauen for you,","to an inheritance incorruptible, and undefiled, and that fadeth not away, reserved in heaven for you,",0.10210070293374329,0.10210070293374329,,R0,R1,0.0,
INLIER_BACKGROUND,1SA:2:2,1SA,1Samuel,R1,INLIER,0.0189932546425362,Q1,There is none holy as the Lord: for there is none beside thee: neither is there any Rocke like our God.,There is none holy as the LORD: for there is none beside thee: neither is there any rock like our God.,there is none holy as the lord: for there is none beside thee: neither is there any rocke like our god.,there is none holy as the lord: for there is none beside thee: neither is there any rock like our god.,0.018993254642536206,0.018993254642536206,,R0,R1,0.0,
INLIER_BACKGROUND,1SA:3:19,1SA,1Samuel,R1,INLIER,0.0214145870573101,Q1,"¶ And Samuel grew, and the Lord was with him, and did let none of his words fall to the ground.","And Samuel grew, and the LORD was with him, and did let none of his words fall to the ground.","¶ and samuel grew, and the lord was with him, and did let none of his words fall to the ground.","and samuel grew, and the lord was with him, and did let none of his words fall to the ground.",0.02141458705731014,0.02141458705731014,,R0,R1,0.0,
INLIER_BACKGROUND,1SA:12:16,1SA,1Samuel,R1,INLIER,0.0521292789078065,Q2,¶ Now therefore stand and see this great thing which the Lord will doe before your eyes.,"Now therefore stand and see this great thing, which the LORD will do before your eyes.",¶ now therefore stand and see this great thing which the lord will doe before your eyes.,"now therefore stand and see this great thing, which the lord will do before your eyes.",0.0521292789078065,0.0521292789078065,,R0,R1,0.0,
INLIER_BACKGROUND,1SA:14:47,1SA,1Samuel,R1,INLIER,0.0520262330901517,Q2,"¶ So Saul tooke the kingdom ouer Israel, and fought against all his enemies on euery side, against Moab, and against the children of Ammon, and against Edom, and against the kings of Zobah, and against the Philistines: and whithersoeuer hee turned himselfe, he vexed them.","So Saul took the kingdom over Israel, and fought against all his enemies on every side, against Moab, and against the children of Ammon, and against Edom, and against the kings of Zobah, and against the Philistines: and whithersoever he turned himself, he vexed them.","¶ so saul tooke the kingdom ouer israel, and fought against all his enemies on euery side, against moab, and against the children of ammon, and against edom, and against the kings of zobah, and against the philistines: and whithersoeuer hee turned himselfe, he vexed them.","so saul took the kingdom over israel, and fought against all his enemies on every side, against moab, and against the children of ammon, and against edom, and against the kings of zobah, and against the philistines: and whithersoever he turned himself, he vexed them.",0.05202623309015175,0.05202623309015175,,R0,R1,0.0,
INLIER_BACKGROUND,1SA:2:12,1SA,1Samuel,R1,INLIER,0.0749596535416275,Q3,"¶ Now the sonnes of Eli were sonnes of Belial, they knewe not the Lord.",Now the sons of Eli were sons of Belial; they knew not the LORD.,"¶ now the sonnes of eli were sonnes of belial, they knewe not the lord.",now the sons of eli were sons of belial; they knew not the lord.,0.07495965354162759,0.07495965354162759,,R0,R1,0.0,
INLIER_BACKGROUND,1SA:4:5,1SA,1Samuel,R1,INLIER,0.0594062713183005,Q3,"And when the Arke of the Couenant of the Lord came into the campe, all Israel shouted with a great shout, so that the earth rang againe.","And when the ark of the covenant of the LORD came into the camp, all Israel shouted with a great shout, so that the earth rang again.","and when the arke of the couenant of the lord came into the campe, all israel shouted with a great shout, so that the earth rang againe.","and when the ark of the covenant of the lord came into the camp, all israel shouted with a great shout, so that the earth rang again.",0.05940627131830056,0.05940627131830056,,R0,R1,0.0,
INLIER_BACKGROUND,1SA:18:28,1SA,1Samuel,R1,INLIER,0.126524387385908,Q4,"¶ And Saul saw and knew that the Lord was with Dauid, and that Michal Sauls daughter loued him.","And Saul saw and knew that the LORD was with David, and that Michal Saul’s daughter loved him.","¶ and saul saw and knew that the lord was with dauid, and that michal sauls daughter loued him.","and saul saw and knew that the lord was with david, and that michal saul’s daughter loved him.",0.126524387385908,0.126524387385908,,R0,R1,0.0,
INLIER_BACKGROUND,1SA:28:19,1SA,1Samuel,R1,INLIER,0.0980816408116045,Q4,"Moreouer, the Lord will also deliuer Israel with thee, into the hand of the Philistines: and to morrow shalt thou and thy sonnes bee with mee: the Lord also shall deliuer the hoste of Israel into the hand of the Philistines.",Moreover the LORD will also deliver Israel with thee into the hand of the Philistines: and to morrow shalt thou and thy sons be with me: the LORD also shall deliver the host of Israel into the hand of the Philistines.,"moreouer, the lord will also deliuer israel with thee, into the hand of the philistines: and to morrow shalt thou and thy sonnes bee with mee: the lord also shall deliuer the hoste of israel into the hand of the philistines.",moreover the lord will also deliver israel with thee into the hand of the philistines: and to morrow shalt thou and thy sons be with me: the lord also shall deliver the host of israel into the hand of the philistines.,0.09808164081160453,0.09808164081160453,,R0,R1,0.0,
INLIER_BACKGROUND,1TH:1:4,1TH,1Thessalonians,R1,INLIER,0.0247631982319765,Q1,"Knowing, brethren beloued, your election of God.","Knowing, brethren beloved, your election of God.","knowing, brethren beloued, your election of god.","knowing, brethren beloved, your election of god.",0.02476319823197659,0.02476319823197659,,R0,R1,0.0,
INLIER_BACKGROUND,1TH:2:12,1TH,1Thessalonians,R1,INLIER,0.0260780048113663,Q1,"That ye would walke worthy of God, who hath called you vnto his kingdome and glory.","That ye would walk worthy of God, who hath called you unto his kingdom and glory.","that ye would walke worthy of god, who hath called you vnto his kingdome and glory.","that ye would walk worthy of god, who hath called you unto his kingdom and glory.",0.02607800481136635,0.02607800481136635,,R0,R1,0.0,
INLIER_BACKGROUND,1TH:1:1,1TH,1Thessalonians,R1,INLIER,0.0469452256282645,Q2,"Paul and Siluanus, and Timotheus, vnto the Church of the Thessalonians, which is in God the Father, and in the Lord Iesus Christ: grace be vnto you, and peace from God our Father, and the Lord Iesus Christ.","Paul, and Silvanus, and Timotheus, unto the church of the Thessalonians which is in God the Father and in the Lord Jesus Christ: Grace be unto you, and peace, from God our Father, and the Lord Jesus Christ.","paul and siluanus, and timotheus, vnto the church of the thessalonians, which is in god the father, and in the lord iesus christ: grace be vnto you, and peace from god our father, and the lord iesus christ.","paul, and silvanus, and timotheus, unto the church of the thessalonians which is in god the father and in the lord jesus christ: grace be unto you, and peace, from god our father, and the lord jesus christ.",0.04694522562826453,0.04694522562826453,,R0,R1,0.0,
INLIER_BACKGROUND,1TH:5:2,1TH,1Thessalonians,R1,INLIER,0.0547322592539373,Q2,For your selues knowe perfectly that the day of the Lord so commeth as a thiefe in the night.,For yourselves know perfectly that the day of the Lord so cometh as a thief in the night.,for your selues knowe perfectly that the day of the lord so commeth as a thiefe in the night.,for yourselves know perfectly that the day of the lord so cometh as a thief in the night.,0.05473225925393732,0.05473225925393732,,R0,R1,0.0,
INLIER_BACKGROUND,1TH:2:20,1TH,1Thessalonians,R1,INLIER,0.0622082647563512,Q3,"For, ye are our glory and ioy.",For ye are our glory and joy.,"for, ye are our glory and ioy.",for ye are our glory and joy.,0.06220826475635122,0.06220826475635122,,R0,R1,0.0,
INLIER_BACKGROUND,1TH:5:10,1TH,1Thessalonians,R1,INLIER,0.0853843703507674,Q3,"Who died for vs, that whether we wake or sleepe, we should liue together with him.","Who died for us, that, whether we wake or sleep, we should live together with him.","who died for vs, that whether we wake or sleepe, we should liue together with him.","who died for us, that, whether we wake or sleep, we should live together with him.",0.0853843703507674,0.0853843703507674,,R0,R1,0.0,
INLIER_BACKGROUND,1TH:1:10,1TH,1Thessalonians,R1,INLIER,0.1692784138174692,Q4,"And to waite for his sonne from heauen whom he raised from the dead, euen Iesus which deliuered vs from the wrath to come.","And to wait for his Son from heaven, whom he raised from the dead, even Jesus, which delivered us from the wrath to come.","and to waite for his sonne from heauen whom he raised from the dead, euen iesus which deliuered vs from the wrath to come.","and to wait for his son from heaven, whom he raised from the dead, even jesus, which delivered us from the wrath to come.",0.16927841381746922,0.16927841381746922,,R0,R1,0.0,
INLIER_BACKGROUND,1TH:5:18,1TH,1Thessalonians,R1,INLIER,0.1176840725566842,Q4,In euery thing giue thankes: for this is the will of God in Christ Iesus concerning you.,In every thing give thanks: for this is the will of God in Christ Jesus concerning you.,in euery thing giue thankes: for this is the will of god in christ iesus concerning you.,in every thing give thanks: for this is the will of god in christ jesus concerning you.,0.11768407255668423,0.11768407255668423,,R0,R1,0.0,
INLIER_BACKGROUND,1TI:6:13,1TI,1Timothy,R1,INLIER,0.0273080725544908,Q1,"I giue thee charge in the sight of God, who quickneth all things, and before Christ Iesus, who before Pontius Pilate witnessed a good Confession,","I give thee charge in the sight of God, who quickeneth all things, and before Christ Jesus, who before Pontius Pilate witnessed a good confession;","i giue thee charge in the sight of god, who quickneth all things, and before christ iesus, who before pontius pilate witnessed a good confession,","i give thee charge in the sight of god, who quickeneth all things, and before christ jesus, who before pontius pilate witnessed a good confession;",0.02730807255449086,0.02730807255449086,,R0,R1,0.0,
INLIER_BACKGROUND,1TI:6:3,1TI,1Timothy,R1,INLIER,0.0245519044677441,Q1,"If any man teach otherwise, and consent not to wholesome words, euen the wordes of our Lord Iesus Christ, and to the doctrine which is according to godlinesse:","If any man teach otherwise, and consent not to wholesome words, even the words of our Lord Jesus Christ, and to the doctrine which is according to godliness;","if any man teach otherwise, and consent not to wholesome words, euen the wordes of our lord iesus christ, and to the doctrine which is according to godlinesse:","if any man teach otherwise, and consent not to wholesome words, even the words of our lord jesus christ, and to the doctrine which is according to godliness;",0.024551904467744134,0.024551904467744134,,R0,R1,0.0,
INLIER_BACKGROUND,1TI:4:8,1TI,1Timothy,R1,INLIER,0.0528110503465205,Q2,"For bodily exercise profiteth litle, but godlinesse is profitable vnto all things, hauing promise of the life that now is, and of that which is to come.","For bodily exercise profiteth little: but godliness is profitable unto all things, having promise of the life that now is, and of that which is to come.","for bodily exercise profiteth litle, but godlinesse is profitable vnto all things, hauing promise of the life that now is, and of that which is to come.","for bodily exercise profiteth little: but godliness is profitable unto all things, having promise of the life that now is, and of that which is to come.",0.05281105034652056,0.05281105034652056,,R0,R1,0.0,
INLIER_BACKGROUND,1TI:6:2,1TI,1Timothy,R1,INLIER,0.0403747638708374,Q2,"And they that haue beleeuing masters, let them not despise them because they are brethren: but rather doe them seruice, because they are faithfull and beloued, partakers of the benefite: These things teach and exhort.","And they that have believing masters, let them not despise them, because they are brethren; but rather do them service, because they are faithful and beloved, partakers of the benefit. These things teach and exhort.","and they that haue beleeuing masters, let them not despise them because they are brethren: but rather doe them seruice, because they are faithfull and beloued, partakers of the benefite: these things teach and exhort.","and they that have believing masters, let them not despise them, because they are brethren; but rather do them service, because they are faithful and beloved, partakers of the benefit. these things teach and exhort.",0.04037476387083749,0.04037476387083749,,R0,R1,0.0,
INLIER_BACKGROUND,1TI:1:1,1TI,1Timothy,R1,INLIER,0.0790629513397904,Q3,"Paul an Apostle of Iesus Christ by the commaundement of God our Sauiour, & Lord Iesus Christ which is our hope,","Paul, an apostle of Jesus Christ by the commandment of God our Saviour, and Lord Jesus Christ, which is our hope;","paul an apostle of iesus christ by the commaundement of god our sauiour, & lord iesus christ which is our hope,","paul, an apostle of jesus christ by the commandment of god our saviour, and lord jesus christ, which is our hope;",0.07906295133979047,0.07906295133979047,,R0,R1,0.0,
INLIER_BACKGROUND,1TI:6:10,1TI,1Timothy,R1,INLIER,0.0753685023970281,Q3,"For the loue of money is the root of all euill, which while some coueted after, they haue erred from the faith, and pierced themselues through with many sorrowes.","For the love of money is the root of all evil: which while some coveted after, they have erred from the faith, and pierced themselves through with many sorrows.","for the loue of money is the root of all euill, which while some coueted after, they haue erred from the faith, and pierced themselues through with many sorrowes.","for the love of money is the root of all evil: which while some coveted after, they have erred from the faith, and pierced themselves through with many sorrows.",0.07536850239702819,0.07536850239702819,,R0,R1,0.0,
INLIER_BACKGROUND,1TI:1:13,1TI,1Timothy,R1,INLIER,0.094596111506775,Q4,"Who was before a blasphemer, and a persecuter, and iniurious. But I obtained mercie, because I did it ignorantly, in vnbeliefe.","Who was before a blasphemer, and a persecutor, and injurious: but I obtained mercy, because I did it ignorantly in unbelief.","who was before a blasphemer, and a persecuter, and iniurious. but i obtained mercie, because i did it ignorantly, in vnbeliefe.","who was before a blasphemer, and a persecutor, and injurious: but i obtained mercy, because i did it ignorantly in unbelief.",0.09459611150677505,0.09459611150677505,,R0,R1,0.0,
INLIER_BACKGROUND,1TI:1:17,1TI,1Timothy,R1,INLIER,0.1017117351413965,Q4,"Now vnto &thorn; king eternal, immortall, inuisible, the onely wise God, be honour and glory for euer & euer. Amen.","Now unto the King eternal, immortal, invisible, the only wise God, be honour and glory for ever and ever. Amen.","now vnto &thorn; king eternal, immortall, inuisible, the onely wise god, be honour and glory for euer & euer. amen.","now unto the king eternal, immortal, invisible, the only wise god, be honour and glory for ever and ever. amen.",0.10171173514139653,0.10171173514139653,,R0,R1,0.0,
INLIER_BACKGROUND,2CH:29:18,2CH,2Chronicles,R1,INLIER,0.0081207725161237,Q1,"Then they went in to Hezekiah the king, and said, We haue cleansed all the house of the Lord, and the altar of burnt offering, with all the vessels thereof, and the shew-bread table, with all the vessels thereof.","Then they went in to Hezekiah the king, and said, We have cleansed all the house of the LORD, and the altar of burnt offering, with all the vessels thereof, and the shewbread table, with all the vessels thereof.","then they went in to hezekiah the king, and said, we haue cleansed all the house of the lord, and the altar of burnt offering, with all the vessels thereof, and the shew-bread table, with all the vessels thereof.","then they went in to hezekiah the king, and said, we have cleansed all the house of the lord, and the altar of burnt offering, with all the vessels thereof, and the shewbread table, with all the vessels thereof.",0.008120772516123753,0.008120772516123753,,R0,R1,0.0,
INLIER_BACKGROUND,2CH:9:16,2CH,2Chronicles,R1,INLIER,0.0207778588127282,Q1,And three hundred shields made he of beaten gold: three hundred shekels of gold went to one shield: and the king put them in the house of the forrest of Lebanon.,And three hundred shields made he of beaten gold: three hundred shekels of gold went to one shield. And the king put them in the house of the forest of Lebanon.,and three hundred shields made he of beaten gold: three hundred shekels of gold went to one shield: and the king put them in the house of the forrest of lebanon.,and three hundred shields made he of beaten gold: three hundred shekels of gold went to one shield. and the king put them in the house of the forest of lebanon.,0.0207778588127282,0.0207778588127282,,R0,R1,0.0,
INLIER_BACKGROUND,2CH:18:18,2CH,2Chronicles,R1,INLIER,0.0542567760515285,Q2,"Againe he sayd; Therefore heare the word of the Lord: I sawe the Lord sitting vpon his throne, and all the hoste of heauen standing on his right hand, and on his left.","Again he said, Therefore hear the word of the LORD; I saw the LORD sitting upon his throne, and all the host of heaven standing on his right hand and on his left.","againe he sayd; therefore heare the word of the lord: i sawe the lord sitting vpon his throne, and all the hoste of heauen standing on his right hand, and on his left.","again he said, therefore hear the word of the lord; i saw the lord sitting upon his throne, and all the host of heaven standing on his right hand and on his left.",0.054256776051528566,0.054256776051528566,,R0,R1,0.0,
INLIER_BACKGROUND,2CH:4:8,2CH,2Chronicles,R1,INLIER,0.0543013675320475,Q2,"He made also ten tables, and placed them in the Temple, fiue on the right side, and fiue on the left: and hee made an hundred basens of gold.","He made also ten tables, and placed them in the temple, five on the right side, and five on the left. And he made an hundred basons of gold.","he made also ten tables, and placed them in the temple, fiue on the right side, and fiue on the left: and hee made an hundred basens of gold.","he made also ten tables, and placed them in the temple, five on the right side, and five on the left. and he made an hundred basons of gold.",0.054301367532047506,0.054301367532047506,,R0,R1,0.0,
INLIER_BACKGROUND,2CH:11:17,2CH,2Chronicles,R1,INLIER,0.0876384557896496,Q3,"So they strengthened the kingdome of Iudah, and made Rehoboam the sonne of Solomon strong, three yeeres: for three yeeres they walked in the way of Dauid and Solomon.","So they strengthened the kingdom of Judah, and made Rehoboam the son of Solomon strong, three years: for three years they walked in the way of David and Solomon.","so they strengthened the kingdome of iudah, and made rehoboam the sonne of solomon strong, three yeeres: for three yeeres they walked in the way of dauid and solomon.","so they strengthened the kingdom of judah, and made rehoboam the son of solomon strong, three years: for three years they walked in the way of david and solomon.",0.08763845578964968,0.08763845578964968,,R0,R1,0.0,
INLIER_BACKGROUND,2CH:22:8,2CH,2Chronicles,R1,INLIER,0.0892798456878759,Q3,"And it came to passe, that when Iehu was executing iudgement vpon the house of Ahab, and found the princes of Iudah, and the sonnes of the brethren of Ahaziah, that ministred to Ahaziah, he slew them.","And it came to pass, that, when Jehu was executing judgment upon the house of Ahab, and found the princes of Judah, and the sons of the brethren of Ahaziah, that ministered to Ahaziah, he slew them.","and it came to passe, that when iehu was executing iudgement vpon the house of ahab, and found the princes of iudah, and the sonnes of the brethren of ahaziah, that ministred to ahaziah, he slew them.","and it came to pass, that, when jehu was executing judgment upon the house of ahab, and found the princes of judah, and the sons of the brethren of ahaziah, that ministered to ahaziah, he slew them.",0.08927984568787595,0.08927984568787595,,R0,R1,0.0,
INLIER_BACKGROUND,2CH:15:19,2CH,2Chronicles,R1,INLIER,0.1439351391145643,Q4,And there was no more warre vnto the fiue and thirtieth yeere of the reigne of Asa.,And there was no more war unto the five and thirtieth year of the reign of Asa.,and there was no more warre vnto the fiue and thirtieth yeere of the reigne of asa.,and there was no more war unto the five and thirtieth year of the reign of asa.,0.14393513911456435,0.14393513911456435,,R0,R1,0.0,
INLIER_BACKGROUND,2CH:3:1,2CH,2Chronicles,R1,INLIER,0.1050278642416311,Q4,"Then Solomon began to build the house of the Lord at Ierusalem in Mount Moriah, where the Lord appeared vnto Dauid his father, in the place that Dauid had prepared in the threshing floore of Ornan the Iebusite.","Then Solomon began to build the house of the LORD at Jerusalem in mount Moriah, where the Lord appeared unto David his father, in the place that David had prepared in the threshingfloor of Ornan the Jebusite.","then solomon began to build the house of the lord at ierusalem in mount moriah, where the lord appeared vnto dauid his father, in the place that dauid had prepared in the threshing floore of ornan the iebusite.","then solomon began to build the house of the lord at jerusalem in mount moriah, where the lord appeared unto david his father, in the place that david had prepared in the threshingfloor of ornan the jebusite.",0.10502786424163113,0.10502786424163113,,R0,R1,0.0,
INLIER_BACKGROUND,2CO:6:5,2CO,2Corinthians,R1,INLIER,0.002641604716687,Q1,"In stripes, in imprisonments, in tumults, in labours, in watchings, in fastings,","In stripes, in imprisonments, in tumults, in labours, in watchings, in fastings;","in stripes, in imprisonments, in tumults, in labours, in watchings, in fastings,","in stripes, in imprisonments, in tumults, in labours, in watchings, in fastings;",0.0026416047166870626,0.0026416047166870626,,R0,R1,0.0,
INLIER_BACKGROUND,2CO:8:17,2CO,2Corinthians,R1,INLIER,0.0208823945149542,Q1,"For indeed he accepted the exhortation, but being more forward, of his owne accord he went vnto you.","For indeed he accepted the exhortation; but being more forward, of his own accord he went unto you.","for indeed he accepted the exhortation, but being more forward, of his owne accord he went vnto you.","for indeed he accepted the exhortation; but being more forward, of his own accord he went unto you.",0.020882394514954217,0.020882394514954217,,R0,R1,0.0,
INLIER_BACKGROUND,2CO:6:4,2CO,2Corinthians,R1,INLIER,0.0559284497751803,Q2,"But in all things approuing our selues, as the Ministers of God, in much patience, in afflictions, in necessities, in distresses,","But in all things approving ourselves as the ministers of God, in much patience, in afflictions, in necessities, in distresses,","but in all things approuing our selues, as the ministers of god, in much patience, in afflictions, in necessities, in distresses,","but in all things approving ourselves as the ministers of god, in much patience, in afflictions, in necessities, in distresses,",0.0559284497751803,0.0559284497751803,,R0,R1,0.0,
INLIER_BACKGROUND,2CO:7:4,2CO,2Corinthians,R1,INLIER,0.0346137547971191,Q2,"Great is my boldnesse of speach toward you, great is my glorying of you, I am filled with comfort, I am exceeding ioyfull in all our tribulation.","Great is my boldness of speech toward you, great is my glorying of you: I am filled with comfort, I am exceeding joyful in all our tribulation.","great is my boldnesse of speach toward you, great is my glorying of you, i am filled with comfort, i am exceeding ioyfull in all our tribulation.","great is my boldness of speech toward you, great is my glorying of you: i am filled with comfort, i am exceeding joyful in all our tribulation.",0.034613754797119145,0.034613754797119145,,R0,R1,0.0,
INLIER_BACKGROUND,2CO:10:12,2CO,2Corinthians,R1,INLIER,0.0578855529875829,Q3,"For we dare not make our selues of the number, or compare our selues with some that commend themselues: but they measuring themselues by themselues, and comparing themselues amongst themselues, are not wise.","For we dare not make ourselves of the number, or compare ourselves with some that commend themselves: but they measuring themselves by themselves, and comparing themselves among themselves, are not wise.","for we dare not make our selues of the number, or compare our selues with some that commend themselues: but they measuring themselues by themselues, and comparing themselues amongst themselues, are not wise.","for we dare not make ourselves of the number, or compare ourselves with some that commend themselves: but they measuring themselves by themselves, and comparing themselves among themselves, are not wise.",0.05788555298758291,0.05788555298758291,,R0,R1,0.0,
INLIER_BACKGROUND,2CO:11:3,2CO,2Corinthians,R1,INLIER,0.072854904535662,Q3,"But I feare lest by any meanes, as the Serpent beguiled Eue through his subtilty, so your mindes should bee corrupted from the simplicitie that is in Christ.","But I fear, lest by any means, as the serpent beguiled Eve through his subtilty, so your minds should be corrupted from the simplicity that is in Christ.","but i feare lest by any meanes, as the serpent beguiled eue through his subtilty, so your mindes should bee corrupted from the simplicitie that is in christ.","but i fear, lest by any means, as the serpent beguiled eve through his subtilty, so your minds should be corrupted from the simplicity that is in christ.",0.07285490453566201,0.07285490453566201,,R0,R1,0.0,
INLIER_BACKGROUND,2CO:10:6,2CO,2Corinthians,R1,INLIER,0.1184866905476235,Q4,"And hauing in a readinesse to reuenge all disobedience, when your obedience is fulfilled.","And having in a readiness to revenge all disobedience, when your obedience is fulfilled.","and hauing in a readinesse to reuenge all disobedience, when your obedience is fulfilled.","and having in a readiness to revenge all disobedience, when your obedience is fulfilled.",0.11848669054762351,0.11848669054762351,,R0,R1,0.0,
INLIER_BACKGROUND,2CO:12:19,2CO,2Corinthians,R1,INLIER,0.1031527132019335,Q4,"Againe, thinke you that we excuse our selues vnto you? wee speake before God in Christ: but wee doe all things, dearely beloued, for your edifying.","Again, think ye that we excuse ourselves unto you? we speak before God in Christ: but we do all things, dearly beloved, for your edifying.","againe, thinke you that we excuse our selues vnto you? wee speake before god in christ: but wee doe all things, dearely beloued, for your edifying.","again, think ye that we excuse ourselves unto you? we speak before god in christ: but we do all things, dearly beloved, for your edifying.",0.10315271320193353,0.10315271320193353,,R0,R1,0.0,
INLIER_BACKGROUND,2JN:1:13,2JN,2John,R1,INLIER,0.0,Q1,The children of thy elect sister greet thee. Amen.,The children of thy elect sister greet thee. Amen.,the children of thy elect sister greet thee. amen.,the children of thy elect sister greet thee. amen.,0.0,0.0,,R0,R1,0.0,
INLIER_BACKGROUND,2JN:1:9,2JN,2John,R1,INLIER,0.0287625961381757,Q1,"Whosoeuer transgresseth and abideth not in the doctrine of Christ, hath not God: hee that abideth in the doctrine of Christ, he hath both the Father and the Sonne.","Whosoever transgresseth, and abideth not in the doctrine of Christ, hath not God. He that abideth in the doctrine of Christ, he hath both the Father and the Son.","whosoeuer transgresseth and abideth not in the doctrine of christ, hath not god: hee that abideth in the doctrine of christ, he hath both the father and the sonne.","whosoever transgresseth, and abideth not in the doctrine of christ, hath not god. he that abideth in the doctrine of christ, he hath both the father and the son.",0.028762596138175778,0.028762596138175778,,R0,R1,0.0,
INLIER_BACKGROUND,2JN:1:10,2JN,2John,R1,INLIER,0.0464513484472469,Q2,"If there come any vnto you, and bring not this doctrine, receiue him not into your house, neither bid him, God speed.","If there come any unto you, and bring not this doctrine, receive him not into your house, neither bid him God speed:","if there come any vnto you, and bring not this doctrine, receiue him not into your house, neither bid him, god speed.","if there come any unto you, and bring not this doctrine, receive him not into your house, neither bid him god speed:",0.046451348447246965,0.046451348447246965,,R0,R1,0.0,
INLIER_BACKGROUND,2JN:1:7,2JN,2John,R1,INLIER,0.0419222761228699,Q2,"For many deceiuers are entred into the world, who confesse not that Iesus Christ is come in the flesh. This is a deceiuer, and an Antichrist.","For many deceivers are entered into the world, who confess not that Jesus Christ is come in the flesh. This is a deceiver and an antichrist.","for many deceiuers are entred into the world, who confesse not that iesus christ is come in the flesh. this is a deceiuer, and an antichrist.","for many deceivers are entered into the world, who confess not that jesus christ is come in the flesh. this is a deceiver and an antichrist.",0.04192227612286992,0.04192227612286992,,R0,R1,0.0,
INLIER_BACKGROUND,2JN:1:12,2JN,2John,R1,INLIER,0.0722991097324186,Q3,"Hauing many things to write vnto you, I would not write with paper and inke, but I trust to come vnto you, and speake face to face, that our ioy may be full.","Having many things to write unto you, I would not write with paper and ink: but I trust to come unto you, and speak face to face, that our joy may be full.","hauing many things to write vnto you, i would not write with paper and inke, but i trust to come vnto you, and speake face to face, that our ioy may be full.","having many things to write unto you, i would not write with paper and ink: but i trust to come unto you, and speak face to face, that our joy may be full.",0.0722991097324186,0.0722991097324186,,R0,R1,0.0,
INLIER_BACKGROUND,2JN:1:1,2JN,2John,R1,INLIER,0.0917951300022965,Q4,"The Elder vnto the elect Lady, and her children, whome I loue in the trueth: and not I onely, but also all they that haue knowen &thorn; trueth:","The elder unto the elect lady and her children, whom I love in the truth; and not I only, but also all they that have known the truth;","the elder vnto the elect lady, and her children, whome i loue in the trueth: and not i onely, but also all they that haue knowen &thorn; trueth:","the elder unto the elect lady and her children, whom i love in the truth; and not i only, but also all they that have known the truth;",0.09179513000229655,0.09179513000229655,,R0,R1,0.0,
INLIER_BACKGROUND,2JN:1:11,2JN,2John,R1,INLIER,0.111372881391084,Q4,"For hee that biddeth him God speed, is partaker of his euill deeds.",For he that biddeth him God speed is partaker of his evil deeds.,"for hee that biddeth him god speed, is partaker of his euill deeds.",for he that biddeth him god speed is partaker of his evil deeds.,0.11137288139108403,0.11137288139108403,,R0,R1,0.0,
INLIER_BACKGROUND,2KI:14:14,2KI,2Kings,R1,INLIER,0.0268617210700938,Q1,"And he tooke all the golde and siluer, and all the vessels that were found in the house of the Lord, and in the treasures of the kings house, and hostages, and returned to Samaria.","And he took all the gold and silver, and all the vessels that were found in the house of the LORD, and in the treasures of the king’s house, and hostages, and returned to Samaria.","and he tooke all the golde and siluer, and all the vessels that were found in the house of the lord, and in the treasures of the kings house, and hostages, and returned to samaria.","and he took all the gold and silver, and all the vessels that were found in the house of the lord, and in the treasures of the king’s house, and hostages, and returned to samaria.",0.02686172107009388,0.02686172107009388,,R0,R1,0.0,
INLIER_BACKGROUND,2KI:22:10,2KI,2Kings,R1,INLIER,0.0184857413814305,Q1,"And Shaphan the Scribe shewed the king, saying, Hilkiah the Priest hath deliuered mee a booke: and Shaphan read it before the king.","And Shaphan the scribe shewed the king, saying, Hilkiah the priest hath delivered me a book. And Shaphan read it before the king.","and shaphan the scribe shewed the king, saying, hilkiah the priest hath deliuered mee a booke: and shaphan read it before the king.","and shaphan the scribe shewed the king, saying, hilkiah the priest hath delivered me a book. and shaphan read it before the king.",0.018485741381430554,0.018485741381430554,,R0,R1,0.0,
INLIER_BACKGROUND,2KI:12:9,2KI,2Kings,R1,INLIER,0.0315288404812372,Q2,"But Iehoiada the priest tooke a chest, and bored a hole in the lid of it, and set it beside the Altar, on the right side, as one commeth into the house of the Lord, and the priests that kept the doore, put therein all the money that was brought into the house of the Lord.","But Jehoiada the priest took a chest, and bored a hole in the lid of it, and set it beside the altar, on the right side as one cometh into the house of the LORD: and the priests that kept the door put therein all the money that was brought into the house of the LORD.","but iehoiada the priest tooke a chest, and bored a hole in the lid of it, and set it beside the altar, on the right side, as one commeth into the house of the lord, and the priests that kept the doore, put therein all the money that was brought into the house of the lord.","but jehoiada the priest took a chest, and bored a hole in the lid of it, and set it beside the altar, on the right side as one cometh into the house of the lord: and the priests that kept the door put therein all the money that was brought into the house of the lord.",0.031528840481237275,0.031528840481237275,,R0,R1,0.0,
INLIER_BACKGROUND,2KI:17:13,2KI,2Kings,R1,INLIER,0.0368071076099904,Q2,"Yet the Lord testified against Israel, and against Iudah, by all the Prophets, and by all the Seers, saying, Turne ye from your euill wayes, and keepe my commandements, and my statutes, according to all the law which I commanded your fathers, and which I sent to you by my seruants the Prophets.","Yet the LORD testified against Israel, and against Judah, by all the prophets, and by all the seers, saying, Turn ye from your evil ways, and keep my commandments and my statutes, according to all the law which I commanded your fathers, and which I sent to you by my servants the prophets.","yet the lord testified against israel, and against iudah, by all the prophets, and by all the seers, saying, turne ye from your euill wayes, and keepe my commandements, and my statutes, according to all the law which i commanded your fathers, and which i sent to you by my seruants the prophets.","yet the lord testified against israel, and against judah, by all the prophets, and by all the seers, saying, turn ye from your evil ways, and keep my commandments and my statutes, according to all the law which i commanded your fathers, and which i sent to you by my servants the prophets.",0.0368071076099904,0.0368071076099904,,R0,R1,0.0,
INLIER_BACKGROUND,2KI:10:3,2KI,2Kings,R1,INLIER,0.0571748110478216,Q3,"Looke euen out the best and meetest of your masters sonnes, and set him on his fathers throne, and fight for your masters house.","Look even out the best and meetest of your master’s sons, and set him on his father’s throne, and fight for your master’s house.","looke euen out the best and meetest of your masters sonnes, and set him on his fathers throne, and fight for your masters house.","look even out the best and meetest of your master’s sons, and set him on his father’s throne, and fight for your master’s house.",0.05717481104782163,0.05717481104782163,,R0,R1,0.0,
INLIER_BACKGROUND,2KI:11:15,2KI,2Kings,R1,INLIER,0.0766787309630798,Q3,"But Iehoiada the Priest commanded the captaines of the hundreds, the officers of the hoste, and sayde vnto them, Haue her foorth without the ranges; and him that followeth her, kill with the sword: for the Priest had sayd, Let her not be slaine in the house of the Lord.","But Jehoiada the priest commanded the captains of the hundreds, the officers of the host, and said unto them, Have her forth without the ranges: and him that followeth her kill with the sword. For the priest had said, Let her not be slain in the house of the LORD.","but iehoiada the priest commanded the captaines of the hundreds, the officers of the hoste, and sayde vnto them, haue her foorth without the ranges; and him that followeth her, kill with the sword: for the priest had sayd, let her not be slaine in the house of the lord.","but jehoiada the priest commanded the captains of the hundreds, the officers of the host, and said unto them, have her forth without the ranges: and him that followeth her kill with the sword. for the priest had said, let her not be slain in the house of the lord.",0.07667873096307987,0.07667873096307987,,R0,R1,0.0,
INLIER_BACKGROUND,2KI:13:10,2KI,2Kings,R1,INLIER,0.1252436803559574,Q4,"¶ In the thirty and seuenth yeere of Ioash king of Iudah, beganne Iehoash the sonne of Iehoahaz to reigne ouer Israel in Samaria, and reigned sixteene yeeres.","In the thirty and seventh year of Joash king of Judah began Jehoash the son of Jehoahaz to reign over Israel in Samaria, and reigned sixteen years.","¶ in the thirty and seuenth yeere of ioash king of iudah, beganne iehoash the sonne of iehoahaz to reigne ouer israel in samaria, and reigned sixteene yeeres.","in the thirty and seventh year of joash king of judah began jehoash the son of jehoahaz to reign over israel in samaria, and reigned sixteen years.",0.12524368035595745,0.12524368035595745,,R0,R1,0.0,
INLIER_BACKGROUND,2KI:22:4,2KI,2Kings,R1,INLIER,0.1318311392738582,Q4,"Goe vp to Hilkiah the high priest, that he may summe the siluer which is brought into the house of the Lord, which the keepers of the doore haue gathered of the people.","Go up to Hilkiah the high priest, that he may sum the silver which is brought into the house of the LORD, which the keepers of the door have gathered of the people:","goe vp to hilkiah the high priest, that he may summe the siluer which is brought into the house of the lord, which the keepers of the doore haue gathered of the people.","go up to hilkiah the high priest, that he may sum the silver which is brought into the house of the lord, which the keepers of the door have gathered of the people:",0.13183113927385826,0.13183113927385826,,R0,R1,0.0,
INLIER_BACKGROUND,2PE:1:18,2PE,2Peter,R1,INLIER,0.0277067438885414,Q1,"And this voice which came from heauen wee heard, when we were with him in the holy mount.","And this voice which came from heaven we heard, when we were with him in the holy mount.","and this voice which came from heauen wee heard, when we were with him in the holy mount.","and this voice which came from heaven we heard, when we were with him in the holy mount.",0.02770674388854144,0.02770674388854144,,R0,R1,0.0,
INLIER_BACKGROUND,2PE:2:20,2PE,2Peter,R1,INLIER,0.0278603944373503,Q1,"For if after they haue escaped the pollutions of the world through the knowledge of the Lord and Sauiour Iesus Christ, they are againe intangled therein, and ouercome, the latter end is worse with them then the beginning.","For if after they have escaped the pollutions of the world through the knowledge of the Lord and Saviour Jesus Christ, they are again entangled therein, and overcome, the latter end is worse with them than the beginning.","for if after they haue escaped the pollutions of the world through the knowledge of the lord and sauiour iesus christ, they are againe intangled therein, and ouercome, the latter end is worse with them then the beginning.","for if after they have escaped the pollutions of the world through the knowledge of the lord and saviour jesus christ, they are again entangled therein, and overcome, the latter end is worse with them than the beginning.",0.027860394437350333,0.027860394437350333,,R0,R1,0.0,
INLIER_BACKGROUND,2PE:3:1,2PE,2Peter,R1,INLIER,0.0509269419376334,Q2,"This second Epistle (beloued) I now write vnto you, in both which I stir vp your pure mindes by way of remembrance:","This second epistle, beloved, I now write unto you; in both which I stir up your pure minds by way of remembrance:","this second epistle (beloued) i now write vnto you, in both which i stir vp your pure mindes by way of remembrance:","this second epistle, beloved, i now write unto you; in both which i stir up your pure minds by way of remembrance:",0.050926941937633474,0.050926941937633474,,R0,R1,0.0,
INLIER_BACKGROUND,2PE:3:18,2PE,2Peter,R1,INLIER,0.0534034434661296,Q2,"But growe in grace, and in the knowledge of our Lord and Sauiour Iesus Christ: to him be glory both now and for euer. Amen.","But grow in grace, and in the knowledge of our Lord and Saviour Jesus Christ. To him be glory both now and for ever. Amen.","but growe in grace, and in the knowledge of our lord and sauiour iesus christ: to him be glory both now and for euer. amen.","but grow in grace, and in the knowledge of our lord and saviour jesus christ. to him be glory both now and for ever. amen.",0.053403443466129685,0.053403443466129685,,R0,R1,0.0,
INLIER_BACKGROUND,2PE:1:1,2PE,2Peter,R1,INLIER,0.0739126895185589,Q3,"Simon Peter, a seruant & an Apostle of Iesus Christ, to them that haue obtained like precious Faith with vs, through the righteousnes of God, and our Sauiour Iesus Christ.","Simon Peter, a servant and an apostle of Jesus Christ, to them that have obtained like precious faith with us through the righteousness of God and our Saviour Jesus Christ:","simon peter, a seruant & an apostle of iesus christ, to them that haue obtained like precious faith with vs, through the righteousnes of god, and our sauiour iesus christ.","simon peter, a servant and an apostle of jesus christ, to them that have obtained like precious faith with us through the righteousness of god and our saviour jesus christ:",0.0739126895185589,0.0739126895185589,,R0,R1,0.0,
INLIER_BACKGROUND,2PE:1:13,2PE,2Peter,R1,INLIER,0.0600408248094903,Q3,"Yea, I thinke it meete, as long as I am in this tabernacle, to stirre you vp, by putting you in remembrance:","Yea, I think it meet, as long as I am in this tabernacle, to stir you up by putting you in remembrance;","yea, i thinke it meete, as long as i am in this tabernacle, to stirre you vp, by putting you in remembrance:","yea, i think it meet, as long as i am in this tabernacle, to stir you up by putting you in remembrance;",0.060040824809490356,0.060040824809490356,,R0,R1,0.0,
INLIER_BACKGROUND,2PE:2:7,2PE,2Peter,R1,INLIER,0.1442053738312128,Q4,"And deliuered iust Lot, vexed with the filthy conuersation of the wicked:","And delivered just Lot, vexed with the filthy conversation of the wicked:","and deliuered iust lot, vexed with the filthy conuersation of the wicked:","and delivered just lot, vexed with the filthy conversation of the wicked:",0.1442053738312128,0.1442053738312128,,R0,R1,0.0,
INLIER_BACKGROUND,2PE:3:13,2PE,2Peter,R1,INLIER,0.0958730071046299,Q4,"Neuerthelesse wee, according to his promise, looke for new heauens, and a new earth, wherein dwelleth righteousnesse.","Nevertheless we, according to his promise, look for new heavens and a new earth, wherein dwelleth righteousness.","neuerthelesse wee, according to his promise, looke for new heauens, and a new earth, wherein dwelleth righteousnesse.","nevertheless we, according to his promise, look for new heavens and a new earth, wherein dwelleth righteousness.",0.09587300710462998,0.09587300710462998,,R0,R1,0.0,
INLIER_BACKGROUND,2SA:11:26,2SA,2Samuel,R1,INLIER,0.0240547395040173,Q1,"¶ And when the wife of Uriah heard that Uriah her husband was dead, she mourned for her husband.","And when the wife of Uriah heard that Uriah her husband was dead, she mourned for her husband.","¶ and when the wife of uriah heard that uriah her husband was dead, she mourned for her husband.","and when the wife of uriah heard that uriah her husband was dead, she mourned for her husband.",0.024054739504017375,0.024054739504017375,,R0,R1,0.0,
INLIER_BACKGROUND,2SA:23:27,2SA,2Samuel,R1,INLIER,0.0,Q1,"Abiezer the Anethothite, Mebunnai the Hushathite,","Abiezer the Anethothite, Mebunnai the Hushathite,","abiezer the anethothite, mebunnai the hushathite,","abiezer the anethothite, mebunnai the hushathite,",0.0,0.0,,R0,R1,0.0,
INLIER_BACKGROUND,2SA:1:6,2SA,2Samuel,R1,INLIER,0.0518400934752882,Q2,"And the yong man that told him, said, As I happened by chance vpon mount Gilboa, behold, Saul leaned vpon his speare: and loe, the charets and horsemen followed hard after him.","And the young man that told him said, As I happened by chance upon mount Gilboa, behold, Saul leaned upon his spear; and, lo, the chariots and horsemen followed hard after him.","and the yong man that told him, said, as i happened by chance vpon mount gilboa, behold, saul leaned vpon his speare: and loe, the charets and horsemen followed hard after him.","and the young man that told him said, as i happened by chance upon mount gilboa, behold, saul leaned upon his spear; and, lo, the chariots and horsemen followed hard after him.",0.051840093475288285,0.051840093475288285,,R0,R1,0.0,
INLIER_BACKGROUND,2SA:2:8,2SA,2Samuel,R1,INLIER,0.0517976891846783,Q2,"¶ But Abner the sonne of Ner, captaine of Sauls hoste, tooke Ishbosheth the sonne of Saul, and brought him ouer to Mahanaim.","But Abner the son of Ner, captain of Saul’s host, took Ishbosheth the son of Saul, and brought him over to Mahanaim;","¶ but abner the sonne of ner, captaine of sauls hoste, tooke ishbosheth the sonne of saul, and brought him ouer to mahanaim.","but abner the son of ner, captain of saul’s host, took ishbosheth the son of saul, and brought him over to mahanaim;",0.05179768918467831,0.05179768918467831,,R0,R1,0.0,
INLIER_BACKGROUND,2SA:23:16,2SA,2Samuel,R1,INLIER,0.0581939247157471,Q3,"And the three mightie men brake through the host of the Philistines, and drew water out of the Well of Bethlehem, that was by the gate, and tooke it, and brought it to Dauid: neuerthelesse he would not drinke thereof, but powred it out vnto the Lord.","And the three mighty men brake through the host of the Philistines, and drew water out of the well of Bethlehem, that was by the gate, and took it, and brought it to David: nevertheless he would not drink thereof, but poured it out unto the LORD.","and the three mightie men brake through the host of the philistines, and drew water out of the well of bethlehem, that was by the gate, and tooke it, and brought it to dauid: neuerthelesse he would not drinke thereof, but powred it out vnto the lord.","and the three mighty men brake through the host of the philistines, and drew water out of the well of bethlehem, that was by the gate, and took it, and brought it to david: nevertheless he would not drink thereof, but poured it out unto the lord.",0.058193924715747136,0.058193924715747136,,R0,R1,0.0,
INLIER_BACKGROUND,2SA:23:22,2SA,2Samuel,R1,INLIER,0.0717974930851756,Q3,"These things did Benaiah the sonne of Iehoiada, and had the name among three mightie men.","These things did Benaiah the son of Jehoiada, and had the name among three mighty men.","these things did benaiah the sonne of iehoiada, and had the name among three mightie men.","these things did benaiah the son of jehoiada, and had the name among three mighty men.",0.07179749308517569,0.07179749308517569,,R0,R1,0.0,
INLIER_BACKGROUND,2SA:19:41,2SA,2Samuel,R1,INLIER,0.135819761316462,Q4,"¶ And behold, all the men of Israel came to the king, and said vnto the king, Why haue our brethren the men of Iudah stollen thee away, and haue brought the King and his houshold, and all Dauids men with him, ouer Iordane?","And, behold, all the men of Israel came to the king, and said unto the king, Why have our brethren the men of Judah stolen thee away, and have brought the king, and his household, and all David’s men with him, over Jordan?","¶ and behold, all the men of israel came to the king, and said vnto the king, why haue our brethren the men of iudah stollen thee away, and haue brought the king and his houshold, and all dauids men with him, ouer iordane?","and, behold, all the men of israel came to the king, and said unto the king, why have our brethren the men of judah stolen thee away, and have brought the king, and his household, and all david’s men with him, over jordan?",0.135819761316462,0.135819761316462,,R0,R1,0.0,
INLIER_BACKGROUND,2SA:24:24,2SA,2Samuel,R1,INLIER,0.1086995864610184,Q4,"And the King said vnto Araunah, Nay, but I will surely buy it of thee at a price: neither will I offer burnt offerings vnto the Lord my God, of that which doeth cost mee nothing. So Dauid bought the threshing floore, and the oxen, for fiftie shekels of siluer.","And the king said unto Araunah, Nay; but I will surely buy it of thee at a price: neither will I offer burnt offerings unto the LORD my God of that which doth cost me nothing. So David bought the threshingfloor and the oxen for fifty shekels of silver.","and the king said vnto araunah, nay, but i will surely buy it of thee at a price: neither will i offer burnt offerings vnto the lord my god, of that which doeth cost mee nothing. so dauid bought the threshing floore, and the oxen, for fiftie shekels of siluer.","and the king said unto araunah, nay; but i will surely buy it of thee at a price: neither will i offer burnt offerings unto the lord my god of that which doth cost me nothing. so david bought the threshingfloor and the oxen for fifty shekels of silver.",0.1086995864610184,0.1086995864610184,,R0,R1,0.0,
INLIER_BACKGROUND,2TH:1:8,2TH,2Thessalonians,R1,INLIER,0.0081308901430657,Q1,"In flaming fire, taking vengeance on them that know not God, and that obey not the Gospel of our Lorde Iesus Christ,","In flaming fire taking vengeance on them that know not God, and that obey not the gospel of our Lord Jesus Christ:","in flaming fire, taking vengeance on them that know not god, and that obey not the gospel of our lorde iesus christ,","in flaming fire taking vengeance on them that know not god, and that obey not the gospel of our lord jesus christ:",0.008130890143065783,0.008130890143065783,,R0,R1,0.0,
INLIER_BACKGROUND,2TH:3:12,2TH,2Thessalonians,R1,INLIER,0.0214397095554079,Q1,"Now them that are such, we command, and exhort by our Lord Iesus Christ, that with quietnesse they worke, and eat their owne bread.","Now them that are such we command and exhort by our Lord Jesus Christ, that with quietness they work, and eat their own bread.","now them that are such, we command, and exhort by our lord iesus christ, that with quietnesse they worke, and eat their owne bread.","now them that are such we command and exhort by our lord jesus christ, that with quietness they work, and eat their own bread.",0.02143970955540797,0.02143970955540797,,R0,R1,0.0,
INLIER_BACKGROUND,2TH:3:3,2TH,2Thessalonians,R1,INLIER,0.0514859949106134,Q2,"But the Lord is faithfull, who shall stablish you, and keepe you from euill.","But the Lord is faithful, who shall stablish you, and keep you from evil.","but the lord is faithfull, who shall stablish you, and keepe you from euill.","but the lord is faithful, who shall stablish you, and keep you from evil.",0.05148599491061345,0.05148599491061345,,R0,R1,0.0,
INLIER_BACKGROUND,2TH:3:4,2TH,2Thessalonians,R1,INLIER,0.0324886578139662,Q2,"And wee haue confidence in the Lord touching you, that yee both doe, and will doe the things which we command you.","And we have confidence in the Lord touching you, that ye both do and will do the things which we command you.","and wee haue confidence in the lord touching you, that yee both doe, and will doe the things which we command you.","and we have confidence in the lord touching you, that ye both do and will do the things which we command you.",0.03248865781396626,0.03248865781396626,,R0,R1,0.0,
INLIER_BACKGROUND,2TH:1:10,2TH,2Thessalonians,R1,INLIER,0.0845046795597421,Q3,"When hee shall come to bee glorified in his Saints, and to bee admired in all them that beleeue (because our testimony among you was beleeued) in that day.","When he shall come to be glorified in his saints, and to be admired in all them that believe (because our testimony among you was believed) in that day.","when hee shall come to bee glorified in his saints, and to bee admired in all them that beleeue (because our testimony among you was beleeued) in that day.","when he shall come to be glorified in his saints, and to be admired in all them that believe (because our testimony among you was believed) in that day.",0.08450467955974217,0.08450467955974217,,R0,R1,0.0,
INLIER_BACKGROUND,2TH:2:14,2TH,2Thessalonians,R1,INLIER,0.0579063156883451,Q3,"Whereunto he called you by our Gospel, to the obteining of the glorie of the Lord Iesus Christ.","Whereunto he called you by our gospel, to the obtaining of the glory of our Lord Jesus Christ.","whereunto he called you by our gospel, to the obteining of the glorie of the lord iesus christ.","whereunto he called you by our gospel, to the obtaining of the glory of our lord jesus christ.",0.057906315688345145,0.057906315688345145,,R0,R1,0.0,
INLIER_BACKGROUND,2TH:3:10,2TH,2Thessalonians,R1,INLIER,0.1106177020669075,Q4,"For euen when wee were with you, this wee commanded you, that if any would not worke, neither should he eate.","For even when we were with you, this we commanded you, that if any would not work, neither should he eat.","for euen when wee were with you, this wee commanded you, that if any would not worke, neither should he eate.","for even when we were with you, this we commanded you, that if any would not work, neither should he eat.",0.11061770206690758,0.11061770206690758,,R0,R1,0.0,
INLIER_BACKGROUND,2TH:3:2,2TH,2Thessalonians,R1,INLIER,0.1159075622588701,Q4,And that we may bee deliuered from vnreasonable and wicked men: for all men haue not faith.,And that we may be delivered from unreasonable and wicked men: for all men have not faith.,and that we may bee deliuered from vnreasonable and wicked men: for all men haue not faith.,and that we may be delivered from unreasonable and wicked men: for all men have not faith.,0.11590756225887011,0.11590756225887011,,R0,R1,0.0,
INLIER_BACKGROUND,2TI:1:10,2TI,2Timothy,R1,INLIER,0.0213310429044985,Q1,"But is now made manifest by the appearing of our Sauiour Iesus Christ, who hath abolished death, and hath brought life and immortalitie to light, through the Gospel:","But is now made manifest by the appearing of our Saviour Jesus Christ, who hath abolished death, and hath brought life and immortality to light through the gospel:","but is now made manifest by the appearing of our sauiour iesus christ, who hath abolished death, and hath brought life and immortalitie to light, through the gospel:","but is now made manifest by the appearing of our saviour jesus christ, who hath abolished death, and hath brought life and immortality to light through the gospel:",0.0213310429044985,0.0213310429044985,,R0,R1,0.0,
INLIER_BACKGROUND,2TI:1:11,2TI,2Timothy,R1,INLIER,2.220446049250313e-16,Q1,"Whereunto I am appointed a Preacher, and an Apostle, and a teacher of the Gentiles.","Whereunto I am appointed a preacher, and an apostle, and a teacher of the Gentiles.","whereunto i am appointed a preacher, and an apostle, and a teacher of the gentiles.","whereunto i am appointed a preacher, and an apostle, and a teacher of the gentiles.",2.220446049250313e-16,2.220446049250313e-16,,R0,R1,0.0,
INLIER_BACKGROUND,2TI:2:6,2TI,2Timothy,R1,INLIER,0.0474734416378497,Q2,"The husbandman that laboureth, must bee first partaker of the fruites.",The husbandman that laboureth must be first partaker of the fruits.,"the husbandman that laboureth, must bee first partaker of the fruites.",the husbandman that laboureth must be first partaker of the fruits.,0.04747344163784972,0.04747344163784972,,R0,R1,0.0,
INLIER_BACKGROUND,2TI:3:5,2TI,2Timothy,R1,INLIER,0.0434952171517091,Q2,"Hauing a forme of godlinesse, but denying the power thereof: from such turne away.","Having a form of godliness, but denying the power thereof: from such turn away.","hauing a forme of godlinesse, but denying the power thereof: from such turne away.","having a form of godliness, but denying the power thereof: from such turn away.",0.04349521715170912,0.04349521715170912,,R0,R1,0.0,
INLIER_BACKGROUND,2TI:1:12,2TI,2Timothy,R1,INLIER,0.0573388404641493,Q3,"For the which cause I also suffer these things; neuerthelesse, I am not ashamed: for I know whom I haue beleeued, and I am perswaded that he is able to keepe that which I haue committed vnto him against that day.","For the which cause I also suffer these things: nevertheless I am not ashamed: for I know whom I have believed, and am persuaded that he is able to keep that which I have committed unto him against that day.","for the which cause i also suffer these things; neuerthelesse, i am not ashamed: for i know whom i haue beleeued, and i am perswaded that he is able to keepe that which i haue committed vnto him against that day.","for the which cause i also suffer these things: nevertheless i am not ashamed: for i know whom i have believed, and am persuaded that he is able to keep that which i have committed unto him against that day.",0.05733884046414939,0.05733884046414939,,R0,R1,0.0,
INLIER_BACKGROUND,2TI:2:21,2TI,2Timothy,R1,INLIER,0.0711116245331104,Q3,"If a man therefore purge himselfe from these, he shal be a vessell vnto honour, sanctified, and meete for the Masters vse, and prepared vnto euery good worke.","If a man therefore purge himself from these, he shall be a vessel unto honour, sanctified, and meet for the master’s use, and prepared unto every good work.","if a man therefore purge himselfe from these, he shal be a vessell vnto honour, sanctified, and meete for the masters vse, and prepared vnto euery good worke.","if a man therefore purge himself from these, he shall be a vessel unto honour, sanctified, and meet for the master’s use, and prepared unto every good work.",0.07111162453311048,0.07111162453311048,,R0,R1,0.0,
INLIER_BACKGROUND,2TI:1:18,2TI,2Timothy,R1,INLIER,0.1060002132156406,Q4,"The Lord grant vnto him, that he may finde mercie of the Lord in that day: And in how many things hee ministred vnto mee at Ephesus, thou knowest very well.","The Lord grant unto him that he may find mercy of the Lord in that day: and in how many things he ministered unto me at Ephesus, thou knowest very well.","the lord grant vnto him, that he may finde mercie of the lord in that day: and in how many things hee ministred vnto mee at ephesus, thou knowest very well.","the lord grant unto him that he may find mercy of the lord in that day: and in how many things he ministered unto me at ephesus, thou knowest very well.",0.10600021321564068,0.10600021321564068,,R0,R1,0.0,
INLIER_BACKGROUND,2TI:4:17,2TI,2Timothy,R1,INLIER,0.0908669082842035,Q4,"Notwithstanding the Lord stood with me, and strengthened me, that by me the preaching might be fully knowen, and that all the Gentiles might heare: and I was deliuered out of the mouth of the Lyon.","Notwithstanding the Lord stood with me, and strengthened me; that by me the preaching might be fully known, and that all the Gentiles might hear: and I was delivered out of the mouth of the lion.","notwithstanding the lord stood with me, and strengthened me, that by me the preaching might be fully knowen, and that all the gentiles might heare: and i was deliuered out of the mouth of the lyon.","notwithstanding the lord stood with me, and strengthened me; that by me the preaching might be fully known, and that all the gentiles might hear: and i was delivered out of the mouth of the lion.",0.09086690828420352,0.09086690828420352,,R0,R1,0.0,
INLIER_BACKGROUND,3JN:1:12,3JN,3John,R1,INLIER,0.0212249783414429,Q1,"Demetrius hath good report of all men, and of the trueth it selfe: yea, and we also beare record, and ye know that our record is true.","Demetrius hath good report of all men, and of the truth itself: yea, and we also bear record; and ye know that our record is true.","demetrius hath good report of all men, and of the trueth it selfe: yea, and we also beare record, and ye know that our record is true.","demetrius hath good report of all men, and of the truth itself: yea, and we also bear record; and ye know that our record is true.",0.02122497834144299,0.02122497834144299,,R0,R1,0.0,
INLIER_BACKGROUND,3JN:1:13,3JN,3John,R1,INLIER,0.0280711419547275,Q1,"I had many things to write, but I will not with inke and pen write vnto thee.","I had many things to write, but I will not with ink and pen write unto thee:","i had many things to write, but i will not with inke and pen write vnto thee.","i had many things to write, but i will not with ink and pen write unto thee:",0.028071141954727596,0.028071141954727596,,R0,R1,0.0,
INLIER_BACKGROUND,3JN:1:10,3JN,3John,R1,INLIER,0.0482252792081051,Q2,"Wherefore if I come, I will remember his deeds which he doeth, prating against vs with malicious words: and not content therewith, neither doth hee himselfe receiue the brethren, and forbiddeth them that would, and casteth them out of the Church.","Wherefore, if I come, I will remember his deeds which he doeth, prating against us with malicious words: and not content therewith, neither doth he himself receive the brethren, and forbiddeth them that would, and casteth them out of the church.","wherefore if i come, i will remember his deeds which he doeth, prating against vs with malicious words: and not content therewith, neither doth hee himselfe receiue the brethren, and forbiddeth them that would, and casteth them out of the church.","wherefore, if i come, i will remember his deeds which he doeth, prating against us with malicious words: and not content therewith, neither doth he himself receive the brethren, and forbiddeth them that would, and casteth them out of the church.",0.048225279208105154,0.048225279208105154,,R0,R1,0.0,
INLIER_BACKGROUND,3JN:1:3,3JN,3John,R1,INLIER,0.0415662484282838,Q2,"For I reioyced greatly when the brethren came and testified of the truth that is in thee, euen as thou walkest in the trueth.","For I rejoiced greatly, when the brethren came and testified of the truth that is in thee, even as thou walkest in the truth.","for i reioyced greatly when the brethren came and testified of the truth that is in thee, euen as thou walkest in the trueth.","for i rejoiced greatly, when the brethren came and testified of the truth that is in thee, even as thou walkest in the truth.",0.041566248428283825,0.041566248428283825,,R0,R1,0.0,
INLIER_BACKGROUND,3JN:1:2,3JN,3John,R1,INLIER,0.0679654247470944,Q3,"Beloued, I wish aboue all things that thou mayest prosper and be in health, euen as thy soule prospereth.","Beloved, I wish above all things that thou mayest prosper and be in health, even as thy soul prospereth.","beloued, i wish aboue all things that thou mayest prosper and be in health, euen as thy soule prospereth.","beloved, i wish above all things that thou mayest prosper and be in health, even as thy soul prospereth.",0.06796542474709444,0.06796542474709444,,R0,R1,0.0,
INLIER_BACKGROUND,3JN:1:7,3JN,3John,R1,INLIER,0.0599629160473618,Q3,"Because that for his Names sake they went foorth, taking nothing of the Gentiles.","Because that for his name’s sake they went forth, taking nothing of the Gentiles.","because that for his names sake they went foorth, taking nothing of the gentiles.","because that for his name’s sake they went forth, taking nothing of the gentiles.",0.059962916047361814,0.059962916047361814,,R0,R1,0.0,
INLIER_BACKGROUND,3JN:1:1,3JN,3John,R1,INLIER,0.1338415600236203,Q4,"The Elder vnto the welbeloued Gaius, whom I loue in the trueth:","The elder unto the wellbeloved Gaius, whom I love in the truth.","the elder vnto the welbeloued gaius, whom i loue in the trueth:","the elder unto the wellbeloved gaius, whom i love in the truth.",0.13384156002362035,0.13384156002362035,,R0,R1,0.0,
INLIER_BACKGROUND,3JN:1:6,3JN,3John,R1,INLIER,0.124804614206013,Q4,"Which haue borne witnesse of thy charitie before the Church: whome if thou bring forward on their iourney after a godly sort, thou shalt doe well:","Which have borne witness of thy charity before the church: whom if thou bring forward on their journey after a godly sort, thou shalt do well:","which haue borne witnesse of thy charitie before the church: whome if thou bring forward on their iourney after a godly sort, thou shalt doe well:","which have borne witness of thy charity before the church: whom if thou bring forward on their journey after a godly sort, thou shalt do well:",0.12480461420601308,0.12480461420601308,,R0,R1,0.0,
INLIER_BACKGROUND,ACT:13:3,ACT,Acts,R1,INLIER,0.0037485916859473,Q1,"And when they had fasted and prayed, and laid their handes on them, they sent them away.","And when they had fasted and prayed, and laid their hands on them, they sent them away.","and when they had fasted and prayed, and laid their handes on them, they sent them away.","and when they had fasted and prayed, and laid their hands on them, they sent them away.",0.0037485916859473223,0.0037485916859473223,,R0,R1,0.0,
INLIER_BACKGROUND,ACT:22:5,ACT,Acts,R1,INLIER,0.0230995220627155,Q1,"As also the high Priest doth beare me witnesse, and all the estate of the elders: from whom also I receiued letters vnto the brethren, and went to Damascus, to bring them which were there, bound vnto Hierusalem, for to be punished.","As also the high priest doth bear me witness, and all the estate of the elders: from whom also I received letters unto the brethren, and went to Damascus, to bring them which were there bound unto Jerusalem, for to be punished.","as also the high priest doth beare me witnesse, and all the estate of the elders: from whom also i receiued letters vnto the brethren, and went to damascus, to bring them which were there, bound vnto hierusalem, for to be punished.","as also the high priest doth bear me witness, and all the estate of the elders: from whom also i received letters unto the brethren, and went to damascus, to bring them which were there bound unto jerusalem, for to be punished.",0.023099522062715594,0.023099522062715594,,R0,R1,0.0,
INLIER_BACKGROUND,ACT:12:12,ACT,Acts,R1,INLIER,0.0406829354654829,Q2,"And when he had considered the thing, he came to the house of Mary the mother of Iohn whose sirname was Marke, where many were gathered together praying.","And when he had considered the thing, he came to the house of Mary the mother of John, whose surname was Mark; where many were gathered together praying.","and when he had considered the thing, he came to the house of mary the mother of iohn whose sirname was marke, where many were gathered together praying.","and when he had considered the thing, he came to the house of mary the mother of john, whose surname was mark; where many were gathered together praying.",0.04068293546548296,0.04068293546548296,,R0,R1,0.0,
INLIER_BACKGROUND,ACT:23:35,ACT,Acts,R1,INLIER,0.0539581322129109,Q2,"I will heare thee, said hee, when thine accusers are also come. And hee commanded him to be kept in Herods iudgement hall.","I will hear thee, said he, when thine accusers are also come. And he commanded him to be kept in Herod’s judgment hall.","i will heare thee, said hee, when thine accusers are also come. and hee commanded him to be kept in herods iudgement hall.","i will hear thee, said he, when thine accusers are also come. and he commanded him to be kept in herod’s judgment hall.",0.0539581322129109,0.0539581322129109,,R0,R1,0.0,
INLIER_BACKGROUND,ACT:17:28,ACT,Acts,R1,INLIER,0.0642351551676281,Q3,"For in him we liue, and mooue, and haue our being, as certaine also of your owne Poets haue said, For we are also his offspring.","For in him we live, and move, and have our being; as certain also of your own poets have said, For we are also his offspring.","for in him we liue, and mooue, and haue our being, as certaine also of your owne poets haue said, for we are also his offspring.","for in him we live, and move, and have our being; as certain also of your own poets have said, for we are also his offspring.",0.06423515516762812,0.06423515516762812,,R0,R1,0.0,
INLIER_BACKGROUND,ACT:7:20,ACT,Acts,R1,INLIER,0.0808282722312833,Q3,"In which time Moses was borne, and was exceeding faire, and nourished vp in his fathers house three moneths:","In which time Moses was born, and was exceeding fair, and nourished up in his father’s house three months:","in which time moses was borne, and was exceeding faire, and nourished vp in his fathers house three moneths:","in which time moses was born, and was exceeding fair, and nourished up in his father’s house three months:",0.0808282722312833,0.0808282722312833,,R0,R1,0.0,
INLIER_BACKGROUND,ACT:13:30,ACT,Acts,R1,INLIER,0.1072264453260853,Q4,But God raised him fr&#333; the dead:,But God raised him from the dead:,but god raised him fr&#333; the dead:,but god raised him from the dead:,0.10722644532608538,0.10722644532608538,,R0,R1,0.0,
INLIER_BACKGROUND,ACT:4:13,ACT,Acts,R1,INLIER,0.1251939014558781,Q4,"¶ Now when they sawe the boldnesse of Peter and Iohn, and perceiued that they were vnlearned and ignorant men, they marueiled, and they tooke knowledge of them, that they had bene with Iesus.","Now when they saw the boldness of Peter and John, and perceived that they were unlearned and ignorant men, they marvelled; and they took knowledge of them, that they had been with Jesus.","¶ now when they sawe the boldnesse of peter and iohn, and perceiued that they were vnlearned and ignorant men, they marueiled, and they tooke knowledge of them, that they had bene with iesus.","now when they saw the boldness of peter and john, and perceived that they were unlearned and ignorant men, they marvelled; and they took knowledge of them, that they had been with jesus.",0.12519390145587816,0.12519390145587816,,R0,R1,0.0,
INLIER_BACKGROUND,AMO:4:8,AMO,Amos,R1,INLIER,0.0280572423488263,Q1,"So two or three cities wandered vnto one citie, to drinke water; but they were not satisfied: yet haue yee not returned vnto me, saith the Lord.","So two or three cities wandered unto one city, to drink water; but they were not satisfied: yet have ye not returned unto me, saith the LORD.","so two or three cities wandered vnto one citie, to drinke water; but they were not satisfied: yet haue yee not returned vnto me, saith the lord.","so two or three cities wandered unto one city, to drink water; but they were not satisfied: yet have ye not returned unto me, saith the lord.",0.02805724234882634,0.02805724234882634,,R0,R1,0.0,
INLIER_BACKGROUND,AMO:9:12,AMO,Amos,R1,INLIER,0.004967407575215,Q1,"That they may possesse the remnant of Edom, and of all the heathen; which are called by my name, saith the Lord that doth this.","That they may possess the remnant of Edom, and of all the heathen, which are called by my name, saith the LORD that doeth this.","that they may possesse the remnant of edom, and of all the heathen; which are called by my name, saith the lord that doth this.","that they may possess the remnant of edom, and of all the heathen, which are called by my name, saith the lord that doeth this.",0.004967407575215077,0.004967407575215077,,R0,R1,0.0,
INLIER_BACKGROUND,AMO:3:7,AMO,Amos,R1,INLIER,0.0558407952825661,Q2,"Surely the Lord God will doe nothing, but he reuealeth his secret vnto his seruants the Prophets.","Surely the Lord GOD will do nothing, but he revealeth his secret unto his servants the prophets.","surely the lord god will doe nothing, but he reuealeth his secret vnto his seruants the prophets.","surely the lord god will do nothing, but he revealeth his secret unto his servants the prophets.",0.055840795282566136,0.055840795282566136,,R0,R1,0.0,
INLIER_BACKGROUND,AMO:6:9,AMO,Amos,R1,INLIER,0.0412750292307705,Q2,"And it shall come to passe, if there remaine tenne men in one house, that they shall die.","And it shall come to pass, if there remain ten men in one house, that they shall die.","and it shall come to passe, if there remaine tenne men in one house, that they shall die.","and it shall come to pass, if there remain ten men in one house, that they shall die.",0.04127502923077053,0.04127502923077053,,R0,R1,0.0,
INLIER_BACKGROUND,AMO:7:2,AMO,Amos,R1,INLIER,0.0893236136440648,Q3,"And it came to passe, that when they had made an ende of eating the grasse of the land, then I said; O Lord God, forgiue, I beseech thee, by whom shal Iacob arise? for he is small.","And it came to pass, that when they had made an end of eating the grass of the land, then I said, O Lord GOD, forgive, I beseech thee: by whom shall Jacob arise? for he is small.","and it came to passe, that when they had made an ende of eating the grasse of the land, then i said; o lord god, forgiue, i beseech thee, by whom shal iacob arise? for he is small.","and it came to pass, that when they had made an end of eating the grass of the land, then i said, o lord god, forgive, i beseech thee: by whom shall jacob arise? for he is small.",0.08932361364406483,0.08932361364406483,,R0,R1,0.0,
INLIER_BACKGROUND,AMO:9:14,AMO,Amos,R1,INLIER,0.0630507098760813,Q3,"And I will bring againe the captiuitie of my people of Israel: and they shall build the waste cities, and inhabit them; and they shall plant vineyards, and drinke the wine thereof: they shall also make gardens, and eate the fruite of them.","And I will bring again the captivity of my people of Israel, and they shall build the waste cities, and inhabit them; and they shall plant vineyards, and drink the wine thereof; they shall also make gardens, and eat the fruit of them.","and i will bring againe the captiuitie of my people of israel: and they shall build the waste cities, and inhabit them; and they shall plant vineyards, and drinke the wine thereof: they shall also make gardens, and eate the fruite of them.","and i will bring again the captivity of my people of israel, and they shall build the waste cities, and inhabit them; and they shall plant vineyards, and drink the wine thereof; they shall also make gardens, and eat the fruit of them.",0.0630507098760813,0.0630507098760813,,R0,R1,0.0,
INLIER_BACKGROUND,AMO:5:4,AMO,Amos,R1,INLIER,0.1168869878295141,Q4,"¶ For thus saith the Lord vnto the house of Israel, Seeke ye mee, and ye shall liue.","For thus saith the LORD unto the house of Israel, Seek ye me, and ye shall live:","¶ for thus saith the lord vnto the house of israel, seeke ye mee, and ye shall liue.","for thus saith the lord unto the house of israel, seek ye me, and ye shall live:",0.11688698782951412,0.11688698782951412,,R0,R1,0.0,
INLIER_BACKGROUND,AMO:8:6,AMO,Amos,R1,INLIER,0.1573717561913098,Q4,"That wee may buy the poore for siluer, & the needie for a paire of shoes; yea, and sell the refuse of the wheate?","That we may buy the poor for silver, and the needy for a pair of shoes; yea, and sell the refuse of the wheat?","that wee may buy the poore for siluer, & the needie for a paire of shoes; yea, and sell the refuse of the wheate?","that we may buy the poor for silver, and the needy for a pair of shoes; yea, and sell the refuse of the wheat?",0.15737175619130983,0.15737175619130983,,R0,R1,0.0,
INLIER_BACKGROUND,COL:2:5,COL,Colossians,R1,INLIER,0.0229971618275349,Q1,"For though I bee absent in the flesh, yet am I with you in the spirit, ioying and beholding your order, and the stedfastnesse of your faith in Christ.","For though I be absent in the flesh, yet am I with you in the spirit, joying and beholding your order, and the stedfastness of your faith in Christ.","for though i bee absent in the flesh, yet am i with you in the spirit, ioying and beholding your order, and the stedfastnesse of your faith in christ.","for though i be absent in the flesh, yet am i with you in the spirit, joying and beholding your order, and the stedfastness of your faith in christ.",0.022997161827534973,0.022997161827534973,,R0,R1,0.0,
INLIER_BACKGROUND,COL:4:4,COL,Colossians,R1,INLIER,0.0041642861273516,Q1,"That I may make it manifest, as I ought to speake.","That I may make it manifest, as I ought to speak.","that i may make it manifest, as i ought to speake.","that i may make it manifest, as i ought to speak.",0.004164286127351646,0.004164286127351646,,R0,R1,0.0,
INLIER_BACKGROUND,COL:1:7,COL,Colossians,R1,INLIER,0.0428280231926397,Q2,"As yee also learned of Epaphras our deare felow seruant, who is for you a faithfull Minister of Christ:","As ye also learned of Epaphras our dear fellowservant, who is for you a faithful minister of Christ;","as yee also learned of epaphras our deare felow seruant, who is for you a faithfull minister of christ:","as ye also learned of epaphras our dear fellowservant, who is for you a faithful minister of christ;",0.042828023192639786,0.042828023192639786,,R0,R1,0.0,
INLIER_BACKGROUND,COL:3:24,COL,Colossians,R1,INLIER,0.0416459194422502,Q2,"Knowing, that of the Lord yee shall receiue the reward of the inheritance: for ye serue the Lord Christ.",Knowing that of the Lord ye shall receive the reward of the inheritance: for ye serve the Lord Christ.,"knowing, that of the lord yee shall receiue the reward of the inheritance: for ye serue the lord christ.",knowing that of the lord ye shall receive the reward of the inheritance: for ye serve the lord christ.,0.04164591944225027,0.04164591944225027,,R0,R1,0.0,
INLIER_BACKGROUND,COL:1:14,COL,Colossians,R1,INLIER,0.0877887977703311,Q3,"In whom we haue redemption through his blood, euen the forgiuenesse of sinnes:","In whom we have redemption through his blood, even the forgiveness of sins:","in whom we haue redemption through his blood, euen the forgiuenesse of sinnes:","in whom we have redemption through his blood, even the forgiveness of sins:",0.0877887977703311,0.0877887977703311,,R0,R1,0.0,
INLIER_BACKGROUND,COL:4:12,COL,Colossians,R1,INLIER,0.0598584443093224,Q3,"Epaphras, who is one of you, a seruant of Christ, saluteth you, alwaies labouring feruently for you in praiers, that ye may stand perfect, and complete in all the will of God.","Epaphras, who is one of you, a servant of Christ, saluteth you, always labouring fervently for you in prayers, that ye may stand perfect and complete in all the will of God.","epaphras, who is one of you, a seruant of christ, saluteth you, alwaies labouring feruently for you in praiers, that ye may stand perfect, and complete in all the will of god.","epaphras, who is one of you, a servant of christ, saluteth you, always labouring fervently for you in prayers, that ye may stand perfect and complete in all the will of god.",0.05985844430932241,0.05985844430932241,,R0,R1,0.0,
INLIER_BACKGROUND,COL:3:23,COL,Colossians,R1,INLIER,0.1228968711688975,Q4,"And whatsoeuer yee doe, doe it heartily, as to the Lord, and not vnto men:","And whatsoever ye do, do it heartily, as to the Lord, and not unto men;","and whatsoeuer yee doe, doe it heartily, as to the lord, and not vnto men:","and whatsoever ye do, do it heartily, as to the lord, and not unto men;",0.12289687116889758,0.12289687116889758,,R0,R1,0.0,
INLIER_BACKGROUND,COL:3:7,COL,Colossians,R1,INLIER,0.0909616121117231,Q4,"In the which yee also walked sometime, when ye liued in them.","In the which ye also walked some time, when ye lived in them.","in the which yee also walked sometime, when ye liued in them.","in the which ye also walked some time, when ye lived in them.",0.09096161211172316,0.09096161211172316,,R0,R1,0.0,
INLIER_BACKGROUND,DAN:10:18,DAN,Daniel,R1,INLIER,0.0181971133725022,Q1,"Then there came againe and touched me one like the appearance of a man, and he strengthned me,","Then there came again and touched me one like the appearance of a man, and he strengthened me,","then there came againe and touched me one like the appearance of a man, and he strengthned me,","then there came again and touched me one like the appearance of a man, and he strengthened me,",0.018197113372502294,0.018197113372502294,,R0,R1,0.0,
INLIER_BACKGROUND,DAN:7:1,DAN,Daniel,R1,INLIER,0.0289130598887228,Q1,"In the first yeere of Belshazzar king of Babylon, Daniel had a dreame, and visions of his head vpon his bed: then he wrote the dreame, and tolde the summe of the matters.","In the first year of Belshazzar king of Babylon Daniel had a dream and visions of his head upon his bed: then he wrote the dream, and told the sum of the matters.","in the first yeere of belshazzar king of babylon, daniel had a dreame, and visions of his head vpon his bed: then he wrote the dreame, and tolde the summe of the matters.","in the first year of belshazzar king of babylon daniel had a dream and visions of his head upon his bed: then he wrote the dream, and told the sum of the matters.",0.028913059888722836,0.028913059888722836,,R0,R1,0.0,
INLIER_BACKGROUND,DAN:2:38,DAN,Daniel,R1,INLIER,0.0551268994249607,Q2,"And wheresoeuer the children of men dwel, the beasts of the field, and the foules of the heauen hath he giuen into thine hand, and hath made thee ruler ouer them all: thou art this head of gold.","And wheresoever the children of men dwell, the beasts of the field and the fowls of the heaven hath he given into thine hand, and hath made thee ruler over them all. Thou art this head of gold.","and wheresoeuer the children of men dwel, the beasts of the field, and the foules of the heauen hath he giuen into thine hand, and hath made thee ruler ouer them all: thou art this head of gold.","and wheresoever the children of men dwell, the beasts of the field and the fowls of the heaven hath he given into thine hand, and hath made thee ruler over them all. thou art this head of gold.",0.05512689942496074,0.05512689942496074,,R0,R1,0.0,
INLIER_BACKGROUND,DAN:2:49,DAN,Daniel,R1,INLIER,0.0368094870155356,Q2,"Then Daniel requested of the King, and he set Shadrach, Meshach, and Abednego ouer the affaires of the prouince of Babylon: but Daniel sate in the gate of the King.","Then Daniel requested of the king, and he set Shadrach, Meshach, and Abednego, over the affairs of the province of Babylon: but Daniel sat in the gate of the king.","then daniel requested of the king, and he set shadrach, meshach, and abednego ouer the affaires of the prouince of babylon: but daniel sate in the gate of the king.","then daniel requested of the king, and he set shadrach, meshach, and abednego, over the affairs of the province of babylon: but daniel sat in the gate of the king.",0.03680948701553566,0.03680948701553566,,R0,R1,0.0,
INLIER_BACKGROUND,DAN:10:10,DAN,Daniel,R1,INLIER,0.0896013453232054,Q3,"¶ And behold, an hand touched me, which set me vpon my knees, and vpon the palmes of my hands.","And, behold, an hand touched me, which set me upon my knees and upon the palms of my hands.","¶ and behold, an hand touched me, which set me vpon my knees, and vpon the palmes of my hands.","and, behold, an hand touched me, which set me upon my knees and upon the palms of my hands.",0.0896013453232054,0.0896013453232054,,R0,R1,0.0,
INLIER_BACKGROUND,DAN:2:5,DAN,Daniel,R1,INLIER,0.079840953659691,Q3,"The King answered, and said to the Caldeans, The thing is gone from mee: if ye will not make knowen vnto me the dreame, with the interpretation thereof, yee shall be cut in pieces, and your houses shalbe made a dunghill.","The king answered and said to the Chaldeans, The thing is gone from me: if ye will not make known unto me the dream, with the interpretation thereof, ye shall be cut in pieces, and your houses shall be made a dunghill.","the king answered, and said to the caldeans, the thing is gone from mee: if ye will not make knowen vnto me the dreame, with the interpretation thereof, yee shall be cut in pieces, and your houses shalbe made a dunghill.","the king answered and said to the chaldeans, the thing is gone from me: if ye will not make known unto me the dream, with the interpretation thereof, ye shall be cut in pieces, and your houses shall be made a dunghill.",0.07984095365969102,0.07984095365969102,,R0,R1,0.0,
INLIER_BACKGROUND,DAN:1:1,DAN,Daniel,R1,INLIER,0.1133135900694041,Q4,"In the thirde yere of the reigne of Iehoiakim King of Iudah, came Nebuchad-nezzar King of Babylon, vnto Ierusalem, and besieged it.","In the third year of the reign of Jehoiakim king of Judah came Nebuchadnezzar king of Babylon unto Jerusalem, and besieged it.","in the thirde yere of the reigne of iehoiakim king of iudah, came nebuchad-nezzar king of babylon, vnto ierusalem, and besieged it.","in the third year of the reign of jehoiakim king of judah came nebuchadnezzar king of babylon unto jerusalem, and besieged it.",0.11331359006940411,0.11331359006940411,,R0,R1,0.0,
INLIER_BACKGROUND,DAN:7:8,DAN,Daniel,R1,INLIER,0.1460930365810516,Q4,"I considered the hornes, and behold, there came vp among them another little horne, before whom there were three of the first hornes pluckt vp by the roots: and behold, in this horne were eyes like the eyes of man, and a mouth speaking great things.","I considered the horns, and, behold, there came up among them another little horn, before whom there were three of the first horns plucked up by the roots: and, behold, in this horn were eyes like the eyes of man, and a mouth speaking great things.","i considered the hornes, and behold, there came vp among them another little horne, before whom there were three of the first hornes pluckt vp by the roots: and behold, in this horne were eyes like the eyes of man, and a mouth speaking great things.","i considered the horns, and, behold, there came up among them another little horn, before whom there were three of the first horns plucked up by the roots: and, behold, in this horn were eyes like the eyes of man, and a mouth speaking great things.",0.14609303658105166,0.14609303658105166,,R0,R1,0.0,
INLIER_BACKGROUND,DEU:11:29,DEU,Deuteronomy,R1,INLIER,0.0267745983836142,Q1,"And it shall come to passe when the Lord thy God hath brought thee in, vnto the land whither thou goest to possesse it, that thou shalt put the blessing vpon mount Gerizim, and the curse vpon mount Ebal.","And it shall come to pass, when the LORD thy God hath brought thee in unto the land whither thou goest to possess it, that thou shalt put the blessing upon mount Gerizim, and the curse upon mount Ebal.","and it shall come to passe when the lord thy god hath brought thee in, vnto the land whither thou goest to possesse it, that thou shalt put the blessing vpon mount gerizim, and the curse vpon mount ebal.","and it shall come to pass, when the lord thy god hath brought thee in unto the land whither thou goest to possess it, that thou shalt put the blessing upon mount gerizim, and the curse upon mount ebal.",0.02677459838361429,0.02677459838361429,,R0,R1,0.0,
INLIER_BACKGROUND,DEU:31:11,DEU,Deuteronomy,R1,INLIER,0.0079602351407702,Q1,"When all Israel is come to appeare before the Lord thy God, in the place which hee shall choose; thou shalt reade this Law before all Israel, in their hearing.","When all Israel is come to appear before the LORD thy God in the place which he shall choose, thou shalt read this law before all Israel in their hearing.","when all israel is come to appeare before the lord thy god, in the place which hee shall choose; thou shalt reade this law before all israel, in their hearing.","when all israel is come to appear before the lord thy god in the place which he shall choose, thou shalt read this law before all israel in their hearing.",0.007960235140770267,0.007960235140770267,,R0,R1,0.0,
INLIER_BACKGROUND,DEU:27:10,DEU,Deuteronomy,R1,INLIER,0.0358429634379831,Q2,"Thou shalt therefore obey the voyce of the Lord thy God, and doe his Commandements, and his Statutes which I command thee this day.","Thou shalt therefore obey the voice of the LORD thy God, and do his commandments and his statutes, which I command thee this day.","thou shalt therefore obey the voyce of the lord thy god, and doe his commandements, and his statutes which i command thee this day.","thou shalt therefore obey the voice of the lord thy god, and do his commandments and his statutes, which i command thee this day.",0.0358429634379831,0.0358429634379831,,R0,R1,0.0,
INLIER_BACKGROUND,DEU:4:16,DEU,Deuteronomy,R1,INLIER,0.0496852665777872,Q2,"Lest yee corrupt your selues, and make you a grauen image, the similitude of any figure, the likenes of male, or female,","Lest ye corrupt yourselves, and make you a graven image, the similitude of any figure, the likeness of male or female,","lest yee corrupt your selues, and make you a grauen image, the similitude of any figure, the likenes of male, or female,","lest ye corrupt yourselves, and make you a graven image, the similitude of any figure, the likeness of male or female,",0.04968526657778727,0.04968526657778727,,R0,R1,0.0,
INLIER_BACKGROUND,DEU:24:17,DEU,Deuteronomy,R1,INLIER,0.0695061122018656,Q3,"¶ Thou shalt not peruert the iudgement of the stranger, nor of the fatherles, nor take a widowes raiment to pledge.","Thou shalt not pervert the judgment of the stranger, nor of the fatherless; nor take a widow’s raiment to pledge:","¶ thou shalt not peruert the iudgement of the stranger, nor of the fatherles, nor take a widowes raiment to pledge.","thou shalt not pervert the judgment of the stranger, nor of the fatherless; nor take a widow’s raiment to pledge:",0.06950611220186564,0.06950611220186564,,R0,R1,0.0,
INLIER_BACKGROUND,DEU:9:25,DEU,Deuteronomy,R1,INLIER,0.0768100769893682,Q3,"Thus I fell downe before the Lord fourtie dayes, and fourtie nights, as I fel downe at the first, because the Lord had said, he would destroy you.","Thus I fell down before the LORD forty days and forty nights, as I fell down at the first; because the LORD had said he would destroy you.","thus i fell downe before the lord fourtie dayes, and fourtie nights, as i fel downe at the first, because the lord had said, he would destroy you.","thus i fell down before the lord forty days and forty nights, as i fell down at the first; because the lord had said he would destroy you.",0.07681007698936826,0.07681007698936826,,R0,R1,0.0,
INLIER_BACKGROUND,DEU:33:28,DEU,Deuteronomy,R1,INLIER,0.1053261506451418,Q4,"Israel then shall dwell in safetie alone: the fountaine of Iacob shalbe vpon a land of corne and wine, also his heauens shall drop downe deaw.",Israel then shall dwell in safety alone: the fountain of Jacob shall be upon a land of corn and wine; also his heavens shall drop down dew.,"israel then shall dwell in safetie alone: the fountaine of iacob shalbe vpon a land of corne and wine, also his heauens shall drop downe deaw.",israel then shall dwell in safety alone: the fountain of jacob shall be upon a land of corn and wine; also his heavens shall drop down dew.,0.10532615064514184,0.10532615064514184,,R0,R1,0.0,
INLIER_BACKGROUND,DEU:3:27,DEU,Deuteronomy,R1,INLIER,0.0933638658306111,Q4,"Get thee vp into the top of Pisgah, and lift vp thine eyes Westward, and Northward, and Southward, and Eastward, and beholde it with thine eyes: for thou shalt not goe ouer this Iordan.","Get thee up into the top of Pisgah, and lift up thine eyes westward, and northward, and southward, and eastward, and behold it with thine eyes: for thou shalt not go over this Jordan.","get thee vp into the top of pisgah, and lift vp thine eyes westward, and northward, and southward, and eastward, and beholde it with thine eyes: for thou shalt not goe ouer this iordan.","get thee up into the top of pisgah, and lift up thine eyes westward, and northward, and southward, and eastward, and behold it with thine eyes: for thou shalt not go over this jordan.",0.09336386583061118,0.09336386583061118,,R0,R1,0.0,
INLIER_BACKGROUND,ECC:3:6,ECC,Ecclesiastes,R1,INLIER,0.0210111374378559,Q1,"A time to get, and a time to lose: a time to keepe, and a time to cast away.","A time to get, and a time to lose; a time to keep, and a time to cast away;","a time to get, and a time to lose: a time to keepe, and a time to cast away.","a time to get, and a time to lose; a time to keep, and a time to cast away;",0.021011137437855987,0.021011137437855987,,R0,R1,0.0,
INLIER_BACKGROUND,ECC:4:5,ECC,Ecclesiastes,R1,INLIER,0.0140554468096882,Q1,"The foole foldeth his hands together, and eateth his owne flesh.","The fool foldeth his hands together, and eateth his own flesh.","the foole foldeth his hands together, and eateth his owne flesh.","the fool foldeth his hands together, and eateth his own flesh.",0.014055446809688288,0.014055446809688288,,R0,R1,0.0,
INLIER_BACKGROUND,ECC:5:11,ECC,Ecclesiastes,R1,INLIER,0.0301058770112687,Q2,"When goods increase, they are increased that eate them: and what good is there to the owners thereof, sauing the beholding of them with their eyes?","When goods increase, they are increased that eat them: and what good is there to the owners thereof, saving the beholding of them with their eyes?","when goods increase, they are increased that eate them: and what good is there to the owners thereof, sauing the beholding of them with their eyes?","when goods increase, they are increased that eat them: and what good is there to the owners thereof, saving the beholding of them with their eyes?",0.030105877011268767,0.030105877011268767,,R0,R1,0.0,
INLIER_BACKGROUND,ECC:8:1,ECC,Ecclesiastes,R1,INLIER,0.0503501941535399,Q2,"Who is as the Wise man? and who knoweth the interpretation of a thing? a mans wisedome maketh his face to shine, and the boldnes of his face shalbe changed.","Who is as the wise man? and who knoweth the interpretation of a thing? a man’s wisdom maketh his face to shine, and the boldness of his face shall be changed.","who is as the wise man? and who knoweth the interpretation of a thing? a mans wisedome maketh his face to shine, and the boldnes of his face shalbe changed.","who is as the wise man? and who knoweth the interpretation of a thing? a man’s wisdom maketh his face to shine, and the boldness of his face shall be changed.",0.05035019415353992,0.05035019415353992,,R0,R1,0.0,
INLIER_BACKGROUND,ECC:3:5,ECC,Ecclesiastes,R1,INLIER,0.0673097448979676,Q3,"A time to cast away stones, and a time to gather stones together: a time to imbrace, and a time to refraine from imbracing.","A time to cast away stones, and a time to gather stones together; a time to embrace, and a time to refrain from embracing;","a time to cast away stones, and a time to gather stones together: a time to imbrace, and a time to refraine from imbracing.","a time to cast away stones, and a time to gather stones together; a time to embrace, and a time to refrain from embracing;",0.0673097448979676,0.0673097448979676,,R0,R1,0.0,
INLIER_BACKGROUND,ECC:7:7,ECC,Ecclesiastes,R1,INLIER,0.065935472366428,Q3,¶ Surely oppression maketh a wise man mad: and a gift destroyeth the heart.,Surely oppression maketh a wise man mad; and a gift destroyeth the heart.,¶ surely oppression maketh a wise man mad: and a gift destroyeth the heart.,surely oppression maketh a wise man mad; and a gift destroyeth the heart.,0.06593547236642805,0.06593547236642805,,R0,R1,0.0,
INLIER_BACKGROUND,ECC:10:10,ECC,Ecclesiastes,R1,INLIER,0.1770787760821969,Q4,"If the yron be blunt, and he doe not whet the edge, then must he put to more strength: but wisedome is profitable to direct.","If the iron be blunt, and he do not whet the edge, then must he put to more strength: but wisdom is profitable to direct.","if the yron be blunt, and he doe not whet the edge, then must he put to more strength: but wisedome is profitable to direct.","if the iron be blunt, and he do not whet the edge, then must he put to more strength: but wisdom is profitable to direct.",0.1770787760821969,0.1770787760821969,,R0,R1,0.0,
INLIER_BACKGROUND,ECC:3:1,ECC,Ecclesiastes,R1,INLIER,0.169756438729609,Q4,"To euery thing there is a season, and a time to euery purpose vnder the heauen.","To every thing there is a season, and a time to every purpose under the heaven:","to euery thing there is a season, and a time to euery purpose vnder the heauen.","to every thing there is a season, and a time to every purpose under the heaven:",0.169756438729609,0.169756438729609,,R0,R1,0.0,
INLIER_BACKGROUND,EPH:6:1,EPH,Ephesians,R1,INLIER,0.0,Q1,"Children, obey your parents in the Lord: for this is right.","Children, obey your parents in the Lord: for this is right.","children, obey your parents in the lord: for this is right.","children, obey your parents in the lord: for this is right.",0.0,0.0,,R0,R1,0.0,
INLIER_BACKGROUND,EPH:6:2,EPH,Ephesians,R1,INLIER,0.0285036976642043,Q1,"Honour thy father and mother, (which is the first commandement with promise,)",Honour thy father and mother; which is the first commandment with promise;,"honour thy father and mother, (which is the first commandement with promise,)",honour thy father and mother; which is the first commandment with promise;,0.028503697664204353,0.028503697664204353,,R0,R1,0.0,
INLIER_BACKGROUND,EPH:6:18,EPH,Ephesians,R1,INLIER,0.0557087586298141,Q2,"Praying alwayes with all prayer and supplication in the spirit, and watching thereunto with all perseuerance, and supplication for all Saints,","Praying always with all prayer and supplication in the Spirit, and watching thereunto with all perseverance and supplication for all saints;","praying alwayes with all prayer and supplication in the spirit, and watching thereunto with all perseuerance, and supplication for all saints,","praying always with all prayer and supplication in the spirit, and watching thereunto with all perseverance and supplication for all saints;",0.05570875862981417,0.05570875862981417,,R0,R1,0.0,
INLIER_BACKGROUND,EPH:6:22,EPH,Ephesians,R1,INLIER,0.0308326331091456,Q2,"Whom I haue sent vnto you for the same purpose, that yee might know our affaires, and that he might comfort your hearts.","Whom I have sent unto you for the same purpose, that ye might know our affairs, and that he might comfort your hearts.","whom i haue sent vnto you for the same purpose, that yee might know our affaires, and that he might comfort your hearts.","whom i have sent unto you for the same purpose, that ye might know our affairs, and that he might comfort your hearts.",0.030832633109145635,0.030832633109145635,,R0,R1,0.0,
INLIER_BACKGROUND,EPH:4:14,EPH,Ephesians,R1,INLIER,0.0628556451682424,Q3,"That we hencefoorth be no more children, tossed to and fro, and caried about with euery winde of doctrine, by the sleight of men, and cunning craftinesse, whereby they lye in waite to deceiue:","That we henceforth be no more children, tossed to and fro, and carried about with every wind of doctrine, by the sleight of men, and cunning craftiness, whereby they lie in wait to deceive;","that we hencefoorth be no more children, tossed to and fro, and caried about with euery winde of doctrine, by the sleight of men, and cunning craftinesse, whereby they lye in waite to deceiue:","that we henceforth be no more children, tossed to and fro, and carried about with every wind of doctrine, by the sleight of men, and cunning craftiness, whereby they lie in wait to deceive;",0.06285564516824249,0.06285564516824249,,R0,R1,0.0,
INLIER_BACKGROUND,EPH:4:20,EPH,Ephesians,R1,INLIER,0.0576304982464072,Q3,But ye haue not so learned Christ:,But ye have not so learned Christ;,but ye haue not so learned christ:,but ye have not so learned christ;,0.0576304982464072,0.0576304982464072,,R0,R1,0.0,
INLIER_BACKGROUND,EPH:3:3,EPH,Ephesians,R1,INLIER,0.1390810841359744,Q4,"How that by reuelation hee made knowen vnto me the mysterie, (as I wrote afore in few words,","How that by revelation he made known unto me the mystery; (as I wrote afore in few words,","how that by reuelation hee made knowen vnto me the mysterie, (as i wrote afore in few words,","how that by revelation he made known unto me the mystery; (as i wrote afore in few words,",0.13908108413597442,0.13908108413597442,,R0,R1,0.0,
INLIER_BACKGROUND,EPH:6:6,EPH,Ephesians,R1,INLIER,0.1093192010039112,Q4,"Not with eye seruice as men pleasers, but as the seruants of Christ, doing the will of God from the heart:","Not with eyeservice, as menpleasers; but as the servants of Christ, doing the will of God from the heart;","not with eye seruice as men pleasers, but as the seruants of christ, doing the will of god from the heart:","not with eyeservice, as menpleasers; but as the servants of christ, doing the will of god from the heart;",0.10931920100391124,0.10931920100391124,,R0,R1,0.0,
INLIER_BACKGROUND,EST:5:1,EST,Esther,R1,INLIER,0.0239741118368033,Q1,"Now it came to passe on the third day, that Esther put on her royall apparell, and stood in the inner court of the kings house, ouer against the kings house: and the King sate vpon his royall throne in the royall house, ouer against the gate of the house.","Now it came to pass on the third day, that Esther put on her royal apparel, and stood in the inner court of the king’s house, over against the king’s house: and the king sat upon his royal throne in the royal house, over against the gate of the house.","now it came to passe on the third day, that esther put on her royall apparell, and stood in the inner court of the kings house, ouer against the kings house: and the king sate vpon his royall throne in the royall house, ouer against the gate of the house.","now it came to pass on the third day, that esther put on her royal apparel, and stood in the inner court of the king’s house, over against the king’s house: and the king sat upon his royal throne in the royal house, over against the gate of the house.",0.023974111836803313,0.023974111836803313,,R0,R1,0.0,
INLIER_BACKGROUND,EST:5:7,EST,Esther,R1,INLIER,0.0030635620499831,Q1,"Then answered Esther, and said, My petition, and my request is,","Then answered Esther, and said, My petition and my request is;","then answered esther, and said, my petition, and my request is,","then answered esther, and said, my petition and my request is;",0.0030635620499831484,0.0030635620499831484,,R0,R1,0.0,
INLIER_BACKGROUND,EST:2:9,EST,Esther,R1,INLIER,0.0434436891366589,Q2,"And the maiden pleased him, and she obtained kindnesse of him, and hee speedily gaue her her things for purification, with such things as belonged to her, and seuen maidens, which were meet to be giuen her, out of the Kings house, and hee preferred her and her maids, vnto the best place of the house of the women.","And the maiden pleased him, and she obtained kindness of him; and he speedily gave her her things for purification, with such things as belonged to her, and seven maidens, which were meet to be given her, out of the king’s house: and he preferred her and her maids unto the best place of the house of the women.","and the maiden pleased him, and she obtained kindnesse of him, and hee speedily gaue her her things for purification, with such things as belonged to her, and seuen maidens, which were meet to be giuen her, out of the kings house, and hee preferred her and her maids, vnto the best place of the house of the women.","and the maiden pleased him, and she obtained kindness of him; and he speedily gave her her things for purification, with such things as belonged to her, and seven maidens, which were meet to be given her, out of the king’s house: and he preferred her and her maids unto the best place of the house of the women.",0.04344368913665897,0.04344368913665897,,R0,R1,0.0,
INLIER_BACKGROUND,EST:6:8,EST,Esther,R1,INLIER,0.0341375894117559,Q2,"Let the royall apparell bee brought, which the King vseth to weare, and the horse that the King rideth vpon, and the crowne royal which is set vpon his head:","Let the royal apparel be brought which the king useth to wear, and the horse that the king rideth upon, and the crown royal which is set upon his head:","let the royall apparell bee brought, which the king vseth to weare, and the horse that the king rideth vpon, and the crowne royal which is set vpon his head:","let the royal apparel be brought which the king useth to wear, and the horse that the king rideth upon, and the crown royal which is set upon his head:",0.03413758941175593,0.03413758941175593,,R0,R1,0.0,
INLIER_BACKGROUND,EST:9:20,EST,Esther,R1,INLIER,0.0625096673572388,Q3,"¶ And Mordecai wrote these things, and sent letters vnto all the Iewes, that were in all the prouinces of the king Ahasuerus, both nigh & farre,","And Mordecai wrote these things, and sent letters unto all the Jews that were in all the provinces of the king Ahasuerus, both nigh and far,","¶ and mordecai wrote these things, and sent letters vnto all the iewes, that were in all the prouinces of the king ahasuerus, both nigh & farre,","and mordecai wrote these things, and sent letters unto all the jews that were in all the provinces of the king ahasuerus, both nigh and far,",0.06250966735723884,0.06250966735723884,,R0,R1,0.0,
INLIER_BACKGROUND,EST:9:28,EST,Esther,R1,INLIER,0.0882619931423552,Q3,"And that these dayes should be remembred, and kept throughout euery generation, euery family, euery prouince, and euery citie, and that these dayes of Purim should not faile from among the Iewes, nor the memoriall of them perish from their seed.","And that these days should be remembered and kept throughout every generation, every family, every province, and every city; and that these days of Purim should not fail from among the Jews, nor the memorial of them perish from their seed.","and that these dayes should be remembred, and kept throughout euery generation, euery family, euery prouince, and euery citie, and that these dayes of purim should not faile from among the iewes, nor the memoriall of them perish from their seed.","and that these days should be remembered and kept throughout every generation, every family, every province, and every city; and that these days of purim should not fail from among the jews, nor the memorial of them perish from their seed.",0.08826199314235528,0.08826199314235528,,R0,R1,0.0,
INLIER_BACKGROUND,EST:4:3,EST,Esther,R1,INLIER,0.120728053988292,Q4,"And in euery prouince, whithersoeuer the kings commaundement, and his decree came, there was great mourning among the Iewes, and fasting, and weeping, and wailing, and many lay in sackcloth and ashes.","And in every province, whithersoever the king’s commandment and his decree came, there was great mourning among the Jews, and fasting, and weeping, and wailing; and many lay in sackcloth and ashes.","and in euery prouince, whithersoeuer the kings commaundement, and his decree came, there was great mourning among the iewes, and fasting, and weeping, and wailing, and many lay in sackcloth and ashes.","and in every province, whithersoever the king’s commandment and his decree came, there was great mourning among the jews, and fasting, and weeping, and wailing; and many lay in sackcloth and ashes.",0.120728053988292,0.120728053988292,,R0,R1,0.0,
INLIER_BACKGROUND,EST:9:23,EST,Esther,R1,INLIER,0.1268097116417176,Q4,"And the Iewes vndertooke to doe, as they had begun, and as Mordecai had written vnto them:","And the Jews undertook to do as they had begun, and as Mordecai had written unto them;","and the iewes vndertooke to doe, as they had begun, and as mordecai had written vnto them:","and the jews undertook to do as they had begun, and as mordecai had written unto them;",0.12680971164171762,0.12680971164171762,,R0,R1,0.0,
INLIER_BACKGROUND,EXO:10:4,EXO,Exodus,R1,INLIER,0.0142648313794571,Q1,"Els, if thou refuse to let my people goe, behold, to morrow will I bring the locusts into thy coast.","Else, if thou refuse to let my people go, behold, to morrow will I bring the locusts into thy coast:","els, if thou refuse to let my people goe, behold, to morrow will i bring the locusts into thy coast.","else, if thou refuse to let my people go, behold, to morrow will i bring the locusts into thy coast:",0.01426483137945711,0.01426483137945711,,R0,R1,0.0,
INLIER_BACKGROUND,EXO:39:7,EXO,Exodus,R1,INLIER,0.010524050178328,Q1,"And hee put them on the shoulders of the Ephod, that they should be stones for a memoriall to the children of Israel, as the Lord commanded Moses.","And he put them on the shoulders of the ephod, that they should be stones for a memorial to the children of Israel; as the LORD commanded Moses.","and hee put them on the shoulders of the ephod, that they should be stones for a memoriall to the children of israel, as the lord commanded moses.","and he put them on the shoulders of the ephod, that they should be stones for a memorial to the children of israel; as the lord commanded moses.",0.010524050178328026,0.010524050178328026,,R0,R1,0.0,
INLIER_BACKGROUND,EXO:23:30,EXO,Exodus,R1,INLIER,0.0534703255519599,Q2,"By little and little I will driue them out from before thee, vntill thou be increased and inherit the land.","By little and little I will drive them out from before thee, until thou be increased, and inherit the land.","by little and little i will driue them out from before thee, vntill thou be increased and inherit the land.","by little and little i will drive them out from before thee, until thou be increased, and inherit the land.",0.05347032555195996,0.05347032555195996,,R0,R1,0.0,
INLIER_BACKGROUND,EXO:8:16,EXO,Exodus,R1,INLIER,0.055486083063119,Q2,"¶ And the Lord saide vnto Moses, Say vnto Aaron, Stretch out thy rod, and smite the dust of the land, that it may become lice, thorowout all the land of Egypt.","And the LORD said unto Moses, Say unto Aaron, Stretch out thy rod, and smite the dust of the land, that it may become lice throughout all the land of Egypt.","¶ and the lord saide vnto moses, say vnto aaron, stretch out thy rod, and smite the dust of the land, that it may become lice, thorowout all the land of egypt.","and the lord said unto moses, say unto aaron, stretch out thy rod, and smite the dust of the land, that it may become lice throughout all the land of egypt.",0.055486083063119085,0.055486083063119085,,R0,R1,0.0,
INLIER_BACKGROUND,EXO:31:11,EXO,Exodus,R1,INLIER,0.0571522147631307,Q3,"And the anointing oyle, and sweet incense for the Holy place: according to all that I haue commanded thee, shall they doe.","And the anointing oil, and sweet incense for the holy place: according to all that I have commanded thee shall they do.","and the anointing oyle, and sweet incense for the holy place: according to all that i haue commanded thee, shall they doe.","and the anointing oil, and sweet incense for the holy place: according to all that i have commanded thee shall they do.",0.057152214763130704,0.057152214763130704,,R0,R1,0.0,
INLIER_BACKGROUND,EXO:8:11,EXO,Exodus,R1,INLIER,0.0789406047889619,Q3,"And the frogs shall depart from thee, and from thy houses, and from thy seruants, and from thy people; they shall remaine in the riuer onely.","And the frogs shall depart from thee, and from thy houses, and from thy servants, and from thy people; they shall remain in the river only.","and the frogs shall depart from thee, and from thy houses, and from thy seruants, and from thy people; they shall remaine in the riuer onely.","and the frogs shall depart from thee, and from thy houses, and from thy servants, and from thy people; they shall remain in the river only.",0.07894060478896192,0.07894060478896192,,R0,R1,0.0,
INLIER_BACKGROUND,EXO:25:22,EXO,Exodus,R1,INLIER,0.0904330744873861,Q4,"And there I wil meet with thee, and I will commune with thee, from aboue the Mercie-seat, from betweene the two Cherubims which are vpon the Arke of the Testimonie, of all things which I will giue thee in commaundement vnto the children of Israel.","And there I will meet with thee, and I will commune with thee from above the mercy seat, from between the two cherubims which are upon the ark of the testimony, of all things which I will give thee in commandment unto the children of Israel.","and there i wil meet with thee, and i will commune with thee, from aboue the mercie-seat, from betweene the two cherubims which are vpon the arke of the testimonie, of all things which i will giue thee in commaundement vnto the children of israel.","and there i will meet with thee, and i will commune with thee from above the mercy seat, from between the two cherubims which are upon the ark of the testimony, of all things which i will give thee in commandment unto the children of israel.",0.09043307448738613,0.09043307448738613,,R0,R1,0.0,
INLIER_BACKGROUND,EXO:32:30,EXO,Exodus,R1,INLIER,0.0931138838740662,Q4,"¶ And it came to passe on the morrow, that Moses said vnto the people, Ye haue sinned a great sinne: And now I will goe vp vnto the Lord; peraduenture I shall make an atonement for your sinne.","And it came to pass on the morrow, that Moses said unto the people, Ye have sinned a great sin: and now I will go up unto the LORD; peradventure I shall make an atonement for your sin.","¶ and it came to passe on the morrow, that moses said vnto the people, ye haue sinned a great sinne: and now i will goe vp vnto the lord; peraduenture i shall make an atonement for your sinne.","and it came to pass on the morrow, that moses said unto the people, ye have sinned a great sin: and now i will go up unto the lord; peradventure i shall make an atonement for your sin.",0.09311388387406627,0.09311388387406627,,R0,R1,0.0,
INLIER_BACKGROUND,EZE:14:8,EZE,Ezekiel,R1,INLIER,0.0266569281905696,Q1,"And I wil set my face against that man, and will make him a signe and a prouerbe, and I will cut him off from the midst of my people, and yee shall know that I am the Lord.","And I will set my face against that man, and will make him a sign and a proverb, and I will cut him off from the midst of my people; and ye shall know that I am the LORD.","and i wil set my face against that man, and will make him a signe and a prouerbe, and i will cut him off from the midst of my people, and yee shall know that i am the lord.","and i will set my face against that man, and will make him a sign and a proverb, and i will cut him off from the midst of my people; and ye shall know that i am the lord.",0.02665692819056964,0.02665692819056964,,R0,R1,0.0,
INLIER_BACKGROUND,EZE:6:6,EZE,Ezekiel,R1,INLIER,0.0081521431018658,Q1,"In all your dwelling places the cities shall be laid waste, and the high places shalbe desolate, that your altars may be laid waste and made desolate, and your idols may be broken and cease, and your images may bee cut downe, and your workes may be abolished.","In all your dwellingplaces the cities shall be laid waste, and the high places shall be desolate; that your altars may be laid waste and made desolate, and your idols may be broken and cease, and your images may be cut down, and your works may be abolished.","in all your dwelling places the cities shall be laid waste, and the high places shalbe desolate, that your altars may be laid waste and made desolate, and your idols may be broken and cease, and your images may bee cut downe, and your workes may be abolished.","in all your dwellingplaces the cities shall be laid waste, and the high places shall be desolate; that your altars may be laid waste and made desolate, and your idols may be broken and cease, and your images may be cut down, and your works may be abolished.",0.00815214310186585,0.00815214310186585,,R0,R1,0.0,
INLIER_BACKGROUND,EZE:16:10,EZE,Ezekiel,R1,INLIER,0.0348580697020842,Q2,"I clothed thee also with broidred worke, & shod thee with badgers skin, and I girded thee about with fine linen, and I couered thee with silke.","I clothed thee also with broidered work, and shod thee with badgers’ skin, and I girded thee about with fine linen, and I covered thee with silk.","i clothed thee also with broidred worke, & shod thee with badgers skin, and i girded thee about with fine linen, and i couered thee with silke.","i clothed thee also with broidered work, and shod thee with badgers’ skin, and i girded thee about with fine linen, and i covered thee with silk.",0.03485806970208427,0.03485806970208427,,R0,R1,0.0,
INLIER_BACKGROUND,EZE:31:2,EZE,Ezekiel,R1,INLIER,0.0510124451286102,Q2,"Sonne of man, speake vnto Pharaoh king of Egypt, and to his multitude, Whom art thou like in thy greatnesse?","Son of man, speak unto Pharaoh king of Egypt, and to his multitude; Whom art thou like in thy greatness?","sonne of man, speake vnto pharaoh king of egypt, and to his multitude, whom art thou like in thy greatnesse?","son of man, speak unto pharaoh king of egypt, and to his multitude; whom art thou like in thy greatness?",0.05101244512861025,0.05101244512861025,,R0,R1,0.0,
INLIER_BACKGROUND,EZE:10:6,EZE,Ezekiel,R1,INLIER,0.0706123769752349,Q3,"And it came to passe that when he had commanded the man clothed with linnen, saying; Take fire from betweene the wheeles, from betweene the Cherubims; then he went in and stood beside the wheeles.","And it came to pass, that when he had commanded the man clothed with linen, saying, Take fire from between the wheels, from between the cherubims; then he went in, and stood beside the wheels.","and it came to passe that when he had commanded the man clothed with linnen, saying; take fire from betweene the wheeles, from betweene the cherubims; then he went in and stood beside the wheeles.","and it came to pass, that when he had commanded the man clothed with linen, saying, take fire from between the wheels, from between the cherubims; then he went in, and stood beside the wheels.",0.07061237697523493,0.07061237697523493,,R0,R1,0.0,
INLIER_BACKGROUND,EZE:40:31,EZE,Ezekiel,R1,INLIER,0.0640849304432206,Q3,"And the arches thereof were toward the vtter court, and palme trees were vpon the postes thereof, and the going vp to it had eight steps.",And the arches thereof were toward the utter court; and palm trees were upon the posts thereof: and the going up to it had eight steps.,"and the arches thereof were toward the vtter court, and palme trees were vpon the postes thereof, and the going vp to it had eight steps.",and the arches thereof were toward the utter court; and palm trees were upon the posts thereof: and the going up to it had eight steps.,0.06408493044322061,0.06408493044322061,,R0,R1,0.0,
INLIER_BACKGROUND,EZE:13:23,EZE,Ezekiel,R1,INLIER,0.09970276026529,Q4,"Therefore yee shall see no more vanitie, nor diuine diuinations, for I will deliuer my people out of your hand, and ye shall knowe that I am the Lord. par","Therefore ye shall see no more vanity, nor divine divinations: for I will deliver my people out of your hand: and ye shall know that I am the LORD.","therefore yee shall see no more vanitie, nor diuine diuinations, for i will deliuer my people out of your hand, and ye shall knowe that i am the lord. par","therefore ye shall see no more vanity, nor divine divinations: for i will deliver my people out of your hand: and ye shall know that i am the lord.",0.09970276026529001,0.09970276026529001,,R0,R1,0.0,
INLIER_BACKGROUND,EZE:30:17,EZE,Ezekiel,R1,INLIER,0.1268026175189662,Q4,"The yong men of Auen and of Phibeseth, shall fall by the sword: and these cities shall goe into captiuitie.",The young men of Aven and of Pibeseth shall fall by the sword: and these cities shall go into captivity.,"the yong men of auen and of phibeseth, shall fall by the sword: and these cities shall goe into captiuitie.",the young men of aven and of pibeseth shall fall by the sword: and these cities shall go into captivity.,0.12680261751896627,0.12680261751896627,,R0,R1,0.0,
INLIER_BACKGROUND,EZR:3:7,EZR,Ezra,R1,INLIER,0.0288182746639871,Q1,"They gaue money also vnto the masons, and to the carpenters, and meate, and drinke, and oyle, vnto them of Zidon, and to them of Tyre, to bring Cedar trees from Lebanon to the sea of Ioppa: according to the grant that they had of Cyrus king of Persia.","They gave money also unto the masons, and to the carpenters; and meat, and drink, and oil, unto them of Zidon, and to them of Tyre, to bring cedar trees from Lebanon to the sea of Joppa, according to the grant that they had of Cyrus king of Persia.","they gaue money also vnto the masons, and to the carpenters, and meate, and drinke, and oyle, vnto them of zidon, and to them of tyre, to bring cedar trees from lebanon to the sea of ioppa: according to the grant that they had of cyrus king of persia.","they gave money also unto the masons, and to the carpenters; and meat, and drink, and oil, unto them of zidon, and to them of tyre, to bring cedar trees from lebanon to the sea of joppa, according to the grant that they had of cyrus king of persia.",0.02881827466398712,0.02881827466398712,,R0,R1,0.0,
INLIER_BACKGROUND,EZR:7:6,EZR,Ezra,R1,INLIER,0.0193625348892979,Q1,"This Ezra went vp from Babylon, and hee was a ready Scribe in the law of Moses, which the Lord God of Israel had giuen: and the king granted him all his request, according to the hand of the Lord his God vpon him.","This Ezra went up from Babylon; and he was a ready scribe in the law of Moses, which the LORD God of Israel had given: and the king granted him all his request, according to the hand of the LORD his God upon him.","this ezra went vp from babylon, and hee was a ready scribe in the law of moses, which the lord god of israel had giuen: and the king granted him all his request, according to the hand of the lord his god vpon him.","this ezra went up from babylon; and he was a ready scribe in the law of moses, which the lord god of israel had given: and the king granted him all his request, according to the hand of the lord his god upon him.",0.019362534889297955,0.019362534889297955,,R0,R1,0.0,
INLIER_BACKGROUND,EZR:6:21,EZR,Ezra,R1,INLIER,0.0454056255706131,Q2,"And the children of Israel, which were come againe out of captiuitie, and all such as had separated themselues vnto them, from the filthinesse of the heathen of the land, to seeke the Lord God of Israel, did eate,","And the children of Israel, which were come again out of captivity, and all such as had separated themselves unto them from the filthiness of the heathen of the land, to seek the LORD God of Israel, did eat,","and the children of israel, which were come againe out of captiuitie, and all such as had separated themselues vnto them, from the filthinesse of the heathen of the land, to seeke the lord god of israel, did eate,","and the children of israel, which were come again out of captivity, and all such as had separated themselves unto them from the filthiness of the heathen of the land, to seek the lord god of israel, did eat,",0.04540562557061312,0.04540562557061312,,R0,R1,0.0,
INLIER_BACKGROUND,EZR:8:23,EZR,Ezra,R1,INLIER,0.0389240700085581,Q2,"So we fasted, and besought our God for this, and hee was intreated of vs.",So we fasted and besought our God for this: and he was intreated of us.,"so we fasted, and besought our god for this, and hee was intreated of vs.",so we fasted and besought our god for this: and he was intreated of us.,0.03892407000855813,0.03892407000855813,,R0,R1,0.0,
INLIER_BACKGROUND,EZR:10:10,EZR,Ezra,R1,INLIER,0.0757468146559641,Q3,"And Ezra the Priest stood vp, and said vnto them, Yee haue transgressed, and haue taken strange wiues, to encrease the trespasse of Israel.","And Ezra the priest stood up, and said unto them, Ye have transgressed, and have taken strange wives, to increase the trespass of Israel.","and ezra the priest stood vp, and said vnto them, yee haue transgressed, and haue taken strange wiues, to encrease the trespasse of israel.","and ezra the priest stood up, and said unto them, ye have transgressed, and have taken strange wives, to increase the trespass of israel.",0.07574681465596411,0.07574681465596411,,R0,R1,0.0,
INLIER_BACKGROUND,EZR:8:24,EZR,Ezra,R1,INLIER,0.0606943773956754,Q3,"¶ Then I separated twelue of the chiefe of the Priests, Sherebiah, Hashabiah, and ten of their brethren with them,","Then I separated twelve of the chief of the priests, Sherebiah, Hashabiah, and ten of their brethren with them,","¶ then i separated twelue of the chiefe of the priests, sherebiah, hashabiah, and ten of their brethren with them,","then i separated twelve of the chief of the priests, sherebiah, hashabiah, and ten of their brethren with them,",0.0606943773956754,0.0606943773956754,,R0,R1,0.0,
INLIER_BACKGROUND,EZR:10:13,EZR,Ezra,R1,INLIER,0.1071172530388094,Q4,"But the people are many, and it is a time of much raine, and we are not able to stand without; neither is this a worke of one day or two: for wee are many that haue transgressed in this thing.","But the people are many, and it is a time of much rain, and we are not able to stand without, neither is this a work of one day or two: for we are many that have transgressed in this thing.","but the people are many, and it is a time of much raine, and we are not able to stand without; neither is this a worke of one day or two: for wee are many that haue transgressed in this thing.","but the people are many, and it is a time of much rain, and we are not able to stand without, neither is this a work of one day or two: for we are many that have transgressed in this thing.",0.10711725303880948,0.10711725303880948,,R0,R1,0.0,
INLIER_BACKGROUND,EZR:8:21,EZR,Ezra,R1,INLIER,0.1399486869804616,Q4,"¶ Then I proclaimed a fast there, at the riuer Ahaua, that we might afflict our selues before our God, to seeke of him a right way for vs, and for our little ones, and for all our substance.","Then I proclaimed a fast there, at the river of Ahava, that we might afflict ourselves before our God, to seek of him a right way for us, and for our little ones, and for all our substance.","¶ then i proclaimed a fast there, at the riuer ahaua, that we might afflict our selues before our god, to seeke of him a right way for vs, and for our little ones, and for all our substance.","then i proclaimed a fast there, at the river of ahava, that we might afflict ourselves before our god, to seek of him a right way for us, and for our little ones, and for all our substance.",0.1399486869804616,0.1399486869804616,,R0,R1,0.0,
INLIER_BACKGROUND,GAL:3:7,GAL,Galatians,R1,INLIER,0.0224190338446101,Q1,"Knowe yee therefore, that they which are of faith, the same are the children of Abraham.","Know ye therefore that they which are of faith, the same are the children of Abraham.","knowe yee therefore, that they which are of faith, the same are the children of abraham.","know ye therefore that they which are of faith, the same are the children of abraham.",0.022419033844610192,0.022419033844610192,,R0,R1,0.0,
INLIER_BACKGROUND,GAL:5:5,GAL,Galatians,R1,INLIER,0.0145200028603641,Q1,For we through the spirit waite for the hope of righteousnesse by faith.,For we through the Spirit wait for the hope of righteousness by faith.,for we through the spirit waite for the hope of righteousnesse by faith.,for we through the spirit wait for the hope of righteousness by faith.,0.014520002860364145,0.014520002860364145,,R0,R1,0.0,
INLIER_BACKGROUND,GAL:3:29,GAL,Galatians,R1,INLIER,0.0504468813270239,Q2,"And if yee be Christs, then are ye Abrahams seed, and heires according to the promise.","And if ye be Christ’s, then are ye Abraham’s seed, and heirs according to the promise.","and if yee be christs, then are ye abrahams seed, and heires according to the promise.","and if ye be christ’s, then are ye abraham’s seed, and heirs according to the promise.",0.05044688132702391,0.05044688132702391,,R0,R1,0.0,
INLIER_BACKGROUND,GAL:5:10,GAL,Galatians,R1,INLIER,0.0494936233200699,Q2,"I haue confidence in you through the Lord, that you will be none otherwise minded; but he that troubleth you, shall beare his iudgement, whosoeuer hee be.","I have confidence in you through the Lord, that ye will be none otherwise minded: but he that troubleth you shall bear his judgment, whosoever he be.","i haue confidence in you through the lord, that you will be none otherwise minded; but he that troubleth you, shall beare his iudgement, whosoeuer hee be.","i have confidence in you through the lord, that ye will be none otherwise minded: but he that troubleth you shall bear his judgment, whosoever he be.",0.0494936233200699,0.0494936233200699,,R0,R1,0.0,
INLIER_BACKGROUND,GAL:3:6,GAL,Galatians,R1,INLIER,0.0630361014132974,Q3,"Euen as Abraham beleeued God, and it was accounted to him for righteousnesse.","Even as Abraham believed God, and it was accounted to him for righteousness.","euen as abraham beleeued god, and it was accounted to him for righteousnesse.","even as abraham believed god, and it was accounted to him for righteousness.",0.06303610141329741,0.06303610141329741,,R0,R1,0.0,
INLIER_BACKGROUND,GAL:5:21,GAL,Galatians,R1,INLIER,0.0701904732041542,Q3,"Enuyings, murthers, drunkennesse, reuellings, and such like: of the which I tell you before, as I haue also tolde you in time past, that they which do such things shall not inherite the kingdome of God.","Envyings, murders, drunkenness, revellings, and such like: of the which I tell you before, as I have also told you in time past, that they which do such things shall not inherit the kingdom of God.","enuyings, murthers, drunkennesse, reuellings, and such like: of the which i tell you before, as i haue also tolde you in time past, that they which do such things shall not inherite the kingdome of god.","envyings, murders, drunkenness, revellings, and such like: of the which i tell you before, as i have also told you in time past, that they which do such things shall not inherit the kingdom of god.",0.07019047320415428,0.07019047320415428,,R0,R1,0.0,
INLIER_BACKGROUND,GAL:2:4,GAL,Galatians,R1,INLIER,0.1384000780613838,Q4,"And that because of false brethren vnawares brought in, who came in priuily to spie out our libertie, which wee haue in Christ Iesus, that they might bring vs into bondage.","And that because of false brethren unawares brought in, who came in privily to spy out our liberty which we have in Christ Jesus, that they might bring us into bondage:","and that because of false brethren vnawares brought in, who came in priuily to spie out our libertie, which wee haue in christ iesus, that they might bring vs into bondage.","and that because of false brethren unawares brought in, who came in privily to spy out our liberty which we have in christ jesus, that they might bring us into bondage:",0.13840007806138388,0.13840007806138388,,R0,R1,0.0,
INLIER_BACKGROUND,GAL:4:2,GAL,Galatians,R1,INLIER,0.1401313406660974,Q4,But is vnder tutors and gouernours vntill the time appointed of the father.,But is under tutors and governors until the time appointed of the father.,but is vnder tutors and gouernours vntill the time appointed of the father.,but is under tutors and governors until the time appointed of the father.,0.14013134066609745,0.14013134066609745,,R0,R1,0.0,
INLIER_BACKGROUND,GEN:10:30,GEN,Genesis,R1,INLIER,0.0105607044578157,Q1,"And their dwelling was from Mesha, as thou goest vnto Sephar, a mount of the East.","And their dwelling was from Mesha, as thou goest unto Sephar a mount of the east.","and their dwelling was from mesha, as thou goest vnto sephar, a mount of the east.","and their dwelling was from mesha, as thou goest unto sephar a mount of the east.",0.010560704457815762,0.010560704457815762,,R0,R1,0.0,
INLIER_BACKGROUND,GEN:50:5,GEN,Genesis,R1,INLIER,0.0264346179920756,Q1,"My father made me sweare, saying, Loe, I die: in my graue which I haue digged for me, in the land of Canaan, there shalt thou bury me. Now therfore let me goe vp, I pray thee, and bury my father, and I will come againe.","My father made me swear, saying, Lo, I die: in my grave which I have digged for me in the land of Canaan, there shalt thou bury me. Now therefore let me go up, I pray thee, and bury my father, and I will come again.","my father made me sweare, saying, loe, i die: in my graue which i haue digged for me, in the land of canaan, there shalt thou bury me. now therfore let me goe vp, i pray thee, and bury my father, and i will come againe.","my father made me swear, saying, lo, i die: in my grave which i have digged for me in the land of canaan, there shalt thou bury me. now therefore let me go up, i pray thee, and bury my father, and i will come again.",0.026434617992075693,0.026434617992075693,,R0,R1,0.0,
INLIER_BACKGROUND,GEN:17:15,GEN,Genesis,R1,INLIER,0.0412814853729289,Q2,"¶ And God said vnto Abraham, As for Sarai thy wife, thou shalt not call her name Sarai, but Sarah shall her name be.","And God said unto Abraham, As for Sarai thy wife, thou shalt not call her name Sarai, but Sarah shall her name be.","¶ and god said vnto abraham, as for sarai thy wife, thou shalt not call her name sarai, but sarah shall her name be.","and god said unto abraham, as for sarai thy wife, thou shalt not call her name sarai, but sarah shall her name be.",0.04128148537292897,0.04128148537292897,,R0,R1,0.0,
INLIER_BACKGROUND,GEN:27:24,GEN,Genesis,R1,INLIER,0.0412644378864804,Q2,"And he said, Art thou my very sonne Esau? and he said, I am.","And he said, Art thou my very son Esau? And he said, I am.","and he said, art thou my very sonne esau? and he said, i am.","and he said, art thou my very son esau? and he said, i am.",0.04126443788648049,0.04126443788648049,,R0,R1,0.0,
INLIER_BACKGROUND,GEN:31:15,GEN,Genesis,R1,INLIER,0.0842468760213676,Q3,"Are we not counted of him strangers? for he hath sold vs, and hath quite deuoured also our money.","Are we not counted of him strangers? for he hath sold us, and hath quite devoured also our money.","are we not counted of him strangers? for he hath sold vs, and hath quite deuoured also our money.","are we not counted of him strangers? for he hath sold us, and hath quite devoured also our money.",0.0842468760213676,0.0842468760213676,,R0,R1,0.0,
INLIER_BACKGROUND,GEN:9:13,GEN,Genesis,R1,INLIER,0.0576834985701223,Q3,"I doe set my bow in the cloud, and it shall be for a token of a couenant, betweene me and the earth.","I do set my bow in the cloud, and it shall be for a token of a covenant between me and the earth.","i doe set my bow in the cloud, and it shall be for a token of a couenant, betweene me and the earth.","i do set my bow in the cloud, and it shall be for a token of a covenant between me and the earth.",0.05768349857012234,0.05768349857012234,,R0,R1,0.0,
INLIER_BACKGROUND,GEN:18:30,GEN,Genesis,R1,INLIER,0.1220326605071164,Q4,"And he said vnto him, Oh let not the Lord be angry, and I will speake: Peraduenture there shall thirtie bee found there. And he said, I will not doe it, if I find thirtie there.","And he said unto him, Oh let not the LORD be angry, and I will speak: Peradventure there shall thirty be found there. And he said, I will not do it, if I find thirty there.","and he said vnto him, oh let not the lord be angry, and i will speake: peraduenture there shall thirtie bee found there. and he said, i will not doe it, if i find thirtie there.","and he said unto him, oh let not the lord be angry, and i will speak: peradventure there shall thirty be found there. and he said, i will not do it, if i find thirty there.",0.12203266050711647,0.12203266050711647,,R0,R1,0.0,
INLIER_BACKGROUND,GEN:43:26,GEN,Genesis,R1,INLIER,0.1197917028884303,Q4,"¶ And when Ioseph came home, they brought him the Present which was in their hand, into the house, and bowed themselues to him to the earth.","And when Joseph came home, they brought him the present which was in their hand into the house, and bowed themselves to him to the earth.","¶ and when ioseph came home, they brought him the present which was in their hand, into the house, and bowed themselues to him to the earth.","and when joseph came home, they brought him the present which was in their hand into the house, and bowed themselves to him to the earth.",0.11979170288843033,0.11979170288843033,,R0,R1,0.0,
INLIER_BACKGROUND,HAB:3:15,HAB,Habakkuk,R1,INLIER,0.0166051702304801,Q1,"Thou didst walke through the Sea with thine horses, through the heape of great waters.","Thou didst walk through the sea with thine horses, through the heap of great waters.","thou didst walke through the sea with thine horses, through the heape of great waters.","thou didst walk through the sea with thine horses, through the heap of great waters.",0.016605170230480137,0.016605170230480137,,R0,R1,0.0,
INLIER_BACKGROUND,HAB:3:3,HAB,Habakkuk,R1,INLIER,0.0220495779616664,Q1,"God came from Teman, and the holy on from mount Paran Selah. His glory couered the heauens and the earth was full of his praise.","God came from Teman, and the Holy One from mount Paran. Selah. His glory covered the heavens, and the earth was full of his praise.","god came from teman, and the holy on from mount paran selah. his glory couered the heauens and the earth was full of his praise.","god came from teman, and the holy one from mount paran. selah. his glory covered the heavens, and the earth was full of his praise.",0.0220495779616664,0.0220495779616664,,R0,R1,0.0,
INLIER_BACKGROUND,HAB:1:1,HAB,Habakkuk,R1,INLIER,0.0448228933724251,Q2,The burden which Habakkuk &thorn; Prophet did see.,The burden which Habakkuk the prophet did see.,the burden which habakkuk &thorn; prophet did see.,the burden which habakkuk the prophet did see.,0.04482289337242518,0.04482289337242518,,R0,R1,0.0,
INLIER_BACKGROUND,HAB:1:10,HAB,Habakkuk,R1,INLIER,0.0374935456028686,Q2,"And they shal scoffe at the Kings, and the Princes shall bee a scorne vnto them: they shall deride euery strong holde, for they shall heape dust & take it.","And they shall scoff at the kings, and the princes shall be a scorn unto them: they shall deride every strong hold; for they shall heap dust, and take it.","and they shal scoffe at the kings, and the princes shall bee a scorne vnto them: they shall deride euery strong holde, for they shall heape dust & take it.","and they shall scoff at the kings, and the princes shall be a scorn unto them: they shall deride every strong hold; for they shall heap dust, and take it.",0.03749354560286866,0.03749354560286866,,R0,R1,0.0,
INLIER_BACKGROUND,HAB:1:7,HAB,Habakkuk,R1,INLIER,0.0865349741605514,Q3,They are terrible and dreadfull: their iudgement and their dignity shal proceed of themselues.,They are terrible and dreadful: their judgment and their dignity shall proceed of themselves.,they are terrible and dreadfull: their iudgement and their dignity shal proceed of themselues.,they are terrible and dreadful: their judgment and their dignity shall proceed of themselves.,0.08653497416055145,0.08653497416055145,,R0,R1,0.0,
INLIER_BACKGROUND,HAB:3:4,HAB,Habakkuk,R1,INLIER,0.0677143115475,Q3,"And his brightnesse was as the light: he had hornes comming out of his hand, and there was the hiding of his power:",And his brightness was as the light; he had horns coming out of his hand: and there was the hiding of his power.,"and his brightnesse was as the light: he had hornes comming out of his hand, and there was the hiding of his power:",and his brightness was as the light; he had horns coming out of his hand: and there was the hiding of his power.,0.06771431154750007,0.06771431154750007,,R0,R1,0.0,
INLIER_BACKGROUND,HAB:3:13,HAB,Habakkuk,R1,INLIER,0.1046570357826683,Q4,"Thou wentest forth for the saluation of thy people, euen for saluation with thine Anointed, thou woundedst the head out of the house of the wicked, by discouering the foundation vnto the necke. Selah.","Thou wentest forth for the salvation of thy people, even for salvation with thine anointed; thou woundedst the head out of the house of the wicked, by discovering the foundation unto the neck. Selah.","thou wentest forth for the saluation of thy people, euen for saluation with thine anointed, thou woundedst the head out of the house of the wicked, by discouering the foundation vnto the necke. selah.","thou wentest forth for the salvation of thy people, even for salvation with thine anointed; thou woundedst the head out of the house of the wicked, by discovering the foundation unto the neck. selah.",0.10465703578266838,0.10465703578266838,,R0,R1,0.0,
INLIER_BACKGROUND,HAB:3:18,HAB,Habakkuk,R1,INLIER,0.140746240509628,Q4,Yet I will reioyce in the Lord: I will ioy in the God of my saluation.,"Yet I will rejoice in the LORD, I will joy in the God of my salvation.",yet i will reioyce in the lord: i will ioy in the god of my saluation.,"yet i will rejoice in the lord, i will joy in the god of my salvation.",0.14074624050962803,0.14074624050962803,,R0,R1,0.0,
INLIER_BACKGROUND,HAG:1:3,HAG,Haggai,R1,INLIER,0.0025298334312904,Q1,"Then came the word of the Lord by Haggai the prophet, saying;","Then came the word of the LORD by Haggai the prophet, saying,","then came the word of the lord by haggai the prophet, saying;","then came the word of the lord by haggai the prophet, saying,",0.002529833431290429,0.002529833431290429,,R0,R1,0.0,
INLIER_BACKGROUND,HAG:2:3,HAG,Haggai,R1,INLIER,0.012371646115408,Q1,"Who is left among you that sawe this house in her first glory? and how do ye see it now? Is it not in your eyes in comparison of it, as nothing?",Who is left among you that saw this house in her first glory? and how do ye see it now? is it not in your eyes in comparison of it as nothing?,"who is left among you that sawe this house in her first glory? and how do ye see it now? is it not in your eyes in comparison of it, as nothing?",who is left among you that saw this house in her first glory? and how do ye see it now? is it not in your eyes in comparison of it as nothing?,0.012371646115408086,0.012371646115408086,,R0,R1,0.0,
INLIER_BACKGROUND,HAG:2:10,HAG,Haggai,R1,INLIER,0.0437924556816662,Q2,"¶ In the foure and twentieth day of the ninth moneth, in the second yeere of Darius, came &thorn; word of the Lord by Haggai the Prophet, saying,","In the four and twentieth day of the ninth month, in the second year of Darius, came the word of the LORD by Haggai the prophet, saying,","¶ in the foure and twentieth day of the ninth moneth, in the second yeere of darius, came &thorn; word of the lord by haggai the prophet, saying,","in the four and twentieth day of the ninth month, in the second year of darius, came the word of the lord by haggai the prophet, saying,",0.04379245568166623,0.04379245568166623,,R0,R1,0.0,
INLIER_BACKGROUND,HAG:2:15,HAG,Haggai,R1,INLIER,0.036985464894973,Q2,"And now I pray you consider from this day and vpward, from before a stone was laid vpon a stone in the Temple of the Lord.","And now, I pray you, consider from this day and upward, from before a stone was laid upon a stone in the temple of the LORD:","and now i pray you consider from this day and vpward, from before a stone was laid vpon a stone in the temple of the lord.","and now, i pray you, consider from this day and upward, from before a stone was laid upon a stone in the temple of the lord:",0.03698546489497301,0.03698546489497301,,R0,R1,0.0,
INLIER_BACKGROUND,HAG:1:10,HAG,Haggai,R1,INLIER,0.0733581676974588,Q3,"Therefore the heauen ouer you is stayed from dew, and the earth is staied from her fruite.","Therefore the heaven over you is stayed from dew, and the earth is stayed from her fruit.","therefore the heauen ouer you is stayed from dew, and the earth is staied from her fruite.","therefore the heaven over you is stayed from dew, and the earth is stayed from her fruit.",0.07335816769745884,0.07335816769745884,,R0,R1,0.0,
INLIER_BACKGROUND,HAG:1:5,HAG,Haggai,R1,INLIER,0.0837325301627442,Q3,Nowe therefore thus saith the Lord of hostes; Consider your wayes.,Now therefore thus saith the LORD of hosts; Consider your ways.,nowe therefore thus saith the lord of hostes; consider your wayes.,now therefore thus saith the lord of hosts; consider your ways.,0.08373253016274429,0.08373253016274429,,R0,R1,0.0,
INLIER_BACKGROUND,HAG:1:12,HAG,Haggai,R1,INLIER,0.106664245532682,Q4,"¶ Then Zerubbabel the sonne of Shealtiel, and Iosuah the sonne of Iosedech the high priest, with all the remnant of the people obeyed the voyce of the Lord their God, and the words of Haggai the Prophet (as the Lord their God had sent him) and the people did feare before the Lord.","Then Zerubbabel the son of Shealtiel, and Joshua the son of Josedech, the high priest, with all the remnant of the people, obeyed the voice of the LORD their God, and the words of Haggai the prophet, as the LORD their God had sent him, and the people did fear before the LORD.","¶ then zerubbabel the sonne of shealtiel, and iosuah the sonne of iosedech the high priest, with all the remnant of the people obeyed the voyce of the lord their god, and the words of haggai the prophet (as the lord their god had sent him) and the people did feare before the lord.","then zerubbabel the son of shealtiel, and joshua the son of josedech, the high priest, with all the remnant of the people, obeyed the voice of the lord their god, and the words of haggai the prophet, as the lord their god had sent him, and the people did fear before the lord.",0.10666424553268206,0.10666424553268206,,R0,R1,0.0,
INLIER_BACKGROUND,HAG:2:21,HAG,Haggai,R1,INLIER,0.1034806007319465,Q4,"Speake to Zerubbabel gouernor of Iudah, saying, I wil shake the heauens and the earth.","Speak to Zerubbabel, governor of Judah, saying, I will shake the heavens and the earth;","speake to zerubbabel gouernor of iudah, saying, i wil shake the heauens and the earth.","speak to zerubbabel, governor of judah, saying, i will shake the heavens and the earth;",0.10348060073194654,0.10348060073194654,,R0,R1,0.0,
INLIER_BACKGROUND,HEB:10:13,HEB,Hebrews,R1,INLIER,0.0089738693784715,Q1,From henceforth expecting till his enemies be made his footstoole.,From henceforth expecting till his enemies be made his footstool.,from henceforth expecting till his enemies be made his footstoole.,from henceforth expecting till his enemies be made his footstool.,0.008973869378471555,0.008973869378471555,,R0,R1,0.0,
INLIER_BACKGROUND,HEB:13:25,HEB,Hebrews,R1,INLIER,0.0,Q1,Grace be with you all. Amen.,Grace be with you all. Amen.,grace be with you all. amen.,grace be with you all. amen.,0.0,0.0,,R0,R1,0.0,
INLIER_BACKGROUND,HEB:10:2,HEB,Hebrews,R1,INLIER,0.0409842703745177,Q2,"For then would they not haue ceased to be offered, because that the worshippers once purged, should haue had no more conscience of sinnes?",For then would they not have ceased to be offered? because that the worshippers once purged should have had no more conscience of sins.,"for then would they not haue ceased to be offered, because that the worshippers once purged, should haue had no more conscience of sinnes?",for then would they not have ceased to be offered? because that the worshippers once purged should have had no more conscience of sins.,0.040984270374517795,0.040984270374517795,,R0,R1,0.0,
INLIER_BACKGROUND,HEB:8:11,HEB,Hebrews,R1,INLIER,0.0315601095626478,Q2,"And they shall not teach euery man his neighbour, and euery man his brother, saying, Know the Lord: For all shall know me, from the least to the greatest.","And they shall not teach every man his neighbour, and every man his brother, saying, Know the Lord: for all shall know me, from the least to the greatest.","and they shall not teach euery man his neighbour, and euery man his brother, saying, know the lord: for all shall know me, from the least to the greatest.","and they shall not teach every man his neighbour, and every man his brother, saying, know the lord: for all shall know me, from the least to the greatest.",0.031560109562647876,0.031560109562647876,,R0,R1,0.0,
INLIER_BACKGROUND,HEB:7:5,HEB,Hebrews,R1,INLIER,0.0619664130436937,Q3,"And verily they that are of the sonnes of Leui, who receiue the office of the Priesthood, haue a commandement to take Tithes of the people according to the Law, that is of their brethren, though they come out of the loines of Abraham:","And verily they that are of the sons of Levi, who receive the office of the priesthood, have a commandment to take tithes of the people according to the law, that is, of their brethren, though they come out of the loins of Abraham:","and verily they that are of the sonnes of leui, who receiue the office of the priesthood, haue a commandement to take tithes of the people according to the law, that is of their brethren, though they come out of the loines of abraham:","and verily they that are of the sons of levi, who receive the office of the priesthood, have a commandment to take tithes of the people according to the law, that is, of their brethren, though they come out of the loins of abraham:",0.06196641304369377,0.06196641304369377,,R0,R1,0.0,
INLIER_BACKGROUND,HEB:9:21,HEB,Hebrews,R1,INLIER,0.0564150392475921,Q3,"Moreouer, hee sprinkled with blood both the Tabernacle, and all the vessels of the Ministery.","Moreover he sprinkled with blood both the tabernacle, and all the vessels of the ministry.","moreouer, hee sprinkled with blood both the tabernacle, and all the vessels of the ministery.","moreover he sprinkled with blood both the tabernacle, and all the vessels of the ministry.",0.05641503924759217,0.05641503924759217,,R0,R1,0.0,
INLIER_BACKGROUND,HEB:11:24,HEB,Hebrews,R1,INLIER,0.1082174053432528,Q4,"By faith Moses when hee was come to yeeres, refused to bee called the sonne of Pharaohs daughter,","By faith Moses, when he was come to years, refused to be called the son of Pharaoh’s daughter;","by faith moses when hee was come to yeeres, refused to bee called the sonne of pharaohs daughter,","by faith moses, when he was come to years, refused to be called the son of pharaoh’s daughter;",0.10821740534325286,0.10821740534325286,,R0,R1,0.0,
INLIER_BACKGROUND,HEB:6:10,HEB,Hebrews,R1,INLIER,0.1158672832011113,Q4,"For God is not vnrighteous, to forget your worke and labour of loue, which yee haue shewed toward his Name, in that yee haue ministred to the Saints, and doe minister.","For God is not unrighteous to forget your work and labour of love, which ye have shewed toward his name, in that ye have ministered to the saints, and do minister.","for god is not vnrighteous, to forget your worke and labour of loue, which yee haue shewed toward his name, in that yee haue ministred to the saints, and doe minister.","for god is not unrighteous to forget your work and labour of love, which ye have shewed toward his name, in that ye have ministered to the saints, and do minister.",0.11586728320111139,0.11586728320111139,,R0,R1,0.0,
INLIER_BACKGROUND,HOS:1:2,HOS,Hosea,R1,INLIER,0.0221288700051899,Q1,"The beginning of the word of the Lord by Hosea: and the Lord sayd to Hosea, Goe, take vnto thee a wife of whoredomes, and children of whoredomes: for the land hath committed great whoredome, departing from the Lord.","The beginning of the word of the LORD by Hosea. And the LORD said to Hosea, Go, take unto thee a wife of whoredoms and children of whoredoms: for the land hath committed great whoredom, departing from the LORD.","the beginning of the word of the lord by hosea: and the lord sayd to hosea, goe, take vnto thee a wife of whoredomes, and children of whoredomes: for the land hath committed great whoredome, departing from the lord.","the beginning of the word of the lord by hosea. and the lord said to hosea, go, take unto thee a wife of whoredoms and children of whoredoms: for the land hath committed great whoredom, departing from the lord.",0.022128870005189927,0.022128870005189927,,R0,R1,0.0,
INLIER_BACKGROUND,HOS:9:17,HOS,Hosea,R1,INLIER,0.0206339235363691,Q1,"My God will cast them away, because they did not hearken vnto him: and they shalbe wanderers among the nations.","My God will cast them away, because they did not hearken unto him: and they shall be wanderers among the nations.","my god will cast them away, because they did not hearken vnto him: and they shalbe wanderers among the nations.","my god will cast them away, because they did not hearken unto him: and they shall be wanderers among the nations.",0.02063392353636917,0.02063392353636917,,R0,R1,0.0,
INLIER_BACKGROUND,HOS:11:12,HOS,Hosea,R1,INLIER,0.0353678522019114,Q2,"Ephraim compasseth mee about with lies, and the house of Israel with deceit: but Iudah yet ruleth with God, and is faithfull with the Saints.","Ephraim compasseth me about with lies, and the house of Israel with deceit: but Judah yet ruleth with God, and is faithful with the saints.","ephraim compasseth mee about with lies, and the house of israel with deceit: but iudah yet ruleth with god, and is faithfull with the saints.","ephraim compasseth me about with lies, and the house of israel with deceit: but judah yet ruleth with god, and is faithful with the saints.",0.03536785220191141,0.03536785220191141,,R0,R1,0.0,
INLIER_BACKGROUND,HOS:4:11,HOS,Hosea,R1,INLIER,0.0394545910718775,Q2,"Whoredome, and wine, and newe wine take away the heart.",Whoredom and wine and new wine take away the heart.,"whoredome, and wine, and newe wine take away the heart.",whoredom and wine and new wine take away the heart.,0.03945459107187754,0.03945459107187754,,R0,R1,0.0,
INLIER_BACKGROUND,HOS:10:12,HOS,Hosea,R1,INLIER,0.0648564646881758,Q3,"Sow to your selues in righteousnesse, reape in mercie: breake vp your fallow ground: for it is time to seeke the Lord, till he come and raine righteousnesse vpon you.","Sow to yourselves in righteousness, reap in mercy; break up your fallow ground: for it is time to seek the LORD, till he come and rain righteousness upon you.","sow to your selues in righteousnesse, reape in mercie: breake vp your fallow ground: for it is time to seeke the lord, till he come and raine righteousnesse vpon you.","sow to yourselves in righteousness, reap in mercy; break up your fallow ground: for it is time to seek the lord, till he come and rain righteousness upon you.",0.06485646468817585,0.06485646468817585,,R0,R1,0.0,
INLIER_BACKGROUND,HOS:11:1,HOS,Hosea,R1,INLIER,0.0649564430230469,Q3,"When Israel was a childe, then I loued him, and called my sonne out of Egypt.","When Israel was a child, then I loved him, and called my son out of Egypt.","when israel was a childe, then i loued him, and called my sonne out of egypt.","when israel was a child, then i loved him, and called my son out of egypt.",0.06495644302304693,0.06495644302304693,,R0,R1,0.0,
INLIER_BACKGROUND,HOS:14:5,HOS,Hosea,R1,INLIER,0.0951861745945079,Q4,"I wil be as the dew vnto Israel: hee shall grow as the lillie, and cast foorth his rootes as Lebanon.","I will be as the dew unto Israel: he shall grow as the lily, and cast forth his roots as Lebanon.","i wil be as the dew vnto israel: hee shall grow as the lillie, and cast foorth his rootes as lebanon.","i will be as the dew unto israel: he shall grow as the lily, and cast forth his roots as lebanon.",0.09518617459450796,0.09518617459450796,,R0,R1,0.0,
INLIER_BACKGROUND,HOS:4:16,HOS,Hosea,R1,INLIER,0.1148701188191388,Q4,"For Israel slideth backe, as a backe sliding heifer: now the Lord will feede them as a lambe in a large place.",For Israel slideth back as a backsliding heifer: now the LORD will feed them as a lamb in a large place.,"for israel slideth backe, as a backe sliding heifer: now the lord will feede them as a lambe in a large place.",for israel slideth back as a backsliding heifer: now the lord will feed them as a lamb in a large place.,0.11487011881913889,0.11487011881913889,,R0,R1,0.0,
INLIER_BACKGROUND,ISA:42:7,ISA,Isaiah,R1,INLIER,0.0084379468435094,Q1,"To open the blind eyes, to bring out the prisoners from the prison, and them that sit in darkenesse out of the prison house.","To open the blind eyes, to bring out the prisoners from the prison, and them that sit in darkness out of the prison house.","to open the blind eyes, to bring out the prisoners from the prison, and them that sit in darkenesse out of the prison house.","to open the blind eyes, to bring out the prisoners from the prison, and them that sit in darkness out of the prison house.",0.008437946843509403,0.008437946843509403,,R0,R1,0.0,
INLIER_BACKGROUND,ISA:65:3,ISA,Isaiah,R1,INLIER,0.0199419559114909,Q1,"A people that prouoketh mee to anger continually to my face, that sacrificeth in gardens, and burneth incense vpon altars of bricke:","A people that provoketh me to anger continually to my face; that sacrificeth in gardens, and burneth incense upon altars of brick;","a people that prouoketh mee to anger continually to my face, that sacrificeth in gardens, and burneth incense vpon altars of bricke:","a people that provoketh me to anger continually to my face; that sacrificeth in gardens, and burneth incense upon altars of brick;",0.01994195591149095,0.01994195591149095,,R0,R1,0.0,
INLIER_BACKGROUND,ISA:2:8,ISA,Isaiah,R1,INLIER,0.0317102004805655,Q2,"Their land also is full of idoles: they worship the worke of their owne hands, that which their owne fingers haue made.","Their land also is full of idols; they worship the work of their own hands, that which their own fingers have made:","their land also is full of idoles: they worship the worke of their owne hands, that which their owne fingers haue made.","their land also is full of idols; they worship the work of their own hands, that which their own fingers have made:",0.0317102004805655,0.0317102004805655,,R0,R1,0.0,
INLIER_BACKGROUND,ISA:51:23,ISA,Isaiah,R1,INLIER,0.0499314483687746,Q2,"But I will put it into the hand of them that afflict thee: which haue said to thy soule, Bow downe that wee may goe ouer: and thou hast laide thy body as the ground, and as the streete to them that went ouer.","But I will put it into the hand of them that afflict thee; which have said to thy soul, Bow down, that we may go over: and thou hast laid thy body as the ground, and as the street, to them that went over.","but i will put it into the hand of them that afflict thee: which haue said to thy soule, bow downe that wee may goe ouer: and thou hast laide thy body as the ground, and as the streete to them that went ouer.","but i will put it into the hand of them that afflict thee; which have said to thy soul, bow down, that we may go over: and thou hast laid thy body as the ground, and as the street, to them that went over.",0.04993144836877461,0.04993144836877461,,R0,R1,0.0,
INLIER_BACKGROUND,ISA:11:5,ISA,Isaiah,R1,INLIER,0.0671250939304785,Q3,"And righteousnesse shalbe the girdle of his loines, and faithfulnesse the girdle of his reines.","And righteousness shall be the girdle of his loins, and faithfulness the girdle of his reins.","and righteousnesse shalbe the girdle of his loines, and faithfulnesse the girdle of his reines.","and righteousness shall be the girdle of his loins, and faithfulness the girdle of his reins.",0.0671250939304785,0.0671250939304785,,R0,R1,0.0,
INLIER_BACKGROUND,ISA:66:24,ISA,Isaiah,R1,INLIER,0.0772794827352524,Q3,"And they shall goe foorth, and looke vpon the carkeises of the men that haue transgressed against me: for their worme shall not die, neither shall their fire be quenched, and they shall be an abhorring vnto all flesh.","And they shall go forth, and look upon the carcases of the men that have transgressed against me: for their worm shall not die, neither shall their fire be quenched; and they shall be an abhorring unto all flesh.","and they shall goe foorth, and looke vpon the carkeises of the men that haue transgressed against me: for their worme shall not die, neither shall their fire be quenched, and they shall be an abhorring vnto all flesh.","and they shall go forth, and look upon the carcases of the men that have transgressed against me: for their worm shall not die, neither shall their fire be quenched; and they shall be an abhorring unto all flesh.",0.07727948273525242,0.07727948273525242,,R0,R1,0.0,
INLIER_BACKGROUND,ISA:17:2,ISA,Isaiah,R1,INLIER,0.0907536202630034,Q4,"The cities of Aroer are forsaken: they shall bee for flockes, which shall lye downe, and none shall make them afraid.","The cities of Aroer are forsaken: they shall be for flocks, which shall lie down, and none shall make them afraid.","the cities of aroer are forsaken: they shall bee for flockes, which shall lye downe, and none shall make them afraid.","the cities of aroer are forsaken: they shall be for flocks, which shall lie down, and none shall make them afraid.",0.09075362026300349,0.09075362026300349,,R0,R1,0.0,
INLIER_BACKGROUND,ISA:34:14,ISA,Isaiah,R1,INLIER,0.1214980981221868,Q4,"The wilde beasts of the desert shall also meete with the wilde beasts of the Iland and the satyre shall cry to his felow, the shrichowle also shall rest there, & finde for her selfe a place of rest.","The wild beasts of the desert shall also meet with the wild beasts of the island, and the satyr shall cry to his fellow; the screech owl also shall rest there, and find for herself a place of rest.","the wilde beasts of the desert shall also meete with the wilde beasts of the iland and the satyre shall cry to his felow, the shrichowle also shall rest there, & finde for her selfe a place of rest.","the wild beasts of the desert shall also meet with the wild beasts of the island, and the satyr shall cry to his fellow; the screech owl also shall rest there, and find for herself a place of rest.",0.12149809812218682,0.12149809812218682,,R0,R1,0.0,
INLIER_BACKGROUND,JAS:3:11,JAS,James,R1,INLIER,0.0237129273527723,Q1,Doeth a fountaine send foorth at the same place sweet water and bitter?,Doth a fountain send forth at the same place sweet water and bitter?,doeth a fountaine send foorth at the same place sweet water and bitter?,doth a fountain send forth at the same place sweet water and bitter?,0.023712927352772306,0.023712927352772306,,R0,R1,0.0,
INLIER_BACKGROUND,JAS:5:2,JAS,James,R1,INLIER,0.0205936597321577,Q1,"Your riches are corrupted, and your garments motheaten:","Your riches are corrupted, and your garments are motheaten.","your riches are corrupted, and your garments motheaten:","your riches are corrupted, and your garments are motheaten.",0.020593659732157765,0.020593659732157765,,R0,R1,0.0,
INLIER_BACKGROUND,JAS:2:17,JAS,James,R1,INLIER,0.0489678957432266,Q2,"Euen so faith, if it hath not works, is dead being alone.","Even so faith, if it hath not works, is dead, being alone.","euen so faith, if it hath not works, is dead being alone.","even so faith, if it hath not works, is dead, being alone.",0.048967895743226686,0.048967895743226686,,R0,R1,0.0,
INLIER_BACKGROUND,JAS:2:9,JAS,James,R1,INLIER,0.0513083374124342,Q2,"But if ye haue respect to persons, ye commit sinne, and are conuinced of the Law, as transgressours.","But if ye have respect to persons, ye commit sin, and are convinced of the law as transgressors.","but if ye haue respect to persons, ye commit sinne, and are conuinced of the law, as transgressours.","but if ye have respect to persons, ye commit sin, and are convinced of the law as transgressors.",0.051308337412434235,0.051308337412434235,,R0,R1,0.0,
INLIER_BACKGROUND,JAS:3:12,JAS,James,R1,INLIER,0.0791679764307021,Q3,"Can &thorn; figtree, my brethren, beare oliue berries? either a vine, figs? so can no fountaine both yeeld salt water & fresh.","Can the fig tree, my brethren, bear olive berries? either a vine, figs? so can no fountain both yield salt water and fresh.","can &thorn; figtree, my brethren, beare oliue berries? either a vine, figs? so can no fountaine both yeeld salt water & fresh.","can the fig tree, my brethren, bear olive berries? either a vine, figs? so can no fountain both yield salt water and fresh.",0.07916797643070217,0.07916797643070217,,R0,R1,0.0,
INLIER_BACKGROUND,JAS:4:9,JAS,James,R1,INLIER,0.0814633795692995,Q3,"Bee afflicted, and mourne, and weepe: let your laughter be turned to mourning, and your ioy to heauinesse.","Be afflicted, and mourn, and weep: let your laughter be turned to mourning, and your joy to heaviness.","bee afflicted, and mourne, and weepe: let your laughter be turned to mourning, and your ioy to heauinesse.","be afflicted, and mourn, and weep: let your laughter be turned to mourning, and your joy to heaviness.",0.0814633795692995,0.0814633795692995,,R0,R1,0.0,
INLIER_BACKGROUND,JAS:2:19,JAS,James,R1,INLIER,0.1396450796274131,Q4,"Thou beleeuest that there is one God, thou doest well: the deuils also beleeue, and tremble.","Thou believest that there is one God; thou doest well: the devils also believe, and tremble.","thou beleeuest that there is one god, thou doest well: the deuils also beleeue, and tremble.","thou believest that there is one god; thou doest well: the devils also believe, and tremble.",0.13964507962741313,0.13964507962741313,,R0,R1,0.0,
INLIER_BACKGROUND,JAS:4:11,JAS,James,R1,INLIER,0.1394594881833974,Q4,"Speake not euill one of another (brethren:) he that speaketh euill of his brother, and iudgeth his brother, speaketh euill of the Law, and iudgeth the Law: but if thou iudge the Law, thou art not a doer of the Law, but a iudge.","Speak not evil one of another, brethren. He that speaketh evil of his brother, and judgeth his brother, speaketh evil of the law, and judgeth the law: but if thou judge the law, thou art not a doer of the law, but a judge.","speake not euill one of another (brethren:) he that speaketh euill of his brother, and iudgeth his brother, speaketh euill of the law, and iudgeth the law: but if thou iudge the law, thou art not a doer of the law, but a iudge.","speak not evil one of another, brethren. he that speaketh evil of his brother, and judgeth his brother, speaketh evil of the law, and judgeth the law: but if thou judge the law, thou art not a doer of the law, but a judge.",0.13945948818339748,0.13945948818339748,,R0,R1,0.0,
INLIER_BACKGROUND,JDG:20:5,JDG,Judges,R1,INLIER,0.0279379544795609,Q1,"And the men of Gibeah rose against me, and beset the house round about vpon me by night, and thought to haue slaine mee, and my concubine haue they forced that she is dead.","And the men of Gibeah rose against me, and beset the house round about upon me by night, and thought to have slain me: and my concubine have they forced, that she is dead.","and the men of gibeah rose against me, and beset the house round about vpon me by night, and thought to haue slaine mee, and my concubine haue they forced that she is dead.","and the men of gibeah rose against me, and beset the house round about upon me by night, and thought to have slain me: and my concubine have they forced, that she is dead.",0.027937954479560934,0.027937954479560934,,R0,R1,0.0,
INLIER_BACKGROUND,JDG:6:17,JDG,Judges,R1,INLIER,0.0177847033781792,Q1,"And he said vnto him, If now I haue found grace in thy sight, then shew me a signe, that thou talkest with me.","And he said unto him, If now I have found grace in thy sight, then shew me a sign that thou talkest with me.","and he said vnto him, if now i haue found grace in thy sight, then shew me a signe, that thou talkest with me.","and he said unto him, if now i have found grace in thy sight, then shew me a sign that thou talkest with me.",0.01778470337817928,0.01778470337817928,,R0,R1,0.0,
INLIER_BACKGROUND,JDG:1:26,JDG,Judges,R1,INLIER,0.0439423162678274,Q2,"And the man went into the lande of the Hittites, and built a citie, and called the name thereof Luz: which is the name thereof vnto this day.","And the man went into the land of the Hittites, and built a city, and called the name thereof Luz: which is the name thereof unto this day.","and the man went into the lande of the hittites, and built a citie, and called the name thereof luz: which is the name thereof vnto this day.","and the man went into the land of the hittites, and built a city, and called the name thereof luz: which is the name thereof unto this day.",0.04394231626782741,0.04394231626782741,,R0,R1,0.0,
INLIER_BACKGROUND,JDG:3:27,JDG,Judges,R1,INLIER,0.0376447880365082,Q2,"And it came to passe when hee was come, that hee blew a trumpet in the mountaine of Ephraim, and the children of Israel went downe with him from the mount, & he before them.","And it came to pass, when he was come, that he blew a trumpet in the mountain of Ephraim, and the children of Israel went down with him from the mount, and he before them.","and it came to passe when hee was come, that hee blew a trumpet in the mountaine of ephraim, and the children of israel went downe with him from the mount, & he before them.","and it came to pass, when he was come, that he blew a trumpet in the mountain of ephraim, and the children of israel went down with him from the mount, and he before them.",0.03764478803650828,0.03764478803650828,,R0,R1,0.0,
INLIER_BACKGROUND,JDG:14:19,JDG,Judges,R1,INLIER,0.0767077782844291,Q3,"¶ And the Spirit of the Lord came vpon him, and hee went downe to Ashkelon, and slewe thirtie men of them, and tooke their spoile, and gaue change of garments vnto them which expounded the riddle, and his anger was kindled; and hee went vp to his fathers house.","And the Spirit of the LORD came upon him, and he went down to Ashkelon, and slew thirty men of them, and took their spoil, and gave change of garments unto them which expounded the riddle. And his anger was kindled, and he went up to his father’s house.","¶ and the spirit of the lord came vpon him, and hee went downe to ashkelon, and slewe thirtie men of them, and tooke their spoile, and gaue change of garments vnto them which expounded the riddle, and his anger was kindled; and hee went vp to his fathers house.","and the spirit of the lord came upon him, and he went down to ashkelon, and slew thirty men of them, and took their spoil, and gave change of garments unto them which expounded the riddle. and his anger was kindled, and he went up to his father’s house.",0.0767077782844291,0.0767077782844291,,R0,R1,0.0,
INLIER_BACKGROUND,JDG:6:5,JDG,Judges,R1,INLIER,0.0676408696066271,Q3,"For they came vp with their cattell and their tents, and they came as Grashoppers for multitude, for both they and their camels were without number: and they entred into the land to destroy it.","For they came up with their cattle and their tents, and they came as grasshoppers for multitude; for both they and their camels were without number: and they entered into the land to destroy it.","for they came vp with their cattell and their tents, and they came as grashoppers for multitude, for both they and their camels were without number: and they entred into the land to destroy it.","for they came up with their cattle and their tents, and they came as grasshoppers for multitude; for both they and their camels were without number: and they entered into the land to destroy it.",0.06764086960662719,0.06764086960662719,,R0,R1,0.0,
INLIER_BACKGROUND,JDG:1:22,JDG,Judges,R1,INLIER,0.1259741515485603,Q4,"¶ And the house of Ioseph, they also went vp against Bethel: and the Lord was with them.","And the house of Joseph, they also went up against Bethel: and the LORD was with them.","¶ and the house of ioseph, they also went vp against bethel: and the lord was with them.","and the house of joseph, they also went up against bethel: and the lord was with them.",0.1259741515485603,0.1259741515485603,,R0,R1,0.0,
INLIER_BACKGROUND,JDG:1:25,JDG,Judges,R1,INLIER,0.0982820271424427,Q4,"And when hee shewed them the entrance into the citie, they smote the citie with the edge of the sword: but they let goe the man and all his familie.","And when he shewed them the entrance into the city, they smote the city with the edge of the sword; but they let go the man and all his family.","and when hee shewed them the entrance into the citie, they smote the citie with the edge of the sword: but they let goe the man and all his familie.","and when he shewed them the entrance into the city, they smote the city with the edge of the sword; but they let go the man and all his family.",0.09828202714244272,0.09828202714244272,,R0,R1,0.0,
INLIER_BACKGROUND,JER:16:20,JER,Jeremiah,R1,INLIER,0.0295524614144481,Q1,"Shall a man make Gods vnto himselfe, and they are no Gods?","Shall a man make gods unto himself, and they are no gods?","shall a man make gods vnto himselfe, and they are no gods?","shall a man make gods unto himself, and they are no gods?",0.029552461414448117,0.029552461414448117,,R0,R1,0.0,
INLIER_BACKGROUND,JER:43:13,JER,Jeremiah,R1,INLIER,0.0215448545377037,Q1,"He shall breake also the images of Beth-shemesh that is in the land of Egypt, and the houses of the gods of the Egyptians shall he burne with fire.","He shall break also the images of Bethshemesh, that is in the land of Egypt; and the houses of the gods of the Egyptians shall he burn with fire.","he shall breake also the images of beth-shemesh that is in the land of egypt, and the houses of the gods of the egyptians shall he burne with fire.","he shall break also the images of bethshemesh, that is in the land of egypt; and the houses of the gods of the egyptians shall he burn with fire.",0.021544854537703717,0.021544854537703717,,R0,R1,0.0,
INLIER_BACKGROUND,JER:23:1,JER,Jeremiah,R1,INLIER,0.0331755845480675,Q2,"Woe bee vnto the pastors that destroy and scatter the sheepe of my pasture, saith the Lord.",Woe be unto the pastors that destroy and scatter the sheep of my pasture! saith the LORD.,"woe bee vnto the pastors that destroy and scatter the sheepe of my pasture, saith the lord.",woe be unto the pastors that destroy and scatter the sheep of my pasture! saith the lord.,0.03317558454806757,0.03317558454806757,,R0,R1,0.0,
INLIER_BACKGROUND,JER:47:6,JER,Jeremiah,R1,INLIER,0.0335782364683758,Q2,"O thou sword of the Lord, how long will it be ere thou be quiet? put vp thy selfe into thy scabberd, rest and be still.","O thou sword of the LORD, how long will it be ere thou be quiet? put up thyself into thy scabbard, rest, and be still.","o thou sword of the lord, how long will it be ere thou be quiet? put vp thy selfe into thy scabberd, rest and be still.","o thou sword of the lord, how long will it be ere thou be quiet? put up thyself into thy scabbard, rest, and be still.",0.03357823646837588,0.03357823646837588,,R0,R1,0.0,
INLIER_BACKGROUND,JER:32:14,JER,Jeremiah,R1,INLIER,0.0781810037758967,Q3,"Thus saith the Lord of hosts the God of Israel; Take these euidences, this euidence of the purchase, both which is sealed, and this euidence which is open, and put them in an earthen vessell, that they may continue many daies.","Thus saith the LORD of hosts, the God of Israel; Take these evidences, this evidence of the purchase, both which is sealed, and this evidence which is open; and put them in an earthen vessel, that they may continue many days.","thus saith the lord of hosts the god of israel; take these euidences, this euidence of the purchase, both which is sealed, and this euidence which is open, and put them in an earthen vessell, that they may continue many daies.","thus saith the lord of hosts, the god of israel; take these evidences, this evidence of the purchase, both which is sealed, and this evidence which is open; and put them in an earthen vessel, that they may continue many days.",0.07818100377589676,0.07818100377589676,,R0,R1,0.0,
INLIER_BACKGROUND,JER:9:1,JER,Jeremiah,R1,INLIER,0.0667602198375646,Q3,"Oh that my head were waters, and mine eyes a fountaine of teares, that I might weepe day and night for the slaine of the daughter of my people.","Oh that my head were waters, and mine eyes a fountain of tears, that I might weep day and night for the slain of the daughter of my people!","oh that my head were waters, and mine eyes a fountaine of teares, that i might weepe day and night for the slaine of the daughter of my people.","oh that my head were waters, and mine eyes a fountain of tears, that i might weep day and night for the slain of the daughter of my people!",0.06676021983756464,0.06676021983756464,,R0,R1,0.0,
INLIER_BACKGROUND,JER:32:37,JER,Jeremiah,R1,INLIER,0.0909753586993844,Q4,"Behold, I wil gather them out of all countreys, whither I haue driuen them in mine anger, and in my furie, and in great wrath, and I will bring them againe vnto this place; and I will cause them to dwell safely.","Behold, I will gather them out of all countries, whither I have driven them in mine anger, and in my fury, and in great wrath; and I will bring them again unto this place, and I will cause them to dwell safely:","behold, i wil gather them out of all countreys, whither i haue driuen them in mine anger, and in my furie, and in great wrath, and i will bring them againe vnto this place; and i will cause them to dwell safely.","behold, i will gather them out of all countries, whither i have driven them in mine anger, and in my fury, and in great wrath; and i will bring them again unto this place, and i will cause them to dwell safely:",0.09097535869938445,0.09097535869938445,,R0,R1,0.0,
INLIER_BACKGROUND,JER:36:2,JER,Jeremiah,R1,INLIER,0.0969805372122442,Q4,"Take thee a roule of a booke, and write therein all the words that I haue spoken vnto thee against Israel, and against Iudah, & against all the nations, from the day I spake vnto thee, fr&#333; the dayes of Iosiah, euen vnto this day.","Take thee a roll of a book, and write therein all the words that I have spoken unto thee against Israel, and against Judah, and against all the nations, from the day I spake unto thee, from the days of Josiah, even unto this day.","take thee a roule of a booke, and write therein all the words that i haue spoken vnto thee against israel, and against iudah, & against all the nations, from the day i spake vnto thee, fr&#333; the dayes of iosiah, euen vnto this day.","take thee a roll of a book, and write therein all the words that i have spoken unto thee against israel, and against judah, and against all the nations, from the day i spake unto thee, from the days of josiah, even unto this day.",0.0969805372122442,0.0969805372122442,,R0,R1,0.0,
INLIER_BACKGROUND,JHN:7:41,JHN,John,R1,INLIER,0.0,Q1,"Others said, This is the Christ. But some said, Shall Christ come out of Galilee?","Others said, This is the Christ. But some said, Shall Christ come out of Galilee?","others said, this is the christ. but some said, shall christ come out of galilee?","others said, this is the christ. but some said, shall christ come out of galilee?",0.0,0.0,,R0,R1,0.0,
INLIER_BACKGROUND,JHN:8:5,JHN,John,R1,INLIER,0.028091311794567,Q1,"Now Moses in the Law commanded vs, that such should be stoned: but what sayest thou?","Now Moses in the law commanded us, that such should be stoned: but what sayest thou?","now moses in the law commanded vs, that such should be stoned: but what sayest thou?","now moses in the law commanded us, that such should be stoned: but what sayest thou?",0.02809131179456703,0.02809131179456703,,R0,R1,0.0,
INLIER_BACKGROUND,JHN:11:46,JHN,John,R1,INLIER,0.0536934128749219,Q2,"But some of them went their wayes to the Pharises, and tolde them what things Iesus had done.","But some of them went their ways to the Pharisees, and told them what things Jesus had done.","but some of them went their wayes to the pharises, and tolde them what things iesus had done.","but some of them went their ways to the pharisees, and told them what things jesus had done.",0.05369341287492191,0.05369341287492191,,R0,R1,0.0,
INLIER_BACKGROUND,JHN:13:9,JHN,John,R1,INLIER,0.0339256584573809,Q2,"Simon Peter saith vnto him, Lord, not my feete only, but also my hands, and my head.","Simon Peter saith unto him, Lord, not my feet only, but also my hands and my head.","simon peter saith vnto him, lord, not my feete only, but also my hands, and my head.","simon peter saith unto him, lord, not my feet only, but also my hands and my head.",0.033925658457380936,0.033925658457380936,,R0,R1,0.0,
INLIER_BACKGROUND,JHN:10:38,JHN,John,R1,INLIER,0.0738755894868924,Q3,"But if I doe, though yee beleeue not me, beleeue the works: that ye may know and beleeue that the Father is in me, and I in him.","But if I do, though ye believe not me, believe the works: that ye may know, and believe, that the Father is in me, and I in him.","but if i doe, though yee beleeue not me, beleeue the works: that ye may know and beleeue that the father is in me, and i in him.","but if i do, though ye believe not me, believe the works: that ye may know, and believe, that the father is in me, and i in him.",0.07387558948689243,0.07387558948689243,,R0,R1,0.0,
INLIER_BACKGROUND,JHN:8:26,JHN,John,R1,INLIER,0.0874583886502884,Q3,"I haue many things to say, and to iudge of you: But hee that sent mee is true, and I speake to the world, those things which I haue heard of him.",I have many things to say and to judge of you: but he that sent me is true; and I speak to the world those things which I have heard of him.,"i haue many things to say, and to iudge of you: but hee that sent mee is true, and i speake to the world, those things which i haue heard of him.",i have many things to say and to judge of you: but he that sent me is true; and i speak to the world those things which i have heard of him.,0.08745838865028843,0.08745838865028843,,R0,R1,0.0,
INLIER_BACKGROUND,JHN:13:23,JHN,John,R1,INLIER,0.1514846173770397,Q4,"Now there was leaning on Iesus bosome one of his disciples, whom Iesus loued.","Now there was leaning on Jesus’ bosom one of his disciples, whom Jesus loved.","now there was leaning on iesus bosome one of his disciples, whom iesus loued.","now there was leaning on jesus’ bosom one of his disciples, whom jesus loved.",0.15148461737703978,0.15148461737703978,,R0,R1,0.0,
INLIER_BACKGROUND,JHN:18:17,JHN,John,R1,INLIER,0.102522352655179,Q4,"Then saith the damosell that kept the doore vnto Peter, Art not thou also one of this mans disciples? He sayth, I am not.","Then saith the damsel that kept the door unto Peter, Art not thou also one of this man’s disciples? He saith, I am not.","then saith the damosell that kept the doore vnto peter, art not thou also one of this mans disciples? he sayth, i am not.","then saith the damsel that kept the door unto peter, art not thou also one of this man’s disciples? he saith, i am not.",0.10252235265517906,0.10252235265517906,,R0,R1,0.0,
INLIER_BACKGROUND,JOB:1:11,JOB,Job,R1,INLIER,0.0111445788349295,Q1,"But put foorth thine hand now, and touch all that he hath, and he will curse thee to thy face.","But put forth thine hand now, and touch all that he hath, and he will curse thee to thy face.","but put foorth thine hand now, and touch all that he hath, and he will curse thee to thy face.","but put forth thine hand now, and touch all that he hath, and he will curse thee to thy face.",0.011144578834929586,0.011144578834929586,,R0,R1,0.0,
INLIER_BACKGROUND,JOB:37:13,JOB,Job,R1,INLIER,2.220446049250313e-16,Q1,"He causeth it to come, whether for correction, or for his land, or for mercy.","He causeth it to come, whether for correction, or for his land, or for mercy.","he causeth it to come, whether for correction, or for his land, or for mercy.","he causeth it to come, whether for correction, or for his land, or for mercy.",2.220446049250313e-16,2.220446049250313e-16,,R0,R1,0.0,
INLIER_BACKGROUND,JOB:10:2,JOB,Job,R1,INLIER,0.0328306236955373,Q2,"I will say vnto God, Doe not condemne mee; shewe me wherefore thou contendest with me.","I will say unto God, Do not condemn me; shew me wherefore thou contendest with me.","i will say vnto god, doe not condemne mee; shewe me wherefore thou contendest with me.","i will say unto god, do not condemn me; shew me wherefore thou contendest with me.",0.03283062369553735,0.03283062369553735,,R0,R1,0.0,
INLIER_BACKGROUND,JOB:15:24,JOB,Job,R1,INLIER,0.0396111235571743,Q2,"Trouble and anguish shall make him afraid; they shall preuaile against him, as a king ready to the battell.","Trouble and anguish shall make him afraid; they shall prevail against him, as a king ready to the battle.","trouble and anguish shall make him afraid; they shall preuaile against him, as a king ready to the battell.","trouble and anguish shall make him afraid; they shall prevail against him, as a king ready to the battle.",0.03961112355717433,0.03961112355717433,,R0,R1,0.0,
INLIER_BACKGROUND,JOB:8:18,JOB,Job,R1,INLIER,0.059957892372036,Q3,"If he destroy him from his place, then it shal denie him, saying, I haue not seene thee.","If he destroy him from his place, then it shall deny him, saying, I have not seen thee.","if he destroy him from his place, then it shal denie him, saying, i haue not seene thee.","if he destroy him from his place, then it shall deny him, saying, i have not seen thee.",0.05995789237203608,0.05995789237203608,,R0,R1,0.0,
INLIER_BACKGROUND,JOB:9:27,JOB,Job,R1,INLIER,0.0603616217017666,Q3,"If I say, I will forget my complaint, I will leaue off my heauinesse, and comfort my selfe.","If I say, I will forget my complaint, I will leave off my heaviness, and comfort myself:","if i say, i will forget my complaint, i will leaue off my heauinesse, and comfort my selfe.","if i say, i will forget my complaint, i will leave off my heaviness, and comfort myself:",0.06036162170176662,0.06036162170176662,,R0,R1,0.0,
INLIER_BACKGROUND,JOB:23:12,JOB,Job,R1,INLIER,0.1135341977840137,Q4,"Neither haue I gone backe from the commaundement of his lippes, I haue esteemed the words of his mouth more then my necessary food.",Neither have I gone back from the commandment of his lips; I have esteemed the words of his mouth more than my necessary food.,"neither haue i gone backe from the commaundement of his lippes, i haue esteemed the words of his mouth more then my necessary food.",neither have i gone back from the commandment of his lips; i have esteemed the words of his mouth more than my necessary food.,0.11353419778401375,0.11353419778401375,,R0,R1,0.0,
INLIER_BACKGROUND,JOB:6:27,JOB,Job,R1,INLIER,0.111402319545325,Q4,"Yea, ye ouerwhelme the fatherlesse, and you digge a pit for your friend.","Yea, ye overwhelm the fatherless, and ye dig a pit for your friend.","yea, ye ouerwhelme the fatherlesse, and you digge a pit for your friend.","yea, ye overwhelm the fatherless, and ye dig a pit for your friend.",0.11140231954532509,0.11140231954532509,,R0,R1,0.0,
INLIER_BACKGROUND,JOE:3:14,JOE,Joel,R1,INLIER,0.0270974966198312,Q1,"Multitudes, multitudes in the valley of decision: for &thorn; day of the Lord is neere in the valley of decision.","Multitudes, multitudes in the valley of decision: for the day of the LORD is near in the valley of decision.","multitudes, multitudes in the valley of decision: for &thorn; day of the lord is neere in the valley of decision.","multitudes, multitudes in the valley of decision: for the day of the lord is near in the valley of decision.",0.027097496619831296,0.027097496619831296,,R0,R1,0.0,
INLIER_BACKGROUND,JOE:3:2,JOE,Joel,R1,INLIER,0.0254295473821282,Q1,"I wil also gather all nations, and will bring them downe into the valley of Iehoshaphat, and wil plead with them there for my people, and for my heritage Israel, whom they haue scattered among the nations, and parted my land.","I will also gather all nations, and will bring them down into the valley of Jehoshaphat, and will plead with them there for my people and for my heritage Israel, whom they have scattered among the nations, and parted my land.","i wil also gather all nations, and will bring them downe into the valley of iehoshaphat, and wil plead with them there for my people, and for my heritage israel, whom they haue scattered among the nations, and parted my land.","i will also gather all nations, and will bring them down into the valley of jehoshaphat, and will plead with them there for my people and for my heritage israel, whom they have scattered among the nations, and parted my land.",0.025429547382128215,0.025429547382128215,,R0,R1,0.0,
INLIER_BACKGROUND,JOE:1:13,JOE,Joel,R1,INLIER,0.0356766756969075,Q2,"Gird your selues, and lament, yee Priests: howle, ye ministers of the Altar: come, lie all night in sackecloth, ye ministers of my God: for the meat offering and the drinke offering is withholden from the house of your God.","Gird yourselves, and lament, ye priests: howl, ye ministers of the altar: come, lie all night in sackcloth, ye ministers of my God: for the meat offering and the drink offering is withholden from the house of your God.","gird your selues, and lament, yee priests: howle, ye ministers of the altar: come, lie all night in sackecloth, ye ministers of my god: for the meat offering and the drinke offering is withholden from the house of your god.","gird yourselves, and lament, ye priests: howl, ye ministers of the altar: come, lie all night in sackcloth, ye ministers of my god: for the meat offering and the drink offering is withholden from the house of your god.",0.03567667569690758,0.03567667569690758,,R0,R1,0.0,
INLIER_BACKGROUND,JOE:3:19,JOE,Joel,R1,INLIER,0.0446271922714858,Q2,"Egypt shall be a desolation, and Edom shall be a desolate wildernes, for the violence against the children of Iudah, because they haue shed innocent blood in their land.","Egypt shall be a desolation, and Edom shall be a desolate wilderness, for the violence against the children of Judah, because they have shed innocent blood in their land.","egypt shall be a desolation, and edom shall be a desolate wildernes, for the violence against the children of iudah, because they haue shed innocent blood in their land.","egypt shall be a desolation, and edom shall be a desolate wilderness, for the violence against the children of judah, because they have shed innocent blood in their land.",0.044627192271485816,0.044627192271485816,,R0,R1,0.0,
INLIER_BACKGROUND,JOE:2:7,JOE,Joel,R1,INLIER,0.0642771003332305,Q3,"They shall runne like mighty men, they shall clime the wall like men of warre, and they shall march euery one on his wayes, and they shall not breake their rankes.","They shall run like mighty men; they shall climb the wall like men of war; and they shall march every one on his ways, and they shall not break their ranks:","they shall runne like mighty men, they shall clime the wall like men of warre, and they shall march euery one on his wayes, and they shall not breake their rankes.","they shall run like mighty men; they shall climb the wall like men of war; and they shall march every one on his ways, and they shall not break their ranks:",0.06427710033323053,0.06427710033323053,,R0,R1,0.0,
INLIER_BACKGROUND,JOE:3:13,JOE,Joel,R1,INLIER,0.0665713115288214,Q3,"Put ye in the sickle, for the haruest is ripe, come, get you downe, for the presse is full, the fats ouerflowe, for the wickednesse is great.","Put ye in the sickle, for the harvest is ripe: come, get you down; for the press is full, the fats overflow; for their wickedness is great.","put ye in the sickle, for the haruest is ripe, come, get you downe, for the presse is full, the fats ouerflowe, for the wickednesse is great.","put ye in the sickle, for the harvest is ripe: come, get you down; for the press is full, the fats overflow; for their wickedness is great.",0.06657131152882145,0.06657131152882145,,R0,R1,0.0,
INLIER_BACKGROUND,JOE:1:1,JOE,Joel,R1,INLIER,0.1248582021850706,Q4,The word of the Lord that came to Ioel the sonne of Pethuel.,The word of the LORD that came to Joel the son of Pethuel.,the word of the lord that came to ioel the sonne of pethuel.,the word of the lord that came to joel the son of pethuel.,0.1248582021850706,0.1248582021850706,,R0,R1,0.0,
INLIER_BACKGROUND,JOE:3:12,JOE,Joel,R1,INLIER,0.0937976250418244,Q4,"Let the heathen be wakened, and come vp to the valley of Iehoshaphat: for there will I sit to iudge all the heathen round about.","Let the heathen be wakened, and come up to the valley of Jehoshaphat: for there will I sit to judge all the heathen round about.","let the heathen be wakened, and come vp to the valley of iehoshaphat: for there will i sit to iudge all the heathen round about.","let the heathen be wakened, and come up to the valley of jehoshaphat: for there will i sit to judge all the heathen round about.",0.09379762504182443,0.09379762504182443,,R0,R1,0.0,
INLIER_BACKGROUND,JON:1:14,JON,Jonah,R1,INLIER,0.0206495402549947,Q1,"Wherefore they cried vnto the Lord, and said, We beseech thee, O Lord, We beseech thee, let vs not perish for this mans life, and lay not vpon vs, innocent blood: for thou, O Lord, hast done as it pleased thee.","Wherefore they cried unto the LORD, and said, We beseech thee, O LORD, we beseech thee, let us not perish for this man’s life, and lay not upon us innocent blood: for thou, O LORD, hast done as it pleased thee.","wherefore they cried vnto the lord, and said, we beseech thee, o lord, we beseech thee, let vs not perish for this mans life, and lay not vpon vs, innocent blood: for thou, o lord, hast done as it pleased thee.","wherefore they cried unto the lord, and said, we beseech thee, o lord, we beseech thee, let us not perish for this man’s life, and lay not upon us innocent blood: for thou, o lord, hast done as it pleased thee.",0.02064954025499477,0.02064954025499477,,R0,R1,0.0,
INLIER_BACKGROUND,JON:4:4,JON,Jonah,R1,INLIER,0.0203860391198822,Q1,"¶ Then said the Lord, Doest thou well to be angry?","Then said the LORD, Doest thou well to be angry?","¶ then said the lord, doest thou well to be angry?","then said the lord, doest thou well to be angry?",0.020386039119882238,0.020386039119882238,,R0,R1,0.0,
INLIER_BACKGROUND,JON:1:4,JON,Jonah,R1,INLIER,0.0507301322685089,Q2,"¶ But the Lord sent out a great winde into the sea, and there was a mightie tempest in the sea, so that the ship was like to be broken.","But the LORD sent out a great wind into the sea, and there was a mighty tempest in the sea, so that the ship was like to be broken.","¶ but the lord sent out a great winde into the sea, and there was a mightie tempest in the sea, so that the ship was like to be broken.","but the lord sent out a great wind into the sea, and there was a mighty tempest in the sea, so that the ship was like to be broken.",0.050730132268508976,0.050730132268508976,,R0,R1,0.0,
INLIER_BACKGROUND,JON:1:9,JON,Jonah,R1,INLIER,0.0334837673590761,Q2,"And hee said vnto them, I am an Hebrew, and I feare the Lord the God of heauen, which hath made the sea, and the dry land.","And he said unto them, I am an Hebrew; and I fear the LORD, the God of heaven, which hath made the sea and the dry land.","and hee said vnto them, i am an hebrew, and i feare the lord the god of heauen, which hath made the sea, and the dry land.","and he said unto them, i am an hebrew; and i fear the lord, the god of heaven, which hath made the sea and the dry land.",0.0334837673590761,0.0334837673590761,,R0,R1,0.0,
INLIER_BACKGROUND,JON:1:5,JON,Jonah,R1,INLIER,0.0766637644781081,Q3,"Then the Mariners were afraid, and cried euery man vnto his god, and cast foorth the wares that were in the ship, into the sea, to lighten it of them: but Ionah was gone downe into the sides of the ship, and hee lay, and was fast asleepe.","Then the mariners were afraid, and cried every man unto his god, and cast forth the wares that were in the ship into the sea, to lighten it of them. But Jonah was gone down into the sides of the ship; and he lay, and was fast asleep.","then the mariners were afraid, and cried euery man vnto his god, and cast foorth the wares that were in the ship, into the sea, to lighten it of them: but ionah was gone downe into the sides of the ship, and hee lay, and was fast asleepe.","then the mariners were afraid, and cried every man unto his god, and cast forth the wares that were in the ship into the sea, to lighten it of them. but jonah was gone down into the sides of the ship; and he lay, and was fast asleep.",0.07666376447810819,0.07666376447810819,,R0,R1,0.0,
INLIER_BACKGROUND,JON:3:6,JON,Jonah,R1,INLIER,0.0744645640363383,Q3,"For word came vnto the King of Nineueh, and he arose from his throne, and he laid his robe from him and couered him with sackcloth, & sate in ashes.","For word came unto the king of Nineveh, and he arose from his throne, and he laid his robe from him, and covered him with sackcloth, and sat in ashes.","for word came vnto the king of nineueh, and he arose from his throne, and he laid his robe from him and couered him with sackcloth, & sate in ashes.","for word came unto the king of nineveh, and he arose from his throne, and he laid his robe from him, and covered him with sackcloth, and sat in ashes.",0.07446456403633839,0.07446456403633839,,R0,R1,0.0,
INLIER_BACKGROUND,JON:1:1,JON,Jonah,R1,INLIER,0.1332074914618204,Q4,"Now the word of the Lord came vnto Ionah the sonne of Amittai, saying,","Now the word of the LORD came unto Jonah the son of Amittai, saying,","now the word of the lord came vnto ionah the sonne of amittai, saying,","now the word of the lord came unto jonah the son of amittai, saying,",0.13320749146182043,0.13320749146182043,,R0,R1,0.0,
INLIER_BACKGROUND,JON:3:3,JON,Jonah,R1,INLIER,0.1887221869630483,Q4,"So Ionah arose and went vnto Nineueh, according to the word of the Lord: now Nineueh was an exceeding great citie of three dayes iourney.","So Jonah arose, and went unto Nineveh, according to the word of the LORD. Now Nineveh was an exceeding great city of three days’ journey.","so ionah arose and went vnto nineueh, according to the word of the lord: now nineueh was an exceeding great citie of three dayes iourney.","so jonah arose, and went unto nineveh, according to the word of the lord. now nineveh was an exceeding great city of three days’ journey.",0.18872218696304832,0.18872218696304832,,R0,R1,0.0,
INLIER_BACKGROUND,JOS:15:34,JOS,Joshua,R1,INLIER,2.220446049250313e-16,Q1,"And Zanoah, and Engannim, Tappuah, and Enam,","And Zanoah, and Engannim, Tappuah, and Enam,","and zanoah, and engannim, tappuah, and enam,","and zanoah, and engannim, tappuah, and enam,",2.220446049250313e-16,2.220446049250313e-16,,R0,R1,0.0,
INLIER_BACKGROUND,JOS:23:5,JOS,Joshua,R1,INLIER,0.0248769618337697,Q1,"And the Lord your God, hee shall expell them from before you, and driue them from out of your sight, & ye shall possesse their land, as the Lord your God hath promised vnto you.","And the LORD your God, he shall expel them from before you, and drive them from out of your sight; and ye shall possess their land, as the LORD your God hath promised unto you.","and the lord your god, hee shall expell them from before you, and driue them from out of your sight, & ye shall possesse their land, as the lord your god hath promised vnto you.","and the lord your god, he shall expel them from before you, and drive them from out of your sight; and ye shall possess their land, as the lord your god hath promised unto you.",0.02487696183376975,0.02487696183376975,,R0,R1,0.0,
INLIER_BACKGROUND,JOS:11:2,JOS,Joshua,R1,INLIER,0.0419253764919475,Q2,"And to the kings that were on the North of the mountaines, and of the plaines South of Cinneroth, and in the valley, and in the borders of Dor, on the West;","And to the kings that were on the north of the mountains, and of the plains south of Chinneroth, and in the valley, and in the borders of Dor on the west,","and to the kings that were on the north of the mountaines, and of the plaines south of cinneroth, and in the valley, and in the borders of dor, on the west;","and to the kings that were on the north of the mountains, and of the plains south of chinneroth, and in the valley, and in the borders of dor on the west,",0.0419253764919475,0.0419253764919475,,R0,R1,0.0,
INLIER_BACKGROUND,JOS:23:9,JOS,Joshua,R1,INLIER,0.0465745599474589,Q2,"For the Lord hath driuen out from before you, great nations, and strong: But as for you, no man hath beene able to stand before you vnto this day.","For the LORD hath driven out from before you great nations and strong: but as for you, no man hath been able to stand before you unto this day.","for the lord hath driuen out from before you, great nations, and strong: but as for you, no man hath beene able to stand before you vnto this day.","for the lord hath driven out from before you great nations and strong: but as for you, no man hath been able to stand before you unto this day.",0.04657455994745896,0.04657455994745896,,R0,R1,0.0,
INLIER_BACKGROUND,JOS:19:51,JOS,Joshua,R1,INLIER,0.0832101023200312,Q3,"These are the inheritances which Eleazar the Priest, and Ioshua the sonne of Nun, and the heads of the fathers of the tribes of the children of Israel, diuided for an inheritance by lot, in Shiloh before the Lord, at the doore of the Tabernacle of the Congregation: so they made an end of diuiding the countrey.","These are the inheritances, which Eleazar the priest, and Joshua the son of Nun, and the heads of the fathers of the tribes of the children of Israel, divided for an inheritance by lot in Shiloh before the LORD, at the door of the tabernacle of the congregation. So they made an end of dividing the country.","these are the inheritances which eleazar the priest, and ioshua the sonne of nun, and the heads of the fathers of the tribes of the children of israel, diuided for an inheritance by lot, in shiloh before the lord, at the doore of the tabernacle of the congregation: so they made an end of diuiding the countrey.","these are the inheritances, which eleazar the priest, and joshua the son of nun, and the heads of the fathers of the tribes of the children of israel, divided for an inheritance by lot in shiloh before the lord, at the door of the tabernacle of the congregation. so they made an end of dividing the country.",0.08321010232003123,0.08321010232003123,,R0,R1,0.0,
INLIER_BACKGROUND,JOS:5:2,JOS,Joshua,R1,INLIER,0.0899074209873209,Q3,"¶ At that time the Lord said vnto Ioshua, Make thee sharpe kniues, and circumcise againe the children of Israel the second time.","At that time the LORD said unto Joshua, Make thee sharp knives, and circumcise again the children of Israel the second time.","¶ at that time the lord said vnto ioshua, make thee sharpe kniues, and circumcise againe the children of israel the second time.","at that time the lord said unto joshua, make thee sharp knives, and circumcise again the children of israel the second time.",0.08990742098732096,0.08990742098732096,,R0,R1,0.0,
INLIER_BACKGROUND,JOS:11:19,JOS,Joshua,R1,INLIER,0.0949538080620594,Q4,"There was not a citie that made peace with the children of Israel, saue the Hiuites the inhabitants of Gibeon; all other they tooke in battell.","There was not a city that made peace with the children of Israel, save the Hivites the inhabitants of Gibeon: all other they took in battle.","there was not a citie that made peace with the children of israel, saue the hiuites the inhabitants of gibeon; all other they tooke in battell.","there was not a city that made peace with the children of israel, save the hivites the inhabitants of gibeon: all other they took in battle.",0.09495380806205944,0.09495380806205944,,R0,R1,0.0,
INLIER_BACKGROUND,JOS:6:17,JOS,Joshua,R1,INLIER,0.1589627864029422,Q4,"¶ And the citie shalbe accursed, euen it, and all that are therein, to the Lord: onely Rahab the harlot shal liue, she, and all that are with her in the house, because she hid the messengers that we sent.","And the city shall be accursed, even it, and all that are therein, to the LORD: only Rahab the harlot shall live, she and all that are with her in the house, because she hid the messengers that we sent.","¶ and the citie shalbe accursed, euen it, and all that are therein, to the lord: onely rahab the harlot shal liue, she, and all that are with her in the house, because she hid the messengers that we sent.","and the city shall be accursed, even it, and all that are therein, to the lord: only rahab the harlot shall live, she and all that are with her in the house, because she hid the messengers that we sent.",0.15896278640294226,0.15896278640294226,,R0,R1,0.0,
INLIER_BACKGROUND,JUD:1:8,JUD,Jude,R1,INLIER,0.0160306410292181,Q1,"Likewise also these filthy dreamers defile the flesh, despise dominion, and speake euill of dignities.","Likewise also these filthy dreamers defile the flesh, despise dominion, and speak evil of dignities.","likewise also these filthy dreamers defile the flesh, despise dominion, and speake euill of dignities.","likewise also these filthy dreamers defile the flesh, despise dominion, and speak evil of dignities.",0.01603064102921814,0.01603064102921814,,R0,R1,0.0,
INLIER_BACKGROUND,JUD:1:9,JUD,Jude,R1,INLIER,0.0129678673365627,Q1,"Yet Michael the Archangel, when contending with the deuill, he disputed about the body of Moses, durst not bring against him a railing accusation, but said, The Lord rebuke thee.","Yet Michael the archangel, when contending with the devil he disputed about the body of Moses, durst not bring against him a railing accusation, but said, The Lord rebuke thee.","yet michael the archangel, when contending with the deuill, he disputed about the body of moses, durst not bring against him a railing accusation, but said, the lord rebuke thee.","yet michael the archangel, when contending with the devil he disputed about the body of moses, durst not bring against him a railing accusation, but said, the lord rebuke thee.",0.012967867336562744,0.012967867336562744,,R0,R1,0.0,
INLIER_BACKGROUND,JUD:1:17,JUD,Jude,R1,INLIER,0.0540837249717977,Q2,"But beloued, remember yee the words, which were spoken before of the Apostles of our Lord Iesus Christ:","But, beloved, remember ye the words which were spoken before of the apostles of our Lord Jesus Christ;","but beloued, remember yee the words, which were spoken before of the apostles of our lord iesus christ:","but, beloved, remember ye the words which were spoken before of the apostles of our lord jesus christ;",0.0540837249717977,0.0540837249717977,,R0,R1,0.0,
INLIER_BACKGROUND,JUD:1:24,JUD,Jude,R1,INLIER,0.0487353931334919,Q2,"Now vnto him that is able to keepe you from falling, and to present you faultlesse before the presence of his glory with exceeding ioy,","Now unto him that is able to keep you from falling, and to present you faultless before the presence of his glory with exceeding joy,","now vnto him that is able to keepe you from falling, and to present you faultlesse before the presence of his glory with exceeding ioy,","now unto him that is able to keep you from falling, and to present you faultless before the presence of his glory with exceeding joy,",0.048735393133491955,0.048735393133491955,,R0,R1,0.0,
INLIER_BACKGROUND,JUD:1:12,JUD,Jude,R1,INLIER,0.0710686513808173,Q3,"These are spottes in your feasts of charitie, when they feast with you, feeding themselues without feare: cloudes they are without water, caried about of winds, trees whose fruit withereth, without fruit, twise dead, plucked vp by the rootes.","These are spots in your feasts of charity, when they feast with you, feeding themselves without fear: clouds they are without water, carried about of winds; trees whose fruit withereth, without fruit, twice dead, plucked up by the roots;","these are spottes in your feasts of charitie, when they feast with you, feeding themselues without feare: cloudes they are without water, caried about of winds, trees whose fruit withereth, without fruit, twise dead, plucked vp by the rootes.","these are spots in your feasts of charity, when they feast with you, feeding themselves without fear: clouds they are without water, carried about of winds; trees whose fruit withereth, without fruit, twice dead, plucked up by the roots;",0.0710686513808173,0.0710686513808173,,R0,R1,0.0,
INLIER_BACKGROUND,JUD:1:4,JUD,Jude,R1,INLIER,0.0758584083275076,Q3,"For there are certaine men crept in vnawares, who were before of olde ordained to this condemnation, vngodly men, turning the grace of our God into lasciuiousnesse, and denying the onely Lord God, & our Lord Iesus Christ.","For there are certain men crept in unawares, who were before of old ordained to this condemnation, ungodly men, turning the grace of our God into lasciviousness, and denying the only Lord God, and our Lord Jesus Christ.","for there are certaine men crept in vnawares, who were before of olde ordained to this condemnation, vngodly men, turning the grace of our god into lasciuiousnesse, and denying the onely lord god, & our lord iesus christ.","for there are certain men crept in unawares, who were before of old ordained to this condemnation, ungodly men, turning the grace of our god into lasciviousness, and denying the only lord god, and our lord jesus christ.",0.07585840832750768,0.07585840832750768,,R0,R1,0.0,
INLIER_BACKGROUND,JUD:1:11,JUD,Jude,R1,INLIER,0.108261865168686,Q4,"Wo vnto them, for they haue gone in the way of Kain, and ranne greedily after the errour of Balaam, for reward, and perished in the gainsaying of Core.","Woe unto them! for they have gone in the way of Cain, and ran greedily after the error of Balaam for reward, and perished in the gainsaying of Core.","wo vnto them, for they haue gone in the way of kain, and ranne greedily after the errour of balaam, for reward, and perished in the gainsaying of core.","woe unto them! for they have gone in the way of cain, and ran greedily after the error of balaam for reward, and perished in the gainsaying of core.",0.10826186516868608,0.10826186516868608,,R0,R1,0.0,
INLIER_BACKGROUND,LAM:3:34,LAM,Lamentations,R1,INLIER,0.0260342325500891,Q1,"To crush vnder his feete all the prisoners of the earth,","To crush under his feet all the prisoners of the earth,","to crush vnder his feete all the prisoners of the earth,","to crush under his feet all the prisoners of the earth,",0.026034232550089187,0.026034232550089187,,R0,R1,0.0,
INLIER_BACKGROUND,LAM:4:4,LAM,Lamentations,R1,INLIER,0.010954879401676,Q1,"The tongue of the sucking child cleaueth to the roofe of his mouth for thirst: the young children aske bread, and no man breaketh it vnto them.","The tongue of the sucking child cleaveth to the roof of his mouth for thirst: the young children ask bread, and no man breaketh it unto them.","the tongue of the sucking child cleaueth to the roofe of his mouth for thirst: the young children aske bread, and no man breaketh it vnto them.","the tongue of the sucking child cleaveth to the roof of his mouth for thirst: the young children ask bread, and no man breaketh it unto them.",0.010954879401676054,0.010954879401676054,,R0,R1,0.0,
INLIER_BACKGROUND,LAM:3:44,LAM,Lamentations,R1,INLIER,0.03563057380737,Q2,"Thou hast couered thy selfe with a cloud, that our prayer should not passe through.","Thou hast covered thyself with a cloud, that our prayer should not pass through.","thou hast couered thy selfe with a cloud, that our prayer should not passe through.","thou hast covered thyself with a cloud, that our prayer should not pass through.",0.03563057380737,0.03563057380737,,R0,R1,0.0,
INLIER_BACKGROUND,LAM:5:5,LAM,Lamentations,R1,INLIER,0.0417119225023553,Q2,Our neckes are vnder persecution: we labour and haue no rest.,"Our necks are under persecution: we labour, and have no rest.",our neckes are vnder persecution: we labour and haue no rest.,"our necks are under persecution: we labour, and have no rest.",0.041711922502355336,0.041711922502355336,,R0,R1,0.0,
INLIER_BACKGROUND,LAM:2:3,LAM,Lamentations,R1,INLIER,0.0685101262286859,Q3,"He hath cut off in his fierce anger all the horne of Israel: he hath drawen backe his right hand from before the enemy, and he burned against Iacob like a flaming fire which deuoureth round about.","He hath cut off in his fierce anger all the horn of Israel: he hath drawn back his right hand from before the enemy, and he burned against Jacob like a flaming fire, which devoureth round about.","he hath cut off in his fierce anger all the horne of israel: he hath drawen backe his right hand from before the enemy, and he burned against iacob like a flaming fire which deuoureth round about.","he hath cut off in his fierce anger all the horn of israel: he hath drawn back his right hand from before the enemy, and he burned against jacob like a flaming fire, which devoureth round about.",0.06851012622868591,0.06851012622868591,,R0,R1,0.0,
INLIER_BACKGROUND,LAM:3:65,LAM,Lamentations,R1,INLIER,0.0703129535159552,Q3,"Giue them sorrow of heart, thy curse vnto them.","Give them sorrow of heart, thy curse unto them.","giue them sorrow of heart, thy curse vnto them.","give them sorrow of heart, thy curse unto them.",0.07031295351595523,0.07031295351595523,,R0,R1,0.0,
INLIER_BACKGROUND,LAM:3:43,LAM,Lamentations,R1,INLIER,0.1615114210032899,Q4,"Thou hast couered with anger, and persecuted vs: thou hast slaine, thou hast not pitied.","Thou hast covered with anger, and persecuted us: thou hast slain, thou hast not pitied.","thou hast couered with anger, and persecuted vs: thou hast slaine, thou hast not pitied.","thou hast covered with anger, and persecuted us: thou hast slain, thou hast not pitied.",0.16151142100328997,0.16151142100328997,,R0,R1,0.0,
INLIER_BACKGROUND,LAM:5:11,LAM,Lamentations,R1,INLIER,0.1090297025497993,Q4,"They rauished the women in Zion, and the maides in the cities of Iudah.","They ravished the women in Zion, and the maids in the cities of Judah.","they rauished the women in zion, and the maides in the cities of iudah.","they ravished the women in zion, and the maids in the cities of judah.",0.10902970254979938,0.10902970254979938,,R0,R1,0.0,
INLIER_BACKGROUND,LEV:11:1,LEV,Leviticus,R1,INLIER,0.0261650876862197,Q1,"And the Lord spake vnto Moses, and to Aaron, saying vnto them,","And the LORD spake unto Moses and to Aaron, saying unto them,","and the lord spake vnto moses, and to aaron, saying vnto them,","and the lord spake unto moses and to aaron, saying unto them,",0.026165087686219723,0.026165087686219723,,R0,R1,0.0,
INLIER_BACKGROUND,LEV:25:43,LEV,Leviticus,R1,INLIER,0.0106964431260778,Q1,"Thou shalt not rule ouer him with rigour, but shalt feare thy God.",Thou shalt not rule over him with rigour; but shalt fear thy God.,"thou shalt not rule ouer him with rigour, but shalt feare thy god.",thou shalt not rule over him with rigour; but shalt fear thy god.,0.01069644312607787,0.01069644312607787,,R0,R1,0.0,
INLIER_BACKGROUND,LEV:10:6,LEV,Leviticus,R1,INLIER,0.0320715676400156,Q2,"And Moses said vnto Aaron, and vnto Eleazar and vnto Ithamar his sonnes, Uncouer not your heads, neither rend your clothes, lest you die, and lest wrath come vpon all the people: But let your brethren, the whole house of Israel, bewaile the burning which the Lord hath kindled.","And Moses said unto Aaron, and unto Eleazar and unto Ithamar, his sons, Uncover not your heads, neither rend your clothes; lest ye die, and lest wrath come upon all the people: but let your brethren, the whole house of Israel, bewail the burning which the LORD hath kindled.","and moses said vnto aaron, and vnto eleazar and vnto ithamar his sonnes, uncouer not your heads, neither rend your clothes, lest you die, and lest wrath come vpon all the people: but let your brethren, the whole house of israel, bewaile the burning which the lord hath kindled.","and moses said unto aaron, and unto eleazar and unto ithamar, his sons, uncover not your heads, neither rend your clothes; lest ye die, and lest wrath come upon all the people: but let your brethren, the whole house of israel, bewail the burning which the lord hath kindled.",0.03207156764001562,0.03207156764001562,,R0,R1,0.0,
INLIER_BACKGROUND,LEV:13:47,LEV,Leviticus,R1,INLIER,0.0511588402850856,Q2,"¶ The garment also, that the plague of leprosie is in, whether it bee a woollen garment, or a linnen garment,","The garment also that the plague of leprosy is in, whether it be a woollen garment, or a linen garment;","¶ the garment also, that the plague of leprosie is in, whether it bee a woollen garment, or a linnen garment,","the garment also that the plague of leprosy is in, whether it be a woollen garment, or a linen garment;",0.05115884028508566,0.05115884028508566,,R0,R1,0.0,
INLIER_BACKGROUND,LEV:13:19,LEV,Leviticus,R1,INLIER,0.0844747916113248,Q3,"And in the place of the bile there be a white rising, or a bright spot white, and somewhat reddish, and it be shewed to the Priest:","And in the place of the boil there be a white rising, or a bright spot, white, and somewhat reddish, and it be shewed to the priest;","and in the place of the bile there be a white rising, or a bright spot white, and somewhat reddish, and it be shewed to the priest:","and in the place of the boil there be a white rising, or a bright spot, white, and somewhat reddish, and it be shewed to the priest;",0.08447479161132487,0.08447479161132487,,R0,R1,0.0,
INLIER_BACKGROUND,LEV:26:34,LEV,Leviticus,R1,INLIER,0.0650886184836867,Q3,"Then shall the lande enioy her Sabbaths, as long as it lieth desolate, and yee be in your enemies land, euen then shall the land rest, and enioy her Sabbaths.","Then shall the land enjoy her sabbaths, as long as it lieth desolate, and ye be in your enemies’ land; even then shall the land rest, and enjoy her sabbaths.","then shall the lande enioy her sabbaths, as long as it lieth desolate, and yee be in your enemies land, euen then shall the land rest, and enioy her sabbaths.","then shall the land enjoy her sabbaths, as long as it lieth desolate, and ye be in your enemies’ land; even then shall the land rest, and enjoy her sabbaths.",0.06508861848368674,0.06508861848368674,,R0,R1,0.0,
INLIER_BACKGROUND,LEV:15:23,LEV,Leviticus,R1,INLIER,0.1092585983282096,Q4,"And if it be on her bed, or on any thing whereon she sitteth, when hee toucheth it, he shall be vncleane vntill the Euen.","And if it be on her bed, or on any thing whereon she sitteth, when he toucheth it, he shall be unclean until the even.","and if it be on her bed, or on any thing whereon she sitteth, when hee toucheth it, he shall be vncleane vntill the euen.","and if it be on her bed, or on any thing whereon she sitteth, when he toucheth it, he shall be unclean until the even.",0.10925859832820961,0.10925859832820961,,R0,R1,0.0,
INLIER_BACKGROUND,LEV:19:19,LEV,Leviticus,R1,INLIER,0.1038759979031582,Q4,¶ Yee shall keepe my Statutes: Thou shalt not let thy cattell gender with a diuerse kinde: Thou shalt not sowe thy field with mingled seed: Neither shall a garment mingled of linnen and woollen come vpon thee.,Ye shall keep my statutes. Thou shalt not let thy cattle gender with a diverse kind: thou shalt not sow thy field with mingled seed: neither shall a garment mingled of linen and woollen come upon thee.,¶ yee shall keepe my statutes: thou shalt not let thy cattell gender with a diuerse kinde: thou shalt not sowe thy field with mingled seed: neither shall a garment mingled of linnen and woollen come vpon thee.,ye shall keep my statutes. thou shalt not let thy cattle gender with a diverse kind: thou shalt not sow thy field with mingled seed: neither shall a garment mingled of linen and woollen come upon thee.,0.10387599790315827,0.10387599790315827,,R0,R1,0.0,
INLIER_BACKGROUND,LUK:13:16,LUK,Luke,R1,INLIER,0.0153234633799863,Q1,"And ought not this woman being a daughter of Abraham, whom Satan hath bound, loe these eighteene yeeres, be loosed from this bond on the Sabbath day?","And ought not this woman, being a daughter of Abraham, whom Satan hath bound, lo, these eighteen years, be loosed from this bond on the sabbath day?","and ought not this woman being a daughter of abraham, whom satan hath bound, loe these eighteene yeeres, be loosed from this bond on the sabbath day?","and ought not this woman, being a daughter of abraham, whom satan hath bound, lo, these eighteen years, be loosed from this bond on the sabbath day?",0.015323463379986357,0.015323463379986357,,R0,R1,0.0,
INLIER_BACKGROUND,LUK:20:15,LUK,Luke,R1,INLIER,0.0126318164299417,Q1,"So they cast him out of the vineyard, and killed him. What therefore shall the lord of the vineyard doe vnto them?","So they cast him out of the vineyard, and killed him. What therefore shall the lord of the vineyard do unto them?","so they cast him out of the vineyard, and killed him. what therefore shall the lord of the vineyard doe vnto them?","so they cast him out of the vineyard, and killed him. what therefore shall the lord of the vineyard do unto them?",0.012631816429941711,0.012631816429941711,,R0,R1,0.0,
INLIER_BACKGROUND,LUK:22:60,LUK,Luke,R1,INLIER,0.0325637819469641,Q2,"And Peter said, Man, I know not what thou sayest. And immediately while he yet spake, the cocke crew.","And Peter said, Man, I know not what thou sayest. And immediately, while he yet spake, the cock crew.","and peter said, man, i know not what thou sayest. and immediately while he yet spake, the cocke crew.","and peter said, man, i know not what thou sayest. and immediately, while he yet spake, the cock crew.",0.03256378194696419,0.03256378194696419,,R0,R1,0.0,
INLIER_BACKGROUND,LUK:24:20,LUK,Luke,R1,INLIER,0.0480936063604566,Q2,"And how the chiefe Priests and our rulers deliuered him to be condemned to death, and haue crucified him.","And how the chief priests and our rulers delivered him to be condemned to death, and have crucified him.","and how the chiefe priests and our rulers deliuered him to be condemned to death, and haue crucified him.","and how the chief priests and our rulers delivered him to be condemned to death, and have crucified him.",0.048093606360456675,0.048093606360456675,,R0,R1,0.0,
INLIER_BACKGROUND,LUK:10:41,LUK,Luke,R1,INLIER,0.0757136355283292,Q3,"And Iesus answered, and saide vnto her, Martha, Martha, thou art carefull, and troubled about many things:","And Jesus answered and said unto her, Martha, Martha, thou art careful and troubled about many things:","and iesus answered, and saide vnto her, martha, martha, thou art carefull, and troubled about many things:","and jesus answered and said unto her, martha, martha, thou art careful and troubled about many things:",0.07571363552832922,0.07571363552832922,,R0,R1,0.0,
INLIER_BACKGROUND,LUK:23:51,LUK,Luke,R1,INLIER,0.0561207405285625,Q3,"(The same had not consented to the counsell and deede of them) he was of Arimathea, a city of the Iewes (who also himselfe waited for the kingdome of God.)","(The same had not consented to the counsel and deed of them;) he was of Arimathaea, a city of the Jews: who also himself waited for the kingdom of God.","(the same had not consented to the counsell and deede of them) he was of arimathea, a city of the iewes (who also himselfe waited for the kingdome of god.)","(the same had not consented to the counsel and deed of them;) he was of arimathaea, a city of the jews: who also himself waited for the kingdom of god.",0.05612074052856253,0.05612074052856253,,R0,R1,0.0,
INLIER_BACKGROUND,LUK:21:10,LUK,Luke,R1,INLIER,0.0979539417172362,Q4,"Then said he vnto them, Nation shall rise against nation, and kingdome against kingdome:","Then said he unto them, Nation shall rise against nation, and kingdom against kingdom:","then said he vnto them, nation shall rise against nation, and kingdome against kingdome:","then said he unto them, nation shall rise against nation, and kingdom against kingdom:",0.09795394171723626,0.09795394171723626,,R0,R1,0.0,
INLIER_BACKGROUND,LUK:24:19,LUK,Luke,R1,INLIER,0.1128461534810277,Q4,"And hee saide vnto them, What things? And they said vnto him, Concerning Iesus of Nazareth, which was a Prophet, mighty in deede and word before God, and all the people.","And he said unto them, What things? And they said unto him, Concerning Jesus of Nazareth, which was a prophet mighty in deed and word before God and all the people:","and hee saide vnto them, what things? and they said vnto him, concerning iesus of nazareth, which was a prophet, mighty in deede and word before god, and all the people.","and he said unto them, what things? and they said unto him, concerning jesus of nazareth, which was a prophet mighty in deed and word before god and all the people:",0.11284615348102778,0.11284615348102778,,R0,R1,0.0,
INLIER_BACKGROUND,MAL:1:3,MAL,Malachi,R1,INLIER,0.0159172722242407,Q1,"And I hated Esau, and layde his mountaines, and his heritage waste, for the dragons of the wildernesse.","And I hated Esau, and laid his mountains and his heritage waste for the dragons of the wilderness.","and i hated esau, and layde his mountaines, and his heritage waste, for the dragons of the wildernesse.","and i hated esau, and laid his mountains and his heritage waste for the dragons of the wilderness.",0.015917272224240775,0.015917272224240775,,R0,R1,0.0,
INLIER_BACKGROUND,MAL:3:9,MAL,Malachi,R1,INLIER,0.0167833779549928,Q1,"Ye are cursed with a curse: for ye haue robbed me, euen this whole nation.","Ye are cursed with a curse: for ye have robbed me, even this whole nation.","ye are cursed with a curse: for ye haue robbed me, euen this whole nation.","ye are cursed with a curse: for ye have robbed me, even this whole nation.",0.01678337795499285,0.01678337795499285,,R0,R1,0.0,
INLIER_BACKGROUND,MAL:3:13,MAL,Malachi,R1,INLIER,0.0556474239396288,Q2,"¶ Your words haue bin stout against me, saith the Lord, yet ye say, What haue we spoken so much against thee?","Your words have been stout against me, saith the LORD. Yet ye say, What have we spoken so much against thee?","¶ your words haue bin stout against me, saith the lord, yet ye say, what haue we spoken so much against thee?","your words have been stout against me, saith the lord. yet ye say, what have we spoken so much against thee?",0.05564742393962885,0.05564742393962885,,R0,R1,0.0,
INLIER_BACKGROUND,MAL:3:18,MAL,Malachi,R1,INLIER,0.0385141586691784,Q2,"Then shall yee returne and discerne betweene the righteous and the wicked, betweene him that serueth God, and him that serueth him not.","Then shall ye return, and discern between the righteous and the wicked, between him that serveth God and him that serveth him not.","then shall yee returne and discerne betweene the righteous and the wicked, betweene him that serueth god, and him that serueth him not.","then shall ye return, and discern between the righteous and the wicked, between him that serveth god and him that serveth him not.",0.0385141586691784,0.0385141586691784,,R0,R1,0.0,
INLIER_BACKGROUND,MAL:3:15,MAL,Malachi,R1,INLIER,0.0845439918465108,Q3,"And now we call the proud happy: yea, they that worke wickednes are set vp, yea they that tempt God, are euen deliuered.","And now we call the proud happy; yea, they that work wickedness are set up; yea, they that tempt God are even delivered.","and now we call the proud happy: yea, they that worke wickednes are set vp, yea they that tempt god, are euen deliuered.","and now we call the proud happy; yea, they that work wickedness are set up; yea, they that tempt god are even delivered.",0.08454399184651085,0.08454399184651085,,R0,R1,0.0,
INLIER_BACKGROUND,MAL:3:6,MAL,Malachi,R1,INLIER,0.0823866362016001,Q3,"For I am the Lord, I change not: therefore ye sonnes of Iacob are not consumed.","For I am the LORD, I change not; therefore ye sons of Jacob are not consumed.","for i am the lord, i change not: therefore ye sonnes of iacob are not consumed.","for i am the lord, i change not; therefore ye sons of jacob are not consumed.",0.08238663620160014,0.08238663620160014,,R0,R1,0.0,
INLIER_BACKGROUND,MAL:3:3,MAL,Malachi,R1,INLIER,0.1144387541524768,Q4,"And he shall sit as a refiner and purifier of siluer: and he shall purifie the sonnes of Leui, and purge them as gold & siluer, that they may offer vnto the Lord an offring in righteousnes.","And he shall sit as a refiner and purifier of silver: and he shall purify the sons of Levi, and purge them as gold and silver, that they may offer unto the LORD an offering in righteousness.","and he shall sit as a refiner and purifier of siluer: and he shall purifie the sonnes of leui, and purge them as gold & siluer, that they may offer vnto the lord an offring in righteousnes.","and he shall sit as a refiner and purifier of silver: and he shall purify the sons of levi, and purge them as gold and silver, that they may offer unto the lord an offering in righteousness.",0.11443875415247684,0.11443875415247684,,R0,R1,0.0,
INLIER_BACKGROUND,MAL:3:7,MAL,Malachi,R1,INLIER,0.1072801372093731,Q4,"¶ Euen from the dayes of your fathers yee are gone away from mine ordinances, and haue not kept them: returne vnto me, and I will returne vnto you, saith the Lord of hosts: But ye said, Wherein shall we returne?","Even from the days of your fathers ye are gone away from mine ordinances, and have not kept them. Return unto me, and I will return unto you, saith the LORD of hosts. But ye said, Wherein shall we return?","¶ euen from the dayes of your fathers yee are gone away from mine ordinances, and haue not kept them: returne vnto me, and i will returne vnto you, saith the lord of hosts: but ye said, wherein shall we returne?","even from the days of your fathers ye are gone away from mine ordinances, and have not kept them. return unto me, and i will return unto you, saith the lord of hosts. but ye said, wherein shall we return?",0.10728013720937313,0.10728013720937313,,R0,R1,0.0,
INLIER_BACKGROUND,MAT:10:31,MAT,Matthew,R1,INLIER,0.0293949347086789,Q1,"Feare yee not therefore, ye are of more value then many Sparrowes.","Fear ye not therefore, ye are of more value than many sparrows.","feare yee not therefore, ye are of more value then many sparrowes.","fear ye not therefore, ye are of more value than many sparrows.",0.029394934708678933,0.029394934708678933,,R0,R1,0.0,
INLIER_BACKGROUND,MAT:12:6,MAT,Matthew,R1,INLIER,0.0251116308713615,Q1,"But I saye vnto you, that in this place is one greater then the Temple.","But I say unto you, That in this place is one greater than the temple.","but i saye vnto you, that in this place is one greater then the temple.","but i say unto you, that in this place is one greater than the temple.",0.02511163087136159,0.02511163087136159,,R0,R1,0.0,
INLIER_BACKGROUND,MAT:11:21,MAT,Matthew,R1,INLIER,0.0376178310791538,Q2,"Woe vnto thee Chorazin, woe vnto thee Bethsaida: for if the mightie workes which were done in you, had bene done in Tyre and Sidon, they would haue repented long agoe in sackcloth and ashes.","Woe unto thee, Chorazin! woe unto thee, Bethsaida! for if the mighty works, which were done in you, had been done in Tyre and Sidon, they would have repented long ago in sackcloth and ashes.","woe vnto thee chorazin, woe vnto thee bethsaida: for if the mightie workes which were done in you, had bene done in tyre and sidon, they would haue repented long agoe in sackcloth and ashes.","woe unto thee, chorazin! woe unto thee, bethsaida! for if the mighty works, which were done in you, had been done in tyre and sidon, they would have repented long ago in sackcloth and ashes.",0.03761783107915384,0.03761783107915384,,R0,R1,0.0,
INLIER_BACKGROUND,MAT:12:11,MAT,Matthew,R1,INLIER,0.0478423327657806,Q2,"And hee said vnto them, What man shal there be among you, that shall haue one sheepe: and if it fall into a pit on the Sabbath day, will hee not lay hold on it, and lift it out?","And he said unto them, What man shall there be among you, that shall have one sheep, and if it fall into a pit on the sabbath day, will he not lay hold on it, and lift it out?","and hee said vnto them, what man shal there be among you, that shall haue one sheepe: and if it fall into a pit on the sabbath day, will hee not lay hold on it, and lift it out?","and he said unto them, what man shall there be among you, that shall have one sheep, and if it fall into a pit on the sabbath day, will he not lay hold on it, and lift it out?",0.04784233276578065,0.04784233276578065,,R0,R1,0.0,
INLIER_BACKGROUND,MAT:20:12,MAT,Matthew,R1,INLIER,0.076783509854595,Q3,"Saying, These last haue wrought but one houre, and thou hast made them equall vnto vs, which haue borne the burden, and heat of the day.","Saying, These last have wrought but one hour, and thou hast made them equal unto us, which have borne the burden and heat of the day.","saying, these last haue wrought but one houre, and thou hast made them equall vnto vs, which haue borne the burden, and heat of the day.","saying, these last have wrought but one hour, and thou hast made them equal unto us, which have borne the burden and heat of the day.",0.07678350985459503,0.07678350985459503,,R0,R1,0.0,
INLIER_BACKGROUND,MAT:8:11,MAT,Matthew,R1,INLIER,0.068831579422782,Q3,"And I say vnto you, that many shall come from the East and West, and shal sit downe with Abraham, and Isaac, & Iacob, in the kingdome of heauen:","And I say unto you, That many shall come from the east and west, and shall sit down with Abraham, and Isaac, and Jacob, in the kingdom of heaven.","and i say vnto you, that many shall come from the east and west, and shal sit downe with abraham, and isaac, & iacob, in the kingdome of heauen:","and i say unto you, that many shall come from the east and west, and shall sit down with abraham, and isaac, and jacob, in the kingdom of heaven.",0.06883157942278206,0.06883157942278206,,R0,R1,0.0,
INLIER_BACKGROUND,MAT:1:11,MAT,Matthew,R1,INLIER,0.1442124041950867,Q4,"And Iosias begate Iechonias and his brethren, about the time they were caried away to Babylon.","And Josias begat Jechonias and his brethren, about the time they were carried away to Babylon:","and iosias begate iechonias and his brethren, about the time they were caried away to babylon.","and josias begat jechonias and his brethren, about the time they were carried away to babylon:",0.14421240419508674,0.14421240419508674,,R0,R1,0.0,
INLIER_BACKGROUND,MAT:5:43,MAT,Matthew,R1,INLIER,0.167209126985567,Q4,"¶ Yee haue heard, that it hath beene said, Thou shalt loue thy neighbour, and hate thine enemie:","Ye have heard that it hath been said, Thou shalt love thy neighbour, and hate thine enemy.","¶ yee haue heard, that it hath beene said, thou shalt loue thy neighbour, and hate thine enemie:","ye have heard that it hath been said, thou shalt love thy neighbour, and hate thine enemy.",0.167209126985567,0.167209126985567,,R0,R1,0.0,
INLIER_BACKGROUND,MIC:1:2,MIC,Micah,R1,INLIER,0.0191525902905339,Q1,"Heare all ye people, hearken O earth, and all that therein is, and let the Lord God be witnesse against you, the Lord from his holy temple.","Hear, all ye people; hearken, O earth, and all that therein is: and let the Lord GOD be witness against you, the LORD from his holy temple.","heare all ye people, hearken o earth, and all that therein is, and let the lord god be witnesse against you, the lord from his holy temple.","hear, all ye people; hearken, o earth, and all that therein is: and let the lord god be witness against you, the lord from his holy temple.",0.019152590290533955,0.019152590290533955,,R0,R1,0.0,
INLIER_BACKGROUND,MIC:7:17,MIC,Micah,R1,INLIER,0.0108554969868779,Q1,"They shall licke the dust like a serpent, they shall moue out of their holes like wormes of the earth: they shall be afraid of the Lord our God, and shall feare because of thee.","They shall lick the dust like a serpent, they shall move out of their holes like worms of the earth: they shall be afraid of the LORD our God, and shall fear because of thee.","they shall licke the dust like a serpent, they shall moue out of their holes like wormes of the earth: they shall be afraid of the lord our god, and shall feare because of thee.","they shall lick the dust like a serpent, they shall move out of their holes like worms of the earth: they shall be afraid of the lord our god, and shall fear because of thee.",0.010855496986877933,0.010855496986877933,,R0,R1,0.0,
INLIER_BACKGROUND,MIC:3:12,MIC,Micah,R1,INLIER,0.0404617336758975,Q2,"Therefore shall Zion for your sake be plowed as a field, and Ierusalem shal become heapes, and the mountaine of the house, as the high places of the forrest.","Therefore shall Zion for your sake be plowed as a field, and Jerusalem shall become heaps, and the mountain of the house as the high places of the forest.","therefore shall zion for your sake be plowed as a field, and ierusalem shal become heapes, and the mountaine of the house, as the high places of the forrest.","therefore shall zion for your sake be plowed as a field, and jerusalem shall become heaps, and the mountain of the house as the high places of the forest.",0.04046173367589756,0.04046173367589756,,R0,R1,0.0,
INLIER_BACKGROUND,MIC:4:11,MIC,Micah,R1,INLIER,0.0423188256684669,Q2,"¶ Now also many nations are gathered against thee, that say, Let her be defiled, & let our eye look vpon Zion.","Now also many nations are gathered against thee, that say, Let her be defiled, and let our eye look upon Zion.","¶ now also many nations are gathered against thee, that say, let her be defiled, & let our eye look vpon zion.","now also many nations are gathered against thee, that say, let her be defiled, and let our eye look upon zion.",0.0423188256684669,0.0423188256684669,,R0,R1,0.0,
INLIER_BACKGROUND,MIC:4:12,MIC,Micah,R1,INLIER,0.060458897179771,Q3,"But they know not the thoughts of the Lord, neither vnderstand they his counsell: for hee shall gather them as the sheaues into the floore.","But they know not the thoughts of the LORD, neither understand they his counsel: for he shall gather them as the sheaves into the floor.","but they know not the thoughts of the lord, neither vnderstand they his counsell: for hee shall gather them as the sheaues into the floore.","but they know not the thoughts of the lord, neither understand they his counsel: for he shall gather them as the sheaves into the floor.",0.06045889717977104,0.06045889717977104,,R0,R1,0.0,
INLIER_BACKGROUND,MIC:5:6,MIC,Micah,R1,INLIER,0.0657819794134311,Q3,"And they shall waste the land of Assyria with the sword, and the land of Nimrod in the entrances thereof: thus shall hee deliuer vs from the Assyrian, when he commeth into our land, and when hee treadeth within our borders.","And they shall waste the land of Assyria with the sword, and the land of Nimrod in the entrances thereof: thus shall he deliver us from the Assyrian, when he cometh into our land, and when he treadeth within our borders.","and they shall waste the land of assyria with the sword, and the land of nimrod in the entrances thereof: thus shall hee deliuer vs from the assyrian, when he commeth into our land, and when hee treadeth within our borders.","and they shall waste the land of assyria with the sword, and the land of nimrod in the entrances thereof: thus shall he deliver us from the assyrian, when he cometh into our land, and when he treadeth within our borders.",0.06578197941343111,0.06578197941343111,,R0,R1,0.0,
INLIER_BACKGROUND,MIC:3:1,MIC,Micah,R1,INLIER,0.1004772586143671,Q4,"And I said, Heare, I pray you, O heads of Iacob, and ye princes of the house of Israel: is it not for you to know iudgement?","And I said, Hear, I pray you, O heads of Jacob, and ye princes of the house of Israel; Is it not for you to know judgment?","and i said, heare, i pray you, o heads of iacob, and ye princes of the house of israel: is it not for you to know iudgement?","and i said, hear, i pray you, o heads of jacob, and ye princes of the house of israel; is it not for you to know judgment?",0.10047725861436718,0.10047725861436718,,R0,R1,0.0,
INLIER_BACKGROUND,MIC:5:2,MIC,Micah,R1,INLIER,0.139881617737167,Q4,"But thou Beth-leem Ephratah, though thou bee little among the thousands of Iudah, yet out of thee shall he come foorth vnto mee, that is to be ruler in Israel: whose goings foorth haue bene from of old, from euerlasting.","But thou, Bethlehem Ephratah, though thou be little among the thousands of Judah, yet out of thee shall he come forth unto me that is to be ruler in Israel; whose goings forth have been from of old, from everlasting.","but thou beth-leem ephratah, though thou bee little among the thousands of iudah, yet out of thee shall he come foorth vnto mee, that is to be ruler in israel: whose goings foorth haue bene from of old, from euerlasting.","but thou, bethlehem ephratah, though thou be little among the thousands of judah, yet out of thee shall he come forth unto me that is to be ruler in israel; whose goings forth have been from of old, from everlasting.",0.139881617737167,0.139881617737167,,R0,R1,0.0,
INLIER_BACKGROUND,MRK:1:40,MRK,Mark,R1,INLIER,0.0090396288138204,Q1,"And there came a leper to him, beseeching him, and kneeling downe to him, and saying vnto him, If thou wilt, thou canst make me cleane.","And there came a leper to him, beseeching him, and kneeling down to him, and saying unto him, If thou wilt, thou canst make me clean.","and there came a leper to him, beseeching him, and kneeling downe to him, and saying vnto him, if thou wilt, thou canst make me cleane.","and there came a leper to him, beseeching him, and kneeling down to him, and saying unto him, if thou wilt, thou canst make me clean.",0.009039628813820477,0.009039628813820477,,R0,R1,0.0,
INLIER_BACKGROUND,MRK:7:17,MRK,Mark,R1,INLIER,0.0147242299482803,Q1,"And when hee was entred into the house from the people, his disciples asked him concerning the parable.","And when he was entered into the house from the people, his disciples asked him concerning the parable.","and when hee was entred into the house from the people, his disciples asked him concerning the parable.","and when he was entered into the house from the people, his disciples asked him concerning the parable.",0.014724229948280376,0.014724229948280376,,R0,R1,0.0,
INLIER_BACKGROUND,MRK:14:70,MRK,Mark,R1,INLIER,0.0503855087575216,Q2,"And he denied it againe. And a little after, they that stood by said againe to Peter, Surely thou art one of them: for thou art a Galilean, and thy speach agreeth thereto.","And he denied it again. And a little after, they that stood by said again to Peter, Surely thou art one of them: for thou art a Galilaean, and thy speech agreeth thereto.","and he denied it againe. and a little after, they that stood by said againe to peter, surely thou art one of them: for thou art a galilean, and thy speach agreeth thereto.","and he denied it again. and a little after, they that stood by said again to peter, surely thou art one of them: for thou art a galilaean, and thy speech agreeth thereto.",0.05038550875752168,0.05038550875752168,,R0,R1,0.0,
INLIER_BACKGROUND,MRK:1:17,MRK,Mark,R1,INLIER,0.0459000768295757,Q2,"And Iesus said vnto them, Come ye after me; and I will make you to become fishers of men.","And Jesus said unto them, Come ye after me, and I will make you to become fishers of men.","and iesus said vnto them, come ye after me; and i will make you to become fishers of men.","and jesus said unto them, come ye after me, and i will make you to become fishers of men.",0.04590007682957575,0.04590007682957575,,R0,R1,0.0,
INLIER_BACKGROUND,MRK:14:1,MRK,Mark,R1,INLIER,0.0763258343052115,Q3,"After two dayes was the feast of the Passeouer, and of vnleauened bread: and the chiefe Priests, and the Scribes sought how they might take him by craft, and put him to death.","After two days was the feast of the passover, and of unleavened bread: and the chief priests and the scribes sought how they might take him by craft, and put him to death.","after two dayes was the feast of the passeouer, and of vnleauened bread: and the chiefe priests, and the scribes sought how they might take him by craft, and put him to death.","after two days was the feast of the passover, and of unleavened bread: and the chief priests and the scribes sought how they might take him by craft, and put him to death.",0.07632583430521156,0.07632583430521156,,R0,R1,0.0,
INLIER_BACKGROUND,MRK:7:24,MRK,Mark,R1,INLIER,0.0803103269333326,Q3,"¶ And from thence he arose, and went into the borders of Tyre and Sidon, and entred into an house, and would haue no man know it, but hee could not be hid.","And from thence he arose, and went into the borders of Tyre and Sidon, and entered into an house, and would have no man know it: but he could not be hid.","¶ and from thence he arose, and went into the borders of tyre and sidon, and entred into an house, and would haue no man know it, but hee could not be hid.","and from thence he arose, and went into the borders of tyre and sidon, and entered into an house, and would have no man know it: but he could not be hid.",0.08031032693333262,0.08031032693333262,,R0,R1,0.0,
INLIER_BACKGROUND,MRK:11:15,MRK,Mark,R1,INLIER,0.178847030874428,Q4,"¶ And they come to Hierusalem, and Iesus went into the Temple, and beganne to cast out them that sold and bought in the Temple, and ouerthrew the tables of the money changers, and the seats of them that sold doues,","And they come to Jerusalem: and Jesus went into the temple, and began to cast out them that sold and bought in the temple, and overthrew the tables of the moneychangers, and the seats of them that sold doves;","¶ and they come to hierusalem, and iesus went into the temple, and beganne to cast out them that sold and bought in the temple, and ouerthrew the tables of the money changers, and the seats of them that sold doues,","and they come to jerusalem: and jesus went into the temple, and began to cast out them that sold and bought in the temple, and overthrew the tables of the moneychangers, and the seats of them that sold doves;",0.178847030874428,0.178847030874428,,R0,R1,0.0,
INLIER_BACKGROUND,MRK:13:13,MRK,Mark,R1,INLIER,0.1304682132666995,Q4,"And ye shall bee hated of all men for my Names sake: but hee that shall endure vnto the ende, the same shall be saued.","And ye shall be hated of all men for my name’s sake: but he that shall endure unto the end, the same shall be saved.","and ye shall bee hated of all men for my names sake: but hee that shall endure vnto the ende, the same shall be saued.","and ye shall be hated of all men for my name’s sake: but he that shall endure unto the end, the same shall be saved.",0.13046821326669955,0.13046821326669955,,R0,R1,0.0,
INLIER_BACKGROUND,NAH:1:1,NAH,Nahum,R1,INLIER,0.0293410808367547,Q1,The burden of Nineueh. The book of the vision of Nahum the Elkoshite.,The burden of Nineveh. The book of the vision of Nahum the Elkoshite.,the burden of nineueh. the book of the vision of nahum the elkoshite.,the burden of nineveh. the book of the vision of nahum the elkoshite.,0.029341080836754796,0.029341080836754796,,R0,R1,0.0,
INLIER_BACKGROUND,NAH:1:6,NAH,Nahum,R1,INLIER,0.0260678579729831,Q1,"Who can stand before his indignation? and who can abide in the fiercenesse of his anger? his furie is powred out like fire, and the rocks are throwen downe by him.","Who can stand before his indignation? and who can abide in the fierceness of his anger? his fury is poured out like fire, and the rocks are thrown down by him.","who can stand before his indignation? and who can abide in the fiercenesse of his anger? his furie is powred out like fire, and the rocks are throwen downe by him.","who can stand before his indignation? and who can abide in the fierceness of his anger? his fury is poured out like fire, and the rocks are thrown down by him.",0.026067857972983166,0.026067857972983166,,R0,R1,0.0,
INLIER_BACKGROUND,NAH:3:18,NAH,Nahum,R1,INLIER,0.0460165938782078,Q2,"Thy shepheards slumber, O king of Assyria: thy nobles shall dwell in the dust: thy people is scattered vpon the mountaines, & no man gathereth them.","Thy shepherds slumber, O king of Assyria: thy nobles shall dwell in the dust: thy people is scattered upon the mountains, and no man gathereth them.","thy shepheards slumber, o king of assyria: thy nobles shall dwell in the dust: thy people is scattered vpon the mountaines, & no man gathereth them.","thy shepherds slumber, o king of assyria: thy nobles shall dwell in the dust: thy people is scattered upon the mountains, and no man gathereth them.",0.04601659387820789,0.04601659387820789,,R0,R1,0.0,
INLIER_BACKGROUND,NAH:3:2,NAH,Nahum,R1,INLIER,0.054650052705598,Q2,"The noise of a whip, and the noise of the rattling of the wheeles, and of the praunsing horses, and of the iumping charets.","The noise of a whip, and the noise of the rattling of the wheels, and of the pransing horses, and of the jumping chariots.","the noise of a whip, and the noise of the rattling of the wheeles, and of the praunsing horses, and of the iumping charets.","the noise of a whip, and the noise of the rattling of the wheels, and of the pransing horses, and of the jumping chariots.",0.054650052705598084,0.054650052705598084,,R0,R1,0.0,
INLIER_BACKGROUND,NAH:1:15,NAH,Nahum,R1,INLIER,0.067019177208206,Q3,"Behold vpon the mountaines the feete of him that bringeth good tidings, that publisheth peace. O Iudah keepe thy solemne feasts, performe thy vowes: for the wicked shall no more passe through thee, he is vtterly cut off.","Behold upon the mountains the feet of him that bringeth good tidings, that publisheth peace! O Judah, keep thy solemn feasts, perform thy vows: for the wicked shall no more pass through thee; he is utterly cut off.","behold vpon the mountaines the feete of him that bringeth good tidings, that publisheth peace. o iudah keepe thy solemne feasts, performe thy vowes: for the wicked shall no more passe through thee, he is vtterly cut off.","behold upon the mountains the feet of him that bringeth good tidings, that publisheth peace! o judah, keep thy solemn feasts, perform thy vows: for the wicked shall no more pass through thee; he is utterly cut off.",0.06701917720820605,0.06701917720820605,,R0,R1,0.0,
INLIER_BACKGROUND,NAH:3:16,NAH,Nahum,R1,INLIER,0.0744181901866039,Q3,Thou hast multiplied thy merchants aboue the starres of heauen; the cankerworme spoileth & flieth away.,"Thou hast multiplied thy merchants above the stars of heaven: the cankerworm spoileth, and fleeth away.",thou hast multiplied thy merchants aboue the starres of heauen; the cankerworme spoileth & flieth away.,"thou hast multiplied thy merchants above the stars of heaven: the cankerworm spoileth, and fleeth away.",0.0744181901866039,0.0744181901866039,,R0,R1,0.0,
INLIER_BACKGROUND,NAH:1:8,NAH,Nahum,R1,INLIER,0.1060227660228216,Q4,"But with an ouer-running flood he will make an vtter ende of the place thereof, and darkenesse shall pursue his enemies.","But with an overrunning flood he will make an utter end of the place thereof, and darkness shall pursue his enemies.","but with an ouer-running flood he will make an vtter ende of the place thereof, and darkenesse shall pursue his enemies.","but with an overrunning flood he will make an utter end of the place thereof, and darkness shall pursue his enemies.",0.10602276602282168,0.10602276602282168,,R0,R1,0.0,
INLIER_BACKGROUND,NAH:3:1,NAH,Nahum,R1,INLIER,0.0932402610356594,Q4,"Woe to the bloody City, it is all full of lyes and robberie, the pray departeth not.",Woe to the bloody city! it is all full of lies and robbery; the prey departeth not;,"woe to the bloody city, it is all full of lyes and robberie, the pray departeth not.",woe to the bloody city! it is all full of lies and robbery; the prey departeth not;,0.09324026103565941,0.09324026103565941,,R0,R1,0.0,
INLIER_BACKGROUND,NEH:10:1,NEH,Nehemiah,R1,INLIER,0.0277376531616818,Q1,"Now those that sealed were, Nehemiah the Tirshatha the sonne of Hachaliah, and Zidkiiah,","Now those that sealed were, Nehemiah, the Tirshatha, the son of Hachaliah, and Zidkijah,","now those that sealed were, nehemiah the tirshatha the sonne of hachaliah, and zidkiiah,","now those that sealed were, nehemiah, the tirshatha, the son of hachaliah, and zidkijah,",0.027737653161681863,0.027737653161681863,,R0,R1,0.0,
INLIER_BACKGROUND,NEH:9:12,NEH,Nehemiah,R1,INLIER,0.015024495072705,Q1,"Moreouer thou leddest them in the day by a cloudy pillar, and in the night, by a pillar of fire, to giue them light in the way wherin they should go.","Moreover thou leddest them in the day by a cloudy pillar; and in the night by a pillar of fire, to give them light in the way wherein they should go.","moreouer thou leddest them in the day by a cloudy pillar, and in the night, by a pillar of fire, to giue them light in the way wherin they should go.","moreover thou leddest them in the day by a cloudy pillar; and in the night by a pillar of fire, to give them light in the way wherein they should go.",0.01502449507270509,0.01502449507270509,,R0,R1,0.0,
INLIER_BACKGROUND,NEH:10:14,NEH,Nehemiah,R1,INLIER,0.0341148250340117,Q2,"The chiefe of the people. Parosh, Pahath-Moab, Elam, Zatthu, Bani,","The chief of the people; Parosh, Pahathmoab, Elam, Zatthu, Bani,","the chiefe of the people. parosh, pahath-moab, elam, zatthu, bani,","the chief of the people; parosh, pahathmoab, elam, zatthu, bani,",0.03411482503401175,0.03411482503401175,,R0,R1,0.0,
INLIER_BACKGROUND,NEH:8:5,NEH,Nehemiah,R1,INLIER,0.0413081835804255,Q2,"And Ezra opened the booke in the sight of all the people (for hee was aboue al the people) and when he opened it, all the people stood vp:","And Ezra opened the book in the sight of all the people; (for he was above all the people;) and when he opened it, all the people stood up:","and ezra opened the booke in the sight of all the people (for hee was aboue al the people) and when he opened it, all the people stood vp:","and ezra opened the book in the sight of all the people; (for he was above all the people;) and when he opened it, all the people stood up:",0.04130818358042554,0.04130818358042554,,R0,R1,0.0,
INLIER_BACKGROUND,NEH:11:17,NEH,Nehemiah,R1,INLIER,0.0843680881047439,Q3,"And Mattaniah the sonne of Micha, the sonne of Zabdi, the sonne of Asaph, was the principall to beginne the thankesgiuing in prayer: and Bakbukiah the second among his brethren, and Abda the sonne of Shammua, the sonne of Galal, the sonne of Ieduthun.","And Mattaniah the son of Micha, the son of Zabdi, the son of Asaph, was the principal to begin the thanksgiving in prayer: and Bakbukiah the second among his brethren, and Abda the son of Shammua, the son of Galal, the son of Jeduthun.","and mattaniah the sonne of micha, the sonne of zabdi, the sonne of asaph, was the principall to beginne the thankesgiuing in prayer: and bakbukiah the second among his brethren, and abda the sonne of shammua, the sonne of galal, the sonne of ieduthun.","and mattaniah the son of micha, the son of zabdi, the son of asaph, was the principal to begin the thanksgiving in prayer: and bakbukiah the second among his brethren, and abda the son of shammua, the son of galal, the son of jeduthun.",0.08436808810474394,0.08436808810474394,,R0,R1,0.0,
INLIER_BACKGROUND,NEH:7:11,NEH,Nehemiah,R1,INLIER,0.0897494855265664,Q3,"The children of Pahath-Moab, of the children of Ieshua, and Ioab, two thousand, and eight hundred, and eighteene.","The children of Pahathmoab, of the children of Jeshua and Joab, two thousand and eight hundred and eighteen.","the children of pahath-moab, of the children of ieshua, and ioab, two thousand, and eight hundred, and eighteene.","the children of pahathmoab, of the children of jeshua and joab, two thousand and eight hundred and eighteen.",0.08974948552656647,0.08974948552656647,,R0,R1,0.0,
INLIER_BACKGROUND,NEH:3:28,NEH,Nehemiah,R1,INLIER,0.1069492687094427,Q4,"From aboue the horsegate repaired the Priests, euery one ouer against his house.","From above the horse gate repaired the priests, every one over against his house.","from aboue the horsegate repaired the priests, euery one ouer against his house.","from above the horse gate repaired the priests, every one over against his house.",0.10694926870944277,0.10694926870944277,,R0,R1,0.0,
INLIER_BACKGROUND,NEH:7:42,NEH,Nehemiah,R1,INLIER,0.0899577278758132,Q4,"The children of Harim, a thousand, and seuenteene.","The children of Harim, a thousand and seventeen.","the children of harim, a thousand, and seuenteene.","the children of harim, a thousand and seventeen.",0.08995772787581324,0.08995772787581324,,R0,R1,0.0,
INLIER_BACKGROUND,NUM:21:2,NUM,Numbers,R1,INLIER,0.0297579795704961,Q1,"And Israel vowed a vow vnto the Lord, and said, If thou wilt in deed deliuer this people into my hand, then I wil vtterly destroy their cities.","And Israel vowed a vow unto the LORD, and said, If thou wilt indeed deliver this people into my hand, then I will utterly destroy their cities.","and israel vowed a vow vnto the lord, and said, if thou wilt in deed deliuer this people into my hand, then i wil vtterly destroy their cities.","and israel vowed a vow unto the lord, and said, if thou wilt indeed deliver this people into my hand, then i will utterly destroy their cities.",0.029757979570496196,0.029757979570496196,,R0,R1,0.0,
INLIER_BACKGROUND,NUM:3:7,NUM,Numbers,R1,INLIER,0.0181812936862754,Q1,"And they shall keepe his charge, and the charge of the whole Congregation before the Tabernacle of the Congregation, to doe the seruice of the Tabernacle.","And they shall keep his charge, and the charge of the whole congregation before the tabernacle of the congregation, to do the service of the tabernacle.","and they shall keepe his charge, and the charge of the whole congregation before the tabernacle of the congregation, to doe the seruice of the tabernacle.","and they shall keep his charge, and the charge of the whole congregation before the tabernacle of the congregation, to do the service of the tabernacle.",0.018181293686275413,0.018181293686275413,,R0,R1,0.0,
INLIER_BACKGROUND,NUM:23:19,NUM,Numbers,R1,INLIER,0.0345688057970802,Q2,"God is not a man that he should lie, neither the sonne of man, that hee should repent: hath he said, and shall he not doe it? or, hath hee spoken, and shall he not make it good?","God is not a man, that he should lie; neither the son of man, that he should repent: hath he said, and shall he not do it? or hath he spoken, and shall he not make it good?","god is not a man that he should lie, neither the sonne of man, that hee should repent: hath he said, and shall he not doe it? or, hath hee spoken, and shall he not make it good?","god is not a man, that he should lie; neither the son of man, that he should repent: hath he said, and shall he not do it? or hath he spoken, and shall he not make it good?",0.034568805797080215,0.034568805797080215,,R0,R1,0.0,
INLIER_BACKGROUND,NUM:28:8,NUM,Numbers,R1,INLIER,0.0486488248859795,Q2,"And the other lambe shalt thou offer at Euen: as the meate offring of the morning, and as the drinke offering thereof, thou shalt offer it, a sacrifice made by fire of a sweet sauour vnto the Lord.","And the other lamb shalt thou offer at even: as the meat offering of the morning, and as the drink offering thereof, thou shalt offer it, a sacrifice made by fire, of a sweet savour unto the LORD.","and the other lambe shalt thou offer at euen: as the meate offring of the morning, and as the drinke offering thereof, thou shalt offer it, a sacrifice made by fire of a sweet sauour vnto the lord.","and the other lamb shalt thou offer at even: as the meat offering of the morning, and as the drink offering thereof, thou shalt offer it, a sacrifice made by fire, of a sweet savour unto the lord.",0.04864882488597955,0.04864882488597955,,R0,R1,0.0,
INLIER_BACKGROUND,NUM:29:9,NUM,Numbers,R1,INLIER,0.086003172117018,Q3,"And their meate offering shall be of floure mingled with oyle, three tenth deales to a bullocke, and two tenth deales to one ramme:","And their meat offering shall be of flour mingled with oil, three tenth deals to a bullock, and two tenth deals to one ram,","and their meate offering shall be of floure mingled with oyle, three tenth deales to a bullocke, and two tenth deales to one ramme:","and their meat offering shall be of flour mingled with oil, three tenth deals to a bullock, and two tenth deals to one ram,",0.08600317211701802,0.08600317211701802,,R0,R1,0.0,
INLIER_BACKGROUND,NUM:32:20,NUM,Numbers,R1,INLIER,0.0566230331155246,Q3,"¶ And Moses said vnto them, If ye will doe this thing, if ye will goe armed before the Lord to warre,","And Moses said unto them, If ye will do this thing, if ye will go armed before the LORD to war,","¶ and moses said vnto them, if ye will doe this thing, if ye will goe armed before the lord to warre,","and moses said unto them, if ye will do this thing, if ye will go armed before the lord to war,",0.056623033115524635,0.056623033115524635,,R0,R1,0.0,
INLIER_BACKGROUND,NUM:10:6,NUM,Numbers,R1,INLIER,0.0978398960632697,Q4,"When you blow an alarme the second time, then the campes that lye on the Southside, shall take their iourney: they shall blow an alarme for their iourneys.","When ye blow an alarm the second time, then the camps that lie on the south side shall take their journey: they shall blow an alarm for their journeys.","when you blow an alarme the second time, then the campes that lye on the southside, shall take their iourney: they shall blow an alarme for their iourneys.","when ye blow an alarm the second time, then the camps that lie on the south side shall take their journey: they shall blow an alarm for their journeys.",0.0978398960632697,0.0978398960632697,,R0,R1,0.0,
INLIER_BACKGROUND,NUM:34:17,NUM,Numbers,R1,INLIER,0.1359017587992937,Q4,"These are the names of the men which shall diuide the land vnto you: Eleazar the Priest, and Ioshua the sonne of Nun.","These are the names of the men which shall divide the land unto you: Eleazar the priest, and Joshua the son of Nun.","these are the names of the men which shall diuide the land vnto you: eleazar the priest, and ioshua the sonne of nun.","these are the names of the men which shall divide the land unto you: eleazar the priest, and joshua the son of nun.",0.13590175879929378,0.13590175879929378,,R0,R1,0.0,
INLIER_BACKGROUND,OBA:1:19,OBA,Obadiah,R1,INLIER,0.0251195815702405,Q1,"And they of the South shall possesse the mount of Esau, and they of the plaine, the Philistines: and they shall possesse the fields of Ephraim, and the fields of Samaria, and Beniamin shall possesse Gilead.","And they of the south shall possess the mount of Esau; and they of the plain the Philistines: and they shall possess the fields of Ephraim, and the fields of Samaria: and Benjamin shall possess Gilead.","and they of the south shall possesse the mount of esau, and they of the plaine, the philistines: and they shall possesse the fields of ephraim, and the fields of samaria, and beniamin shall possesse gilead.","and they of the south shall possess the mount of esau; and they of the plain the philistines: and they shall possess the fields of ephraim, and the fields of samaria: and benjamin shall possess gilead.",0.025119581570240523,0.025119581570240523,,R0,R1,0.0,
INLIER_BACKGROUND,OBA:1:2,OBA,Obadiah,R1,INLIER,0.0061396777814777,Q1,"Behold, I haue made thee small among the heathen: thou art greatly despised.","Behold, I have made thee small among the heathen: thou art greatly despised.","behold, i haue made thee small among the heathen: thou art greatly despised.","behold, i have made thee small among the heathen: thou art greatly despised.",0.006139677781477726,0.006139677781477726,,R0,R1,0.0,
INLIER_BACKGROUND,OBA:1:13,OBA,Obadiah,R1,INLIER,0.0483313304310528,Q2,"Thou shouldest not haue entred into the gate of my people in the day of their calamitie: yea, thou shouldest not haue looked on their affliction in the day of their calamitie, nor haue laid hands on their substance in the day of their calamitie.","Thou shouldest not have entered into the gate of my people in the day of their calamity; yea, thou shouldest not have looked on their affliction in the day of their calamity, nor have laid hands on their substance in the day of their calamity;","thou shouldest not haue entred into the gate of my people in the day of their calamitie: yea, thou shouldest not haue looked on their affliction in the day of their calamitie, nor haue laid hands on their substance in the day of their calamitie.","thou shouldest not have entered into the gate of my people in the day of their calamity; yea, thou shouldest not have looked on their affliction in the day of their calamity, nor have laid hands on their substance in the day of their calamity;",0.048331330431052866,0.048331330431052866,,R0,R1,0.0,
INLIER_BACKGROUND,OBA:1:9,OBA,Obadiah,R1,INLIER,0.0303905647362727,Q2,"And thy mightie men, O Teman, shall be dismayed, to the end that euery one of the mount of Esau may be cut off by slaughter.","And thy mighty men, O Teman, shall be dismayed, to the end that every one of the mount of Esau may be cut off by slaughter.","and thy mightie men, o teman, shall be dismayed, to the end that euery one of the mount of esau may be cut off by slaughter.","and thy mighty men, o teman, shall be dismayed, to the end that every one of the mount of esau may be cut off by slaughter.",0.030390564736272774,0.030390564736272774,,R0,R1,0.0,
INLIER_BACKGROUND,OBA:1:12,OBA,Obadiah,R1,INLIER,0.06027958439929,Q3,"But thou shouldest not haue looked on the day of thy brother in the day that hee became a stranger, neither shouldest thou haue reioyced ouer the children of Iudah in the day of their destruction: neither shouldest thou haue spoken proudly in the day of distresse.",But thou shouldest not have looked on the day of thy brother in the day that he became a stranger; neither shouldest thou have rejoiced over the children of Judah in the day of their destruction; neither shouldest thou have spoken proudly in the day of distress.,"but thou shouldest not haue looked on the day of thy brother in the day that hee became a stranger, neither shouldest thou haue reioyced ouer the children of iudah in the day of their destruction: neither shouldest thou haue spoken proudly in the day of distresse.",but thou shouldest not have looked on the day of thy brother in the day that he became a stranger; neither shouldest thou have rejoiced over the children of judah in the day of their destruction; neither shouldest thou have spoken proudly in the day of distress.,0.06027958439929004,0.06027958439929004,,R0,R1,0.0,
INLIER_BACKGROUND,OBA:1:16,OBA,Obadiah,R1,INLIER,0.0756143673164416,Q3,"For as ye haue drunke vpon my holy mountaine, so shall all the heathen drinke continually: yea, they shall drinke, and they shall swallow downe, and they shall bee as though they had not bene.","For as ye have drunk upon my holy mountain, so shall all the heathen drink continually, yea, they shall drink, and they shall swallow down, and they shall be as though they had not been.","for as ye haue drunke vpon my holy mountaine, so shall all the heathen drinke continually: yea, they shall drinke, and they shall swallow downe, and they shall bee as though they had not bene.","for as ye have drunk upon my holy mountain, so shall all the heathen drink continually, yea, they shall drink, and they shall swallow down, and they shall be as though they had not been.",0.07561436731644167,0.07561436731644167,,R0,R1,0.0,
INLIER_BACKGROUND,OBA:1:11,OBA,Obadiah,R1,INLIER,0.0949896048710018,Q4,"In the day that thou stoodest on the other side, in the day that the strangers caried away captiue his forces, and forreiners entred into his gates, and cast lots vpon Ierusalem, euen thou wast as one of them.","In the day that thou stoodest on the other side, in the day that the strangers carried away captive his forces, and foreigners entered into his gates, and cast lots upon Jerusalem, even thou wast as one of them.","in the day that thou stoodest on the other side, in the day that the strangers caried away captiue his forces, and forreiners entred into his gates, and cast lots vpon ierusalem, euen thou wast as one of them.","in the day that thou stoodest on the other side, in the day that the strangers carried away captive his forces, and foreigners entered into his gates, and cast lots upon jerusalem, even thou wast as one of them.",0.09498960487100183,0.09498960487100183,,R0,R1,0.0,
INLIER_BACKGROUND,OBA:1:14,OBA,Obadiah,R1,INLIER,0.0904125163917182,Q4,"Neither shouldest thou haue stood in the crosse way to cut off those of his that did escape, neither shouldest thou haue deliuered vp those of his that did remaine in the day of distresse.","Neither shouldest thou have stood in the crossway, to cut off those of his that did escape; neither shouldest thou have delivered up those of his that did remain in the day of distress.","neither shouldest thou haue stood in the crosse way to cut off those of his that did escape, neither shouldest thou haue deliuered vp those of his that did remaine in the day of distresse.","neither shouldest thou have stood in the crossway, to cut off those of his that did escape; neither shouldest thou have delivered up those of his that did remain in the day of distress.",0.09041251639171821,0.09041251639171821,,R0,R1,0.0,
INLIER_BACKGROUND,PHM:1:19,PHM,Philemon,R1,INLIER,0.0264325722242866,Q1,"I Paul haue written it with mine own hand, I will repay it: albeit I doe not say to thee how thou owest vnto me, euen thine owne selfe besides:","I Paul have written it with mine own hand, I will repay it: albeit I do not say to thee how thou owest unto me even thine own self besides.","i paul haue written it with mine own hand, i will repay it: albeit i doe not say to thee how thou owest vnto me, euen thine owne selfe besides:","i paul have written it with mine own hand, i will repay it: albeit i do not say to thee how thou owest unto me even thine own self besides.",0.026432572224286632,0.026432572224286632,,R0,R1,0.0,
INLIER_BACKGROUND,PHM:1:22,PHM,Philemon,R1,INLIER,0.0239840711282208,Q1,But withall prepare mee also a lodging: for I trust that through your prayers I shall be giuen vnto you.,But withal prepare me also a lodging: for I trust that through your prayers I shall be given unto you.,but withall prepare mee also a lodging: for i trust that through your prayers i shall be giuen vnto you.,but withal prepare me also a lodging: for i trust that through your prayers i shall be given unto you.,0.023984071128220874,0.023984071128220874,,R0,R1,0.0,
INLIER_BACKGROUND,PHM:1:10,PHM,Philemon,R1,INLIER,0.0448191008237001,Q2,"I beseech thee for my sonne Onesimus, whome I haue begotten in my bonds,","I beseech thee for my son Onesimus, whom I have begotten in my bonds:","i beseech thee for my sonne onesimus, whome i haue begotten in my bonds,","i beseech thee for my son onesimus, whom i have begotten in my bonds:",0.04481910082370011,0.04481910082370011,,R0,R1,0.0,
INLIER_BACKGROUND,PHM:1:17,PHM,Philemon,R1,INLIER,0.0401344066661555,Q2,"If thou count mee therefore a partner, receiue him as my selfe.","If thou count me therefore a partner, receive him as myself.","if thou count mee therefore a partner, receiue him as my selfe.","if thou count me therefore a partner, receive him as myself.",0.04013440666615553,0.04013440666615553,,R0,R1,0.0,
INLIER_BACKGROUND,PHM:1:12,PHM,Philemon,R1,INLIER,0.0673767595597548,Q3,"Whom I haue sent againe: thou therfore receiue him, that is mine owne bowels.","Whom I have sent again: thou therefore receive him, that is, mine own bowels:","whom i haue sent againe: thou therfore receiue him, that is mine owne bowels.","whom i have sent again: thou therefore receive him, that is, mine own bowels:",0.06737675955975486,0.06737675955975486,,R0,R1,0.0,
INLIER_BACKGROUND,PHM:1:14,PHM,Philemon,R1,INLIER,0.0755795808411063,Q3,"But without thy minde would I doe nothing, that thy benefite should not bee as it were of necessitie, but willingly.","But without thy mind would I do nothing; that thy benefit should not be as it were of necessity, but willingly.","but without thy minde would i doe nothing, that thy benefite should not bee as it were of necessitie, but willingly.","but without thy mind would i do nothing; that thy benefit should not be as it were of necessity, but willingly.",0.07557958084110639,0.07557958084110639,,R0,R1,0.0,
INLIER_BACKGROUND,PHM:1:11,PHM,Philemon,R1,INLIER,0.1008822348921901,Q4,Which in time past was to thee vnprofitable: but now profitable to thee and to me:,"Which in time past was to thee unprofitable, but now profitable to thee and to me:",which in time past was to thee vnprofitable: but now profitable to thee and to me:,"which in time past was to thee unprofitable, but now profitable to thee and to me:",0.10088223489219017,0.10088223489219017,,R0,R1,0.0,
INLIER_BACKGROUND,PHM:1:20,PHM,Philemon,R1,INLIER,0.1157841679780876,Q4,"Yea, brother, let mee haue ioy of thee in the Lord: refresh my bowles in the Lord.","Yea, brother, let me have joy of thee in the Lord: refresh my bowels in the Lord.","yea, brother, let mee haue ioy of thee in the lord: refresh my bowles in the lord.","yea, brother, let me have joy of thee in the lord: refresh my bowels in the lord.",0.11578416797808766,0.11578416797808766,,R0,R1,0.0,
INLIER_BACKGROUND,PHP:2:14,PHP,Philippians,R1,INLIER,0.0143631800721399,Q1,"Doe all things without murmurings, and disputings:",Do all things without murmurings and disputings:,"doe all things without murmurings, and disputings:",do all things without murmurings and disputings:,0.014363180072139992,0.014363180072139992,,R0,R1,0.0,
INLIER_BACKGROUND,PHP:4:19,PHP,Philippians,R1,INLIER,0.015924603484775,Q1,"But my God shall supply all your need, according to his riches in glory, by Christ Iesus.",But my God shall supply all your need according to his riches in glory by Christ Jesus.,"but my god shall supply all your need, according to his riches in glory, by christ iesus.",but my god shall supply all your need according to his riches in glory by christ jesus.,0.01592460348477509,0.01592460348477509,,R0,R1,0.0,
INLIER_BACKGROUND,PHP:2:27,PHP,Philippians,R1,INLIER,0.0397332858030969,Q2,"For indeed he was sicke nigh vnto death, but God had mercy on him: and not on him onely, but on mee also, lest I should haue sorow vpon sorow.","For indeed he was sick nigh unto death: but God had mercy on him; and not on him only, but on me also, lest I should have sorrow upon sorrow.","for indeed he was sicke nigh vnto death, but god had mercy on him: and not on him onely, but on mee also, lest i should haue sorow vpon sorow.","for indeed he was sick nigh unto death: but god had mercy on him; and not on him only, but on me also, lest i should have sorrow upon sorrow.",0.039733285803096985,0.039733285803096985,,R0,R1,0.0,
INLIER_BACKGROUND,PHP:3:13,PHP,Philippians,R1,INLIER,0.0333289535344263,Q2,"Brethren, I count not my selfe to haue apprehended: but this one thing I doe, forgetting those things which are behinde, and reaching forth vnto those things which are before,","Brethren, I count not myself to have apprehended: but this one thing I do, forgetting those things which are behind, and reaching forth unto those things which are before,","brethren, i count not my selfe to haue apprehended: but this one thing i doe, forgetting those things which are behinde, and reaching forth vnto those things which are before,","brethren, i count not myself to have apprehended: but this one thing i do, forgetting those things which are behind, and reaching forth unto those things which are before,",0.03332895353442633,0.03332895353442633,,R0,R1,0.0,
INLIER_BACKGROUND,PHP:1:1,PHP,Philippians,R1,INLIER,0.0599806441086997,Q3,"Paul and Timotheus the seruants of Iesus Christ, to all the Saints in Christ Iesus, which are at Philippi, with the Bishops and Deacons:","Paul and Timotheus, the servants of Jesus Christ, to all the saints in Christ Jesus which are at Philippi, with the bishops and deacons:","paul and timotheus the seruants of iesus christ, to all the saints in christ iesus, which are at philippi, with the bishops and deacons:","paul and timotheus, the servants of jesus christ, to all the saints in christ jesus which are at philippi, with the bishops and deacons:",0.05998064410869974,0.05998064410869974,,R0,R1,0.0,
INLIER_BACKGROUND,PHP:2:28,PHP,Philippians,R1,INLIER,0.062961834909608,Q3,"I sent him therefore the more carefully, that when ye see him againe, ye may reioyce, and that I may bee the lesse sorrowfull.","I sent him therefore the more carefully, that, when ye see him again, ye may rejoice, and that I may be the less sorrowful.","i sent him therefore the more carefully, that when ye see him againe, ye may reioyce, and that i may bee the lesse sorrowfull.","i sent him therefore the more carefully, that, when ye see him again, ye may rejoice, and that i may be the less sorrowful.",0.06296183490960805,0.06296183490960805,,R0,R1,0.0,
INLIER_BACKGROUND,PHP:1:18,PHP,Philippians,R1,INLIER,0.1033576638802399,Q4,"What then? Notwithstanding euery way, whether in pretence, or in trueth: Christ is preached, and I therein doe reioyce, yea, and will reioyce.","What then? notwithstanding, every way, whether in pretence, or in truth, Christ is preached; and I therein do rejoice, yea, and will rejoice.","what then? notwithstanding euery way, whether in pretence, or in trueth: christ is preached, and i therein doe reioyce, yea, and will reioyce.","what then? notwithstanding, every way, whether in pretence, or in truth, christ is preached; and i therein do rejoice, yea, and will rejoice.",0.10335766388023993,0.10335766388023993,,R0,R1,0.0,
INLIER_BACKGROUND,PHP:4:12,PHP,Philippians,R1,INLIER,0.1385551860741235,Q4,"I know both how to bee abased, and I knowe how to abound: euerie where, and in all things I am instructed, both to bee full, and to bee hungrie, both to abound, and to suffer need.","I know both how to be abased, and I know how to abound: every where and in all things I am instructed both to be full and to be hungry, both to abound and to suffer need.","i know both how to bee abased, and i knowe how to abound: euerie where, and in all things i am instructed, both to bee full, and to bee hungrie, both to abound, and to suffer need.","i know both how to be abased, and i know how to abound: every where and in all things i am instructed both to be full and to be hungry, both to abound and to suffer need.",0.13855518607412354,0.13855518607412354,,R0,R1,0.0,
INLIER_BACKGROUND,PRO:15:20,PRO,Proverbs,R1,INLIER,0.0147444644098372,Q1,A wise sonne maketh a glad father: but a foolish man despiseth his mother.,A wise son maketh a glad father: but a foolish man despiseth his mother.,a wise sonne maketh a glad father: but a foolish man despiseth his mother.,a wise son maketh a glad father: but a foolish man despiseth his mother.,0.014744464409837232,0.014744464409837232,,R0,R1,0.0,
INLIER_BACKGROUND,PRO:18:12,PRO,Proverbs,R1,INLIER,0.0171104863382449,Q1,"Before destruction the heart of man is haughtie, and before honour is humilitie.","Before destruction the heart of man is haughty, and before honour is humility.","before destruction the heart of man is haughtie, and before honour is humilitie.","before destruction the heart of man is haughty, and before honour is humility.",0.017110486338244968,0.017110486338244968,,R0,R1,0.0,
INLIER_BACKGROUND,PRO:12:9,PRO,Proverbs,R1,INLIER,0.0479565560061242,Q2,"Hee that is despised and hath a seruant, is better then he that honoureth himselfe, and lacketh bread.","He that is despised, and hath a servant, is better than he that honoureth himself, and lacketh bread.","hee that is despised and hath a seruant, is better then he that honoureth himselfe, and lacketh bread.","he that is despised, and hath a servant, is better than he that honoureth himself, and lacketh bread.",0.04795655600612425,0.04795655600612425,,R0,R1,0.0,
INLIER_BACKGROUND,PRO:31:30,PRO,Proverbs,R1,INLIER,0.0550004958620115,Q2,"Fauour is deceitfull, and beautie is vaine: but a woman that feareth the Lord, she shalbe praised.","Favour is deceitful, and beauty is vain: but a woman that feareth the LORD, she shall be praised.","fauour is deceitfull, and beautie is vaine: but a woman that feareth the lord, she shalbe praised.","favour is deceitful, and beauty is vain: but a woman that feareth the lord, she shall be praised.",0.0550004958620115,0.0550004958620115,,R0,R1,0.0,
INLIER_BACKGROUND,PRO:21:17,PRO,Proverbs,R1,INLIER,0.079983884058201,Q3,"He that loueth pleasure, shall be a poore man: hee that loueth wine and oyle, shall not be rich.",He that loveth pleasure shall be a poor man: he that loveth wine and oil shall not be rich.,"he that loueth pleasure, shall be a poore man: hee that loueth wine and oyle, shall not be rich.",he that loveth pleasure shall be a poor man: he that loveth wine and oil shall not be rich.,0.079983884058201,0.079983884058201,,R0,R1,0.0,
INLIER_BACKGROUND,PRO:9:3,PRO,Proverbs,R1,INLIER,0.0830634592646443,Q3,She hath sent forth her maidens; she cryeth vpon the highest places of the citie.,"She hath sent forth her maidens: she crieth upon the highest places of the city,",she hath sent forth her maidens; she cryeth vpon the highest places of the citie.,"she hath sent forth her maidens: she crieth upon the highest places of the city,",0.08306345926464431,0.08306345926464431,,R0,R1,0.0,
INLIER_BACKGROUND,PRO:13:19,PRO,Proverbs,R1,INLIER,0.0938522069135866,Q4,The desire accomplished is sweet to the soule: but it is abomination to fooles to depart from euill.,The desire accomplished is sweet to the soul: but it is abomination to fools to depart from evil.,the desire accomplished is sweet to the soule: but it is abomination to fooles to depart from euill.,the desire accomplished is sweet to the soul: but it is abomination to fools to depart from evil.,0.09385220691358664,0.09385220691358664,,R0,R1,0.0,
INLIER_BACKGROUND,PRO:17:24,PRO,Proverbs,R1,INLIER,0.1104091232697472,Q4,Wisedome is before him that hath vnderstanding: but the eyes of a foole are in the ends of the earth.,Wisdom is before him that hath understanding; but the eyes of a fool are in the ends of the earth.,wisedome is before him that hath vnderstanding: but the eyes of a foole are in the ends of the earth.,wisdom is before him that hath understanding; but the eyes of a fool are in the ends of the earth.,0.11040912326974728,0.11040912326974728,,R0,R1,0.0,
INLIER_BACKGROUND,PSA:149:3,PSA,Psalms,R1,INLIER,0.0271681268225418,Q1,Let them praise his Name in the dance: let them sing praises vnto him with the timbrell and harpe.,Let them praise his name in the dance: let them sing praises unto him with the timbrel and harp.,let them praise his name in the dance: let them sing praises vnto him with the timbrell and harpe.,let them praise his name in the dance: let them sing praises unto him with the timbrel and harp.,0.027168126822541883,0.027168126822541883,,R0,R1,0.0,
INLIER_BACKGROUND,PSA:68:14,PSA,Psalms,R1,INLIER,2.220446049250313e-16,Q1,"When the Almighty scattered Kings in it, it was white as snow in Salmon.","When the Almighty scattered kings in it, it was white as snow in Salmon.","when the almighty scattered kings in it, it was white as snow in salmon.","when the almighty scattered kings in it, it was white as snow in salmon.",2.220446049250313e-16,2.220446049250313e-16,,R0,R1,0.0,
INLIER_BACKGROUND,PSA:78:39,PSA,Psalms,R1,INLIER,0.047154582550536,Q2,"For he remembred that they were but flesh; a wind that passeth away, and commeth not againe.","For he remembered that they were but flesh; a wind that passeth away, and cometh not again.","for he remembred that they were but flesh; a wind that passeth away, and commeth not againe.","for he remembered that they were but flesh; a wind that passeth away, and cometh not again.",0.04715458255053606,0.04715458255053606,,R0,R1,0.0,
INLIER_BACKGROUND,PSA:99:7,PSA,Psalms,R1,INLIER,0.0510602021285591,Q2,"He spake vnto them in the cloudie pillar: they kept his Testimonies, and the Ordinance that he gaue them.","He spake unto them in the cloudy pillar: they kept his testimonies, and the ordinance that he gave them.","he spake vnto them in the cloudie pillar: they kept his testimonies, and the ordinance that he gaue them.","he spake unto them in the cloudy pillar: they kept his testimonies, and the ordinance that he gave them.",0.05106020212855911,0.05106020212855911,,R0,R1,0.0,
INLIER_BACKGROUND,PSA:114:7,PSA,Psalms,R1,INLIER,0.0837924615564561,Q3,Tremble thou earth at the presence of the Lord: at the presence of the God of Iacob:,"Tremble, thou earth, at the presence of the Lord, at the presence of the God of Jacob;",tremble thou earth at the presence of the lord: at the presence of the god of iacob:,"tremble, thou earth, at the presence of the lord, at the presence of the god of jacob;",0.08379246155645614,0.08379246155645614,,R0,R1,0.0,
INLIER_BACKGROUND,PSA:140:10,PSA,Psalms,R1,INLIER,0.0803846832999393,Q3,"Let burning coales fall vpon them, let them be cast into the fire: into deepe pits, that they rise not vp againe.","Let burning coals fall upon them: let them be cast into the fire; into deep pits, that they rise not up again.","let burning coales fall vpon them, let them be cast into the fire: into deepe pits, that they rise not vp againe.","let burning coals fall upon them: let them be cast into the fire; into deep pits, that they rise not up again.",0.08038468329993931,0.08038468329993931,,R0,R1,0.0,
INLIER_BACKGROUND,PSA:47:4,PSA,Psalms,R1,INLIER,0.1148110900661241,Q4,"He shall chuse our inheritance for vs, the excellencie of Iacob whom hee loued. Selah.","He shall choose our inheritance for us, the excellency of Jacob whom he loved. Selah.","he shall chuse our inheritance for vs, the excellencie of iacob whom hee loued. selah.","he shall choose our inheritance for us, the excellency of jacob whom he loved. selah.",0.11481109006612411,0.11481109006612411,,R0,R1,0.0,
INLIER_BACKGROUND,PSA:94:15,PSA,Psalms,R1,INLIER,0.1129013529272969,Q4,But iudgement shall returne vnto righteousnesse: and all the vpright in heart shall follow it.,But judgment shall return unto righteousness: and all the upright in heart shall follow it.,but iudgement shall returne vnto righteousnesse: and all the vpright in heart shall follow it.,but judgment shall return unto righteousness: and all the upright in heart shall follow it.,0.11290135292729697,0.11290135292729697,,R0,R1,0.0,
INLIER_BACKGROUND,REV:11:3,REV,Revelation,R1,INLIER,0.0149491187597443,Q1,"And I will giue power vnto my two witnesses, and they shall prophesie a thousand two hundred and threescore dayes clothed in sackcloth.","And I will give power unto my two witnesses, and they shall prophesy a thousand two hundred and threescore days, clothed in sackcloth.","and i will giue power vnto my two witnesses, and they shall prophesie a thousand two hundred and threescore dayes clothed in sackcloth.","and i will give power unto my two witnesses, and they shall prophesy a thousand two hundred and threescore days, clothed in sackcloth.",0.014949118759744362,0.014949118759744362,,R0,R1,0.0,
INLIER_BACKGROUND,REV:3:3,REV,Revelation,R1,INLIER,0.0114944657911445,Q1,"Remember therefore, how thou hast receiued and heard, and hold fast, and repent. If therefore thou shalt not watch, I will come on thee as a thiefe, and thou shalt not know what houre I will come vpon thee.","Remember therefore how thou hast received and heard, and hold fast, and repent. If therefore thou shalt not watch, I will come on thee as a thief, and thou shalt not know what hour I will come upon thee.","remember therefore, how thou hast receiued and heard, and hold fast, and repent. if therefore thou shalt not watch, i will come on thee as a thiefe, and thou shalt not know what houre i will come vpon thee.","remember therefore how thou hast received and heard, and hold fast, and repent. if therefore thou shalt not watch, i will come on thee as a thief, and thou shalt not know what hour i will come upon thee.",0.011494465791144548,0.011494465791144548,,R0,R1,0.0,
INLIER_BACKGROUND,REV:12:13,REV,Revelation,R1,INLIER,0.0404408556084603,Q2,"And when the dragon saw that he was cast vnto the earth, hee persecuted the woman which brought foorth the man childe.","And when the dragon saw that he was cast unto the earth, he persecuted the woman which brought forth the man child.","and when the dragon saw that he was cast vnto the earth, hee persecuted the woman which brought foorth the man childe.","and when the dragon saw that he was cast unto the earth, he persecuted the woman which brought forth the man child.",0.040440855608460335,0.040440855608460335,,R0,R1,0.0,
INLIER_BACKGROUND,REV:2:25,REV,Revelation,R1,INLIER,0.0393540302766356,Q2,"But that which ye haue already, hold fast till I come.",But that which ye have already hold fast till I come.,"but that which ye haue already, hold fast till i come.",but that which ye have already hold fast till i come.,0.03935403027663564,0.03935403027663564,,R0,R1,0.0,
INLIER_BACKGROUND,REV:18:21,REV,Revelation,R1,INLIER,0.0707539619099888,Q3,"And a mightie Angel tooke vp a stone like a great milstone, and cast it into the sea, saying, Thus with violence shall that great citie Babylon bee throwen downe, and shall bee found no more at all.","And a mighty angel took up a stone like a great millstone, and cast it into the sea, saying, Thus with violence shall that great city Babylon be thrown down, and shall be found no more at all.","and a mightie angel tooke vp a stone like a great milstone, and cast it into the sea, saying, thus with violence shall that great citie babylon bee throwen downe, and shall bee found no more at all.","and a mighty angel took up a stone like a great millstone, and cast it into the sea, saying, thus with violence shall that great city babylon be thrown down, and shall be found no more at all.",0.07075396190998884,0.07075396190998884,,R0,R1,0.0,
INLIER_BACKGROUND,REV:22:10,REV,Revelation,R1,INLIER,0.0762862461093593,Q3,"And hee saith vnto mee, Seale not the sayings of the prophesie of this booke: for the time is at hand.","And he saith unto me, Seal not the sayings of the prophecy of this book: for the time is at hand.","and hee saith vnto mee, seale not the sayings of the prophesie of this booke: for the time is at hand.","and he saith unto me, seal not the sayings of the prophecy of this book: for the time is at hand.",0.0762862461093593,0.0762862461093593,,R0,R1,0.0,
INLIER_BACKGROUND,REV:10:3,REV,Revelation,R1,INLIER,0.0979691939075563,Q4,"And cryed with a loude voice, as when a Lion roareth: and when hee had cried, seuen thunders vttered their voices.","And cried with a loud voice, as when a lion roareth: and when he had cried, seven thunders uttered their voices.","and cryed with a loude voice, as when a lion roareth: and when hee had cried, seuen thunders vttered their voices.","and cried with a loud voice, as when a lion roareth: and when he had cried, seven thunders uttered their voices.",0.09796919390755632,0.09796919390755632,,R0,R1,0.0,
INLIER_BACKGROUND,REV:12:10,REV,Revelation,R1,INLIER,0.1183664631786071,Q4,"And I heard a lowd voyce saying in heauen, Now is come saluation, and strength, and the kingdome of our God, and the power of his Christ: for the accuser of our brethren is cast down, which accused them before our God day and night.","And I heard a loud voice saying in heaven, Now is come salvation, and strength, and the kingdom of our God, and the power of his Christ: for the accuser of our brethren is cast down, which accused them before our God day and night.","and i heard a lowd voyce saying in heauen, now is come saluation, and strength, and the kingdome of our god, and the power of his christ: for the accuser of our brethren is cast down, which accused them before our god day and night.","and i heard a loud voice saying in heaven, now is come salvation, and strength, and the kingdom of our god, and the power of his christ: for the accuser of our brethren is cast down, which accused them before our god day and night.",0.1183664631786071,0.1183664631786071,,R0,R1,0.0,
INLIER_BACKGROUND,ROM:16:24,ROM,Romans,R1,INLIER,0.0207201529149968,Q1,The grace of our Lord Iesus Christ be with you all. Amen.,The grace of our Lord Jesus Christ be with you all. Amen.,the grace of our lord iesus christ be with you all. amen.,the grace of our lord jesus christ be with you all. amen.,0.020720152914996848,0.020720152914996848,,R0,R1,0.0,
INLIER_BACKGROUND,ROM:3:23,ROM,Romans,R1,INLIER,0.017381825756158,Q1,"For all haue sinned, and come short of the glory of God,","For all have sinned, and come short of the glory of God;","for all haue sinned, and come short of the glory of god,","for all have sinned, and come short of the glory of god;",0.017381825756158098,0.017381825756158098,,R0,R1,0.0,
INLIER_BACKGROUND,ROM:12:1,ROM,Romans,R1,INLIER,0.0358030985050977,Q2,"I beseech you therefore brethren, by the mercies of God, that yee present your bodies a liuing sacrifice, holy, acceptable vnto God, which is your reasonable seruice.","I beseech you therefore, brethren, by the mercies of God, that ye present your bodies a living sacrifice, holy, acceptable unto God, which is your reasonable service.","i beseech you therefore brethren, by the mercies of god, that yee present your bodies a liuing sacrifice, holy, acceptable vnto god, which is your reasonable seruice.","i beseech you therefore, brethren, by the mercies of god, that ye present your bodies a living sacrifice, holy, acceptable unto god, which is your reasonable service.",0.035803098505097775,0.035803098505097775,,R0,R1,0.0,
INLIER_BACKGROUND,ROM:9:15,ROM,Romans,R1,INLIER,0.0420906421145262,Q2,"For hee saith to Moses, I will haue mercy on whom I wil haue mercie, and I will haue compassion on whom I will haue compassion.","For he saith to Moses, I will have mercy on whom I will have mercy, and I will have compassion on whom I will have compassion.","for hee saith to moses, i will haue mercy on whom i wil haue mercie, and i will haue compassion on whom i will haue compassion.","for he saith to moses, i will have mercy on whom i will have mercy, and i will have compassion on whom i will have compassion.",0.04209064211452629,0.04209064211452629,,R0,R1,0.0,
INLIER_BACKGROUND,ROM:16:4,ROM,Romans,R1,INLIER,0.0841742462637595,Q3,"(Who haue for my life laid downe their owne neckes: vnto whome not onely I giue thankes, but also all the Churches of the Gentiles.)","Who have for my life laid down their own necks: unto whom not only I give thanks, but also all the churches of the Gentiles.","(who haue for my life laid downe their owne neckes: vnto whome not onely i giue thankes, but also all the churches of the gentiles.)","who have for my life laid down their own necks: unto whom not only i give thanks, but also all the churches of the gentiles.",0.08417424626375958,0.08417424626375958,,R0,R1,0.0,
INLIER_BACKGROUND,ROM:3:7,ROM,Romans,R1,INLIER,0.0807249708353422,Q3,For if the trueth of God hath more abounded through my lye vnto his glory; why yet am I also iudged as a sinner?,For if the truth of God hath more abounded through my lie unto his glory; why yet am I also judged as a sinner?,for if the trueth of god hath more abounded through my lye vnto his glory; why yet am i also iudged as a sinner?,for if the truth of god hath more abounded through my lie unto his glory; why yet am i also judged as a sinner?,0.08072497083534225,0.08072497083534225,,R0,R1,0.0,
INLIER_BACKGROUND,ROM:10:12,ROM,Romans,R1,INLIER,0.1229111520104733,Q4,"For there is no difference betweene the Iew and the Greeke: for the same Lord ouer all, is rich vnto all, that call vpon him.",For there is no difference between the Jew and the Greek: for the same Lord over all is rich unto all that call upon him.,"for there is no difference betweene the iew and the greeke: for the same lord ouer all, is rich vnto all, that call vpon him.",for there is no difference between the jew and the greek: for the same lord over all is rich unto all that call upon him.,0.12291115201047331,0.12291115201047331,,R0,R1,0.0,
INLIER_BACKGROUND,ROM:15:2,ROM,Romans,R1,INLIER,0.10757468704184,Q4,Let euery one of vs please his neighbour for his good to edification.,Let every one of us please his neighbour for his good to edification.,let euery one of vs please his neighbour for his good to edification.,let every one of us please his neighbour for his good to edification.,0.10757468704184003,0.10757468704184003,,R0,R1,0.0,
INLIER_BACKGROUND,RUT:2:19,RUT,Ruth,R1,INLIER,0.0099773451733373,Q1,"And her mother in law said vnto her, Where hast thou gleaned to day? and where wroughtest thou? blessed be hee that did take knowledge of thee. And shee shewed her mother in lawe with whom shee had wrought, and said, The mans name with whom I wrought to day, is Boaz.","And her mother in law said unto her, Where hast thou gleaned to day? and where wroughtest thou? blessed be he that did take knowledge of thee. And she shewed her mother in law with whom she had wrought, and said, The man’s name with whom I wrought to day is Boaz.","and her mother in law said vnto her, where hast thou gleaned to day? and where wroughtest thou? blessed be hee that did take knowledge of thee. and shee shewed her mother in lawe with whom shee had wrought, and said, the mans name with whom i wrought to day, is boaz.","and her mother in law said unto her, where hast thou gleaned to day? and where wroughtest thou? blessed be he that did take knowledge of thee. and she shewed her mother in law with whom she had wrought, and said, the man’s name with whom i wrought to day is boaz.",0.00997734517333737,0.00997734517333737,,R0,R1,0.0,
INLIER_BACKGROUND,RUT:3:17,RUT,Ruth,R1,INLIER,0.0287608158839353,Q1,"And she said, These sixe measures of barley gaue he me, for he said to me, Go not emptie vnto thy mother in law.","And she said, These six measures of barley gave he me; for he said to me, Go not empty unto thy mother in law.","and she said, these sixe measures of barley gaue he me, for he said to me, go not emptie vnto thy mother in law.","and she said, these six measures of barley gave he me; for he said to me, go not empty unto thy mother in law.",0.02876081588393531,0.02876081588393531,,R0,R1,0.0,
INLIER_BACKGROUND,RUT:2:11,RUT,Ruth,R1,INLIER,0.044043233564648,Q2,"And Boaz answered and said vnto her, It hath fully bene shewed me, all that thou hast done vnto thy mother in law since the death of thine husband: and how thou hast left thy father and thy mother, and the land of thy natiuitie, and art come vnto a people, which thou knewest not heretofore.","And Boaz answered and said unto her, It hath fully been shewed me, all that thou hast done unto thy mother in law since the death of thine husband: and how thou hast left thy father and thy mother, and the land of thy nativity, and art come unto a people which thou knewest not heretofore.","and boaz answered and said vnto her, it hath fully bene shewed me, all that thou hast done vnto thy mother in law since the death of thine husband: and how thou hast left thy father and thy mother, and the land of thy natiuitie, and art come vnto a people, which thou knewest not heretofore.","and boaz answered and said unto her, it hath fully been shewed me, all that thou hast done unto thy mother in law since the death of thine husband: and how thou hast left thy father and thy mother, and the land of thy nativity, and art come unto a people which thou knewest not heretofore.",0.04404323356464801,0.04404323356464801,,R0,R1,0.0,
INLIER_BACKGROUND,RUT:4:16,RUT,Ruth,R1,INLIER,0.052789194729757,Q2,"And Naomi tooke the childe, and laid it in her bosome, and became nurse vnto it.","And Naomi took the child, and laid it in her bosom, and became nurse unto it.","and naomi tooke the childe, and laid it in her bosome, and became nurse vnto it.","and naomi took the child, and laid it in her bosom, and became nurse unto it.",0.05278919472975707,0.05278919472975707,,R0,R1,0.0,
INLIER_BACKGROUND,RUT:1:7,RUT,Ruth,R1,INLIER,0.0663731539757979,Q3,"Wherefore she went foorth out of the place where she was, and her two daughters in law with her: and they went on the way to returne vnto the land of Iudah.","Wherefore she went forth out of the place where she was, and her two daughters in law with her; and they went on the way to return unto the land of Judah.","wherefore she went foorth out of the place where she was, and her two daughters in law with her: and they went on the way to returne vnto the land of iudah.","wherefore she went forth out of the place where she was, and her two daughters in law with her; and they went on the way to return unto the land of judah.",0.0663731539757979,0.0663731539757979,,R0,R1,0.0,
INLIER_BACKGROUND,RUT:3:3,RUT,Ruth,R1,INLIER,0.0574846302210934,Q3,"Wash thy selfe therefore, and annoint thee, and put thy raiment vpon thee, and get thee downe to the floore: but make not thy selfe knowen vnto the man, vntill hee shall haue done eating and drinking.","Wash thyself therefore, and anoint thee, and put thy raiment upon thee, and get thee down to the floor: but make not thyself known unto the man, until he shall have done eating and drinking.","wash thy selfe therefore, and annoint thee, and put thy raiment vpon thee, and get thee downe to the floore: but make not thy selfe knowen vnto the man, vntill hee shall haue done eating and drinking.","wash thyself therefore, and anoint thee, and put thy raiment upon thee, and get thee down to the floor: but make not thyself known unto the man, until he shall have done eating and drinking.",0.0574846302210934,0.0574846302210934,,R0,R1,0.0,
INLIER_BACKGROUND,RUT:2:21,RUT,Ruth,R1,INLIER,0.0968896651344425,Q4,"And Ruth the Moabitesse said, He said vnto me also, Thou shalt keepe fast by my yong men, vntill they haue ended all my haruest.","And Ruth the Moabitess said, He said unto me also, Thou shalt keep fast by my young men, until they have ended all my harvest.","and ruth the moabitesse said, he said vnto me also, thou shalt keepe fast by my yong men, vntill they haue ended all my haruest.","and ruth the moabitess said, he said unto me also, thou shalt keep fast by my young men, until they have ended all my harvest.",0.09688966513444253,0.09688966513444253,,R0,R1,0.0,
INLIER_BACKGROUND,RUT:4:7,RUT,Ruth,R1,INLIER,0.0986524442237041,Q4,"Now this was the maner in former time in Israel, concerning redeeming and concerning changing, for to confirme all things: a man plucked off his shooe, and gaue it to his neighbour: and this was a testimonie in Israel.","Now this was the manner in former time in Israel concerning redeeming and concerning changing, for to confirm all things; a man plucked off his shoe, and gave it to his neighbour: and this was a testimony in Israel.","now this was the maner in former time in israel, concerning redeeming and concerning changing, for to confirme all things: a man plucked off his shooe, and gaue it to his neighbour: and this was a testimonie in israel.","now this was the manner in former time in israel concerning redeeming and concerning changing, for to confirm all things; a man plucked off his shoe, and gave it to his neighbour: and this was a testimony in israel.",0.09865244422370412,0.09865244422370412,,R0,R1,0.0,
INLIER_BACKGROUND,SNG:1:12,SNG,SongofSolomon,R1,INLIER,0.0282785558971792,Q1,"¶ While the king sitteth at his table, my spikenard sendeth foorth the smell thereof.","While the king sitteth at his table, my spikenard sendeth forth the smell thereof.","¶ while the king sitteth at his table, my spikenard sendeth foorth the smell thereof.","while the king sitteth at his table, my spikenard sendeth forth the smell thereof.",0.028278555897179203,0.028278555897179203,,R0,R1,0.0,
INLIER_BACKGROUND,SNG:2:1,SNG,SongofSolomon,R1,INLIER,0.0275863121521106,Q1,"I Am the rose of Sharon, and the lillie of the valleys.","I am the rose of Sharon, and the lily of the valleys.","i am the rose of sharon, and the lillie of the valleys.","i am the rose of sharon, and the lily of the valleys.",0.027586312152110604,0.027586312152110604,,R0,R1,0.0,
INLIER_BACKGROUND,SNG:2:13,SNG,SongofSolomon,R1,INLIER,0.0388222654319814,Q2,"The fig tree putteth foorth her greene figs, and the vines with the tender grape giue a good smell. Arise, my loue, my faire one, and come away.","The fig tree putteth forth her green figs, and the vines with the tender grape give a good smell. Arise, my love, my fair one, and come away.","the fig tree putteth foorth her greene figs, and the vines with the tender grape giue a good smell. arise, my loue, my faire one, and come away.","the fig tree putteth forth her green figs, and the vines with the tender grape give a good smell. arise, my love, my fair one, and come away.",0.03882226543198142,0.03882226543198142,,R0,R1,0.0,
INLIER_BACKGROUND,SNG:3:8,SNG,SongofSolomon,R1,INLIER,0.0469143365292294,Q2,"They all hold swords, being expert in warre: Euery man hath his sword vpon his thigh, because of feare in the night.","They all hold swords, being expert in war: every man hath his sword upon his thigh because of fear in the night.","they all hold swords, being expert in warre: euery man hath his sword vpon his thigh, because of feare in the night.","they all hold swords, being expert in war: every man hath his sword upon his thigh because of fear in the night.",0.046914336529229494,0.046914336529229494,,R0,R1,0.0,
INLIER_BACKGROUND,SNG:4:2,SNG,SongofSolomon,R1,INLIER,0.0679337703322164,Q3,"Thy teeth are like a flocke of sheepe that are euen shorne, which came vp from the washing: whereof euery one beare twinnes, and none is barren among them.","Thy teeth are like a flock of sheep that are even shorn, which came up from the washing; whereof every one bear twins, and none is barren among them.","thy teeth are like a flocke of sheepe that are euen shorne, which came vp from the washing: whereof euery one beare twinnes, and none is barren among them.","thy teeth are like a flock of sheep that are even shorn, which came up from the washing; whereof every one bear twins, and none is barren among them.",0.06793377033221648,0.06793377033221648,,R0,R1,0.0,
INLIER_BACKGROUND,SNG:4:9,SNG,SongofSolomon,R1,INLIER,0.0646504007623622,Q3,"Thou hast rauished my heart, my sister, my spouse; thou hast rauished my heart, with one of thine eyes, with one chaine of thy necke.","Thou hast ravished my heart, my sister, my spouse; thou hast ravished my heart with one of thine eyes, with one chain of thy neck.","thou hast rauished my heart, my sister, my spouse; thou hast rauished my heart, with one of thine eyes, with one chaine of thy necke.","thou hast ravished my heart, my sister, my spouse; thou hast ravished my heart with one of thine eyes, with one chain of thy neck.",0.06465040076236228,0.06465040076236228,,R0,R1,0.0,
INLIER_BACKGROUND,SNG:5:6,SNG,SongofSolomon,R1,INLIER,0.0919524340042484,Q4,"I opened to my beloued, but my beloued had with drawen himselfe, and was gone: my soule failed when hee spake: I sought him, but I could not find him: I called him, but he gaue me no answere.","I opened to my beloved; but my beloved had withdrawn himself, and was gone: my soul failed when he spake: I sought him, but I could not find him; I called him, but he gave me no answer.","i opened to my beloued, but my beloued had with drawen himselfe, and was gone: my soule failed when hee spake: i sought him, but i could not find him: i called him, but he gaue me no answere.","i opened to my beloved; but my beloved had withdrawn himself, and was gone: my soul failed when he spake: i sought him, but i could not find him; i called him, but he gave me no answer.",0.09195243400424846,0.09195243400424846,,R0,R1,0.0,
INLIER_BACKGROUND,SNG:8:6,SNG,SongofSolomon,R1,INLIER,0.1231763530868922,Q4,"¶ Set mee as a seale vpon thine heart, as a seale vpon thine arme: for loue is strong as death, iealousie is cruel as the graue: the coales thereof are coales of fire, which hath a most vehement flame.","Set me as a seal upon thine heart, as a seal upon thine arm: for love is strong as death; jealousy is cruel as the grave: the coals thereof are coals of fire, which hath a most vehement flame.","¶ set mee as a seale vpon thine heart, as a seale vpon thine arme: for loue is strong as death, iealousie is cruel as the graue: the coales thereof are coales of fire, which hath a most vehement flame.","set me as a seal upon thine heart, as a seal upon thine arm: for love is strong as death; jealousy is cruel as the grave: the coals thereof are coals of fire, which hath a most vehement flame.",0.12317635308689223,0.12317635308689223,,R0,R1,0.0,
INLIER_BACKGROUND,TIT:2:5,TIT,Titus,R1,INLIER,0.0035142368927117,Q1,"To be discreet, chaste, keepers at home, good, obedient to their own husbands, that the word of God bee not blasphemed.","To be discreet, chaste, keepers at home, good, obedient to their own husbands, that the word of God be not blasphemed.","to be discreet, chaste, keepers at home, good, obedient to their own husbands, that the word of god bee not blasphemed.","to be discreet, chaste, keepers at home, good, obedient to their own husbands, that the word of god be not blasphemed.",0.0035142368927117973,0.0035142368927117973,,R0,R1,0.0,
INLIER_BACKGROUND,TIT:3:12,TIT,Titus,R1,INLIER,0.0101934448230979,Q1,"When I shall send Artemas vnto thee, or Tychicus, be diligent to come vnto mee to Nicopolis: for I haue determined there to winter.","When I shall send Artemas unto thee, or Tychicus, be diligent to come unto me to Nicopolis: for I have determined there to winter.","when i shall send artemas vnto thee, or tychicus, be diligent to come vnto mee to nicopolis: for i haue determined there to winter.","when i shall send artemas unto thee, or tychicus, be diligent to come unto me to nicopolis: for i have determined there to winter.",0.010193444823097919,0.010193444823097919,,R0,R1,0.0,
INLIER_BACKGROUND,TIT:3:13,TIT,Titus,R1,INLIER,0.048005244705141,Q2,"Bring Zenas the Lawyer, and Apollos, on their iourney diligently, that nothing be wanting vnto them.","Bring Zenas the lawyer and Apollos on their journey diligently, that nothing be wanting unto them.","bring zenas the lawyer, and apollos, on their iourney diligently, that nothing be wanting vnto them.","bring zenas the lawyer and apollos on their journey diligently, that nothing be wanting unto them.",0.048005244705141004,0.048005244705141004,,R0,R1,0.0,
INLIER_BACKGROUND,TIT:3:15,TIT,Titus,R1,INLIER,0.0309230853499734,Q2,All that are with mee salute thee. Greete them that loue vs in the faith. Grace be with you all. Amen.,All that are with me salute thee. Greet them that love us in the faith. Grace be with you all. Amen.,all that are with mee salute thee. greete them that loue vs in the faith. grace be with you all. amen.,all that are with me salute thee. greet them that love us in the faith. grace be with you all. amen.,0.030923085349973456,0.030923085349973456,,R0,R1,0.0,
INLIER_BACKGROUND,TIT:2:12,TIT,Titus,R1,INLIER,0.0857659656920573,Q3,"Teaching vs that denying vngodlinesse and worldly lusts we should liue soberly, righteously and godly in this present world,","Teaching us that, denying ungodliness and worldly lusts, we should live soberly, righteously, and godly, in this present world;","teaching vs that denying vngodlinesse and worldly lusts we should liue soberly, righteously and godly in this present world,","teaching us that, denying ungodliness and worldly lusts, we should live soberly, righteously, and godly, in this present world;",0.0857659656920573,0.0857659656920573,,R0,R1,0.0,
INLIER_BACKGROUND,TIT:3:2,TIT,Titus,R1,INLIER,0.0611578144469768,Q3,"To speake euill of no man, to bee no brawlers, but gentle, shewing all meekenesse vnto all men.","To speak evil of no man, to be no brawlers, but gentle, shewing all meekness unto all men.","to speake euill of no man, to bee no brawlers, but gentle, shewing all meekenesse vnto all men.","to speak evil of no man, to be no brawlers, but gentle, shewing all meekness unto all men.",0.06115781444697688,0.06115781444697688,,R0,R1,0.0,
INLIER_BACKGROUND,TIT:3:10,TIT,Titus,R1,INLIER,0.1005608300024991,Q4,"A man that is an heretike, after the first and second admonition, reiect:",A man that is an heretick after the first and second admonition reject;,"a man that is an heretike, after the first and second admonition, reiect:",a man that is an heretick after the first and second admonition reject;,0.10056083000249916,0.10056083000249916,,R0,R1,0.0,
INLIER_BACKGROUND,TIT:3:5,TIT,Titus,R1,INLIER,0.0912234863102545,Q4,"Not by workes of righteousnesse which wee haue done, but according to his mercy he saued vs, by the washing of regeneration, and renewing of the holy Ghost,","Not by works of righteousness which we have done, but according to his mercy he saved us, by the washing of regeneration, and renewing of the Holy Ghost;","not by workes of righteousnesse which wee haue done, but according to his mercy he saued vs, by the washing of regeneration, and renewing of the holy ghost,","not by works of righteousness which we have done, but according to his mercy he saved us, by the washing of regeneration, and renewing of the holy ghost;",0.09122348631025456,0.09122348631025456,,R0,R1,0.0,
INLIER_BACKGROUND,ZEC:14:5,ZEC,Zechariah,R1,INLIER,0.0238892795051856,Q1,"And ye shal flee to the valley of the mountaines: for the valley of the mountaines shal reach vnto Azal: yea, ye shall flee like as yee fled from before the earthquake in the dayes of Uzziah king of Iudah: and the Lord my God shall come, and all the Saints with thee.","And ye shall flee to the valley of the mountains; for the valley of the mountains shall reach unto Azal: yea, ye shall flee, like as ye fled from before the earthquake in the days of Uzziah king of Judah: and the LORD my God shall come, and all the saints with thee.","and ye shal flee to the valley of the mountaines: for the valley of the mountaines shal reach vnto azal: yea, ye shall flee like as yee fled from before the earthquake in the dayes of uzziah king of iudah: and the lord my god shall come, and all the saints with thee.","and ye shall flee to the valley of the mountains; for the valley of the mountains shall reach unto azal: yea, ye shall flee, like as ye fled from before the earthquake in the days of uzziah king of judah: and the lord my god shall come, and all the saints with thee.",0.0238892795051856,0.0238892795051856,,R0,R1,0.0,
INLIER_BACKGROUND,ZEC:9:2,ZEC,Zechariah,R1,INLIER,0.0035724548744978,Q1,"And Hamath also shall border thereby; Tyrus and Zidon, though it be very wise.","And Hamath also shall border thereby; Tyrus, and Zidon, though it be very wise.","and hamath also shall border thereby; tyrus and zidon, though it be very wise.","and hamath also shall border thereby; tyrus, and zidon, though it be very wise.",0.0035724548744978657,0.0035724548744978657,,R0,R1,0.0,
INLIER_BACKGROUND,ZEC:5:4,ZEC,Zechariah,R1,INLIER,0.037524109303897,Q2,"I will bring it forth, saith the Lord of hostes, and it shall enter into the house of the theefe, and into the house of him that sweareth falsely by my name: and it shall remaine in the midst of his house, and shall consume it, with the timber thereof, and the stones thereof.","I will bring it forth, saith the LORD of hosts, and it shall enter into the house of the thief, and into the house of him that sweareth falsely by my name: and it shall remain in the midst of his house, and shall consume it with the timber thereof and the stones thereof.","i will bring it forth, saith the lord of hostes, and it shall enter into the house of the theefe, and into the house of him that sweareth falsely by my name: and it shall remaine in the midst of his house, and shall consume it, with the timber thereof, and the stones thereof.","i will bring it forth, saith the lord of hosts, and it shall enter into the house of the thief, and into the house of him that sweareth falsely by my name: and it shall remain in the midst of his house, and shall consume it with the timber thereof and the stones thereof.",0.037524109303897046,0.037524109303897046,,R0,R1,0.0,
INLIER_BACKGROUND,ZEC:8:22,ZEC,Zechariah,R1,INLIER,0.053497573796382,Q2,"Yea many people and strong nations shall come to seeke the Lord of hostes in Ierusalem, and to pray before the Lord.","Yea, many people and strong nations shall come to seek the LORD of hosts in Jerusalem, and to pray before the LORD.","yea many people and strong nations shall come to seeke the lord of hostes in ierusalem, and to pray before the lord.","yea, many people and strong nations shall come to seek the lord of hosts in jerusalem, and to pray before the lord.",0.05349757379638209,0.05349757379638209,,R0,R1,0.0,
INLIER_BACKGROUND,ZEC:4:2,ZEC,Zechariah,R1,INLIER,0.0856142997232758,Q3,"And said vnto mee, What seest thou? and I said, I haue looked, and behold a candlesticke all of gold, with a bowle vpon the top of it, and his seuen lampes thereon, and seuen pipes to the seuen lampes, which were vpon the top thereof.","And said unto me, What seest thou? And I said, I have looked, and behold a candlestick all of gold, with a bowl upon the top of it, and his seven lamps thereon, and seven pipes to the seven lamps, which are upon the top thereof:","and said vnto mee, what seest thou? and i said, i haue looked, and behold a candlesticke all of gold, with a bowle vpon the top of it, and his seuen lampes thereon, and seuen pipes to the seuen lampes, which were vpon the top thereof.","and said unto me, what seest thou? and i said, i have looked, and behold a candlestick all of gold, with a bowl upon the top of it, and his seven lamps thereon, and seven pipes to the seven lamps, which are upon the top thereof:",0.08561429972327583,0.08561429972327583,,R0,R1,0.0,
INLIER_BACKGROUND,ZEC:8:3,ZEC,Zechariah,R1,INLIER,0.0650953940458137,Q3,"Thus saith the Lord, I am returned vnto Zion, and will dwell in the midst of Ierusalem, and Ierusalem shall be called a Citie of trueth, and the Mountaine of the Lord of hostes, the holy Mountaine.","Thus saith the LORD; I am returned unto Zion, and will dwell in the midst of Jerusalem: and Jerusalem shall be called a city of truth; and the mountain of the LORD of hosts the holy mountain.","thus saith the lord, i am returned vnto zion, and will dwell in the midst of ierusalem, and ierusalem shall be called a citie of trueth, and the mountaine of the lord of hostes, the holy mountaine.","thus saith the lord; i am returned unto zion, and will dwell in the midst of jerusalem: and jerusalem shall be called a city of truth; and the mountain of the lord of hosts the holy mountain.",0.06509539404581377,0.06509539404581377,,R0,R1,0.0,
INLIER_BACKGROUND,ZEC:8:2,ZEC,Zechariah,R1,INLIER,0.166584161889307,Q4,"Thus sayeth the Lord of hostes, I was iealous for Zion, with great iealousie; and I was iealous for her with great furie.","Thus saith the LORD of hosts; I was jealous for Zion with great jealousy, and I was jealous for her with great fury.","thus sayeth the lord of hostes, i was iealous for zion, with great iealousie; and i was iealous for her with great furie.","thus saith the lord of hosts; i was jealous for zion with great jealousy, and i was jealous for her with great fury.",0.16658416188930703,0.16658416188930703,,R0,R1,0.0,
INLIER_BACKGROUND,ZEC:9:17,ZEC,Zechariah,R1,INLIER,0.0979964558817835,Q4,"For how great is his goodnesse, and how great is his beautie? corne shal make the yong men cheerefull, and new wine the maides.","For how great is his goodness, and how great is his beauty! corn shall make the young men cheerful, and new wine the maids.","for how great is his goodnesse, and how great is his beautie? corne shal make the yong men cheerefull, and new wine the maides.","for how great is his goodness, and how great is his beauty! corn shall make the young men cheerful, and new wine the maids.",0.09799645588178352,0.09799645588178352,,R0,R1,0.0,
INLIER_BACKGROUND,ZEP:1:13,ZEP,Zephaniah,R1,INLIER,0.014831849561214,Q1,"Therefore their goods shall become a booty, and their houses a desolation: they shall also build houses, but not inhabite them, and they shall plant Uineyards, but not drinke the wine thereof.","Therefore their goods shall become a booty, and their houses a desolation: they shall also build houses, but not inhabit them; and they shall plant vineyards, but not drink the wine thereof.","therefore their goods shall become a booty, and their houses a desolation: they shall also build houses, but not inhabite them, and they shall plant uineyards, but not drinke the wine thereof.","therefore their goods shall become a booty, and their houses a desolation: they shall also build houses, but not inhabit them; and they shall plant vineyards, but not drink the wine thereof.",0.014831849561214083,0.014831849561214083,,R0,R1,0.0,
INLIER_BACKGROUND,ZEP:1:15,ZEP,Zephaniah,R1,INLIER,0.0105252031333518,Q1,"That day is a day of wrath, a day of trouble and distresse, a day of wastenesse and desolation, a day of darknesse and gloominesse, a day of cloudes and thicke darkenesse;","That day is a day of wrath, a day of trouble and distress, a day of wasteness and desolation, a day of darkness and gloominess, a day of clouds and thick darkness,","that day is a day of wrath, a day of trouble and distresse, a day of wastenesse and desolation, a day of darknesse and gloominesse, a day of cloudes and thicke darkenesse;","that day is a day of wrath, a day of trouble and distress, a day of wasteness and desolation, a day of darkness and gloominess, a day of clouds and thick darkness,",0.010525203133351813,0.010525203133351813,,R0,R1,0.0,
INLIER_BACKGROUND,ZEP:1:16,ZEP,Zephaniah,R1,INLIER,0.0318279168946505,Q2,"A day of the trumpet and alarme against the fenced cities, and against the high towres.","A day of the trumpet and alarm against the fenced cities, and against the high towers.","a day of the trumpet and alarme against the fenced cities, and against the high towres.","a day of the trumpet and alarm against the fenced cities, and against the high towers.",0.03182791689465059,0.03182791689465059,,R0,R1,0.0,
INLIER_BACKGROUND,ZEP:3:6,ZEP,Zephaniah,R1,INLIER,0.0340387358517739,Q2,"I haue cut off the nations: their towres are desolate, I made their streetes waste, that none passeth by: their cities are destroied, so that there is no man, that there is none inhabitant.","I have cut off the nations: their towers are desolate; I made their streets waste, that none passeth by: their cities are destroyed, so that there is no man, that there is none inhabitant.","i haue cut off the nations: their towres are desolate, i made their streetes waste, that none passeth by: their cities are destroied, so that there is no man, that there is none inhabitant.","i have cut off the nations: their towers are desolate; i made their streets waste, that none passeth by: their cities are destroyed, so that there is no man, that there is none inhabitant.",0.03403873585177397,0.03403873585177397,,R0,R1,0.0,
INLIER_BACKGROUND,ZEP:3:1,ZEP,Zephaniah,R1,INLIER,0.0877402803603035,Q3,"Woe to her that is filthie and polluted, to the oppressing citie.","Woe to her that is filthy and polluted, to the oppressing city!","woe to her that is filthie and polluted, to the oppressing citie.","woe to her that is filthy and polluted, to the oppressing city!",0.08774028036030357,0.08774028036030357,,R0,R1,0.0,
INLIER_BACKGROUND,ZEP:3:16,ZEP,Zephaniah,R1,INLIER,0.0657015406584022,Q3,"In that day it shall be said to Ierusalem, Feare thou not: and to Zion, Let not thine hands be slacke.","In that day it shall be said to Jerusalem, Fear thou not: and to Zion, Let not thine hands be slack.","in that day it shall be said to ierusalem, feare thou not: and to zion, let not thine hands be slacke.","in that day it shall be said to jerusalem, fear thou not: and to zion, let not thine hands be slack.",0.06570154065840228,0.06570154065840228,,R0,R1,0.0,
INLIER_BACKGROUND,ZEP:2:12,ZEP,Zephaniah,R1,INLIER,0.1350740016554373,Q4,"¶ Ye Ethiopians also, ye shalbe slaine by my sword.","Ye Ethiopians also, ye shall be slain by my sword.","¶ ye ethiopians also, ye shalbe slaine by my sword.","ye ethiopians also, ye shall be slain by my sword.",0.13507400165543737,0.13507400165543737,,R0,R1,0.0,
INLIER_BACKGROUND,ZEP:3:3,ZEP,Zephaniah,R1,INLIER,0.1097990960459122,Q4,"Her princes within her are roaring lyons; her Iudges are euening wolues, they gnaw not the bones till the morrow.",Her princes within her are roaring lions; her judges are evening wolves; they gnaw not the bones till the morrow.,"her princes within her are roaring lyons; her iudges are euening wolues, they gnaw not the bones till the morrow.",her princes within her are roaring lions; her judges are evening wolves; they gnaw not the bones till the morrow.,0.1097990960459122,0.1097990960459122,,R0,R1,0.0,
