rank_overall,rank_within_representation,rank_within_classification,rank_within_work,unit_key,work_code,work_name,representation,classification,drift_value,threshold_primary,threshold_secondary,threshold_source,excess_over_primary,excess_over_secondary,drift_to_primary_ratio,drift_to_secondary_ratio,small_sample_flag,mad_zero_flag
1,1,1,1,MRK:14:17,MRK,Mark,R0,STRONG_OUTLIER,0.5350452401879036,0.2485395579355932,0.180716099125319,WORK,0.2865056822523103,0.35432914106258456,2.152756867486486,2.960694939618369,False,False
2,1,1,1,MRK:14:17,MRK,Mark,R1,STRONG_OUTLIER,0.5350452401879036,0.2485395579355932,0.180716099125319,WORK,0.2865056822523103,0.35432914106258456,2.152756867486486,2.960694939618369,False,False
3,2,2,1,1TH:5:16,1TH,1Thessalonians,R0,STRONG_OUTLIER,0.5123821549303869,0.3114588778178616,0.1777962178538115,WORK,0.20092327711252528,0.33458593707657536,1.6451037084581788,2.881850700287001,False,False
4,2,2,1,1TH:5:16,1TH,1Thessalonians,R1,STRONG_OUTLIER,0.5123821549303869,0.3114588778178616,0.1777962178538115,WORK,0.20092327711252528,0.33458593707657536,1.6451037084581788,2.881850700287001,False,False
5,3,3,1,LEV:11:15,LEV,Leviticus,R0,STRONG_OUTLIER,0.5034481012215494,0.2536937138059426,0.1520578598094974,WORK,0.2497543874156068,0.351390241412052,1.984472116666836,3.3108982452619293,False,False
6,3,3,1,LEV:11:15,LEV,Leviticus,R1,STRONG_OUTLIER,0.5034481012215494,0.2536937138059426,0.1520578598094974,WORK,0.2497543874156068,0.351390241412052,1.984472116666836,3.3108982452619293,False,False
7,4,4,1,MAT:27:14,MAT,Matthew,R0,STRONG_OUTLIER,0.4950398511801868,0.2574919331800241,0.1896752365333116,WORK,0.23754791800016267,0.3053646146468752,1.9225450873992325,2.609934012620808,False,False
8,4,4,1,MAT:27:14,MAT,Matthew,R1,STRONG_OUTLIER,0.4950398511801868,0.2574919331800241,0.1896752365333116,WORK,0.23754791800016267,0.3053646146468752,1.9225450873992325,2.609934012620808,False,False
9,5,5,1,DEU:14:14,DEU,Deuteronomy,R0,STRONG_OUTLIER,0.491772650434773,0.2277736606676687,0.158268997269363,WORK,0.2639989897671043,0.33350365316541,2.1590409048756953,3.1071950850728496,False,False
10,5,5,1,DEU:14:14,DEU,Deuteronomy,R1,STRONG_OUTLIER,0.491772650434773,0.2277736606676687,0.158268997269363,WORK,0.2639989897671043,0.33350365316541,2.1590409048756953,3.1071950850728496,False,False
11,6,6,1,2TI:3:7,2TI,2Timothy,R0,STRONG_OUTLIER,0.4668320700103119,0.2290126881330892,0.146743089583669,WORK,0.2378193818772227,0.3200889804266429,2.0384550472549168,3.181288272822801,False,False
12,6,6,1,2TI:3:7,2TI,2Timothy,R1,STRONG_OUTLIER,0.4668320700103119,0.2290126881330892,0.146743089583669,WORK,0.2378193818772227,0.3200889804266429,2.0384550472549168,3.181288272822801,False,False
13,7,7,1,LUK:19:1,LUK,Luke,R0,STRONG_OUTLIER,0.4652841710616495,0.2425750004264786,0.1904093970791806,WORK,0.2227091706351709,0.2748747739824689,1.9181043810929364,2.443598783457961,False,False
14,7,7,1,LUK:19:1,LUK,Luke,R1,STRONG_OUTLIER,0.4652841710616495,0.2425750004264786,0.1904093970791806,WORK,0.2227091706351709,0.2748747739824689,1.9181043810929364,2.443598783457961,False,False
15,8,8,1,JHN:2:13,JHN,John,R0,STRONG_OUTLIER,0.4307578898571602,0.2799187388240086,0.1962180196842647,WORK,0.1508391510331516,0.2345398701728955,1.5388676430411745,2.195302401636173,False,False
16,8,8,1,JHN:2:13,JHN,John,R1,STRONG_OUTLIER,0.4307578898571602,0.2799187388240086,0.1962180196842647,WORK,0.1508391510331516,0.2345398701728955,1.5388676430411745,2.195302401636173,False,False
17,9,9,1,LAM:5:8,LAM,Lamentations,R0,STRONG_OUTLIER,0.419691661490041,0.2938539035754291,0.1679356922785318,WORK,0.12583775791461188,0.2517559692115092,1.428232384812648,2.499121275505604,False,False
18,9,9,1,LAM:5:8,LAM,Lamentations,R1,STRONG_OUTLIER,0.419691661490041,0.2938539035754291,0.1679356922785318,WORK,0.12583775791461188,0.2517559692115092,1.428232384812648,2.499121275505604,False,False
19,10,10,1,1CH:23:27,1CH,1Chronicles,R0,STRONG_OUTLIER,0.4119994843706315,0.2568844066016262,0.1958660090019126,WORK,0.1551150777690053,0.2161334753687189,1.603832205391728,2.103476179813356,False,False
20,10,10,1,1CH:23:27,1CH,1Chronicles,R1,STRONG_OUTLIER,0.4119994843706315,0.2568844066016262,0.1958660090019126,WORK,0.1551150777690053,0.2161334753687189,1.603832205391728,2.103476179813356,False,False
21,11,11,2,1CH:14:3,1CH,1Chronicles,R0,STRONG_OUTLIER,0.4018464599238674,0.2568844066016262,0.1958660090019126,WORK,0.1449620533222412,0.20598045092195483,1.5643084967280514,2.0516395977616693,False,False
22,11,11,2,1CH:14:3,1CH,1Chronicles,R1,STRONG_OUTLIER,0.4018464599238674,0.2568844066016262,0.1958660090019126,WORK,0.1449620533222412,0.20598045092195483,1.5643084967280514,2.0516395977616693,False,False
23,12,12,1,PSA:30:6,PSA,Psalms,R0,STRONG_OUTLIER,0.4005434411102129,0.2517472342683223,0.1720894079000068,WORK,0.1487962068418906,0.2284540332102061,1.5910539882368584,2.3275310549208825,False,False
24,12,12,1,PSA:30:6,PSA,Psalms,R1,STRONG_OUTLIER,0.4005434411102129,0.2517472342683223,0.1720894079000068,WORK,0.1487962068418906,0.2284540332102061,1.5910539882368584,2.3275310549208825,False,False
25,13,13,1,GEN:5:28,GEN,Genesis,R0,STRONG_OUTLIER,0.3990176275411603,0.2785225450278982,0.1976616792286194,WORK,0.12049508251326213,0.20135594831254092,1.432622366355272,2.018689859857199,False,False
26,13,13,1,GEN:5:28,GEN,Genesis,R1,STRONG_OUTLIER,0.3990176275411603,0.2785225450278982,0.1976616792286194,WORK,0.12049508251326213,0.20135594831254092,1.432622366355272,2.018689859857199,False,False
27,14,14,2,DEU:2:35,DEU,Deuteronomy,R0,STRONG_OUTLIER,0.3897235318806867,0.2277736606676687,0.158268997269363,WORK,0.16194987121301802,0.2314545346113237,1.7110122862243922,2.4624123397800006,False,False
28,14,14,2,DEU:2:35,DEU,Deuteronomy,R1,STRONG_OUTLIER,0.3897235318806867,0.2277736606676687,0.158268997269363,WORK,0.16194987121301802,0.2314545346113237,1.7110122862243922,2.4624123397800006,False,False
29,15,15,2,PSA:122:3,PSA,Psalms,R0,STRONG_OUTLIER,0.3896642626083271,0.2517472342683223,0.1720894079000068,WORK,0.1379170283400048,0.2175748547083203,1.5478392989732206,2.264312878772545,False,False
30,15,15,2,PSA:122:3,PSA,Psalms,R1,STRONG_OUTLIER,0.3896642626083271,0.2517472342683223,0.1720894079000068,WORK,0.1379170283400048,0.2175748547083203,1.5478392989732206,2.264312878772545,False,False
31,16,16,2,MAT:15:16,MAT,Matthew,R0,STRONG_OUTLIER,0.3846130639352341,0.2574919331800241,0.1896752365333116,WORK,0.12712113075520998,0.1949378274019225,1.4936897602393389,2.0277452711529196,False,False
32,16,16,2,MAT:15:16,MAT,Matthew,R1,STRONG_OUTLIER,0.3846130639352341,0.2574919331800241,0.1896752365333116,WORK,0.12712113075520998,0.1949378274019225,1.4936897602393389,2.0277452711529196,False,False
33,17,17,2,MRK:2:25,MRK,Mark,R0,STRONG_OUTLIER,0.3837869421725537,0.2485395579355932,0.180716099125319,WORK,0.1352473842369605,0.20307084304723472,1.544168442884286,2.123700898979751,False,False
34,17,17,2,MRK:2:25,MRK,Mark,R1,STRONG_OUTLIER,0.3837869421725537,0.2485395579355932,0.180716099125319,WORK,0.1352473842369605,0.20307084304723472,1.544168442884286,2.123700898979751,False,False
35,18,18,2,GEN:11:12,GEN,Genesis,R0,STRONG_OUTLIER,0.3829262460195207,0.2785225450278982,0.1976616792286194,WORK,0.1044037009916225,0.18526456679090128,1.3748482945291374,1.937281153908546,False,False
36,18,18,2,GEN:11:12,GEN,Genesis,R1,STRONG_OUTLIER,0.3829262460195207,0.2785225450278982,0.1976616792286194,WORK,0.1044037009916225,0.18526456679090128,1.3748482945291374,1.937281153908546,False,False
37,19,19,2,LUK:1:69,LUK,Luke,R0,STRONG_OUTLIER,0.3820259711786397,0.2425750004264786,0.1904093970791806,WORK,0.1394509707521611,0.1916165740994591,1.5748777512397734,2.006339902540506,False,False
38,19,19,2,LUK:1:69,LUK,Luke,R1,STRONG_OUTLIER,0.3820259711786397,0.2425750004264786,0.1904093970791806,WORK,0.1394509707521611,0.1916165740994591,1.5748777512397734,2.006339902540506,False,False
39,20,20,1,JDG:2:16,JDG,Judges,R0,STRONG_OUTLIER,0.3787934523344132,0.2109212600391261,0.1517173137608478,WORK,0.1678721922952871,0.2270761385735654,1.7958998171362464,2.496705504102886,False,False
40,20,20,1,JDG:2:16,JDG,Judges,R1,STRONG_OUTLIER,0.3787934523344132,0.2109212600391261,0.1517173137608478,WORK,0.1678721922952871,0.2270761385735654,1.7958998171362464,2.496705504102886,False,False
41,21,21,3,GEN:11:18,GEN,Genesis,R0,STRONG_OUTLIER,0.3752241825677699,0.2785225450278982,0.1976616792286194,WORK,0.09670163753987171,0.1775625033391505,1.3471950090438303,1.898315262888049,False,False
42,21,21,3,GEN:11:18,GEN,Genesis,R1,STRONG_OUTLIER,0.3752241825677699,0.2785225450278982,0.1976616792286194,WORK,0.09670163753987171,0.1775625033391505,1.3471950090438303,1.898315262888049,False,False
43,22,22,4,GEN:5:12,GEN,Genesis,R0,STRONG_OUTLIER,0.3746039769632022,0.2785225450278982,0.1976616792286194,WORK,0.096081431935304,0.17694229773458278,1.3449682391983027,1.8951775499687413,False,False
44,22,22,4,GEN:5:12,GEN,Genesis,R1,STRONG_OUTLIER,0.3746039769632022,0.2785225450278982,0.1976616792286194,WORK,0.096081431935304,0.17694229773458278,1.3449682391983027,1.8951775499687413,False,False
45,23,23,1,PRO:27:20,PRO,Proverbs,R0,STRONG_OUTLIER,0.3694240938414583,0.2365615998472131,0.1658406971808283,WORK,0.1328624939942452,0.20358339666063,1.5616401566444278,2.227584061821979,False,False
46,23,23,1,PRO:27:20,PRO,Proverbs,R1,STRONG_OUTLIER,0.3694240938414583,0.2365615998472131,0.1658406971808283,WORK,0.1328624939942452,0.20358339666063,1.5616401566444278,2.227584061821979,False,False
47,24,24,1,EPH:4:27,EPH,Ephesians,R0,STRONG_OUTLIER,0.3605811296471108,0.3000571320932129,0.2029310592154672,WORK,0.060523997553897924,0.1576500704316436,1.2017082451321175,1.7768651631796524,False,False
48,24,24,1,EPH:4:27,EPH,Ephesians,R1,STRONG_OUTLIER,0.3605811296471108,0.3000571320932129,0.2029310592154672,WORK,0.060523997553897924,0.1576500704316436,1.2017082451321175,1.7768651631796524,False,False
49,25,25,5,GEN:5:15,GEN,Genesis,R0,STRONG_OUTLIER,0.3600841435234704,0.2785225450278982,0.1976616792286194,WORK,0.08156159849557221,0.162422464294851,1.2928366121579227,1.8217195408270814,False,False
50,25,25,5,GEN:5:15,GEN,Genesis,R1,STRONG_OUTLIER,0.3600841435234704,0.2785225450278982,0.1976616792286194,WORK,0.08156159849557221,0.162422464294851,1.2928366121579227,1.8217195408270814,False,False
51,26,26,1,EZR:2:22,EZR,Ezra,R0,STRONG_OUTLIER,0.3531773623226336,0.2643609161924914,0.1937090361219623,WORK,0.08881644613014217,0.15946832620067128,1.335966630050077,1.8232363827378062,False,False
52,26,26,1,EZR:2:22,EZR,Ezra,R1,STRONG_OUTLIER,0.3531773623226336,0.2643609161924914,0.1937090361219623,WORK,0.08881644613014217,0.15946832620067128,1.335966630050077,1.8232363827378062,False,False
53,27,27,1,NEH:11:36,NEH,Nehemiah,R0,STRONG_OUTLIER,0.3526627042425171,0.249097416043593,0.1712008590080952,WORK,0.1035652881989241,0.1814618452344219,1.4157621939394176,2.0599353664799165,False,False
54,27,27,1,NEH:11:36,NEH,Nehemiah,R1,STRONG_OUTLIER,0.3526627042425171,0.249097416043593,0.1712008590080952,WORK,0.1035652881989241,0.1814618452344219,1.4157621939394176,2.0599353664799165,False,False
55,28,28,6,GEN:5:9,GEN,Genesis,R0,STRONG_OUTLIER,0.352432435431332,0.2785225450278982,0.1976616792286194,WORK,0.07390989040343382,0.1547707562027126,1.2653641212277111,1.7830084051026487,False,False
56,28,28,6,GEN:5:9,GEN,Genesis,R1,STRONG_OUTLIER,0.352432435431332,0.2785225450278982,0.1976616792286194,WORK,0.07390989040343382,0.1547707562027126,1.2653641212277111,1.7830084051026487,False,False
57,29,29,1,JOS:4:17,JOS,Joshua,R0,STRONG_OUTLIER,0.3499371918114649,0.2547743068240014,0.2047369488266913,WORK,0.0951628849874635,0.14520024298477358,1.3735183746499298,1.7092039019673229,False,False
58,29,29,1,JOS:4:17,JOS,Joshua,R1,STRONG_OUTLIER,0.3499371918114649,0.2547743068240014,0.2047369488266913,WORK,0.0951628849874635,0.14520024298477358,1.3735183746499298,1.7092039019673229,False,False
59,30,30,2,JHN:11:17,JHN,John,R0,STRONG_OUTLIER,0.3497873462929519,0.2799187388240086,0.1962180196842647,WORK,0.0698686074689433,0.1535693266086872,1.2496031804175545,1.782646399427516,False,False
60,30,30,2,JHN:11:17,JHN,John,R1,STRONG_OUTLIER,0.3497873462929519,0.2799187388240086,0.1962180196842647,WORK,0.0698686074689433,0.1535693266086872,1.2496031804175545,1.782646399427516,False,False
61,31,31,3,PSA:80:18,PSA,Psalms,R0,STRONG_OUTLIER,0.3496748967365479,0.2517472342683223,0.1720894079000068,WORK,0.0979276624682256,0.1775854888365411,1.388992009198601,2.0319373574678568,False,False
62,31,31,3,PSA:80:18,PSA,Psalms,R1,STRONG_OUTLIER,0.3496748967365479,0.2517472342683223,0.1720894079000068,WORK,0.0979276624682256,0.1775854888365411,1.388992009198601,2.0319373574678568,False,False
63,32,32,3,DEU:32:40,DEU,Deuteronomy,R0,STRONG_OUTLIER,0.3478092410077298,0.2277736606676687,0.158268997269363,WORK,0.12003558034006112,0.1895402437383668,1.5269950001602601,2.1975828937349133,False,False
64,32,32,3,DEU:32:40,DEU,Deuteronomy,R1,STRONG_OUTLIER,0.3478092410077298,0.2277736606676687,0.158268997269363,WORK,0.12003558034006112,0.1895402437383668,1.5269950001602601,2.1975828937349133,False,False
65,33,33,1,1CO:16:24,1CO,1Corinthians,R0,STRONG_OUTLIER,0.3435395785092853,0.2749938527419566,0.1602659200966021,WORK,0.0685457257673287,0.1832736584126832,1.2492627565447774,2.1435597680543244,False,False
66,33,33,1,1CO:16:24,1CO,1Corinthians,R1,STRONG_OUTLIER,0.3435395785092853,0.2749938527419566,0.1602659200966021,WORK,0.0685457257673287,0.1832736584126832,1.2492627565447774,2.1435597680543244,False,False
67,34,34,1,JOB:28:20,JOB,Job,R0,STRONG_OUTLIER,0.3431936275859985,0.2593421210617336,0.1879247125578857,WORK,0.08385150652426487,0.15526891502811277,1.3233239019600096,1.8262293602300224,False,False
68,34,34,1,JOB:28:20,JOB,Job,R1,STRONG_OUTLIER,0.3431936275859985,0.2593421210617336,0.1879247125578857,WORK,0.08385150652426487,0.15526891502811277,1.3233239019600096,1.8262293602300224,False,False
69,35,35,3,JHN:7:15,JHN,John,R0,STRONG_OUTLIER,0.3426075733070276,0.2799187388240086,0.1962180196842647,WORK,0.06268883448301904,0.14638955362276293,1.22395369008301,1.7460556061992625,False,False
70,35,35,3,JHN:7:15,JHN,John,R1,STRONG_OUTLIER,0.3426075733070276,0.2799187388240086,0.1962180196842647,WORK,0.06268883448301904,0.14638955362276293,1.22395369008301,1.7460556061992625,False,False
71,36,36,7,GEN:11:20,GEN,Genesis,R0,STRONG_OUTLIER,0.3416555164279558,0.2785225450278982,0.1976616792286194,WORK,0.06313297140005758,0.14399383719933637,1.2266709554651452,1.728486359932166,False,False
72,36,36,7,GEN:11:20,GEN,Genesis,R1,STRONG_OUTLIER,0.3416555164279558,0.2785225450278982,0.1976616792286194,WORK,0.06313297140005758,0.14399383719933637,1.2266709554651452,1.728486359932166,False,False
73,37,37,2,JOB:28:8,JOB,Job,R0,STRONG_OUTLIER,0.3391226181371186,0.2593421210617336,0.1879247125578857,WORK,0.07978049707538498,0.15119790557923288,1.3076264540012539,1.804566379382701,False,False
74,37,37,2,JOB:28:8,JOB,Job,R1,STRONG_OUTLIER,0.3391226181371186,0.2593421210617336,0.1879247125578857,WORK,0.07978049707538498,0.15119790557923288,1.3076264540012539,1.804566379382701,False,False
75,38,38,1,ACT:21:15,ACT,Acts,R0,STRONG_OUTLIER,0.3366166444113375,0.2407747958049971,0.1622007514290091,WORK,0.09584184860634037,0.17441589298232837,1.3980559854112073,2.075308785228813,False,False
76,38,38,1,ACT:21:15,ACT,Acts,R1,STRONG_OUTLIER,0.3366166444113375,0.2407747958049971,0.1622007514290091,WORK,0.09584184860634037,0.17441589298232837,1.3980559854112073,2.075308785228813,False,False
77,39,39,4,PSA:48:12,PSA,Psalms,R0,STRONG_OUTLIER,0.3362723397153049,0.2517472342683223,0.1720894079000068,WORK,0.0845251054469826,0.1641829318152981,1.3357538591939102,1.954055998093138,False,False
78,39,39,4,PSA:48:12,PSA,Psalms,R1,STRONG_OUTLIER,0.3362723397153049,0.2517472342683223,0.1720894079000068,WORK,0.0845251054469826,0.1641829318152981,1.3357538591939102,1.954055998093138,False,False
79,40,40,1,ISA:59:9,ISA,Isaiah,R0,STRONG_OUTLIER,0.3319670946284206,0.2203930443072171,0.1556613590945488,WORK,0.11157405032120352,0.1763057355338718,1.5062503250586927,2.132623642498095,False,False
80,40,40,1,ISA:59:9,ISA,Isaiah,R1,STRONG_OUTLIER,0.3319670946284206,0.2203930443072171,0.1556613590945488,WORK,0.11157405032120352,0.1763057355338718,1.5062503250586927,2.132623642498095,False,False
81,41,41,2,LEV:23:5,LEV,Leviticus,R0,STRONG_OUTLIER,0.3306021974735281,0.2536937138059426,0.1520578598094974,WORK,0.07690848366758551,0.1785443376640307,1.3031548654233307,2.1741868384029366,False,False
82,41,41,2,LEV:23:5,LEV,Leviticus,R1,STRONG_OUTLIER,0.3306021974735281,0.2536937138059426,0.1520578598094974,WORK,0.07690848366758551,0.1785443376640307,1.3031548654233307,2.1741868384029366,False,False
83,42,42,1,2SA:5:4,2SA,2Samuel,R0,STRONG_OUTLIER,0.3299318407727513,0.2628056201398644,0.2042033708550034,WORK,0.06712622063288687,0.1257284699177479,1.2554215568037033,1.6157022256357492,False,False
84,42,42,1,2SA:5:4,2SA,2Samuel,R1,STRONG_OUTLIER,0.3299318407727513,0.2628056201398644,0.2042033708550034,WORK,0.06712622063288687,0.1257284699177479,1.2554215568037033,1.6157022256357492,False,False
85,43,43,1,COL:1:8,COL,Colossians,R0,STRONG_OUTLIER,0.327774974880342,0.2730871053769968,0.138006481036082,WORK,0.0546878695033452,0.18976849384426,1.200257970539651,2.375069434562604,False,False
86,43,43,1,COL:1:8,COL,Colossians,R1,STRONG_OUTLIER,0.327774974880342,0.2730871053769968,0.138006481036082,WORK,0.0546878695033452,0.18976849384426,1.200257970539651,2.375069434562604,False,False
87,44,44,3,JOB:21:25,JOB,Job,R0,STRONG_OUTLIER,0.3244934443815159,0.2593421210617336,0.1879247125578857,WORK,0.0651513233197823,0.1365687318236302,1.251217669744722,1.7267204507845846,False,False
88,44,44,3,JOB:21:25,JOB,Job,R1,STRONG_OUTLIER,0.3244934443815159,0.2593421210617336,0.1879247125578857,WORK,0.0651513233197823,0.1365687318236302,1.251217669744722,1.7267204507845846,False,False
89,45,45,1,1SA:18:3,1SA,1Samuel,R0,STRONG_OUTLIER,0.3243416904310806,0.2543100235259803,0.1939952732916444,WORK,0.07003166690510026,0.13034641713943618,1.2753791059200852,1.671905118757604,False,False
90,45,45,1,1SA:18:3,1SA,1Samuel,R1,STRONG_OUTLIER,0.3243416904310806,0.2543100235259803,0.1939952732916444,WORK,0.07003166690510026,0.13034641713943618,1.2753791059200852,1.671905118757604,False,False
91,46,46,3,1CH:12:36,1CH,1Chronicles,R0,STRONG_OUTLIER,0.3224632275056176,0.2568844066016262,0.1958660090019126,WORK,0.06557882090399142,0.12659721850370503,1.2552853315292525,1.6463460359907003,False,False
92,46,46,3,1CH:12:36,1CH,1Chronicles,R1,STRONG_OUTLIER,0.3224632275056176,0.2568844066016262,0.1958660090019126,WORK,0.06557882090399142,0.12659721850370503,1.2552853315292525,1.6463460359907003,False,False
93,47,47,4,JOB:8:3,JOB,Job,R0,STRONG_OUTLIER,0.3213954509755868,0.2593421210617336,0.1879247125578857,WORK,0.062053329913853206,0.1334707384177011,1.239272084533781,1.7102351606715303,False,False
94,47,47,4,JOB:8:3,JOB,Job,R1,STRONG_OUTLIER,0.3213954509755868,0.2593421210617336,0.1879247125578857,WORK,0.062053329913853206,0.1334707384177011,1.239272084533781,1.7102351606715303,False,False
95,48,48,2,JOS:5:13,JOS,Joshua,R0,STRONG_OUTLIER,0.3207874335203337,0.2547743068240014,0.2047369488266913,WORK,0.0660131266963323,0.11605048469364238,1.2591043324550553,1.5668272647350943,False,False
96,48,48,2,JOS:5:13,JOS,Joshua,R1,STRONG_OUTLIER,0.3207874335203337,0.2547743068240014,0.2047369488266913,WORK,0.0660131266963323,0.11605048469364238,1.2591043324550553,1.5668272647350943,False,False
97,49,49,3,LUK:10:17,LUK,Luke,R0,STRONG_OUTLIER,0.3204085585141106,0.2425750004264786,0.1904093970791806,WORK,0.07783355808763201,0.12999916143493,1.3208638893158422,1.6827350090335649,False,False
98,49,49,3,LUK:10:17,LUK,Luke,R1,STRONG_OUTLIER,0.3204085585141106,0.2425750004264786,0.1904093970791806,WORK,0.07783355808763201,0.12999916143493,1.3208638893158422,1.6827350090335649,False,False
99,50,50,5,PSA:85:7,PSA,Psalms,R0,STRONG_OUTLIER,0.3182243845334284,0.2517472342683223,0.1720894079000068,WORK,0.06647715026510609,0.1461349766334216,1.2640630808052973,1.849180541770089,False,False
100,50,50,5,PSA:85:7,PSA,Psalms,R1,STRONG_OUTLIER,0.3182243845334284,0.2517472342683223,0.1720894079000068,WORK,0.06647715026510609,0.1461349766334216,1.2640630808052973,1.849180541770089,False,False
101,51,51,6,PSA:58:5,PSA,Psalms,R0,STRONG_OUTLIER,0.317675378476926,0.2517472342683223,0.1720894079000068,WORK,0.06592814420860371,0.14558597057691922,1.261882297933549,1.845990304420784,False,False
102,51,51,6,PSA:58:5,PSA,Psalms,R1,STRONG_OUTLIER,0.317675378476926,0.2517472342683223,0.1720894079000068,WORK,0.06592814420860371,0.14558597057691922,1.261882297933549,1.845990304420784,False,False
103,52,52,5,JOB:28:12,JOB,Job,R0,STRONG_OUTLIER,0.3175139013798499,0.2593421210617336,0.1879247125578857,WORK,0.05817178031811632,0.1295891888219642,1.224305176806467,1.6895803487369836,False,False
104,52,52,5,JOB:28:12,JOB,Job,R1,STRONG_OUTLIER,0.3175139013798499,0.2593421210617336,0.1879247125578857,WORK,0.05817178031811632,0.1295891888219642,1.224305176806467,1.6895803487369836,False,False
105,53,53,8,GEN:31:17,GEN,Genesis,R0,STRONG_OUTLIER,0.3175015088869007,0.2785225450278982,0.1976616792286194,WORK,0.03897896385900251,0.1198398296582813,1.1399490438201265,1.6062876230028997,False,False
106,53,53,8,GEN:31:17,GEN,Genesis,R1,STRONG_OUTLIER,0.3175015088869007,0.2785225450278982,0.1976616792286194,WORK,0.03897896385900251,0.1198398296582813,1.1399490438201265,1.6062876230028997,False,False
107,54,54,1,EXO:1:5,EXO,Exodus,R0,STRONG_OUTLIER,0.3164479492117608,0.2061688329235183,0.1458137712888438,WORK,0.11027911628824247,0.170634177922917,1.534897126420424,2.170219907315244,False,False
108,54,54,1,EXO:1:5,EXO,Exodus,R1,STRONG_OUTLIER,0.3164479492117608,0.2061688329235183,0.1458137712888438,WORK,0.11027911628824247,0.170634177922917,1.534897126420424,2.170219907315244,False,False
109,55,55,2,ACT:2:5,ACT,Acts,R0,STRONG_OUTLIER,0.3163598546409195,0.2407747958049971,0.1622007514290091,WORK,0.07558505883592237,0.15415910321191037,1.3139242983602757,1.9504216340167921,False,False
110,55,55,2,ACT:2:5,ACT,Acts,R1,STRONG_OUTLIER,0.3163598546409195,0.2407747958049971,0.1622007514290091,WORK,0.07558505883592237,0.15415910321191037,1.3139242983602757,1.9504216340167921,False,False
111,56,56,3,ACT:10:16,ACT,Acts,R0,STRONG_OUTLIER,0.315719447061681,0.2407747958049971,0.1622007514290091,WORK,0.07494465125668387,0.15351869563267187,1.3112645200512654,1.946473393496348,False,False
112,56,56,3,ACT:10:16,ACT,Acts,R1,STRONG_OUTLIER,0.315719447061681,0.2407747958049971,0.1622007514290091,WORK,0.07494465125668387,0.15351869563267187,1.3112645200512654,1.946473393496348,False,False
113,57,57,2,1SA:20:16,1SA,1Samuel,R0,STRONG_OUTLIER,0.3148948527330172,0.2543100235259803,0.1939952732916444,WORK,0.060584829207036894,0.1208995794413728,1.238232171768281,1.623208892618829,False,False
114,57,57,2,1SA:20:16,1SA,1Samuel,R1,STRONG_OUTLIER,0.3148948527330172,0.2543100235259803,0.1939952732916444,WORK,0.060584829207036894,0.1208995794413728,1.238232171768281,1.623208892618829,False,False
115,58,58,7,PSA:89:2,PSA,Psalms,R0,STRONG_OUTLIER,0.3132818970753648,0.2517472342683223,0.1720894079000068,WORK,0.061534662807042506,0.141192489175358,1.244430342942542,1.8204600788527232,False,False
116,58,58,7,PSA:89:2,PSA,Psalms,R1,STRONG_OUTLIER,0.3132818970753648,0.2517472342683223,0.1720894079000068,WORK,0.061534662807042506,0.141192489175358,1.244430342942542,1.8204600788527232,False,False
117,59,59,8,PSA:90:15,PSA,Psalms,R0,STRONG_OUTLIER,0.3114601342304213,0.2517472342683223,0.1720894079000068,WORK,0.059712899962099,0.1393707263304145,1.2371938668388889,1.8098739372233554,False,False
118,59,59,8,PSA:90:15,PSA,Psalms,R1,STRONG_OUTLIER,0.3114601342304213,0.2517472342683223,0.1720894079000068,WORK,0.059712899962099,0.1393707263304145,1.2371938668388889,1.8098739372233554,False,False
119,60,60,9,PSA:44:17,PSA,Psalms,R0,STRONG_OUTLIER,0.3109988927107306,0.2517472342683223,0.1720894079000068,WORK,0.05925165844240832,0.13890948481072382,1.2353617056195958,1.8071936937073878,False,False
120,60,60,9,PSA:44:17,PSA,Psalms,R1,STRONG_OUTLIER,0.3109988927107306,0.2517472342683223,0.1720894079000068,WORK,0.05925165844240832,0.13890948481072382,1.2353617056195958,1.8071936937073878,False,False
121,61,61,2,2SA:6:14,2SA,2Samuel,R0,STRONG_OUTLIER,0.3109068398949275,0.2628056201398644,0.2042033708550034,WORK,0.048101219755063096,0.10670346903992411,1.1830296465100851,1.5225352970088333,False,False
122,61,61,2,2SA:6:14,2SA,2Samuel,R1,STRONG_OUTLIER,0.3109068398949275,0.2628056201398644,0.2042033708550034,WORK,0.048101219755063096,0.10670346903992411,1.1830296465100851,1.5225352970088333,False,False
123,62,62,1,JER:49:25,JER,Jeremiah,R0,STRONG_OUTLIER,0.3103136557230892,0.203825573325914,0.1595710794486916,WORK,0.10648808239717522,0.15074257627439763,1.5224471132820139,1.9446735385585163,False,False
124,62,62,1,JER:49:25,JER,Jeremiah,R1,STRONG_OUTLIER,0.3103136557230892,0.203825573325914,0.1595710794486916,WORK,0.10648808239717522,0.15074257627439763,1.5224471132820139,1.9446735385585163,False,False
125,63,63,9,GEN:8:10,GEN,Genesis,R0,STRONG_OUTLIER,0.3100847538415795,0.2785225450278982,0.1976616792286194,WORK,0.031562208813681325,0.11242307461296011,1.1133201221126279,1.5687651498848665,False,False
126,63,63,9,GEN:8:10,GEN,Genesis,R1,STRONG_OUTLIER,0.3100847538415795,0.2785225450278982,0.1976616792286194,WORK,0.031562208813681325,0.11242307461296011,1.1133201221126279,1.5687651498848665,False,False
127,64,64,2,JER:48:21,JER,Jeremiah,R0,STRONG_OUTLIER,0.3098126208352847,0.203825573325914,0.1595710794486916,WORK,0.10598704750937071,0.15024154138659312,1.5199889581073276,1.941533653251382,False,False
128,64,64,2,JER:48:21,JER,Jeremiah,R1,STRONG_OUTLIER,0.3098126208352847,0.203825573325914,0.1595710794486916,WORK,0.10598704750937071,0.15024154138659312,1.5199889581073276,1.941533653251382,False,False
129,65,65,2,EXO:15:18,EXO,Exodus,R0,STRONG_OUTLIER,0.3093949296990901,0.2061688329235183,0.1458137712888438,WORK,0.10322609677557179,0.1635811584102463,1.5006872052957936,2.1218498565969255,False,False
130,65,65,2,EXO:15:18,EXO,Exodus,R1,STRONG_OUTLIER,0.3093949296990901,0.2061688329235183,0.1458137712888438,WORK,0.10322609677557179,0.1635811584102463,1.5006872052957936,2.1218498565969255,False,False
131,66,66,4,JHN:8:1,JHN,John,R0,STRONG_OUTLIER,0.30819939397834,0.2799187388240086,0.1962180196842647,WORK,0.028280655154331424,0.11198137429407531,1.1010316610925863,1.5706987282527112,False,False
132,66,66,4,JHN:8:1,JHN,John,R1,STRONG_OUTLIER,0.30819939397834,0.2799187388240086,0.1962180196842647,WORK,0.028280655154331424,0.11198137429407531,1.1010316610925863,1.5706987282527112,False,False
133,67,67,4,DEU:2:13,DEU,Deuteronomy,R0,STRONG_OUTLIER,0.3076196777911686,0.2277736606676687,0.158268997269363,WORK,0.07984601712349992,0.1493506805218056,1.350549826039801,1.943650892458875,False,False
134,67,67,4,DEU:2:13,DEU,Deuteronomy,R1,STRONG_OUTLIER,0.3076196777911686,0.2277736606676687,0.158268997269363,WORK,0.07984601712349992,0.1493506805218056,1.350549826039801,1.943650892458875,False,False
135,68,68,1,GAL:4:26,GAL,Galatians,R0,STRONG_OUTLIER,0.3073506927225476,0.2616443134323326,0.1651665865211423,WORK,0.04570637929021504,0.1421841062014053,1.174688984028066,1.8608527257006968,False,False
136,68,68,1,GAL:4:26,GAL,Galatians,R1,STRONG_OUTLIER,0.3073506927225476,0.2616443134323326,0.1651665865211423,WORK,0.04570637929021504,0.1421841062014053,1.174688984028066,1.8608527257006968,False,False
137,69,69,10,GEN:47:16,GEN,Genesis,R0,STRONG_OUTLIER,0.3069833865287863,0.2785225450278982,0.1976616792286194,WORK,0.028460841500888123,0.10932170730016691,1.1021850547072853,1.5530748687696985,False,False
138,69,69,10,GEN:47:16,GEN,Genesis,R1,STRONG_OUTLIER,0.3069833865287863,0.2785225450278982,0.1976616792286194,WORK,0.028460841500888123,0.10932170730016691,1.1021850547072853,1.5530748687696985,False,False
139,70,70,1,ROM:16:27,ROM,Romans,R0,STRONG_OUTLIER,0.3068300332650655,0.2309266196192162,0.1560124813251275,WORK,0.07590341364584932,0.15081755193993804,1.3286906194314427,1.9667018347438285,False,False
140,70,70,1,ROM:16:27,ROM,Romans,R1,STRONG_OUTLIER,0.3068300332650655,0.2309266196192162,0.1560124813251275,WORK,0.07590341364584932,0.15081755193993804,1.3286906194314427,1.9667018347438285,False,False
141,71,71,1,2KI:11:21,2KI,2Kings,R0,STRONG_OUTLIER,0.3059654195875244,0.2042283105495926,0.1574881551780614,WORK,0.10173710903793179,0.148477264409463,1.498153800343107,1.9427836921550679,False,False
142,71,71,1,2KI:11:21,2KI,2Kings,R1,STRONG_OUTLIER,0.3059654195875244,0.2042283105495926,0.1574881551780614,WORK,0.10173710903793179,0.148477264409463,1.498153800343107,1.9427836921550679,False,False
143,72,72,4,1CH:11:7,1CH,1Chronicles,R0,STRONG_OUTLIER,0.3057480658140206,0.2568844066016262,0.1958660090019126,WORK,0.048863659212394384,0.109882056812108,1.1902165252411434,1.5610062581661885,False,False
144,72,72,4,1CH:11:7,1CH,1Chronicles,R1,STRONG_OUTLIER,0.3057480658140206,0.2568844066016262,0.1958660090019126,WORK,0.048863659212394384,0.109882056812108,1.1902165252411434,1.5610062581661885,False,False
145,73,73,2,1CO:16:14,1CO,1Corinthians,R0,STRONG_OUTLIER,0.3056874124410454,0.2749938527419566,0.1602659200966021,WORK,0.030693559699088824,0.14542149234444332,1.1116154393745319,1.907376267248763,False,False
146,73,73,2,1CO:16:14,1CO,1Corinthians,R1,STRONG_OUTLIER,0.3056874124410454,0.2749938527419566,0.1602659200966021,WORK,0.030693559699088824,0.14542149234444332,1.1116154393745319,1.907376267248763,False,False
147,74,74,3,JER:33:17,JER,Jeremiah,R0,STRONG_OUTLIER,0.3042928000977183,0.203825573325914,0.1595710794486916,WORK,0.10046722677180431,0.14472172064902672,1.4929078580888313,1.906942042060701,False,False
148,74,74,3,JER:33:17,JER,Jeremiah,R1,STRONG_OUTLIER,0.3042928000977183,0.203825573325914,0.1595710794486916,WORK,0.10046722677180431,0.14472172064902672,1.4929078580888313,1.906942042060701,False,False
149,75,75,2,NEH:7:36,NEH,Nehemiah,R0,STRONG_OUTLIER,0.3031543197704123,0.249097416043593,0.1712008590080952,WORK,0.05405690372681929,0.1319534607623171,1.2170110978483981,1.770752328737309,False,False
150,75,75,2,NEH:7:36,NEH,Nehemiah,R1,STRONG_OUTLIER,0.3031543197704123,0.249097416043593,0.1712008590080952,WORK,0.05405690372681929,0.1319534607623171,1.2170110978483981,1.770752328737309,False,False
151,76,76,4,LUK:9:51,LUK,Luke,R0,STRONG_OUTLIER,0.3025274135802152,0.2425750004264786,0.1904093970791806,WORK,0.05995241315373659,0.11211801650103459,1.247150007413511,1.5888260675202444,False,False
152,76,76,4,LUK:9:51,LUK,Luke,R1,STRONG_OUTLIER,0.3025274135802152,0.2425750004264786,0.1904093970791806,WORK,0.05995241315373659,0.11211801650103459,1.247150007413511,1.5888260675202444,False,False
153,77,77,6,JOB:30:4,JOB,Job,R0,STRONG_OUTLIER,0.3019294097957513,0.2593421210617336,0.1879247125578857,WORK,0.04258728873401768,0.11400469723786558,1.164212772532543,1.6066509065578545,False,False
154,77,77,6,JOB:30:4,JOB,Job,R1,STRONG_OUTLIER,0.3019294097957513,0.2593421210617336,0.1879247125578857,WORK,0.04258728873401768,0.11400469723786558,1.164212772532543,1.6066509065578545,False,False
155,78,78,2,EPH:5:7,EPH,Ephesians,R0,STRONG_OUTLIER,0.3012893965485023,0.3000571320932129,0.2029310592154672,WORK,0.0012322644552894002,0.09835833733303509,1.0041067660904877,1.4846884341573392,False,False
156,78,78,2,EPH:5:7,EPH,Ephesians,R1,STRONG_OUTLIER,0.3012893965485023,0.3000571320932129,0.2029310592154672,WORK,0.0012322644552894002,0.09835833733303509,1.0041067660904877,1.4846884341573392,False,False
157,79,79,2,PRO:4:7,PRO,Proverbs,R0,STRONG_OUTLIER,0.3010664105021882,0.2365615998472131,0.1658406971808283,WORK,0.0645048106549751,0.13522571332135988,1.272676591199233,1.815395229398447,False,False
158,79,79,2,PRO:4:7,PRO,Proverbs,R1,STRONG_OUTLIER,0.3010664105021882,0.2365615998472131,0.1658406971808283,WORK,0.0645048106549751,0.13522571332135988,1.272676591199233,1.815395229398447,False,False
159,80,80,2,EZR:2:34,EZR,Ezra,R0,STRONG_OUTLIER,0.3005829485998124,0.2643609161924914,0.1937090361219623,WORK,0.03622203240732097,0.10687391247785008,1.1370173508588777,1.5517239392516544,False,False
160,80,80,2,EZR:2:34,EZR,Ezra,R1,STRONG_OUTLIER,0.3005829485998124,0.2643609161924914,0.1937090361219623,WORK,0.03622203240732097,0.10687391247785008,1.1370173508588777,1.5517239392516544,False,False
161,81,81,10,PSA:119:93,PSA,Psalms,R0,STRONG_OUTLIER,0.3004568295653783,0.2517472342683223,0.1720894079000068,WORK,0.048709595297055985,0.1283674216653715,1.1934861188788248,1.7459344722712968,False,False
162,81,81,10,PSA:119:93,PSA,Psalms,R1,STRONG_OUTLIER,0.3004568295653783,0.2517472342683223,0.1720894079000068,WORK,0.048709595297055985,0.1283674216653715,1.1934861188788248,1.7459344722712968,False,False
163,82,82,3,JOS:3:11,JOS,Joshua,R0,STRONG_OUTLIER,0.3001837730860344,0.2547743068240014,0.2047369488266913,WORK,0.045409466262033016,0.09544682425934309,1.1782340881547446,1.4661924718832178,False,False
164,82,82,3,JOS:3:11,JOS,Joshua,R1,STRONG_OUTLIER,0.3001837730860344,0.2547743068240014,0.2047369488266913,WORK,0.045409466262033016,0.09544682425934309,1.1782340881547446,1.4661924718832178,False,False
165,83,83,5,DEU:33:25,DEU,Deuteronomy,R0,STRONG_OUTLIER,0.2998167183550807,0.2277736606676687,0.158268997269363,WORK,0.07204305768741204,0.14154772108571773,1.3162923117459393,1.8943490104054503,False,False
166,83,83,5,DEU:33:25,DEU,Deuteronomy,R1,STRONG_OUTLIER,0.2998167183550807,0.2277736606676687,0.158268997269363,WORK,0.07204305768741204,0.14154772108571773,1.3162923117459393,1.8943490104054503,False,False
167,84,84,1,NUM:19:15,NUM,Numbers,R0,STRONG_OUTLIER,0.299551182031171,0.2060272335177108,0.1521304504522337,WORK,0.09352394851346019,0.1474207315789373,1.4539397385318023,1.9690415767566851,False,False
168,84,84,1,NUM:19:15,NUM,Numbers,R1,STRONG_OUTLIER,0.299551182031171,0.2060272335177108,0.1521304504522337,WORK,0.09352394851346019,0.1474207315789373,1.4539397385318023,1.9690415767566851,False,False
169,85,85,5,1CH:23:3,1CH,1Chronicles,R0,STRONG_OUTLIER,0.2990025199196919,0.2568844066016262,0.1958660090019126,WORK,0.0421181133180657,0.10313651091777931,1.1639574541532296,1.5265666638297215,False,False
170,85,85,5,1CH:23:3,1CH,1Chronicles,R1,STRONG_OUTLIER,0.2990025199196919,0.2568844066016262,0.1958660090019126,WORK,0.0421181133180657,0.10313651091777931,1.1639574541532296,1.5265666638297215,False,False
171,86,86,11,PSA:7:2,PSA,Psalms,R0,STRONG_OUTLIER,0.2988066235100954,0.2517472342683223,0.1720894079000068,WORK,0.04705938924177311,0.1267172156100886,1.18693110722168,1.7363452356330853,False,False
172,86,86,11,PSA:7:2,PSA,Psalms,R1,STRONG_OUTLIER,0.2988066235100954,0.2517472342683223,0.1720894079000068,WORK,0.04705938924177311,0.1267172156100886,1.18693110722168,1.7363452356330853,False,False
173,87,87,3,MAT:20:17,MAT,Matthew,R0,STRONG_OUTLIER,0.2987054091055837,0.2574919331800241,0.1896752365333116,WORK,0.04121347592555957,0.1090301725722721,1.1600573478810514,1.5748255521649173,False,False
174,87,87,3,MAT:20:17,MAT,Matthew,R1,STRONG_OUTLIER,0.2987054091055837,0.2574919331800241,0.1896752365333116,WORK,0.04121347592555957,0.1090301725722721,1.1600573478810514,1.5748255521649173,False,False
175,88,88,6,DEU:3:7,DEU,Deuteronomy,R0,STRONG_OUTLIER,0.2976527545946136,0.2277736606676687,0.158268997269363,WORK,0.06987909392694491,0.1393837573252506,1.3067918113187873,1.8806763151979096,False,False
176,88,88,6,DEU:3:7,DEU,Deuteronomy,R1,STRONG_OUTLIER,0.2976527545946136,0.2277736606676687,0.158268997269363,WORK,0.06987909392694491,0.1393837573252506,1.3067918113187873,1.8806763151979096,False,False
177,89,89,3,MRK:8:5,MRK,Mark,R0,STRONG_OUTLIER,0.2965251048565553,0.2485395579355932,0.180716099125319,WORK,0.0479855469209621,0.11580900573123631,1.1930700582214648,1.6408339173530282,False,False
178,89,89,3,MRK:8:5,MRK,Mark,R1,STRONG_OUTLIER,0.2965251048565553,0.2485395579355932,0.180716099125319,WORK,0.0479855469209621,0.11580900573123631,1.1930700582214648,1.6408339173530282,False,False
179,90,90,5,JHN:11:36,JHN,John,R0,STRONG_OUTLIER,0.2958166460155398,0.2799187388240086,0.1962180196842647,WORK,0.015897907191531224,0.09959862633127511,1.0567947228482142,1.5075916396034357,False,False
180,90,90,5,JHN:11:36,JHN,John,R1,STRONG_OUTLIER,0.2958166460155398,0.2799187388240086,0.1962180196842647,WORK,0.015897907191531224,0.09959862633127511,1.0567947228482142,1.5075916396034357,False,False
181,91,91,12,PSA:50:10,PSA,Psalms,R0,STRONG_OUTLIER,0.2945650922632115,0.2517472342683223,0.1720894079000068,WORK,0.042817857994889186,0.12247568436320469,1.1700827344512241,1.7116979822161376,False,False
182,91,91,12,PSA:50:10,PSA,Psalms,R1,STRONG_OUTLIER,0.2945650922632115,0.2517472342683223,0.1720894079000068,WORK,0.042817857994889186,0.12247568436320469,1.1700827344512241,1.7116979822161376,False,False
183,92,92,13,PSA:22:21,PSA,Psalms,R0,STRONG_OUTLIER,0.2940807001104293,0.2517472342683223,0.1720894079000068,WORK,0.04233346584210701,0.12199129221042251,1.1681586134010367,1.7088832119249664,False,False
184,92,92,13,PSA:22:21,PSA,Psalms,R1,STRONG_OUTLIER,0.2940807001104293,0.2517472342683223,0.1720894079000068,WORK,0.04233346584210701,0.12199129221042251,1.1681586134010367,1.7088832119249664,False,False
185,93,93,2,LAM:3:38,LAM,Lamentations,R0,STRONG_OUTLIER,0.2940781555190245,0.2938539035754291,0.1679356922785318,WORK,0.00022425194359537715,0.1261424632404927,1.0007631409379518,1.7511355181796469,False,False
186,93,93,2,LAM:3:38,LAM,Lamentations,R1,STRONG_OUTLIER,0.2940781555190245,0.2938539035754291,0.1679356922785318,WORK,0.00022425194359537715,0.1261424632404927,1.0007631409379518,1.7511355181796469,False,False
187,94,94,11,GEN:30:5,GEN,Genesis,R0,STRONG_OUTLIER,0.2937679705658492,0.2785225450278982,0.1976616792286194,WORK,0.015245425537950996,0.09610629133722978,1.0547367737732827,1.4862161027483296,False,False
188,94,94,11,GEN:30:5,GEN,Genesis,R1,STRONG_OUTLIER,0.2937679705658492,0.2785225450278982,0.1976616792286194,WORK,0.015245425537950996,0.09610629133722978,1.0547367737732827,1.4862161027483296,False,False
189,95,95,3,2SA:15:30,2SA,2Samuel,R0,STRONG_OUTLIER,0.2928712695272103,0.2628056201398644,0.2042033708550034,WORK,0.030065649387345905,0.08866789867220692,1.1144026119812243,1.4342136875652578,False,False
190,95,95,3,2SA:15:30,2SA,2Samuel,R1,STRONG_OUTLIER,0.2928712695272103,0.2628056201398644,0.2042033708550034,WORK,0.030065649387345905,0.08866789867220692,1.1144026119812243,1.4342136875652578,False,False
191,96,96,6,JHN:5:1,JHN,John,R0,STRONG_OUTLIER,0.2926074437154558,0.2799187388240086,0.1962180196842647,WORK,0.012688704891447189,0.09638942403119108,1.0453299587757319,1.4912363512091893,False,False
192,96,96,6,JHN:5:1,JHN,John,R1,STRONG_OUTLIER,0.2926074437154558,0.2799187388240086,0.1962180196842647,WORK,0.012688704891447189,0.09638942403119108,1.0453299587757319,1.4912363512091893,False,False
193,97,97,7,JHN:11:26,JHN,John,R0,STRONG_OUTLIER,0.2912036982998637,0.2799187388240086,0.1962180196842647,WORK,0.011284959475855116,0.094985678615599,1.04031512689456,1.484082342531236,False,False
194,97,97,7,JHN:11:26,JHN,John,R1,STRONG_OUTLIER,0.2912036982998637,0.2799187388240086,0.1962180196842647,WORK,0.011284959475855116,0.094985678615599,1.04031512689456,1.484082342531236,False,False
195,98,98,8,JHN:8:35,JHN,John,R0,STRONG_OUTLIER,0.2899593141857012,0.2799187388240086,0.1962180196842647,WORK,0.010040575361692616,0.0937412945014365,1.0358696077435723,1.4777404983103797,False,False
196,98,98,8,JHN:8:35,JHN,John,R1,STRONG_OUTLIER,0.2899593141857012,0.2799187388240086,0.1962180196842647,WORK,0.010040575361692616,0.0937412945014365,1.0358696077435723,1.4777404983103797,False,False
197,99,99,3,1CO:16:9,1CO,1Corinthians,R0,STRONG_OUTLIER,0.28890505661511,0.2749938527419566,0.1602659200966021,WORK,0.013911203873153422,0.12863913651850792,1.0505873267145618,1.8026605808706506,False,False
198,99,99,3,1CO:16:9,1CO,1Corinthians,R1,STRONG_OUTLIER,0.28890505661511,0.2749938527419566,0.1602659200966021,WORK,0.013911203873153422,0.12863913651850792,1.0505873267145618,1.8026605808706506,False,False
199,100,100,1,2TH:3:18,2TH,2Thessalonians,R0,STRONG_OUTLIER,0.2883372534029018,0.1603533369842948,0.1450524842636141,WORK,0.12798391641860699,0.14328476913928767,1.7981369070675586,1.9878132723248376,True,False
200,100,100,1,2TH:3:18,2TH,2Thessalonians,R1,STRONG_OUTLIER,0.2883372534029018,0.1603533369842948,0.1450524842636141,WORK,0.12798391641860699,0.14328476913928767,1.7981369070675586,1.9878132723248376,True,False
201,101,101,7,JOB:28:18,JOB,Job,R0,STRONG_OUTLIER,0.2882687170684062,0.2593421210617336,0.1879247125578857,WORK,0.028926596006672578,0.10034400451052047,1.1115383644131873,1.5339585366113673,False,False
202,101,101,7,JOB:28:18,JOB,Job,R1,STRONG_OUTLIER,0.2882687170684062,0.2593421210617336,0.1879247125578857,WORK,0.028926596006672578,0.10034400451052047,1.1115383644131873,1.5339585366113673,False,False
203,102,102,1,JON:3:4,JON,Jonah,R0,STRONG_OUTLIER,0.2878114225173253,0.2656228112852224,0.2380502099550021,WORK,0.02218861123210286,0.04976121256232319,1.0835342835381596,1.209036625389784,True,False
204,102,102,1,JON:3:4,JON,Jonah,R1,STRONG_OUTLIER,0.2878114225173253,0.2656228112852224,0.2380502099550021,WORK,0.02218861123210286,0.04976121256232319,1.0835342835381596,1.209036625389784,True,False
205,103,103,8,JOB:4:11,JOB,Job,R0,STRONG_OUTLIER,0.2872002235938483,0.2593421210617336,0.1879247125578857,WORK,0.02785810253211468,0.09927551103596258,1.1074183492371583,1.5282727837371741,False,False
206,103,103,8,JOB:4:11,JOB,Job,R1,STRONG_OUTLIER,0.2872002235938483,0.2593421210617336,0.1879247125578857,WORK,0.02785810253211468,0.09927551103596258,1.1074183492371583,1.5282727837371741,False,False
207,104,104,6,1CH:29:26,1CH,1Chronicles,R0,STRONG_OUTLIER,0.2870302457046848,0.2568844066016262,0.1958660090019126,WORK,0.030145839103058625,0.09116423670277224,1.1173517672865543,1.4654418455112446,False,False
208,104,104,6,1CH:29:26,1CH,1Chronicles,R1,STRONG_OUTLIER,0.2870302457046848,0.2568844066016262,0.1958660090019126,WORK,0.030145839103058625,0.09116423670277224,1.1173517672865543,1.4654418455112446,False,False
209,105,105,5,LUK:22:13,LUK,Luke,R0,STRONG_OUTLIER,0.2866755685709236,0.2425750004264786,0.1904093970791806,WORK,0.04410056814444499,0.09626617149174299,1.1818017852907778,1.5055746878485796,False,False
210,105,105,5,LUK:22:13,LUK,Luke,R1,STRONG_OUTLIER,0.2866755685709236,0.2425750004264786,0.1904093970791806,WORK,0.04410056814444499,0.09626617149174299,1.1818017852907778,1.5055746878485796,False,False
211,106,106,3,PRO:21:15,PRO,Proverbs,R0,STRONG_OUTLIER,0.2861692902686765,0.2365615998472131,0.1658406971808283,WORK,0.0496076904214634,0.12032859308784818,1.2097030560052997,1.7255673374108231,False,False
212,106,106,3,PRO:21:15,PRO,Proverbs,R1,STRONG_OUTLIER,0.2861692902686765,0.2365615998472131,0.1658406971808283,WORK,0.0496076904214634,0.12032859308784818,1.2097030560052997,1.7255673374108231,False,False
213,107,107,1,2CH:21:5,2CH,2Chronicles,R0,STRONG_OUTLIER,0.2858025425911025,0.2156992211395015,0.1608023572188025,WORK,0.070103321451601,0.12500018537229998,1.3250049818504552,1.7773529414261833,False,False
214,107,107,1,2CH:21:5,2CH,2Chronicles,R1,STRONG_OUTLIER,0.2858025425911025,0.2156992211395015,0.1608023572188025,WORK,0.070103321451601,0.12500018537229998,1.3250049818504552,1.7773529414261833,False,False
215,108,108,4,MAT:13:58,MAT,Matthew,R0,STRONG_OUTLIER,0.2856175424932635,0.2574919331800241,0.1896752365333116,WORK,0.028125609313239375,0.0959423059599519,1.1092290891053875,1.5058241007813484,False,False
216,108,108,4,MAT:13:58,MAT,Matthew,R1,STRONG_OUTLIER,0.2856175424932635,0.2574919331800241,0.1896752365333116,WORK,0.028125609313239375,0.0959423059599519,1.1092290891053875,1.5058241007813484,False,False
217,109,109,14,PSA:59:2,PSA,Psalms,R0,STRONG_OUTLIER,0.2854488832464531,0.2517472342683223,0.1720894079000068,WORK,0.03370164897813083,0.11335947534644633,1.1338709800569655,1.6587243034290309,False,False
218,109,109,14,PSA:59:2,PSA,Psalms,R1,STRONG_OUTLIER,0.2854488832464531,0.2517472342683223,0.1720894079000068,WORK,0.03370164897813083,0.11335947534644633,1.1338709800569655,1.6587243034290309,False,False
219,110,110,1,DAN:8:3,DAN,Daniel,R0,STRONG_OUTLIER,0.2854073144041377,0.2230599517621362,0.1564706148641274,WORK,0.0623473626420015,0.1289366995400103,1.2795094419660176,1.8240313981764154,False,False
220,110,110,1,DAN:8:3,DAN,Daniel,R1,STRONG_OUTLIER,0.2854073144041377,0.2230599517621362,0.1564706148641274,WORK,0.0623473626420015,0.1289366995400103,1.2795094419660176,1.8240313981764154,False,False
221,111,111,12,GEN:46:19,GEN,Genesis,R0,STRONG_OUTLIER,0.2850666764481562,0.2785225450278982,0.1976616792286194,WORK,0.006544131420258004,0.08740499721953679,1.0234958768583797,1.4421949543312462,False,False
222,111,111,12,GEN:46:19,GEN,Genesis,R1,STRONG_OUTLIER,0.2850666764481562,0.2785225450278982,0.1976616792286194,WORK,0.006544131420258004,0.08740499721953679,1.0234958768583797,1.4421949543312462,False,False
223,112,112,15,PSA:105:10,PSA,Psalms,R0,STRONG_OUTLIER,0.2846670231779606,0.2517472342683223,0.1720894079000068,WORK,0.032919788909638315,0.11257761527795382,1.1307652455659198,1.6541809670434073,False,False
224,112,112,15,PSA:105:10,PSA,Psalms,R1,STRONG_OUTLIER,0.2846670231779606,0.2517472342683223,0.1720894079000068,WORK,0.032919788909638315,0.11257761527795382,1.1307652455659198,1.6541809670434073,False,False
225,113,113,5,MAT:28:14,MAT,Matthew,R0,STRONG_OUTLIER,0.2842678237672419,0.2574919331800241,0.1896752365333116,WORK,0.0267758905872178,0.09459258723393033,1.1039872987729584,1.4987081548587793,False,False
226,113,113,5,MAT:28:14,MAT,Matthew,R1,STRONG_OUTLIER,0.2842678237672419,0.2574919331800241,0.1896752365333116,WORK,0.0267758905872178,0.09459258723393033,1.1039872987729584,1.4987081548587793,False,False
227,114,114,1,PHP:3:16,PHP,Philippians,R0,STRONG_OUTLIER,0.2835462840559614,0.2439662099883969,0.171683262334117,WORK,0.039580074067564475,0.1118630217218444,1.1622358853279187,1.6515662633678585,False,False
228,114,114,1,PHP:3:16,PHP,Philippians,R1,STRONG_OUTLIER,0.2835462840559614,0.2439662099883969,0.171683262334117,WORK,0.039580074067564475,0.1118630217218444,1.1622358853279187,1.6515662633678585,False,False
229,115,115,4,1CO:13:6,1CO,1Corinthians,R0,STRONG_OUTLIER,0.2833530044621389,0.2749938527419566,0.1602659200966021,WORK,0.008359151720182312,0.12308708436553681,1.030397594843788,1.768017831185474,False,False
230,115,115,4,1CO:13:6,1CO,1Corinthians,R1,STRONG_OUTLIER,0.2833530044621389,0.2749938527419566,0.1602659200966021,WORK,0.008359151720182312,0.12308708436553681,1.030397594843788,1.768017831185474,False,False
231,116,116,13,GEN:35:24,GEN,Genesis,R0,STRONG_OUTLIER,0.2832369259753031,0.2785225450278982,0.1976616792286194,WORK,0.004714380947404895,0.08557524674668368,1.0169263890179256,1.4329379730084437,False,False
232,116,116,13,GEN:35:24,GEN,Genesis,R1,STRONG_OUTLIER,0.2832369259753031,0.2785225450278982,0.1976616792286194,WORK,0.004714380947404895,0.08557524674668368,1.0169263890179256,1.4329379730084437,False,False
233,117,117,4,JER:15:12,JER,Jeremiah,R0,STRONG_OUTLIER,0.2831232070401905,0.203825573325914,0.1595710794486916,WORK,0.0792976337142765,0.12355212759149892,1.3890465382745707,1.7742764416858245,False,False
234,117,117,4,JER:15:12,JER,Jeremiah,R1,STRONG_OUTLIER,0.2831232070401905,0.203825573325914,0.1595710794486916,WORK,0.0792976337142765,0.12355212759149892,1.3890465382745707,1.7742764416858245,False,False
235,118,118,1,1JN:4:19,1JN,1John,R0,STRONG_OUTLIER,0.2813481402701943,0.2177941649094253,0.2009684727039759,WORK,0.06355397536076898,0.0803796675662184,1.2918075210472206,1.3999615784741355,False,False
236,118,118,1,1JN:4:19,1JN,1John,R1,STRONG_OUTLIER,0.2813481402701943,0.2177941649094253,0.2009684727039759,WORK,0.06355397536076898,0.0803796675662184,1.2918075210472206,1.3999615784741355,False,False
237,119,119,14,GEN:49:27,GEN,Genesis,R0,STRONG_OUTLIER,0.2812170103385831,0.2785225450278982,0.1976616792286194,WORK,0.0026944653106849015,0.08355533110996369,1.0096741371884814,1.4227189176781299,False,False
238,119,119,14,GEN:49:27,GEN,Genesis,R1,STRONG_OUTLIER,0.2812170103385831,0.2785225450278982,0.1976616792286194,WORK,0.0026944653106849015,0.08355533110996369,1.0096741371884814,1.4227189176781299,False,False
239,120,120,9,JHN:11:55,JHN,John,R0,STRONG_OUTLIER,0.2811944629738599,0.2799187388240086,0.1962180196842647,WORK,0.0012757241498513316,0.08497644328959522,1.0045574803430841,1.4330715569667414,False,False
240,120,120,9,JHN:11:55,JHN,John,R1,STRONG_OUTLIER,0.2811944629738599,0.2799187388240086,0.1962180196842647,WORK,0.0012757241498513316,0.08497644328959522,1.0045574803430841,1.4330715569667414,False,False
241,121,121,1,JOE:3:20,JOE,Joel,R0,STRONG_OUTLIER,0.2811396725544317,0.1953566744675042,0.1475193186155204,WORK,0.08578299808692746,0.13362035393891128,1.4391096353413646,1.9057820710734572,False,False
242,121,121,1,JOE:3:20,JOE,Joel,R1,STRONG_OUTLIER,0.2811396725544317,0.1953566744675042,0.1475193186155204,WORK,0.08578299808692746,0.13362035393891128,1.4391096353413646,1.9057820710734572,False,False
243,122,122,15,GEN:11:26,GEN,Genesis,R0,STRONG_OUTLIER,0.2789631361702901,0.2785225450278982,0.1976616792286194,WORK,0.00044059114239192176,0.08130145694167071,1.0015818868176283,1.4113162311427894,False,False
244,122,122,15,GEN:11:26,GEN,Genesis,R1,STRONG_OUTLIER,0.2789631361702901,0.2785225450278982,0.1976616792286194,WORK,0.00044059114239192176,0.08130145694167071,1.0015818868176283,1.4113162311427894,False,False
245,123,123,16,GEN:41:18,GEN,Genesis,R0,STRONG_OUTLIER,0.2788394784629762,0.2785225450278982,0.1976616792286194,WORK,0.0003169334350779929,0.08117779923435678,1.0011379094465989,1.4106906283056764,False,False
246,123,123,16,GEN:41:18,GEN,Genesis,R1,STRONG_OUTLIER,0.2788394784629762,0.2785225450278982,0.1976616792286194,WORK,0.0003169334350779929,0.08117779923435678,1.0011379094465989,1.4106906283056764,False,False
247,124,124,3,LEV:15:20,LEV,Leviticus,R0,STRONG_OUTLIER,0.278479424847831,0.2536937138059426,0.1520578598094974,WORK,0.024785711041888425,0.1264215650383336,1.0976993504097927,1.8314043430357252,False,False
248,124,124,3,LEV:15:20,LEV,Leviticus,R1,STRONG_OUTLIER,0.278479424847831,0.2536937138059426,0.1520578598094974,WORK,0.024785711041888425,0.1264215650383336,1.0976993504097927,1.8314043430357252,False,False
249,125,125,3,1SA:30:20,1SA,1Samuel,R0,STRONG_OUTLIER,0.2783002287047684,0.2543100235259803,0.1939952732916444,WORK,0.023990205178788082,0.084304955413124,1.0943344853111432,1.4345722139651487,False,False
250,125,125,3,1SA:30:20,1SA,1Samuel,R1,STRONG_OUTLIER,0.2783002287047684,0.2543100235259803,0.1939952732916444,WORK,0.023990205178788082,0.084304955413124,1.0943344853111432,1.4345722139651487,False,False
251,126,126,3,EZR:2:40,EZR,Ezra,R0,STRONG_OUTLIER,0.2778563276641298,0.2643609161924914,0.1937090361219623,WORK,0.013495411471638408,0.08414729154216752,1.051049193148551,1.4344004452594923,False,False
252,126,126,3,EZR:2:40,EZR,Ezra,R1,STRONG_OUTLIER,0.2778563276641298,0.2643609161924914,0.1937090361219623,WORK,0.013495411471638408,0.08414729154216752,1.051049193148551,1.4344004452594923,False,False
253,127,127,7,DEU:30:12,DEU,Deuteronomy,R0,STRONG_OUTLIER,0.2777500276894982,0.2277736606676687,0.158268997269363,WORK,0.049976367021829504,0.11948103042013519,1.2194124064886813,1.7549237847055204,False,False
254,127,127,7,DEU:30:12,DEU,Deuteronomy,R1,STRONG_OUTLIER,0.2777500276894982,0.2277736606676687,0.158268997269363,WORK,0.049976367021829504,0.11948103042013519,1.2194124064886813,1.7549237847055204,False,False
255,128,128,4,JOS:8:3,JOS,Joshua,R0,STRONG_OUTLIER,0.2771465078158858,0.2547743068240014,0.2047369488266913,WORK,0.022372200991884417,0.07240955898919449,1.0878118412754203,1.3536711834583839,False,False
256,128,128,4,JOS:8:3,JOS,Joshua,R1,STRONG_OUTLIER,0.2771465078158858,0.2547743068240014,0.2047369488266913,WORK,0.022372200991884417,0.07240955898919449,1.0878118412754203,1.3536711834583839,False,False
257,129,129,6,MAT:13:45,MAT,Matthew,R0,STRONG_OUTLIER,0.277109666369673,0.2574919331800241,0.1896752365333116,WORK,0.019617733189648878,0.0874344298363614,1.0761877583789519,1.4609691356362473,False,False
258,129,129,6,MAT:13:45,MAT,Matthew,R1,STRONG_OUTLIER,0.277109666369673,0.2574919331800241,0.1896752365333116,WORK,0.019617733189648878,0.0874344298363614,1.0761877583789519,1.4609691356362473,False,False
259,130,130,7,MAT:25:14,MAT,Matthew,R0,STRONG_OUTLIER,0.2770216859335155,0.2574919331800241,0.1896752365333116,WORK,0.01952975275349139,0.08734644940020392,1.0758460760781863,1.4605052878627294,False,False
260,130,130,7,MAT:25:14,MAT,Matthew,R1,STRONG_OUTLIER,0.2770216859335155,0.2574919331800241,0.1896752365333116,WORK,0.01952975275349139,0.08734644940020392,1.0758460760781863,1.4605052878627294,False,False
261,131,131,4,2SA:1:15,2SA,2Samuel,R0,STRONG_OUTLIER,0.2770168529363594,0.2628056201398644,0.2042033708550034,WORK,0.014211232796495,0.07281348208135602,1.0540750718684473,1.356573360060045,False,False
262,131,131,4,2SA:1:15,2SA,2Samuel,R1,STRONG_OUTLIER,0.2770168529363594,0.2628056201398644,0.2042033708550034,WORK,0.014211232796495,0.07281348208135602,1.0540750718684473,1.356573360060045,False,False
263,132,132,4,MRK:8:19,MRK,Mark,R0,STRONG_OUTLIER,0.2759925363305616,0.2485395579355932,0.180716099125319,WORK,0.02745297839496838,0.09527643720524259,1.1104571788209368,1.5272161012017662,False,False
264,132,132,4,MRK:8:19,MRK,Mark,R1,STRONG_OUTLIER,0.2759925363305616,0.2485395579355932,0.180716099125319,WORK,0.02745297839496838,0.09527643720524259,1.1104571788209368,1.5272161012017662,False,False
265,133,133,5,2SA:6:10,2SA,2Samuel,R0,STRONG_OUTLIER,0.2759693399857729,0.2628056201398644,0.2042033708550034,WORK,0.013163719845908473,0.07176596913076949,1.0500891869774427,1.3514436065882949,False,False
266,133,133,5,2SA:6:10,2SA,2Samuel,R1,STRONG_OUTLIER,0.2759693399857729,0.2628056201398644,0.2042033708550034,WORK,0.013163719845908473,0.07176596913076949,1.0500891869774427,1.3514436065882949,False,False
267,134,134,4,ACT:11:10,ACT,Acts,R0,STRONG_OUTLIER,0.2754847694261245,0.2407747958049971,0.1622007514290091,WORK,0.03470997362112738,0.11328401799711538,1.1441594976960914,1.6984185769737123,False,False
268,134,134,4,ACT:11:10,ACT,Acts,R1,STRONG_OUTLIER,0.2754847694261245,0.2407747958049971,0.1622007514290091,WORK,0.03470997362112738,0.11328401799711538,1.1441594976960914,1.6984185769737123,False,False
269,135,135,5,1CO:15:30,1CO,1Corinthians,R0,STRONG_OUTLIER,0.27536236188285,0.2749938527419566,0.1602659200966021,WORK,0.0003685091408934249,0.11509644178624792,1.001340063194937,1.718159180173004,False,False
270,135,135,5,1CO:15:30,1CO,1Corinthians,R1,STRONG_OUTLIER,0.27536236188285,0.2749938527419566,0.1602659200966021,WORK,0.0003685091408934249,0.11509644178624792,1.001340063194937,1.718159180173004,False,False
271,136,136,9,JOB:14:3,JOB,Job,R0,STRONG_OUTLIER,0.2750925382745953,0.2593421210617336,0.1879247125578857,WORK,0.01575041721286169,0.08716782571670958,1.060732198643168,1.4638444009318872,False,False
272,136,136,9,JOB:14:3,JOB,Job,R1,STRONG_OUTLIER,0.2750925382745953,0.2593421210617336,0.1879247125578857,WORK,0.01575041721286169,0.08716782571670958,1.060732198643168,1.4638444009318872,False,False
273,137,137,3,EXO:12:2,EXO,Exodus,R0,STRONG_OUTLIER,0.2750758958461875,0.2061688329235183,0.1458137712888438,WORK,0.06890706292266921,0.12926212455734373,1.3342263810953008,1.8864877673404883,False,False
274,137,137,3,EXO:12:2,EXO,Exodus,R1,STRONG_OUTLIER,0.2750758958461875,0.2061688329235183,0.1458137712888438,WORK,0.06890706292266921,0.12926212455734373,1.3342263810953008,1.8864877673404883,False,False
275,138,138,16,PSA:124:3,PSA,Psalms,R0,STRONG_OUTLIER,0.2750383143920847,0.2517472342683223,0.1720894079000068,WORK,0.02329108012376241,0.10294890649207791,1.092517719972001,1.5982291864929699,False,False
276,138,138,16,PSA:124:3,PSA,Psalms,R1,STRONG_OUTLIER,0.2750383143920847,0.2517472342683223,0.1720894079000068,WORK,0.02329108012376241,0.10294890649207791,1.092517719972001,1.5982291864929699,False,False
277,139,139,17,PSA:136:23,PSA,Psalms,R0,STRONG_OUTLIER,0.2749503762908017,0.2517472342683223,0.1720894079000068,WORK,0.023203142022479417,0.10286096839079492,1.0921684088801094,1.597718184088138,False,False
278,139,139,17,PSA:136:23,PSA,Psalms,R1,STRONG_OUTLIER,0.2749503762908017,0.2517472342683223,0.1720894079000068,WORK,0.023203142022479417,0.10286096839079492,1.0921684088801094,1.597718184088138,False,False
279,140,140,18,PSA:114:3,PSA,Psalms,R0,STRONG_OUTLIER,0.2746053066355637,0.2517472342683223,0.1720894079000068,WORK,0.02285807236724141,0.10251589873555692,1.0907977099874644,1.59571300747995,False,False
280,140,140,18,PSA:114:3,PSA,Psalms,R1,STRONG_OUTLIER,0.2746053066355637,0.2517472342683223,0.1720894079000068,WORK,0.02285807236724141,0.10251589873555692,1.0907977099874644,1.59571300747995,False,False
281,141,141,4,PRO:10:12,PRO,Proverbs,R0,STRONG_OUTLIER,0.2743634708766609,0.2365615998472131,0.1658406971808283,WORK,0.03780187102944782,0.1085227736958326,1.159797156655445,1.6543796278033145,False,False
282,141,141,4,PRO:10:12,PRO,Proverbs,R1,STRONG_OUTLIER,0.2743634708766609,0.2365615998472131,0.1658406971808283,WORK,0.03780187102944782,0.1085227736958326,1.159797156655445,1.6543796278033145,False,False
283,142,142,5,MRK:15:37,MRK,Mark,R0,STRONG_OUTLIER,0.2743330122085442,0.2485395579355932,0.180716099125319,WORK,0.025793454272951016,0.09361691308322523,1.1037800762469978,1.51803305591665,False,False
284,142,142,5,MRK:15:37,MRK,Mark,R1,STRONG_OUTLIER,0.2743330122085442,0.2485395579355932,0.180716099125319,WORK,0.025793454272951016,0.09361691308322523,1.1037800762469978,1.51803305591665,False,False
285,143,143,1,2CO:13:14,2CO,2Corinthians,R0,STRONG_OUTLIER,0.274302817931596,0.2574882529560191,0.1765156917175364,WORK,0.016814564975576873,0.0977871262140596,1.0653022605207894,1.5539854573979766,False,False
286,143,143,1,2CO:13:14,2CO,2Corinthians,R1,STRONG_OUTLIER,0.274302817931596,0.2574882529560191,0.1765156917175364,WORK,0.016814564975576873,0.0977871262140596,1.0653022605207894,1.5539854573979766,False,False
287,144,144,5,ACT:1:11,ACT,Acts,R0,STRONG_OUTLIER,0.2740424070896395,0.2407747958049971,0.1622007514290091,WORK,0.033267611284642395,0.1118416556606304,1.1381689938658934,1.6895261253433864,False,False
288,144,144,5,ACT:1:11,ACT,Acts,R1,STRONG_OUTLIER,0.2740424070896395,0.2407747958049971,0.1622007514290091,WORK,0.033267611284642395,0.1118416556606304,1.1381689938658934,1.6895261253433864,False,False
289,145,145,10,JOB:31:1,JOB,Job,R0,STRONG_OUTLIER,0.2733532261409881,0.2593421210617336,0.1879247125578857,WORK,0.014011105079254516,0.08542851358310241,1.0540255667760168,1.4545890341952137,False,False
290,145,145,10,JOB:31:1,JOB,Job,R1,STRONG_OUTLIER,0.2733532261409881,0.2593421210617336,0.1879247125578857,WORK,0.014011105079254516,0.08542851358310241,1.0540255667760168,1.4545890341952137,False,False
291,146,146,4,1SA:23:29,1SA,1Samuel,R0,STRONG_OUTLIER,0.272784093390237,0.2543100235259803,0.1939952732916444,WORK,0.018474069864256704,0.07878882009859262,1.072643891924179,1.4061378339880723,False,False
292,146,146,4,1SA:23:29,1SA,1Samuel,R1,STRONG_OUTLIER,0.272784093390237,0.2543100235259803,0.1939952732916444,WORK,0.018474069864256704,0.07878882009859262,1.072643891924179,1.4061378339880723,False,False
293,147,147,7,1CH:18:4,1CH,1Chronicles,R0,STRONG_OUTLIER,0.2724223770605216,0.2568844066016262,0.1958660090019126,WORK,0.015537970458895378,0.07655636805860899,1.0604862345069916,1.3908609178730007,False,False
294,147,147,7,1CH:18:4,1CH,1Chronicles,R1,STRONG_OUTLIER,0.2724223770605216,0.2568844066016262,0.1958660090019126,WORK,0.015537970458895378,0.07655636805860899,1.0604862345069916,1.3908609178730007,False,False
295,148,148,5,1SA:20:17,1SA,1Samuel,R0,STRONG_OUTLIER,0.2717859381940229,0.2543100235259803,0.1939952732916444,WORK,0.017475914668042603,0.07779066490237851,1.0687189377191704,1.400992578749232,False,False
296,148,148,5,1SA:20:17,1SA,1Samuel,R1,STRONG_OUTLIER,0.2717859381940229,0.2543100235259803,0.1939952732916444,WORK,0.017475914668042603,0.07779066490237851,1.0687189377191704,1.400992578749232,False,False
297,149,149,8,1CH:4:35,1CH,1Chronicles,R0,STRONG_OUTLIER,0.271408235017089,0.2568844066016262,0.1958660090019126,WORK,0.014523828415462792,0.0755422260151764,1.0565383808523114,1.3856831841324686,False,False
298,149,149,8,1CH:4:35,1CH,1Chronicles,R1,STRONG_OUTLIER,0.271408235017089,0.2568844066016262,0.1958660090019126,WORK,0.014523828415462792,0.0755422260151764,1.0565383808523114,1.3856831841324686,False,False
299,150,150,8,DEU:14:19,DEU,Deuteronomy,R0,STRONG_OUTLIER,0.27137924928365,0.2277736606676687,0.158268997269363,WORK,0.043605588615981294,0.11311025201428698,1.191442629881616,1.7146709334474464,False,False
300,150,150,8,DEU:14:19,DEU,Deuteronomy,R1,STRONG_OUTLIER,0.27137924928365,0.2277736606676687,0.158268997269363,WORK,0.043605588615981294,0.11311025201428698,1.191442629881616,1.7146709334474464,False,False
301,151,151,6,ACT:19:7,ACT,Acts,R0,STRONG_OUTLIER,0.2706662423744086,0.2407747958049971,0.1622007514290091,WORK,0.029891446569411506,0.1084654909453995,1.124146908605918,1.6687113961544866,False,False
302,151,151,6,ACT:19:7,ACT,Acts,R1,STRONG_OUTLIER,0.2706662423744086,0.2407747958049971,0.1622007514290091,WORK,0.029891446569411506,0.1084654909453995,1.124146908605918,1.6687113961544866,False,False
303,152,152,2,2CO:7:2,2CO,2Corinthians,R0,STRONG_OUTLIER,0.2704502062249684,0.2574882529560191,0.1765156917175364,WORK,0.012961953268949278,0.09393451450743201,1.050339979086981,1.5321595694605312,False,False
304,152,152,2,2CO:7:2,2CO,2Corinthians,R1,STRONG_OUTLIER,0.2704502062249684,0.2574882529560191,0.1765156917175364,WORK,0.012961953268949278,0.09393451450743201,1.050339979086981,1.5321595694605312,False,False
305,153,153,19,PSA:34:22,PSA,Psalms,R0,STRONG_OUTLIER,0.2701986133518942,0.2517472342683223,0.1720894079000068,WORK,0.018451379083571917,0.09810920545188742,1.0732932742526406,1.570106008551637,False,False
306,153,153,19,PSA:34:22,PSA,Psalms,R1,STRONG_OUTLIER,0.2701986133518942,0.2517472342683223,0.1720894079000068,WORK,0.018451379083571917,0.09810920545188742,1.0732932742526406,1.570106008551637,False,False
307,154,154,6,1SA:20:11,1SA,1Samuel,R0,STRONG_OUTLIER,0.2700384555878492,0.2543100235259803,0.1939952732916444,WORK,0.015728432061868913,0.07604318229620483,1.0618474720099347,1.3919847169775352,False,False
308,154,154,6,1SA:20:11,1SA,1Samuel,R1,STRONG_OUTLIER,0.2700384555878492,0.2543100235259803,0.1939952732916444,WORK,0.015728432061868913,0.07604318229620483,1.0618474720099347,1.3919847169775352,False,False
309,155,155,7,ACT:20:33,ACT,Acts,R0,STRONG_OUTLIER,0.2699788608980875,0.2407747958049971,0.1622007514290091,WORK,0.02920406509309037,0.10777810946907837,1.1212920355531841,1.6644735521848055,False,False
310,155,155,7,ACT:20:33,ACT,Acts,R1,STRONG_OUTLIER,0.2699788608980875,0.2407747958049971,0.1622007514290091,WORK,0.02920406509309037,0.10777810946907837,1.1212920355531841,1.6644735521848055,False,False
311,156,156,8,ACT:27:26,ACT,Acts,R0,STRONG_OUTLIER,0.2696846236398252,0.2407747958049971,0.1622007514290091,WORK,0.028909827834828095,0.1074838722108161,1.1200699921192836,1.6626595207720656,False,False
312,156,156,8,ACT:27:26,ACT,Acts,R1,STRONG_OUTLIER,0.2696846236398252,0.2407747958049971,0.1622007514290091,WORK,0.028909827834828095,0.1074838722108161,1.1200699921192836,1.6626595207720656,False,False
313,157,157,5,JOS:7:10,JOS,Joshua,R0,STRONG_OUTLIER,0.2692761980983754,0.2547743068240014,0.2047369488266913,WORK,0.014501891274374012,0.06453924927168408,1.056920540595924,1.3152301020482444,False,False
314,157,157,5,JOS:7:10,JOS,Joshua,R1,STRONG_OUTLIER,0.2692761980983754,0.2547743068240014,0.2047369488266913,WORK,0.014501891274374012,0.06453924927168408,1.056920540595924,1.3152301020482444,False,False
315,158,158,4,LEV:15:4,LEV,Leviticus,R0,STRONG_OUTLIER,0.2691880912404066,0.2536937138059426,0.1520578598094974,WORK,0.015494377434464024,0.1171302314309092,1.061075133482874,1.7703004078687772,False,False
316,158,158,4,LEV:15:4,LEV,Leviticus,R1,STRONG_OUTLIER,0.2691880912404066,0.2536937138059426,0.1520578598094974,WORK,0.015494377434464024,0.1171302314309092,1.061075133482874,1.7703004078687772,False,False
317,159,159,6,LUK:7:35,LUK,Luke,R0,STRONG_OUTLIER,0.267699982269347,0.2425750004264786,0.1904093970791806,WORK,0.025124981842868405,0.0772905851901664,1.1035761385084835,1.4059179135892415,False,False
318,159,159,6,LUK:7:35,LUK,Luke,R1,STRONG_OUTLIER,0.267699982269347,0.2425750004264786,0.1904093970791806,WORK,0.025124981842868405,0.0772905851901664,1.1035761385084835,1.4059179135892415,False,False
319,160,160,6,2SA:8:4,2SA,2Samuel,R0,STRONG_OUTLIER,0.2672840890559664,0.2628056201398644,0.2042033708550034,WORK,0.004478468916101985,0.063080718200963,1.0170409936960958,1.3089112483150638,False,False
320,160,160,6,2SA:8:4,2SA,2Samuel,R1,STRONG_OUTLIER,0.2672840890559664,0.2628056201398644,0.2042033708550034,WORK,0.004478468916101985,0.063080718200963,1.0170409936960958,1.3089112483150638,False,False
321,161,161,5,PRO:7:12,PRO,Proverbs,R0,STRONG_OUTLIER,0.2672259459680277,0.2365615998472131,0.1658406971808283,WORK,0.03066434612081459,0.10138524878719937,1.1296252060377492,1.6113411877221644,False,False
322,161,161,5,PRO:7:12,PRO,Proverbs,R1,STRONG_OUTLIER,0.2672259459680277,0.2365615998472131,0.1658406971808283,WORK,0.03066434612081459,0.10138524878719937,1.1296252060377492,1.6113411877221644,False,False
323,162,162,1,ZEC:11:3,ZEC,Zechariah,R0,STRONG_OUTLIER,0.2666588992038751,0.1979117914121707,0.1701784058121591,WORK,0.0687471077917044,0.096480493391716,1.3473623643198287,1.5669373439671894,False,False
324,162,162,1,ZEC:11:3,ZEC,Zechariah,R1,STRONG_OUTLIER,0.2666588992038751,0.1979117914121707,0.1701784058121591,WORK,0.0687471077917044,0.096480493391716,1.3473623643198287,1.5669373439671894,False,False
325,163,163,1,2JN:1:2,2JN,2John,R0,STRONG_OUTLIER,0.2665615341932524,0.2073149615025356,0.1880616562524957,WORK,0.059246572690716814,0.07849987794075669,1.2857804967925202,1.417415647107569,True,False
326,163,163,1,2JN:1:2,2JN,2John,R1,STRONG_OUTLIER,0.2665615341932524,0.2073149615025356,0.1880616562524957,WORK,0.059246572690716814,0.07849987794075669,1.2857804967925202,1.417415647107569,True,False
327,164,164,8,MAT:3:5,MAT,Matthew,R0,STRONG_OUTLIER,0.2660258497242225,0.2574919331800241,0.1896752365333116,WORK,0.008533916544198383,0.07635061319091091,1.0331424617416343,1.402533375396645,False,False
328,164,164,8,MAT:3:5,MAT,Matthew,R1,STRONG_OUTLIER,0.2660258497242225,0.2574919331800241,0.1896752365333116,WORK,0.008533916544198383,0.07635061319091091,1.0331424617416343,1.402533375396645,False,False
329,165,165,9,MAT:27:18,MAT,Matthew,R0,STRONG_OUTLIER,0.2659338600906136,0.2574919331800241,0.1896752365333116,WORK,0.008441926910589481,0.07625862355730201,1.032785209254254,1.4020483904545396,False,False
330,165,165,9,MAT:27:18,MAT,Matthew,R1,STRONG_OUTLIER,0.2659338600906136,0.2574919331800241,0.1896752365333116,WORK,0.008441926910589481,0.07625862355730201,1.032785209254254,1.4020483904545396,False,False
331,166,166,3,2CO:8:20,2CO,2Corinthians,R0,STRONG_OUTLIER,0.2659149799635015,0.2574882529560191,0.1765156917175364,WORK,0.00842672700748237,0.0893992882459651,1.0327266464032505,1.5064665207726884,False,False
332,166,166,3,2CO:8:20,2CO,2Corinthians,R1,STRONG_OUTLIER,0.2659149799635015,0.2574882529560191,0.1765156917175364,WORK,0.00842672700748237,0.0893992882459651,1.0327266464032505,1.5064665207726884,False,False
333,167,167,1,ECC:5:10,ECC,Ecclesiastes,R0,STRONG_OUTLIER,0.265871537976001,0.2462926441161754,0.1879518236166134,WORK,0.019578893859825586,0.0779197143593876,1.0794944320407323,1.4145728030728197,False,False
334,167,167,1,ECC:5:10,ECC,Ecclesiastes,R1,STRONG_OUTLIER,0.265871537976001,0.2462926441161754,0.1879518236166134,WORK,0.019578893859825586,0.0779197143593876,1.0794944320407323,1.4145728030728197,False,False
335,168,168,2,ROM:12:9,ROM,Romans,R0,STRONG_OUTLIER,0.2658602297009916,0.2309266196192162,0.1560124813251275,WORK,0.034933610081775396,0.10984774837586411,1.1512758041466973,1.704095899525777,False,False
336,168,168,2,ROM:12:9,ROM,Romans,R1,STRONG_OUTLIER,0.2658602297009916,0.2309266196192162,0.1560124813251275,WORK,0.034933610081775396,0.10984774837586411,1.1512758041466973,1.704095899525777,False,False
337,169,169,5,LEV:11:24,LEV,Leviticus,R0,STRONG_OUTLIER,0.2658306339490033,0.2536937138059426,0.1520578598094974,WORK,0.012136920143060725,0.1137727741395059,1.0478408391007457,1.7482202780049898,False,False
338,169,169,5,LEV:11:24,LEV,Leviticus,R1,STRONG_OUTLIER,0.2658306339490033,0.2536937138059426,0.1520578598094974,WORK,0.012136920143060725,0.1137727741395059,1.0478408391007457,1.7482202780049898,False,False
339,170,170,20,PSA:55:22,PSA,Psalms,R0,STRONG_OUTLIER,0.2658082155360288,0.2517472342683223,0.1720894079000068,WORK,0.014060981267706496,0.093718807636022,1.055853567998764,1.544593701493108,False,False
340,170,170,20,PSA:55:22,PSA,Psalms,R1,STRONG_OUTLIER,0.2658082155360288,0.2517472342683223,0.1720894079000068,WORK,0.014060981267706496,0.093718807636022,1.055853567998764,1.544593701493108,False,False
341,171,171,1,MAL:2:4,MAL,Malachi,R0,STRONG_OUTLIER,0.2655089927954719,0.2285586825897554,0.1622817772666177,WORK,0.03695031020571651,0.10322721552885422,1.1616666222741552,1.636098625905847,False,False
342,171,171,1,MAL:2:4,MAL,Malachi,R1,STRONG_OUTLIER,0.2655089927954719,0.2285586825897554,0.1622817772666177,WORK,0.03695031020571651,0.10322721552885422,1.1616666222741552,1.636098625905847,False,False
343,172,172,2,GAL:1:22,GAL,Galatians,R0,STRONG_OUTLIER,0.2654394513164544,0.2616443134323326,0.1651665865211423,WORK,0.0037951378841218353,0.10027286479531211,1.0145049507644024,1.6071013932498786,False,False
344,172,172,2,GAL:1:22,GAL,Galatians,R1,STRONG_OUTLIER,0.2654394513164544,0.2616443134323326,0.1651665865211423,WORK,0.0037951378841218353,0.10027286479531211,1.0145049507644024,1.6071013932498786,False,False
345,173,173,3,NEH:12:11,NEH,Nehemiah,R0,STRONG_OUTLIER,0.2646609003098135,0.249097416043593,0.1712008590080952,WORK,0.015563484266220479,0.09346004130171828,1.0624795090748624,1.5459087170660695,False,False
346,173,173,3,NEH:12:11,NEH,Nehemiah,R1,STRONG_OUTLIER,0.2646609003098135,0.249097416043593,0.1712008590080952,WORK,0.015563484266220479,0.09346004130171828,1.0624795090748624,1.5459087170660695,False,False
347,174,174,9,ACT:17:5,ACT,Acts,R0,STRONG_OUTLIER,0.2645865867720692,0.2407747958049971,0.1622007514290091,WORK,0.02381179096707209,0.10238583534306009,1.098896526471804,1.6312291061602857,False,False
348,174,174,9,ACT:17:5,ACT,Acts,R1,STRONG_OUTLIER,0.2645865867720692,0.2407747958049971,0.1622007514290091,WORK,0.02381179096707209,0.10238583534306009,1.098896526471804,1.6312291061602857,False,False
349,175,175,7,LUK:2:42,LUK,Luke,R0,STRONG_OUTLIER,0.2645308325462222,0.2425750004264786,0.1904093970791806,WORK,0.02195583211974364,0.07412143546704164,1.0905115204829121,1.3892740411137308,False,False
350,175,175,7,LUK:2:42,LUK,Luke,R1,STRONG_OUTLIER,0.2645308325462222,0.2425750004264786,0.1904093970791806,WORK,0.02195583211974364,0.07412143546704164,1.0905115204829121,1.3892740411137308,False,False
351,176,176,6,PRO:24:3,PRO,Proverbs,R0,STRONG_OUTLIER,0.2644974987292283,0.2365615998472131,0.1658406971808283,WORK,0.027935898882015198,0.09865680154839998,1.1180914353811355,1.5948889701110411,False,False
352,176,176,6,PRO:24:3,PRO,Proverbs,R1,STRONG_OUTLIER,0.2644974987292283,0.2365615998472131,0.1658406971808283,WORK,0.027935898882015198,0.09865680154839998,1.1180914353811355,1.5948889701110411,False,False
353,177,177,6,LEV:25:13,LEV,Leviticus,R0,STRONG_OUTLIER,0.2639836026549581,0.2536937138059426,0.1520578598094974,WORK,0.01028988884901555,0.11192574284546072,1.0405602830856369,1.7360733801309884,False,False
354,177,177,6,LEV:25:13,LEV,Leviticus,R1,STRONG_OUTLIER,0.2639836026549581,0.2536937138059426,0.1520578598094974,WORK,0.01028988884901555,0.11192574284546072,1.0405602830856369,1.7360733801309884,False,False
355,178,178,1,RUT:4:22,RUT,Ruth,R0,STRONG_OUTLIER,0.2636929655673068,0.1897595273236972,0.1190568111917592,WORK,0.07393343824360962,0.1446361543755476,1.3896164755801266,2.214849893321844,False,False
356,178,178,1,RUT:4:22,RUT,Ruth,R1,STRONG_OUTLIER,0.2636929655673068,0.1897595273236972,0.1190568111917592,WORK,0.07393343824360962,0.1446361543755476,1.3896164755801266,2.214849893321844,False,False
357,179,179,7,LEV:11:26,LEV,Leviticus,R0,STRONG_OUTLIER,0.2636645553127581,0.2536937138059426,0.1520578598094974,WORK,0.009970841506815542,0.11160669550326072,1.0393026746986822,1.7339751831512353,False,False
358,179,179,7,LEV:11:26,LEV,Leviticus,R1,STRONG_OUTLIER,0.2636645553127581,0.2536937138059426,0.1520578598094974,WORK,0.009970841506815542,0.11160669550326072,1.0393026746986822,1.7339751831512353,False,False
359,180,180,6,MRK:11:19,MRK,Mark,R0,STRONG_OUTLIER,0.2634684588379259,0.2485395579355932,0.180716099125319,WORK,0.014928900902332704,0.08275235971260692,1.060066498171697,1.4579136010191414,False,False
360,180,180,6,MRK:11:19,MRK,Mark,R1,STRONG_OUTLIER,0.2634684588379259,0.2485395579355932,0.180716099125319,WORK,0.014928900902332704,0.08275235971260692,1.060066498171697,1.4579136010191414,False,False
361,181,181,4,EXO:7:25,EXO,Exodus,R0,STRONG_OUTLIER,0.2632289623924072,0.2061688329235183,0.1458137712888438,WORK,0.05706012946888886,0.11741519110356338,1.276764090186494,1.8052407537760928,False,False
362,181,181,4,EXO:7:25,EXO,Exodus,R1,STRONG_OUTLIER,0.2632289623924072,0.2061688329235183,0.1458137712888438,WORK,0.05706012946888886,0.11741519110356338,1.276764090186494,1.8052407537760928,False,False
363,182,182,7,2SA:17:22,2SA,2Samuel,R0,STRONG_OUTLIER,0.2631869304794321,0.2628056201398644,0.2042033708550034,WORK,0.00038131033956767535,0.058983559624428694,1.0014509215570229,1.288847139875622,False,False
364,182,182,7,2SA:17:22,2SA,2Samuel,R1,STRONG_OUTLIER,0.2631869304794321,0.2628056201398644,0.2042033708550034,WORK,0.00038131033956767535,0.058983559624428694,1.0014509215570229,1.288847139875622,False,False
365,183,183,5,JER:46:7,JER,Jeremiah,R0,STRONG_OUTLIER,0.2631471926313999,0.203825573325914,0.1595710794486916,WORK,0.059321619305485906,0.10357611318270832,1.2910411011607044,1.6490907596825033,False,False
366,183,183,5,JER:46:7,JER,Jeremiah,R1,STRONG_OUTLIER,0.2631471926313999,0.203825573325914,0.1595710794486916,WORK,0.059321619305485906,0.10357611318270832,1.2910411011607044,1.6490907596825033,False,False
367,184,184,1,AMO:8:7,AMO,Amos,R0,STRONG_OUTLIER,0.2628206724114423,0.2309942136095671,0.1634155251031349,WORK,0.03182645880187521,0.0994051473083074,1.137780329232269,1.6082968386606522,False,False
368,184,184,1,AMO:8:7,AMO,Amos,R1,STRONG_OUTLIER,0.2628206724114423,0.2309942136095671,0.1634155251031349,WORK,0.03182645880187521,0.0994051473083074,1.137780329232269,1.6082968386606522,False,False
369,185,185,21,PSA:66:10,PSA,Psalms,R0,STRONG_OUTLIER,0.2624282345843297,0.2517472342683223,0.1720894079000068,WORK,0.010681000316007383,0.09033882668432289,1.0424274782880958,1.5249528590209027,False,False
370,185,185,21,PSA:66:10,PSA,Psalms,R1,STRONG_OUTLIER,0.2624282345843297,0.2517472342683223,0.1720894079000068,WORK,0.010681000316007383,0.09033882668432289,1.0424274782880958,1.5249528590209027,False,False
371,186,186,11,JOB:39:30,JOB,Job,R0,STRONG_OUTLIER,0.2620021414029235,0.2593421210617336,0.1879247125578857,WORK,0.002660020341189895,0.07407742884503779,1.0102568002848897,1.394186734872456,False,False
372,186,186,11,JOB:39:30,JOB,Job,R1,STRONG_OUTLIER,0.2620021414029235,0.2593421210617336,0.1879247125578857,WORK,0.002660020341189895,0.07407742884503779,1.0102568002848897,1.394186734872456,False,False
373,187,187,1,1KI:7:38,1KI,1Kings,R0,STRONG_OUTLIER,0.2618691087940604,0.2134238491198039,0.1471697863256086,WORK,0.0484452596742565,0.1146993224684518,1.2269908441537951,1.7793673234986094,False,False
374,187,187,1,1KI:7:38,1KI,1Kings,R1,STRONG_OUTLIER,0.2618691087940604,0.2134238491198039,0.1471697863256086,WORK,0.0484452596742565,0.1146993224684518,1.2269908441537951,1.7793673234986094,False,False
375,188,188,2,1KI:13:28,1KI,1Kings,R0,STRONG_OUTLIER,0.2614050547812897,0.2134238491198039,0.1471697863256086,WORK,0.04798120566148584,0.11423526845568113,1.224816513521654,1.776214135440403,False,False
376,188,188,2,1KI:13:28,1KI,1Kings,R1,STRONG_OUTLIER,0.2614050547812897,0.2134238491198039,0.1471697863256086,WORK,0.04798120566148584,0.11423526845568113,1.224816513521654,1.776214135440403,False,False
377,189,189,10,ACT:8:8,ACT,Acts,R0,STRONG_OUTLIER,0.261275507085221,0.2407747958049971,0.1622007514290091,WORK,0.020500711280223904,0.0990747556562119,1.085144756168031,1.610815639159195,False,False
378,189,189,10,ACT:8:8,ACT,Acts,R1,STRONG_OUTLIER,0.261275507085221,0.2407747958049971,0.1622007514290091,WORK,0.020500711280223904,0.0990747556562119,1.085144756168031,1.610815639159195,False,False
379,190,190,2,2CH:35:1,2CH,2Chronicles,R0,STRONG_OUTLIER,0.2612554116710582,0.2156992211395015,0.1608023572188025,WORK,0.04555619053155671,0.10045305445225569,1.2112023877086402,1.6246988924146804,False,False
380,190,190,2,2CH:35:1,2CH,2Chronicles,R1,STRONG_OUTLIER,0.2612554116710582,0.2156992211395015,0.1608023572188025,WORK,0.04555619053155671,0.10045305445225569,1.2112023877086402,1.6246988924146804,False,False
381,191,191,8,LEV:4:9,LEV,Leviticus,R0,STRONG_OUTLIER,0.2610571599739035,0.2536937138059426,0.1520578598094974,WORK,0.007363446167960919,0.1089993001644061,1.0290249453070541,1.7168277937159162,False,False
382,191,191,8,LEV:4:9,LEV,Leviticus,R1,STRONG_OUTLIER,0.2610571599739035,0.2536937138059426,0.1520578598094974,WORK,0.007363446167960919,0.1089993001644061,1.0290249453070541,1.7168277937159162,False,False
383,192,192,8,LUK:6:16,LUK,Luke,R0,STRONG_OUTLIER,0.2604130019656429,0.2425750004264786,0.1904093970791806,WORK,0.01783800153916429,0.07000360488646229,1.0735360260035154,1.3676478470091038,False,False
384,192,192,8,LUK:6:16,LUK,Luke,R1,STRONG_OUTLIER,0.2604130019656429,0.2425750004264786,0.1904093970791806,WORK,0.01783800153916429,0.07000360488646229,1.0735360260035154,1.3676478470091038,False,False
385,193,193,7,PRO:16:16,PRO,Proverbs,R0,STRONG_OUTLIER,0.2601298107366456,0.2365615998472131,0.1658406971808283,WORK,0.023568210889432506,0.09428911355581729,1.0996282190543791,1.568552322552087,False,False
386,193,193,7,PRO:16:16,PRO,Proverbs,R1,STRONG_OUTLIER,0.2601298107366456,0.2365615998472131,0.1658406971808283,WORK,0.023568210889432506,0.09428911355581729,1.0996282190543791,1.568552322552087,False,False
387,194,194,10,MAT:26:20,MAT,Matthew,R0,STRONG_OUTLIER,0.2600054063622242,0.2574919331800241,0.1896752365333116,WORK,0.0025134731822000766,0.0703301698289126,1.0097613667005358,1.3707925774304275,False,False
388,194,194,10,MAT:26:20,MAT,Matthew,R1,STRONG_OUTLIER,0.2600054063622242,0.2574919331800241,0.1896752365333116,WORK,0.0025134731822000766,0.0703301698289126,1.0097613667005358,1.3707925774304275,False,False
389,195,195,11,MAT:27:37,MAT,Matthew,R0,STRONG_OUTLIER,0.2599723084663534,0.2574919331800241,0.1896752365333116,WORK,0.0024803752863292727,0.0702970719330418,1.009632827155774,1.3706180797127723,False,False
390,195,195,11,MAT:27:37,MAT,Matthew,R1,STRONG_OUTLIER,0.2599723084663534,0.2574919331800241,0.1896752365333116,WORK,0.0024803752863292727,0.0702970719330418,1.009632827155774,1.3706180797127723,False,False
391,196,196,6,JOS:10:22,JOS,Joshua,R0,STRONG_OUTLIER,0.25955296772985,0.2547743068240014,0.2047369488266913,WORK,0.0047786609058486085,0.05481601890315868,1.0187564474825546,1.2677387702478664,False,False
392,196,196,6,JOS:10:22,JOS,Joshua,R1,STRONG_OUTLIER,0.25955296772985,0.2547743068240014,0.2047369488266913,WORK,0.0047786609058486085,0.05481601890315868,1.0187564474825546,1.2677387702478664,False,False
393,197,197,3,1KI:2:11,1KI,1Kings,R0,STRONG_OUTLIER,0.2593503782948951,0.2134238491198039,0.1471697863256086,WORK,0.04592652917509121,0.11218059196928651,1.2151893022476166,1.7622528697642492,False,False
394,197,197,3,1KI:2:11,1KI,1Kings,R1,STRONG_OUTLIER,0.2593503782948951,0.2134238491198039,0.1471697863256086,WORK,0.04592652917509121,0.11218059196928651,1.2151893022476166,1.7622528697642492,False,False
395,198,198,9,1CH:15:2,1CH,1Chronicles,R0,STRONG_OUTLIER,0.2586765200161272,0.2568844066016262,0.1958660090019126,WORK,0.0017921134145009732,0.06281051101421459,1.0069763417648008,1.3206810172642118,False,False
396,198,198,9,1CH:15:2,1CH,1Chronicles,R1,STRONG_OUTLIER,0.2586765200161272,0.2568844066016262,0.1958660090019126,WORK,0.0017921134145009732,0.06281051101421459,1.0069763417648008,1.3206810172642118,False,False
397,199,199,10,1CH:25:14,1CH,1Chronicles,R0,STRONG_OUTLIER,0.2586630518712891,0.2568844066016262,0.1958660090019126,WORK,0.0017786452696628707,0.06279704286937648,1.006923912950548,1.3206122552319084,False,False
398,199,199,10,1CH:25:14,1CH,1Chronicles,R1,STRONG_OUTLIER,0.2586630518712891,0.2568844066016262,0.1958660090019126,WORK,0.0017786452696628707,0.06279704286937648,1.006923912950548,1.3206122552319084,False,False
399,200,200,2,ECC:12:8,ECC,Ecclesiastes,R0,STRONG_OUTLIER,0.2586429037929708,0.2462926441161754,0.1879518236166134,WORK,0.012350259676795372,0.07069108017635739,1.0501446550347229,1.3761127655805776,False,False
400,200,200,2,ECC:12:8,ECC,Ecclesiastes,R1,STRONG_OUTLIER,0.2586429037929708,0.2462926441161754,0.1879518236166134,WORK,0.012350259676795372,0.07069108017635739,1.0501446550347229,1.3761127655805776,False,False
401,201,201,7,JOS:10:9,JOS,Joshua,R0,STRONG_OUTLIER,0.258632114297423,0.2547743068240014,0.2047369488266913,WORK,0.003857807473421626,0.0538951654707317,1.0151420585596436,1.2632410308915645,False,False
402,201,201,7,JOS:10:9,JOS,Joshua,R1,STRONG_OUTLIER,0.258632114297423,0.2547743068240014,0.2047369488266913,WORK,0.003857807473421626,0.0538951654707317,1.0151420585596436,1.2632410308915645,False,False
403,202,202,7,1SA:29:6,1SA,1Samuel,R0,STRONG_OUTLIER,0.2585309296778578,0.2543100235259803,0.1939952732916444,WORK,0.004220906151877479,0.06453565638621339,1.0165974824482145,1.3326661278452552,False,False
404,202,202,7,1SA:29:6,1SA,1Samuel,R1,STRONG_OUTLIER,0.2585309296778578,0.2543100235259803,0.1939952732916444,WORK,0.004220906151877479,0.06453565638621339,1.0165974824482145,1.3326661278452552,False,False
405,203,203,22,PSA:71:1,PSA,Psalms,R0,STRONG_OUTLIER,0.2580452054715211,0.2517472342683223,0.1720894079000068,WORK,0.0062979712031988044,0.08595579757151431,1.0250170422785505,1.4994833710013067,False,False
406,203,203,22,PSA:71:1,PSA,Psalms,R1,STRONG_OUTLIER,0.2580452054715211,0.2517472342683223,0.1720894079000068,WORK,0.0062979712031988044,0.08595579757151431,1.0250170422785505,1.4994833710013067,False,False
407,204,204,8,PRO:13:10,PRO,Proverbs,R0,STRONG_OUTLIER,0.2580196107773196,0.2365615998472131,0.1658406971808283,WORK,0.02145801093010652,0.0921789135964913,1.0907079210825659,1.555828063698875,False,False
408,204,204,8,PRO:13:10,PRO,Proverbs,R1,STRONG_OUTLIER,0.2580196107773196,0.2365615998472131,0.1658406971808283,WORK,0.02145801093010652,0.0921789135964913,1.0907079210825659,1.555828063698875,False,False
409,205,205,9,LUK:3:29,LUK,Luke,R0,STRONG_OUTLIER,0.2573911843077124,0.2425750004264786,0.1904093970791806,WORK,0.014816183881233819,0.06698178722853182,1.0610787750394106,1.3517777392083115,False,False
410,205,205,9,LUK:3:29,LUK,Luke,R1,STRONG_OUTLIER,0.2573911843077124,0.2425750004264786,0.1904093970791806,WORK,0.014816183881233819,0.06698178722853182,1.0610787750394106,1.3517777392083115,False,False
411,206,206,2,ISA:1:21,ISA,Isaiah,R0,STRONG_OUTLIER,0.2572214105134904,0.2203930443072171,0.1556613590945488,WORK,0.036828366206273305,0.10156005141894159,1.1671031239758018,1.6524422760388078,False,False
412,206,206,2,ISA:1:21,ISA,Isaiah,R1,STRONG_OUTLIER,0.2572214105134904,0.2203930443072171,0.1556613590945488,WORK,0.036828366206273305,0.10156005141894159,1.1671031239758018,1.6524422760388078,False,False
413,207,207,23,PSA:49:19,PSA,Psalms,R0,STRONG_OUTLIER,0.2568553094557237,0.2517472342683223,0.1720894079000068,WORK,0.005108075187401417,0.08476590155571692,1.0202904917793736,1.4925689651101042,False,False
414,207,207,23,PSA:49:19,PSA,Psalms,R1,STRONG_OUTLIER,0.2568553094557237,0.2517472342683223,0.1720894079000068,WORK,0.005108075187401417,0.08476590155571692,1.0202904917793736,1.4925689651101042,False,False
415,208,208,1,JAS:4:16,JAS,James,R0,STRONG_OUTLIER,0.2567174066534342,0.229866855888857,0.1781802858365281,WORK,0.02685055076457718,0.07853712081690609,1.1168091444099262,1.4407733462104788,False,False
416,208,208,1,JAS:4:16,JAS,James,R1,STRONG_OUTLIER,0.2567174066534342,0.229866855888857,0.1781802858365281,WORK,0.02685055076457718,0.07853712081690609,1.1168091444099262,1.4407733462104788,False,False
417,209,209,4,NEH:7:43,NEH,Nehemiah,R0,STRONG_OUTLIER,0.2566870724388267,0.249097416043593,0.1712008590080952,WORK,0.007589656395233707,0.08548621343073151,1.0304686275585673,1.4993328533864967,False,False
418,209,209,4,NEH:7:43,NEH,Nehemiah,R1,STRONG_OUTLIER,0.2566870724388267,0.249097416043593,0.1712008590080952,WORK,0.007589656395233707,0.08548621343073151,1.0304686275585673,1.4993328533864967,False,False
419,210,210,1,HEB:3:19,HEB,Hebrews,R0,STRONG_OUTLIER,0.2565469615365376,0.214279535005857,0.1704570020425162,WORK,0.04226742653068061,0.0860899594940214,1.1972536786096968,1.5050538168713563,False,False
420,210,210,1,HEB:3:19,HEB,Hebrews,R1,STRONG_OUTLIER,0.2565469615365376,0.214279535005857,0.1704570020425162,WORK,0.04226742653068061,0.0860899594940214,1.1972536786096968,1.5050538168713563,False,False
421,211,211,2,2KI:6:2,2KI,2Kings,R0,STRONG_OUTLIER,0.2563348875565036,0.2042283105495926,0.1574881551780614,WORK,0.05210657700691099,0.09884673237844219,1.2551388535051216,1.6276455030328012,False,False
422,211,211,2,2KI:6:2,2KI,2Kings,R1,STRONG_OUTLIER,0.2563348875565036,0.2042283105495926,0.1574881551780614,WORK,0.05210657700691099,0.09884673237844219,1.2551388535051216,1.6276455030328012,False,False
423,212,212,8,1SA:20:4,1SA,1Samuel,R0,STRONG_OUTLIER,0.2558837725460235,0.2543100235259803,0.1939952732916444,WORK,0.0015737490200432025,0.061888499254379115,1.00618830904981,1.3190206555256556,False,False
424,212,212,8,1SA:20:4,1SA,1Samuel,R1,STRONG_OUTLIER,0.2558837725460235,0.2543100235259803,0.1939952732916444,WORK,0.0015737490200432025,0.061888499254379115,1.00618830904981,1.3190206555256556,False,False
425,213,213,2,DAN:8:6,DAN,Daniel,R0,STRONG_OUTLIER,0.2558684688543515,0.2230599517621362,0.1564706148641274,WORK,0.0328085170922153,0.0993978539902241,1.1470838527177718,1.6352493346852193,False,False
426,213,213,2,DAN:8:6,DAN,Daniel,R1,STRONG_OUTLIER,0.2558684688543515,0.2230599517621362,0.1564706148641274,WORK,0.0328085170922153,0.0993978539902241,1.1470838527177718,1.6352493346852193,False,False
427,214,214,3,ISA:7:23,ISA,Isaiah,R0,STRONG_OUTLIER,0.2558046197415923,0.2203930443072171,0.1556613590945488,WORK,0.0354115754343752,0.10014326064704349,1.160674650807097,1.6433405260596268,False,False
428,214,214,3,ISA:7:23,ISA,Isaiah,R1,STRONG_OUTLIER,0.2558046197415923,0.2203930443072171,0.1556613590945488,WORK,0.0354115754343752,0.10014326064704349,1.160674650807097,1.6433405260596268,False,False
429,215,215,3,ROM:16:6,ROM,Romans,R0,STRONG_OUTLIER,0.2557342147760763,0.2309266196192162,0.1560124813251275,WORK,0.02480759515686007,0.09972173345094879,1.1074263122968078,1.6391907404070467,False,False
430,215,215,3,ROM:16:6,ROM,Romans,R1,STRONG_OUTLIER,0.2557342147760763,0.2309266196192162,0.1560124813251275,WORK,0.02480759515686007,0.09972173345094879,1.1074263122968078,1.6391907404070467,False,False
431,216,216,24,PSA:124:6,PSA,Psalms,R0,STRONG_OUTLIER,0.2555272604514608,0.2517472342683223,0.1720894079000068,WORK,0.0037800261831384963,0.083437852551454,1.0150151646913808,1.484851761474686,False,False
432,216,216,24,PSA:124:6,PSA,Psalms,R1,STRONG_OUTLIER,0.2555272604514608,0.2517472342683223,0.1720894079000068,WORK,0.0037800261831384963,0.083437852551454,1.0150151646913808,1.484851761474686,False,False
433,217,217,6,JER:6:30,JER,Jeremiah,R0,STRONG_OUTLIER,0.2552323234170632,0.203825573325914,0.1595710794486916,WORK,0.0514067500911492,0.09566124396837161,1.2522095203870742,1.599489859308312,False,False
434,217,217,6,JER:6:30,JER,Jeremiah,R1,STRONG_OUTLIER,0.2552323234170632,0.203825573325914,0.1595710794486916,WORK,0.0514067500911492,0.09566124396837161,1.2522095203870742,1.599489859308312,False,False
435,218,218,7,JER:37:11,JER,Jeremiah,R0,STRONG_OUTLIER,0.255068590915168,0.203825573325914,0.1595710794486916,WORK,0.05124301758925398,0.09549751146647639,1.2514062232383234,1.5984637805071853,False,False
436,218,218,7,JER:37:11,JER,Jeremiah,R1,STRONG_OUTLIER,0.255068590915168,0.203825573325914,0.1595710794486916,WORK,0.05124301758925398,0.09549751146647639,1.2514062232383234,1.5984637805071853,False,False
437,219,219,9,1SA:20:40,1SA,1Samuel,R0,STRONG_OUTLIER,0.2546919859973683,0.2543100235259803,0.1939952732916444,WORK,0.00038196247138799766,0.06069671270572391,1.0015019560223861,1.3128772762131942,False,False
438,219,219,9,1SA:20:40,1SA,1Samuel,R1,STRONG_OUTLIER,0.2546919859973683,0.2543100235259803,0.1939952732916444,WORK,0.00038196247138799766,0.06069671270572391,1.0015019560223861,1.3128772762131942,False,False
439,220,220,9,LEV:13:33,LEV,Leviticus,R0,STRONG_OUTLIER,0.2544530449608112,0.2536937138059426,0.1520578598094974,WORK,0.0007593311548686477,0.10239518515131382,1.0029931019711804,1.6733962011539394,False,False
440,220,220,9,LEV:13:33,LEV,Leviticus,R1,STRONG_OUTLIER,0.2544530449608112,0.2536937138059426,0.1520578598094974,WORK,0.0007593311548686477,0.10239518515131382,1.0029931019711804,1.6733962011539394,False,False
441,221,221,1,EZE:34:22,EZE,Ezekiel,R0,STRONG_OUTLIER,0.2536898541930806,0.1977293149575067,0.1466200453576744,WORK,0.0559605392355739,0.1070698088354062,1.2830158959868958,1.7302535514445736,False,False
442,221,221,1,EZE:34:22,EZE,Ezekiel,R1,STRONG_OUTLIER,0.2536898541930806,0.1977293149575067,0.1466200453576744,WORK,0.0559605392355739,0.1070698088354062,1.2830158959868958,1.7302535514445736,False,False
443,222,222,4,ROM:12:21,ROM,Romans,R0,STRONG_OUTLIER,0.2535455374170723,0.2309266196192162,0.1560124813251275,WORK,0.022618917797856103,0.09753305609194482,1.0979485077777231,1.6251618797645266,False,False
444,222,222,4,ROM:12:21,ROM,Romans,R1,STRONG_OUTLIER,0.2535455374170723,0.2309266196192162,0.1560124813251275,WORK,0.022618917797856103,0.09753305609194482,1.0979485077777231,1.6251618797645266,False,False
445,223,223,1,1TI:6:21,1TI,1Timothy,R0,STRONG_OUTLIER,0.2532833339454392,0.2439872446320028,0.1381268719093453,WORK,0.009296089313436423,0.11515646203609392,1.0381007184513165,1.8337006437941548,False,False
446,223,223,1,1TI:6:21,1TI,1Timothy,R1,STRONG_OUTLIER,0.2532833339454392,0.2439872446320028,0.1381268719093453,WORK,0.009296089313436423,0.11515646203609392,1.0381007184513165,1.8337006437941548,False,False
447,224,224,3,2KI:2:18,2KI,2Kings,R0,STRONG_OUTLIER,0.2529805224885322,0.2042283105495926,0.1574881551780614,WORK,0.04875221193893961,0.09549236731047081,1.2387142693769733,1.6063463452378621,False,False
448,224,224,3,2KI:2:18,2KI,2Kings,R1,STRONG_OUTLIER,0.2529805224885322,0.2042283105495926,0.1574881551780614,WORK,0.04875221193893961,0.09549236731047081,1.2387142693769733,1.6063463452378621,False,False
449,225,225,3,2CH:4:14,2CH,2Chronicles,R0,STRONG_OUTLIER,0.2524601022068484,0.2156992211395015,0.1608023572188025,WORK,0.0367608810673469,0.09165774498804588,1.1704265823174769,1.5700024960661982,False,False
450,225,225,3,2CH:4:14,2CH,2Chronicles,R1,STRONG_OUTLIER,0.2524601022068484,0.2156992211395015,0.1608023572188025,WORK,0.0367608810673469,0.09165774498804588,1.1704265823174769,1.5700024960661982,False,False
451,226,226,25,PSA:78:15,PSA,Psalms,R0,STRONG_OUTLIER,0.2519376588995878,0.2517472342683223,0.1720894079000068,WORK,0.00019042463126550668,0.07984825099958101,1.0007564120091288,1.4639928277629797,False,False
452,226,226,25,PSA:78:15,PSA,Psalms,R1,STRONG_OUTLIER,0.2519376588995878,0.2517472342683223,0.1720894079000068,WORK,0.00019042463126550668,0.07984825099958101,1.0007564120091288,1.4639928277629797,False,False
453,227,227,4,1KI:11:39,1KI,1Kings,R0,STRONG_OUTLIER,0.2513035576763681,0.2134238491198039,0.1471697863256086,WORK,0.037879708556564196,0.10413377135075949,1.1774858279090483,1.7075757460187293,False,False
454,227,227,4,1KI:11:39,1KI,1Kings,R1,STRONG_OUTLIER,0.2513035576763681,0.2134238491198039,0.1471697863256086,WORK,0.037879708556564196,0.10413377135075949,1.1774858279090483,1.7075757460187293,False,False
455,228,228,7,MRK:12:11,MRK,Mark,R0,STRONG_OUTLIER,0.2511451574840545,0.2485395579355932,0.180716099125319,WORK,0.002605599548461318,0.07042905835873553,1.0104836411962097,1.3897221038945509,False,False
456,228,228,7,MRK:12:11,MRK,Mark,R1,STRONG_OUTLIER,0.2511451574840545,0.2485395579355932,0.180716099125319,WORK,0.002605599548461318,0.07042905835873553,1.0104836411962097,1.3897221038945509,False,False
457,229,229,2,NUM:28:29,NUM,Numbers,R0,STRONG_OUTLIER,0.2503320045297459,0.2060272335177108,0.1521304504522337,WORK,0.044304771012035116,0.09820155407751222,1.2150432748893196,1.645508862858102,False,False
458,229,229,2,NUM:28:29,NUM,Numbers,R1,STRONG_OUTLIER,0.2503320045297459,0.2060272335177108,0.1521304504522337,WORK,0.044304771012035116,0.09820155407751222,1.2150432748893196,1.645508862858102,False,False
459,230,230,10,LUK:3:32,LUK,Luke,R0,STRONG_OUTLIER,0.2501321494409687,0.2425750004264786,0.1904093970791806,WORK,0.007557149014490089,0.05972275236178809,1.0311538658196584,1.313654437637617,False,False
460,230,230,10,LUK:3:32,LUK,Luke,R1,STRONG_OUTLIER,0.2501321494409687,0.2425750004264786,0.1904093970791806,WORK,0.007557149014490089,0.05972275236178809,1.0311538658196584,1.313654437637617,False,False
461,231,231,5,EXO:10:26,EXO,Exodus,R0,STRONG_OUTLIER,0.2498226112427334,0.2061688329235183,0.1458137712888438,WORK,0.043653778319215075,0.1040088399538896,1.2117380095730044,1.7132991557282855,False,False
462,231,231,5,EXO:10:26,EXO,Exodus,R1,STRONG_OUTLIER,0.2498226112427334,0.2061688329235183,0.1458137712888438,WORK,0.043653778319215075,0.1040088399538896,1.2117380095730044,1.7132991557282855,False,False
463,232,232,5,NEH:5:14,NEH,Nehemiah,R0,STRONG_OUTLIER,0.2491593516964099,0.249097416043593,0.1712008590080952,WORK,6.193565281689684e-05,0.0779584926883147,1.0002486402862005,1.4553627425702838,False,False
464,232,232,5,NEH:5:14,NEH,Nehemiah,R1,STRONG_OUTLIER,0.2491593516964099,0.249097416043593,0.1712008590080952,WORK,6.193565281689684e-05,0.0779584926883147,1.0002486402862005,1.4553627425702838,False,False
465,233,233,4,ISA:26:18,ISA,Isaiah,R0,STRONG_OUTLIER,0.2488398869309958,0.2203930443072171,0.1556613590945488,WORK,0.028446842623778695,0.09317852783644698,1.129073232384436,1.5985976762534257,False,False
466,233,233,4,ISA:26:18,ISA,Isaiah,R1,STRONG_OUTLIER,0.2488398869309958,0.2203930443072171,0.1556613590945488,WORK,0.028446842623778695,0.09317852783644698,1.129073232384436,1.5985976762534257,False,False
467,234,234,5,ISA:65:18,ISA,Isaiah,R0,STRONG_OUTLIER,0.2478609714803347,0.2203930443072171,0.1556613590945488,WORK,0.027467927173117607,0.09219961238578589,1.1246315520503845,1.5923089257481287,False,False
468,234,234,5,ISA:65:18,ISA,Isaiah,R1,STRONG_OUTLIER,0.2478609714803347,0.2203930443072171,0.1556613590945488,WORK,0.027467927173117607,0.09219961238578589,1.1246315520503845,1.5923089257481287,False,False
469,235,235,11,LUK:20:24,LUK,Luke,R0,STRONG_OUTLIER,0.2477755488621289,0.2425750004264786,0.1904093970791806,WORK,0.005200548435650321,0.05736615178294832,1.0214389299247948,1.3012779445916367,False,False
470,235,235,11,LUK:20:24,LUK,Luke,R1,STRONG_OUTLIER,0.2477755488621289,0.2425750004264786,0.1904093970791806,WORK,0.005200548435650321,0.05736615178294832,1.0214389299247948,1.3012779445916367,False,False
471,236,236,9,PRO:8:8,PRO,Proverbs,R0,STRONG_OUTLIER,0.2475425701205965,0.2365615998472131,0.1658406971808283,WORK,0.010980970273383406,0.08170187293976819,1.0464190734272834,1.4926527343929497,False,False
472,236,236,9,PRO:8:8,PRO,Proverbs,R1,STRONG_OUTLIER,0.2475425701205965,0.2365615998472131,0.1658406971808283,WORK,0.010980970273383406,0.08170187293976819,1.0464190734272834,1.4926527343929497,False,False
473,237,237,9,DEU:29:14,DEU,Deuteronomy,R0,STRONG_OUTLIER,0.2474234651868968,0.2277736606676687,0.158268997269363,WORK,0.019649804519228126,0.08915446791753381,1.0862689937968641,1.5633097413626689,False,False
474,237,237,9,DEU:29:14,DEU,Deuteronomy,R1,STRONG_OUTLIER,0.2474234651868968,0.2277736606676687,0.158268997269363,WORK,0.019649804519228126,0.08915446791753381,1.0862689937968641,1.5633097413626689,False,False
475,238,238,2,1TI:3:6,1TI,1Timothy,R0,STRONG_OUTLIER,0.2472699092534802,0.2439872446320028,0.1381268719093453,WORK,0.003282664621477388,0.10914303734413489,1.0134542468661774,1.7901651274327495,False,False
476,238,238,2,1TI:3:6,1TI,1Timothy,R1,STRONG_OUTLIER,0.2472699092534802,0.2439872446320028,0.1381268719093453,WORK,0.003282664621477388,0.10914303734413489,1.0134542468661774,1.7901651274327495,False,False
477,239,239,3,NUM:31:27,NUM,Numbers,R0,STRONG_OUTLIER,0.2471025205244832,0.2060272335177108,0.1521304504522337,WORK,0.041075287006772404,0.0949720700722495,1.1993682403313999,1.6242804763275782,False,False
478,239,239,3,NUM:31:27,NUM,Numbers,R1,STRONG_OUTLIER,0.2471025205244832,0.2060272335177108,0.1521304504522337,WORK,0.041075287006772404,0.0949720700722495,1.1993682403313999,1.6242804763275782,False,False
479,240,240,3,ECC:11:2,ECC,Ecclesiastes,R0,STRONG_OUTLIER,0.2469535798832522,0.2462926441161754,0.1879518236166134,WORK,0.0006609357670767924,0.05900175626663881,1.002683538395751,1.3139195732784767,False,False
480,240,240,3,ECC:11:2,ECC,Ecclesiastes,R1,STRONG_OUTLIER,0.2469535798832522,0.2462926441161754,0.1879518236166134,WORK,0.0006609357670767924,0.05900175626663881,1.002683538395751,1.3139195732784767,False,False
481,241,241,4,2CH:36:5,2CH,2Chronicles,R0,STRONG_OUTLIER,0.2449741665759655,0.2156992211395015,0.1608023572188025,WORK,0.029274945436464,0.08417180935716298,1.1357211457779475,1.523448852448295,False,False
482,241,241,4,2CH:36:5,2CH,2Chronicles,R1,STRONG_OUTLIER,0.2449741665759655,0.2156992211395015,0.1608023572188025,WORK,0.029274945436464,0.08417180935716298,1.1357211457779475,1.523448852448295,False,False
483,242,242,2,PHP:4:23,PHP,Philippians,R0,STRONG_OUTLIER,0.2446239225416205,0.2439662099883969,0.171683262334117,WORK,0.0006577125532235828,0.0729406602075035,1.002695916591297,1.424855977314503,False,False
484,242,242,2,PHP:4:23,PHP,Philippians,R1,STRONG_OUTLIER,0.2446239225416205,0.2439662099883969,0.171683262334117,WORK,0.0006577125532235828,0.0729406602075035,1.002695916591297,1.424855977314503,False,False
485,243,243,12,LUK:20:22,LUK,Luke,R0,STRONG_OUTLIER,0.2443821255342225,0.2425750004264786,0.1904093970791806,WORK,0.0018071251077439177,0.05397272845504192,1.0074497582379336,1.2834562226600492,False,False
486,243,243,12,LUK:20:22,LUK,Luke,R1,STRONG_OUTLIER,0.2443821255342225,0.2425750004264786,0.1904093970791806,WORK,0.0018071251077439177,0.05397272845504192,1.0074497582379336,1.2834562226600492,False,False
487,244,244,4,NUM:1:47,NUM,Numbers,R0,STRONG_OUTLIER,0.2439864709485542,0.2060272335177108,0.1521304504522337,WORK,0.037959237430843396,0.0918560204963205,1.184243785555565,1.603797729009957,False,False
488,244,244,4,NUM:1:47,NUM,Numbers,R1,STRONG_OUTLIER,0.2439864709485542,0.2060272335177108,0.1521304504522337,WORK,0.037959237430843396,0.0918560204963205,1.184243785555565,1.603797729009957,False,False
489,245,245,2,JDG:1:21,JDG,Judges,R0,STRONG_OUTLIER,0.2427555678158783,0.2109212600391261,0.1517173137608478,WORK,0.031834307776752196,0.0910382540550305,1.1509298198334625,1.6000518450948467,False,False
490,245,245,2,JDG:1:21,JDG,Judges,R1,STRONG_OUTLIER,0.2427555678158783,0.2109212600391261,0.1517173137608478,WORK,0.031834307776752196,0.0910382540550305,1.1509298198334625,1.6000518450948467,False,False
491,246,246,6,EXO:12:38,EXO,Exodus,R0,STRONG_OUTLIER,0.2422758964658108,0.2061688329235183,0.1458137712888438,WORK,0.036107063542292483,0.096462125176967,1.1751334720689184,1.6615433118857088,False,False
492,246,246,6,EXO:12:38,EXO,Exodus,R1,STRONG_OUTLIER,0.2422758964658108,0.2061688329235183,0.1458137712888438,WORK,0.036107063542292483,0.096462125176967,1.1751334720689184,1.6615433118857088,False,False
493,247,247,6,ISA:51:5,ISA,Isaiah,R0,STRONG_OUTLIER,0.2420139826269812,0.2203930443072171,0.1556613590945488,WORK,0.02162093831976411,0.0863526235324324,1.0981017272470068,1.5547466888040067,False,False
494,247,247,6,ISA:51:5,ISA,Isaiah,R1,STRONG_OUTLIER,0.2420139826269812,0.2203930443072171,0.1556613590945488,WORK,0.02162093831976411,0.0863526235324324,1.0981017272470068,1.5547466888040067,False,False
495,248,248,2,EZE:48:22,EZE,Ezekiel,R0,STRONG_OUTLIER,0.2414923917489654,0.1977293149575067,0.1466200453576744,WORK,0.04376307679145869,0.094872346391291,1.221328217320045,1.647062590656368,False,False
496,248,248,2,EZE:48:22,EZE,Ezekiel,R1,STRONG_OUTLIER,0.2414923917489654,0.1977293149575067,0.1466200453576744,WORK,0.04376307679145869,0.094872346391291,1.221328217320045,1.647062590656368,False,False
497,249,249,5,NUM:32:4,NUM,Numbers,R0,STRONG_OUTLIER,0.2413720495897875,0.2060272335177108,0.1521304504522337,WORK,0.03534481607207671,0.0892415991375538,1.1715540973326632,1.5866123374529422,False,False
498,249,249,5,NUM:32:4,NUM,Numbers,R1,STRONG_OUTLIER,0.2413720495897875,0.2060272335177108,0.1521304504522337,WORK,0.03534481607207671,0.0892415991375538,1.1715540973326632,1.5866123374529422,False,False
499,250,250,5,2CH:36:2,2CH,2Chronicles,R0,STRONG_OUTLIER,0.2410053080051314,0.2156992211395015,0.1608023572188025,WORK,0.025306086865629907,0.08020295078632889,1.1173211786854966,1.4987672579774272,False,False
500,250,250,5,2CH:36:2,2CH,2Chronicles,R1,STRONG_OUTLIER,0.2410053080051314,0.2156992211395015,0.1608023572188025,WORK,0.025306086865629907,0.08020295078632889,1.1173211786854966,1.4987672579774272,False,False
501,251,251,11,ACT:1:17,ACT,Acts,R0,STRONG_OUTLIER,0.2408741558327877,0.2407747958049971,0.1622007514290091,WORK,9.936002779059594e-05,0.0786734044037786,1.000412667893491,1.4850372375630567,False,False
502,251,251,11,ACT:1:17,ACT,Acts,R1,STRONG_OUTLIER,0.2408741558327877,0.2407747958049971,0.1622007514290091,WORK,9.936002779059594e-05,0.0786734044037786,1.000412667893491,1.4850372375630567,False,False
503,252,252,6,2CH:12:8,2CH,2Chronicles,R0,STRONG_OUTLIER,0.2399042002512488,0.2156992211395015,0.1608023572188025,WORK,0.02420497911174732,0.0791018430324463,1.1122163491545154,1.491919673321785,False,False
504,252,252,6,2CH:12:8,2CH,2Chronicles,R1,STRONG_OUTLIER,0.2399042002512488,0.2156992211395015,0.1608023572188025,WORK,0.02420497911174732,0.0791018430324463,1.1122163491545154,1.491919673321785,False,False
505,253,253,7,EXO:40:37,EXO,Exodus,R0,STRONG_OUTLIER,0.2395704952113297,0.2061688329235183,0.1458137712888438,WORK,0.033401662287811384,0.09375672392248591,1.1620112109777634,1.64298950019448,False,False
506,253,253,7,EXO:40:37,EXO,Exodus,R1,STRONG_OUTLIER,0.2395704952113297,0.2061688329235183,0.1458137712888438,WORK,0.033401662287811384,0.09375672392248591,1.1620112109777634,1.64298950019448,False,False
507,254,254,5,1KI:15:4,1KI,1Kings,R0,STRONG_OUTLIER,0.2394875113126481,0.2134238491198039,0.1471697863256086,WORK,0.0260636621928442,0.0923177249870395,1.1221216012190538,1.6272872122188815,False,False
508,254,254,5,1KI:15:4,1KI,1Kings,R1,STRONG_OUTLIER,0.2394875113126481,0.2134238491198039,0.1471697863256086,WORK,0.0260636621928442,0.0923177249870395,1.1221216012190538,1.6272872122188815,False,False
509,255,255,3,DAN:6:21,DAN,Daniel,R0,STRONG_OUTLIER,0.2388253851395991,0.2230599517621362,0.1564706148641274,WORK,0.015765433377462917,0.08235477027547172,1.070678009445078,1.5263273896314986,False,False
510,255,255,3,DAN:6:21,DAN,Daniel,R1,STRONG_OUTLIER,0.2388253851395991,0.2230599517621362,0.1564706148641274,WORK,0.015765433377462917,0.08235477027547172,1.070678009445078,1.5263273896314986,False,False
511,256,256,3,JDG:5:30,JDG,Judges,R0,STRONG_OUTLIER,0.2383565793083454,0.2109212600391261,0.1517173137608478,WORK,0.0274353192692193,0.0866392655474976,1.1300737501005353,1.5710572076438631,False,False
512,256,256,3,JDG:5:30,JDG,Judges,R1,STRONG_OUTLIER,0.2383565793083454,0.2109212600391261,0.1517173137608478,WORK,0.0274353192692193,0.0866392655474976,1.1300737501005353,1.5710572076438631,False,False
513,257,257,4,DAN:9:12,DAN,Daniel,R0,STRONG_OUTLIER,0.2381500856868802,0.2230599517621362,0.1564706148641274,WORK,0.01509013392474401,0.08167947082275281,1.0676505746797418,1.5220115667959757,False,False
514,257,257,4,DAN:9:12,DAN,Daniel,R1,STRONG_OUTLIER,0.2381500856868802,0.2230599517621362,0.1564706148641274,WORK,0.01509013392474401,0.08167947082275281,1.0676505746797418,1.5220115667959757,False,False
515,258,258,4,JDG:15:20,JDG,Judges,R0,STRONG_OUTLIER,0.2379451772410995,0.2109212600391261,0.1517173137608478,WORK,0.02702391720197342,0.08622786348025172,1.1281232493915523,1.5683455720562836,False,False
516,258,258,4,JDG:15:20,JDG,Judges,R1,STRONG_OUTLIER,0.2379451772410995,0.2109212600391261,0.1517173137608478,WORK,0.02702391720197342,0.08622786348025172,1.1281232493915523,1.5683455720562836,False,False
517,259,259,10,PRO:20:23,PRO,Proverbs,R0,STRONG_OUTLIER,0.2369476799046865,0.2365615998472131,0.1658406971808283,WORK,0.000386080057473398,0.07110698272385818,1.0016320487252486,1.4287667860339794,False,False
518,259,259,10,PRO:20:23,PRO,Proverbs,R1,STRONG_OUTLIER,0.2369476799046865,0.2365615998472131,0.1658406971808283,WORK,0.000386080057473398,0.07110698272385818,1.0016320487252486,1.4287667860339794,False,False
519,260,260,5,ROM:10:13,ROM,Romans,R0,STRONG_OUTLIER,0.2361691728152658,0.2309266196192162,0.1560124813251275,WORK,0.005242553196049604,0.08015669149013832,1.0227022471670622,1.5137838383782454,False,False
520,260,260,5,ROM:10:13,ROM,Romans,R1,STRONG_OUTLIER,0.2361691728152658,0.2309266196192162,0.1560124813251275,WORK,0.005242553196049604,0.08015669149013832,1.0227022471670622,1.5137838383782454,False,False
521,261,261,7,ISA:9:6,ISA,Isaiah,R0,STRONG_OUTLIER,0.2352000225642994,0.2203930443072171,0.1556613590945488,WORK,0.014806978257082298,0.07953866346975058,1.0671844172924174,1.5109724335725396,False,False
522,261,261,7,ISA:9:6,ISA,Isaiah,R1,STRONG_OUTLIER,0.2352000225642994,0.2203930443072171,0.1556613590945488,WORK,0.014806978257082298,0.07953866346975058,1.0671844172924174,1.5109724335725396,False,False
523,262,262,6,NUM:16:13,NUM,Numbers,R0,STRONG_OUTLIER,0.2351637993132901,0.2060272335177108,0.1521304504522337,WORK,0.0291365657955793,0.0830333488610564,1.1414209437174947,1.5458036087727711,False,False
524,262,262,6,NUM:16:13,NUM,Numbers,R1,STRONG_OUTLIER,0.2351637993132901,0.2060272335177108,0.1521304504522337,WORK,0.0291365657955793,0.0830333488610564,1.1414209437174947,1.5458036087727711,False,False
525,263,263,1,2PE:1:10,2PE,2Peter,R0,STRONG_OUTLIER,0.234970415444419,0.2335590167723484,0.1640285042271768,WORK,0.0014113986720706018,0.07094191121724219,1.006043006566714,1.4324974586062724,False,False
526,263,263,1,2PE:1:10,2PE,2Peter,R1,STRONG_OUTLIER,0.234970415444419,0.2335590167723484,0.1640285042271768,WORK,0.0014113986720706018,0.07094191121724219,1.006043006566714,1.4324974586062724,False,False
527,264,264,7,2CH:9:19,2CH,2Chronicles,R0,STRONG_OUTLIER,0.2340397453360089,0.2156992211395015,0.1608023572188025,WORK,0.01834052419650742,0.0732373881172064,1.0850282356126166,1.4554497171801584,False,False
528,264,264,7,2CH:9:19,2CH,2Chronicles,R1,STRONG_OUTLIER,0.2340397453360089,0.2156992211395015,0.1608023572188025,WORK,0.01834052419650742,0.0732373881172064,1.0850282356126166,1.4554497171801584,False,False
529,265,265,2,AMO:6:5,AMO,Amos,R0,STRONG_OUTLIER,0.233413887503823,0.2309942136095671,0.1634155251031349,WORK,0.0024196738942559026,0.0699983624006881,1.0104750411555576,1.428345852430549,False,False
530,265,265,2,AMO:6:5,AMO,Amos,R1,STRONG_OUTLIER,0.233413887503823,0.2309942136095671,0.1634155251031349,WORK,0.0024196738942559026,0.0699983624006881,1.0104750411555576,1.428345852430549,False,False
531,266,266,1,SNG:2:4,SNG,SongofSolomon,R0,STRONG_OUTLIER,0.2331671305385325,0.2217445237246225,0.1631926633448978,WORK,0.011422606813909997,0.0699744671936347,1.051512464082745,1.4287843936081117,False,False
532,266,266,1,SNG:2:4,SNG,SongofSolomon,R1,STRONG_OUTLIER,0.2331671305385325,0.2217445237246225,0.1631926633448978,WORK,0.011422606813909997,0.0699744671936347,1.051512464082745,1.4287843936081117,False,False
533,267,267,8,ISA:12:3,ISA,Isaiah,R0,STRONG_OUTLIER,0.2325705188599655,0.2203930443072171,0.1556613590945488,WORK,0.012177474552748396,0.07690915976541668,1.0552534431884049,1.4940799708597046,False,False
534,267,267,8,ISA:12:3,ISA,Isaiah,R1,STRONG_OUTLIER,0.2325705188599655,0.2203930443072171,0.1556613590945488,WORK,0.012177474552748396,0.07690915976541668,1.0552534431884049,1.4940799708597046,False,False
535,268,268,2,HEB:5:13,HEB,Hebrews,R0,STRONG_OUTLIER,0.2315515775416963,0.214279535005857,0.1704570020425162,WORK,0.017272042535839305,0.0610945754991801,1.0806051895500295,1.3584163441050172,False,False
536,268,268,2,HEB:5:13,HEB,Hebrews,R1,STRONG_OUTLIER,0.2315515775416963,0.214279535005857,0.1704570020425162,WORK,0.017272042535839305,0.0610945754991801,1.0806051895500295,1.3584163441050172,False,False
537,269,269,7,NUM:19:22,NUM,Numbers,R0,STRONG_OUTLIER,0.231542523389081,0.2060272335177108,0.1521304504522337,WORK,0.025515289871370195,0.0794120729368473,1.1238442580416284,1.5219998540777429,False,False
538,269,269,7,NUM:19:22,NUM,Numbers,R1,STRONG_OUTLIER,0.231542523389081,0.2060272335177108,0.1521304504522337,WORK,0.025515289871370195,0.0794120729368473,1.1238442580416284,1.5219998540777429,False,False
539,270,270,3,EZE:48:13,EZE,Ezekiel,R0,STRONG_OUTLIER,0.2311408248667618,0.1977293149575067,0.1466200453576744,WORK,0.033411509909255094,0.0845207795090874,1.1689760059930185,1.5764612833320435,False,False
540,270,270,3,EZE:48:13,EZE,Ezekiel,R1,STRONG_OUTLIER,0.2311408248667618,0.1977293149575067,0.1466200453576744,WORK,0.033411509909255094,0.0845207795090874,1.1689760059930185,1.5764612833320435,False,False
541,271,271,9,ISA:49:24,ISA,Isaiah,R0,STRONG_OUTLIER,0.2310032421914001,0.2203930443072171,0.1556613590945488,WORK,0.010610197884182992,0.07534188309685128,1.0481421630956416,1.4840114690961201,False,False
542,271,271,9,ISA:49:24,ISA,Isaiah,R1,STRONG_OUTLIER,0.2310032421914001,0.2203930443072171,0.1556613590945488,WORK,0.010610197884182992,0.07534188309685128,1.0481421630956416,1.4840114690961201,False,False
543,272,272,2,JAS:2:4,JAS,James,R0,STRONG_OUTLIER,0.2308815169515188,0.229866855888857,0.1781802858365281,WORK,0.0010146610626617925,0.0527012311149907,1.004414125119249,1.2957747590737483,False,False
544,272,272,2,JAS:2:4,JAS,James,R1,STRONG_OUTLIER,0.2308815169515188,0.229866855888857,0.1781802858365281,WORK,0.0010146610626617925,0.0527012311149907,1.004414125119249,1.2957747590737483,False,False
545,273,273,8,NUM:1:37,NUM,Numbers,R0,STRONG_OUTLIER,0.2304429375953904,0.2060272335177108,0.1521304504522337,WORK,0.024415704077679595,0.0783124871431567,1.1185071684980945,1.514771940202369,False,False
546,273,273,8,NUM:1:37,NUM,Numbers,R1,STRONG_OUTLIER,0.2304429375953904,0.2060272335177108,0.1521304504522337,WORK,0.024415704077679595,0.0783124871431567,1.1185071684980945,1.514771940202369,False,False
547,274,274,10,ISA:47:2,ISA,Isaiah,R0,STRONG_OUTLIER,0.2303188092376319,0.2203930443072171,0.1556613590945488,WORK,0.009925764930414804,0.07465745014308309,1.045036652411674,1.4796145336090514,False,False
548,274,274,10,ISA:47:2,ISA,Isaiah,R1,STRONG_OUTLIER,0.2303188092376319,0.2203930443072171,0.1556613590945488,WORK,0.009925764930414804,0.07465745014308309,1.045036652411674,1.4796145336090514,False,False
549,275,275,11,ISA:28:15,ISA,Isaiah,R0,STRONG_OUTLIER,0.2303130432522969,0.2203930443072171,0.1556613590945488,WORK,0.009919998945079805,0.07465168415774809,1.045010490128045,1.4795774917550644,False,False
550,275,275,11,ISA:28:15,ISA,Isaiah,R1,STRONG_OUTLIER,0.2303130432522969,0.2203930443072171,0.1556613590945488,WORK,0.009919998945079805,0.07465168415774809,1.045010490128045,1.4795774917550644,False,False
551,276,276,10,DEU:15:1,DEU,Deuteronomy,R0,STRONG_OUTLIER,0.2303002995543693,0.2277736606676687,0.158268997269363,WORK,0.0025266388867005996,0.07203130228500629,1.0110927614689702,1.4551194708235495,False,False
552,276,276,10,DEU:15:1,DEU,Deuteronomy,R1,STRONG_OUTLIER,0.2303002995543693,0.2277736606676687,0.158268997269363,WORK,0.0025266388867005996,0.07203130228500629,1.0110927614689702,1.4551194708235495,False,False
553,277,277,6,1KI:1:1,1KI,1Kings,R0,STRONG_OUTLIER,0.2299219025288492,0.2134238491198039,0.1471697863256086,WORK,0.01649805340904531,0.0827521162032406,1.077301826750319,1.562290115854039,False,False
554,277,277,6,1KI:1:1,1KI,1Kings,R1,STRONG_OUTLIER,0.2299219025288492,0.2134238491198039,0.1471697863256086,WORK,0.01649805340904531,0.0827521162032406,1.077301826750319,1.562290115854039,False,False
555,278,278,1,TIT:3:9,TIT,Titus,R0,STRONG_OUTLIER,0.2298959097579983,0.1252064804171093,0.1130923812925082,WORK,0.10468942934088901,0.11680352846549011,1.8361342719013396,2.0328151828670333,True,False
556,278,278,1,TIT:3:9,TIT,Titus,R1,STRONG_OUTLIER,0.2298959097579983,0.1252064804171093,0.1130923812925082,WORK,0.10468942934088901,0.11680352846549011,1.8361342719013396,2.0328151828670333,True,False
557,279,279,8,2CH:21:17,2CH,2Chronicles,R0,STRONG_OUTLIER,0.2293341814914632,0.2156992211395015,0.1608023572188025,WORK,0.013634960351961711,0.06853182427266069,1.0632128399904766,1.426186689411586,False,False
558,279,279,8,2CH:21:17,2CH,2Chronicles,R1,STRONG_OUTLIER,0.2293341814914632,0.2156992211395015,0.1608023572188025,WORK,0.013634960351961711,0.06853182427266069,1.0632128399904766,1.426186689411586,False,False
559,280,280,8,JER:39:2,JER,Jeremiah,R0,STRONG_OUTLIER,0.2273651218788017,0.203825573325914,0.1595710794486916,WORK,0.0235395485528877,0.06779404243011011,1.1154886904954184,1.4248516878141981,False,False
560,280,280,8,JER:39:2,JER,Jeremiah,R1,STRONG_OUTLIER,0.2273651218788017,0.203825573325914,0.1595710794486916,WORK,0.0235395485528877,0.06779404243011011,1.1154886904954184,1.4248516878141981,False,False
561,281,281,12,ISA:31:6,ISA,Isaiah,R0,STRONG_OUTLIER,0.2264354205075973,0.2203930443072171,0.1556613590945488,WORK,0.006042376200380201,0.07077406141304848,1.0274163652458896,1.454666860322479,False,False
562,281,281,12,ISA:31:6,ISA,Isaiah,R1,STRONG_OUTLIER,0.2264354205075973,0.2203930443072171,0.1556613590945488,WORK,0.006042376200380201,0.07077406141304848,1.0274163652458896,1.454666860322479,False,False
563,282,282,9,NUM:31:44,NUM,Numbers,R0,STRONG_OUTLIER,0.2263484565813985,0.2060272335177108,0.1521304504522337,WORK,0.020321223063687693,0.07421800612916479,1.0986336743775227,1.487857663659965,False,False
564,282,282,9,NUM:31:44,NUM,Numbers,R1,STRONG_OUTLIER,0.2263484565813985,0.2060272335177108,0.1521304504522337,WORK,0.020321223063687693,0.07421800612916479,1.0986336743775227,1.487857663659965,False,False
565,283,283,9,JER:30:16,JER,Jeremiah,R0,STRONG_OUTLIER,0.2243932536317602,0.203825573325914,0.1595710794486916,WORK,0.020567680305846187,0.0648221741830686,1.1009082421319074,1.4062275846414356,False,False
566,283,283,9,JER:30:16,JER,Jeremiah,R1,STRONG_OUTLIER,0.2243932536317602,0.203825573325914,0.1595710794486916,WORK,0.020567680305846187,0.0648221741830686,1.1009082421319074,1.4062275846414356,False,False
567,284,284,4,EZE:1:2,EZE,Ezekiel,R0,STRONG_OUTLIER,0.2239068993157337,0.1977293149575067,0.1466200453576744,WORK,0.026177584358227007,0.07728685395805932,1.1323910132589734,1.5271233805004,False,False
568,284,284,4,EZE:1:2,EZE,Ezekiel,R1,STRONG_OUTLIER,0.2239068993157337,0.1977293149575067,0.1466200453576744,WORK,0.026177584358227007,0.07728685395805932,1.1323910132589734,1.5271233805004,False,False
569,285,285,2,SNG:1:11,SNG,SongofSolomon,R0,STRONG_OUTLIER,0.2223955538133245,0.2217445237246225,0.1631926633448978,WORK,0.0006510300887019871,0.059202890468426694,1.0029359466369978,1.3627791179760635,False,False
570,285,285,2,SNG:1:11,SNG,SongofSolomon,R1,STRONG_OUTLIER,0.2223955538133245,0.2217445237246225,0.1631926633448978,WORK,0.0006510300887019871,0.059202890468426694,1.0029359466369978,1.3627791179760635,False,False
571,286,286,3,HEB:13:13,HEB,Hebrews,R0,STRONG_OUTLIER,0.2221411159079503,0.214279535005857,0.1704570020425162,WORK,0.007861580902093296,0.05168411386543409,1.0366884355142847,1.3032090981662507,False,False
572,286,286,3,HEB:13:13,HEB,Hebrews,R1,STRONG_OUTLIER,0.2221411159079503,0.214279535005857,0.1704570020425162,WORK,0.007861580902093296,0.05168411386543409,1.0366884355142847,1.3032090981662507,False,False
573,287,287,10,JER:33:22,JER,Jeremiah,R0,STRONG_OUTLIER,0.2214490735751925,0.203825573325914,0.1595710794486916,WORK,0.0176235002492785,0.06187799412650091,1.0864636363421325,1.3877769978136743,False,False
574,287,287,10,JER:33:22,JER,Jeremiah,R1,STRONG_OUTLIER,0.2214490735751925,0.203825573325914,0.1595710794486916,WORK,0.0176235002492785,0.06187799412650091,1.0864636363421325,1.3877769978136743,False,False
575,288,288,1,HOS:6:2,HOS,Hosea,R0,STRONG_OUTLIER,0.2212953782824943,0.1864811853428518,0.1389984160707465,WORK,0.034814192939642497,0.08229696221174779,1.1866901096517348,1.5920712230984044,False,False
576,288,288,1,HOS:6:2,HOS,Hosea,R1,STRONG_OUTLIER,0.2212953782824943,0.1864811853428518,0.1389984160707465,WORK,0.034814192939642497,0.08229696221174779,1.1866901096517348,1.5920712230984044,False,False
577,289,289,11,JER:51:4,JER,Jeremiah,R0,STRONG_OUTLIER,0.2208350836771015,0.203825573325914,0.1595710794486916,WORK,0.0170095103511875,0.06126400422840991,1.083451306298987,1.3839292460768788,False,False
578,289,289,11,JER:51:4,JER,Jeremiah,R1,STRONG_OUTLIER,0.2208350836771015,0.203825573325914,0.1595710794486916,WORK,0.0170095103511875,0.06126400422840991,1.083451306298987,1.3839292460768788,False,False
579,290,290,13,ISA:34:4,ISA,Isaiah,R0,STRONG_OUTLIER,0.2208230575730327,0.2203930443072171,0.1556613590945488,WORK,0.0004300132658155986,0.06516169847848388,1.001951119951028,1.4186119076533608,False,False
580,290,290,13,ISA:34:4,ISA,Isaiah,R1,STRONG_OUTLIER,0.2208230575730327,0.2203930443072171,0.1556613590945488,WORK,0.0004300132658155986,0.06516169847848388,1.001951119951028,1.4186119076533608,False,False
581,291,291,8,EXO:37:5,EXO,Exodus,R0,STRONG_OUTLIER,0.2201437881736814,0.2061688329235183,0.1458137712888438,WORK,0.013974955250163096,0.07433001688483762,1.0677840343372722,1.5097599234135206,False,False
582,291,291,8,EXO:37:5,EXO,Exodus,R1,STRONG_OUTLIER,0.2201437881736814,0.2061688329235183,0.1458137712888438,WORK,0.013974955250163096,0.07433001688483762,1.0677840343372722,1.5097599234135206,False,False
583,292,292,9,EXO:40:11,EXO,Exodus,R0,STRONG_OUTLIER,0.2199042969867695,0.2061688329235183,0.1458137712888438,WORK,0.013735464063251185,0.07409052569792571,1.066622407802767,1.5081174778146238,False,False
584,292,292,9,EXO:40:11,EXO,Exodus,R1,STRONG_OUTLIER,0.2199042969867695,0.2061688329235183,0.1458137712888438,WORK,0.013735464063251185,0.07409052569792571,1.066622407802767,1.5081174778146238,False,False
585,293,293,10,NUM:28:25,NUM,Numbers,R0,STRONG_OUTLIER,0.2198202075753423,0.2060272335177108,0.1521304504522337,WORK,0.013792974057631496,0.0676897571231086,1.0669473342049502,1.444945485416557,False,False
586,293,293,10,NUM:28:25,NUM,Numbers,R1,STRONG_OUTLIER,0.2198202075753423,0.2060272335177108,0.1521304504522337,WORK,0.013792974057631496,0.0676897571231086,1.0669473342049502,1.444945485416557,False,False
587,294,294,4,2KI:24:19,2KI,2Kings,R0,STRONG_OUTLIER,0.2194805802426437,0.2042283105495926,0.1574881551780614,WORK,0.015252269693051101,0.0619924250645823,1.0746824456022095,1.3936323020260895,False,False
588,294,294,4,2KI:24:19,2KI,2Kings,R1,STRONG_OUTLIER,0.2194805802426437,0.2042283105495926,0.1574881551780614,WORK,0.015252269693051101,0.0619924250645823,1.0746824456022095,1.3936323020260895,False,False
589,295,295,5,EZE:34:20,EZE,Ezekiel,R0,STRONG_OUTLIER,0.2181434248359361,0.1977293149575067,0.1466200453576744,WORK,0.0204141098784294,0.0715233794782617,1.1032427077533573,1.4878144683681072,False,False
590,295,295,5,EZE:34:20,EZE,Ezekiel,R1,STRONG_OUTLIER,0.2181434248359361,0.1977293149575067,0.1466200453576744,WORK,0.0204141098784294,0.0715233794782617,1.1032427077533573,1.4878144683681072,False,False
591,296,296,6,EZE:28:19,EZE,Ezekiel,R0,STRONG_OUTLIER,0.2179650961026049,0.1977293149575067,0.1466200453576744,WORK,0.02023578114509819,0.0713450507449305,1.1023408246240423,1.4865982040237866,False,False
592,296,296,6,EZE:28:19,EZE,Ezekiel,R1,STRONG_OUTLIER,0.2179650961026049,0.1977293149575067,0.1466200453576744,WORK,0.02023578114509819,0.0713450507449305,1.1023408246240423,1.4865982040237866,False,False
593,297,297,2,1JN:4:7,1JN,1John,R0,STRONG_OUTLIER,0.2178552230173597,0.2177941649094253,0.2009684727039759,WORK,6.105810793441413e-05,0.016886750313383825,1.0002803477676263,1.084026862951075,False,False
594,297,297,2,1JN:4:7,1JN,1John,R1,STRONG_OUTLIER,0.2178552230173597,0.2177941649094253,0.2009684727039759,WORK,6.105810793441413e-05,0.016886750313383825,1.0002803477676263,1.084026862951075,False,False
595,298,298,11,NUM:3:22,NUM,Numbers,R0,STRONG_OUTLIER,0.2177008434169297,0.2060272335177108,0.1521304504522337,WORK,0.011673609899218895,0.065570392964696,1.056660518611562,1.4310142563160553,False,False
596,298,298,11,NUM:3:22,NUM,Numbers,R1,STRONG_OUTLIER,0.2177008434169297,0.2060272335177108,0.1521304504522337,WORK,0.011673609899218895,0.065570392964696,1.056660518611562,1.4310142563160553,False,False
597,299,299,5,JDG:6:40,JDG,Judges,R0,STRONG_OUTLIER,0.2169997440497447,0.2109212600391261,0.1517173137608478,WORK,0.006078484010618612,0.06528243028889691,1.0288187355295102,1.4302899166261387,False,False
598,299,299,5,JDG:6:40,JDG,Judges,R1,STRONG_OUTLIER,0.2169997440497447,0.2109212600391261,0.1517173137608478,WORK,0.006078484010618612,0.06528243028889691,1.0288187355295102,1.4302899166261387,False,False
599,300,300,12,NUM:31:28,NUM,Numbers,R0,STRONG_OUTLIER,0.21667284600197,0.2060272335177108,0.1521304504522337,WORK,0.010645612484259215,0.06454239554973631,1.0516708995335031,1.424256914758834,False,False
600,300,300,12,NUM:31:28,NUM,Numbers,R1,STRONG_OUTLIER,0.21667284600197,0.2060272335177108,0.1521304504522337,WORK,0.010645612484259215,0.06454239554973631,1.0516708995335031,1.424256914758834,False,False
601,301,301,9,2CH:1:4,2CH,2Chronicles,R0,STRONG_OUTLIER,0.2165472213963679,0.2156992211395015,0.1608023572188025,WORK,0.0008480002568664047,0.055744864177565384,1.0039314015710699,1.346666959003056,False,False
602,301,301,9,2CH:1:4,2CH,2Chronicles,R1,STRONG_OUTLIER,0.2165472213963679,0.2156992211395015,0.1608023572188025,WORK,0.0008480002568664047,0.055744864177565384,1.0039314015710699,1.346666959003056,False,False
603,302,302,1,NAH:2:6,NAH,Nahum,R0,STRONG_OUTLIER,0.2164201595312138,0.1250480150193433,0.1130454271588448,WORK,0.0913721445118705,0.103374732372369,1.7306964808496674,1.914453020971055,True,False
604,302,302,1,NAH:2:6,NAH,Nahum,R1,STRONG_OUTLIER,0.2164201595312138,0.1250480150193433,0.1130454271588448,WORK,0.0913721445118705,0.103374732372369,1.7306964808496674,1.914453020971055,True,False
605,303,303,7,EZE:36:29,EZE,Ezekiel,R0,STRONG_OUTLIER,0.2162263857749375,0.1977293149575067,0.1466200453576744,WORK,0.018497070817430794,0.0696063404172631,1.0935474379274814,1.4747395913530166,False,False
606,303,303,7,EZE:36:29,EZE,Ezekiel,R1,STRONG_OUTLIER,0.2162263857749375,0.1977293149575067,0.1466200453576744,WORK,0.018497070817430794,0.0696063404172631,1.0935474379274814,1.4747395913530166,False,False
607,304,304,8,EZE:46:23,EZE,Ezekiel,R0,STRONG_OUTLIER,0.2161097739228005,0.1977293149575067,0.1466200453576744,WORK,0.018380458965293806,0.06948972856512611,1.0929576829275107,1.4739442577282553,False,False
608,304,304,8,EZE:46:23,EZE,Ezekiel,R1,STRONG_OUTLIER,0.2161097739228005,0.1977293149575067,0.1466200453576744,WORK,0.018380458965293806,0.06948972856512611,1.0929576829275107,1.4739442577282553,False,False
609,305,305,6,JDG:10:3,JDG,Judges,R0,STRONG_OUTLIER,0.2156715174913016,0.2109212600391261,0.1517173137608478,WORK,0.004750257452175499,0.0639542037304538,1.0225214729482193,1.4215353023667747,False,False
610,305,305,6,JDG:10:3,JDG,Judges,R1,STRONG_OUTLIER,0.2156715174913016,0.2109212600391261,0.1517173137608478,WORK,0.004750257452175499,0.0639542037304538,1.0225214729482193,1.4215353023667747,False,False
611,306,306,7,1KI:2:10,1KI,1Kings,R0,STRONG_OUTLIER,0.2154849192139472,0.2134238491198039,0.1471697863256086,WORK,0.0020610700941433024,0.0683151328883386,1.0096571685996831,1.464192648463819,False,False
612,306,306,7,1KI:2:10,1KI,1Kings,R1,STRONG_OUTLIER,0.2154849192139472,0.2134238491198039,0.1471697863256086,WORK,0.0020610700941433024,0.0683151328883386,1.0096571685996831,1.464192648463819,False,False
613,307,307,9,EZE:37:24,EZE,Ezekiel,R0,STRONG_OUTLIER,0.2153946703458046,0.1977293149575067,0.1466200453576744,WORK,0.017665355388297888,0.0687746249881302,1.0893411044897126,1.4690670011754323,False,False
614,307,307,9,EZE:37:24,EZE,Ezekiel,R1,STRONG_OUTLIER,0.2153946703458046,0.1977293149575067,0.1466200453576744,WORK,0.017665355388297888,0.0687746249881302,1.0893411044897126,1.4690670011754323,False,False
615,308,308,1,EST:2:6,EST,Esther,R0,STRONG_OUTLIER,0.2153906319130014,0.2106098417089447,0.155955053094019,WORK,0.004780790204056695,0.0594355788189824,1.022699747387226,1.3811071051551698,False,False
616,308,308,1,EST:2:6,EST,Esther,R1,STRONG_OUTLIER,0.2153906319130014,0.2106098417089447,0.155955053094019,WORK,0.004780790204056695,0.0594355788189824,1.022699747387226,1.3811071051551698,False,False
617,309,309,8,1KI:11:15,1KI,1Kings,R0,STRONG_OUTLIER,0.2153883719496625,0.2134238491198039,0.1471697863256086,WORK,0.0019645228298586226,0.06821858562405392,1.0092047952370864,1.4635366220694404,False,False
618,309,309,8,1KI:11:15,1KI,1Kings,R1,STRONG_OUTLIER,0.2153883719496625,0.2134238491198039,0.1471697863256086,WORK,0.0019645228298586226,0.06821858562405392,1.0092047952370864,1.4635366220694404,False,False
619,310,310,12,JER:52:14,JER,Jeremiah,R0,STRONG_OUTLIER,0.2144527013349467,0.203825573325914,0.1595710794486916,WORK,0.010627128009032705,0.054881621886255116,1.0521383447406774,1.343932134042508,False,False
620,310,310,12,JER:52:14,JER,Jeremiah,R1,STRONG_OUTLIER,0.2144527013349467,0.203825573325914,0.1595710794486916,WORK,0.010627128009032705,0.054881621886255116,1.0521383447406774,1.343932134042508,False,False
621,311,311,4,HEB:6:9,HEB,Hebrews,R0,STRONG_OUTLIER,0.2142820586759219,0.214279535005857,0.1704570020425162,WORK,2.5236700648967325e-06,0.04382505663340569,1.000011777466592,1.2571032935477455,False,False
622,311,311,4,HEB:6:9,HEB,Hebrews,R1,STRONG_OUTLIER,0.2142820586759219,0.214279535005857,0.1704570020425162,WORK,2.5236700648967325e-06,0.04382505663340569,1.000011777466592,1.2571032935477455,False,False
623,312,312,9,1KI:13:24,1KI,1Kings,R0,STRONG_OUTLIER,0.2135770837559173,0.2134238491198039,0.1471697863256086,WORK,0.00015323463611341404,0.06640729743030871,1.0007179827219188,1.45122914891909,False,False
624,312,312,9,1KI:13:24,1KI,1Kings,R1,STRONG_OUTLIER,0.2135770837559173,0.2134238491198039,0.1471697863256086,WORK,0.00015323463611341404,0.06640729743030871,1.0007179827219188,1.45122914891909,False,False
625,313,313,10,EXO:11:6,EXO,Exodus,R0,STRONG_OUTLIER,0.2134198835541992,0.2061688329235183,0.1458137712888438,WORK,0.0072510506306808775,0.0676061122653554,1.0351704500038121,1.463646963299741,False,False
626,313,313,10,EXO:11:6,EXO,Exodus,R1,STRONG_OUTLIER,0.2134198835541992,0.2061688329235183,0.1458137712888438,WORK,0.0072510506306808775,0.0676061122653554,1.0351704500038121,1.463646963299741,False,False
627,314,314,13,JER:40:2,JER,Jeremiah,R0,STRONG_OUTLIER,0.2130873136873573,0.203825573325914,0.1595710794486916,WORK,0.00926174036144331,0.05351623423866572,1.0454395403398862,1.3353755230807554,False,False
628,314,314,13,JER:40:2,JER,Jeremiah,R1,STRONG_OUTLIER,0.2130873136873573,0.203825573325914,0.1595710794486916,WORK,0.00926174036144331,0.05351623423866572,1.0454395403398862,1.3353755230807554,False,False
629,315,315,5,2KI:9:28,2KI,2Kings,R0,STRONG_OUTLIER,0.2126054869962079,0.2042283105495926,0.1574881551780614,WORK,0.008377176446615314,0.055117331818146514,1.0410186835707143,1.349977633275525,False,False
630,315,315,5,2KI:9:28,2KI,2Kings,R1,STRONG_OUTLIER,0.2126054869962079,0.2042283105495926,0.1574881551780614,WORK,0.008377176446615314,0.055117331818146514,1.0410186835707143,1.349977633275525,False,False
631,316,316,7,JDG:8:25,JDG,Judges,R0,STRONG_OUTLIER,0.2118029617435077,0.2109212600391261,0.1517173137608478,WORK,0.0008817017043816211,0.06008564798265992,1.0041802410255753,1.396036856263966,False,False
632,316,316,7,JDG:8:25,JDG,Judges,R1,STRONG_OUTLIER,0.2118029617435077,0.2109212600391261,0.1517173137608478,WORK,0.0008817017043816211,0.06008564798265992,1.0041802410255753,1.396036856263966,False,False
633,317,317,2,EST:9:6,EST,Esther,R0,STRONG_OUTLIER,0.2117302975931936,0.2106098417089447,0.155955053094019,WORK,0.0011204558842488888,0.05577524449917459,1.0053200547284837,1.3576366612856716,False,False
634,317,317,2,EST:9:6,EST,Esther,R1,STRONG_OUTLIER,0.2117302975931936,0.2106098417089447,0.155955053094019,WORK,0.0011204558842488888,0.05577524449917459,1.0053200547284837,1.3576366612856716,False,False
635,318,318,6,2KI:7:12,2KI,2Kings,R0,STRONG_OUTLIER,0.2115839859043882,0.2042283105495926,0.1574881551780614,WORK,0.0073556753547956155,0.054095830726326816,1.0360169230945553,1.3434914242608547,False,False
636,318,318,6,2KI:7:12,2KI,2Kings,R1,STRONG_OUTLIER,0.2115839859043882,0.2042283105495926,0.1574881551780614,WORK,0.0073556753547956155,0.054095830726326816,1.0360169230945553,1.3434914242608547,False,False
637,319,319,13,NUM:31:45,NUM,Numbers,R0,STRONG_OUTLIER,0.2104657197920328,0.2060272335177108,0.1521304504522337,WORK,0.004438486274322001,0.0583352693397991,1.0215432018308417,1.3834555749121071,False,False
638,319,319,13,NUM:31:45,NUM,Numbers,R1,STRONG_OUTLIER,0.2104657197920328,0.2060272335177108,0.1521304504522337,WORK,0.004438486274322001,0.0583352693397991,1.0215432018308417,1.3834555749121071,False,False
639,320,320,7,2KI:6:4,2KI,2Kings,R0,STRONG_OUTLIER,0.2099695804522722,0.2042283105495926,0.1574881551780614,WORK,0.005741269902679619,0.05248142527421082,1.0281120178060987,1.333240459988077,False,False
640,320,320,7,2KI:6:4,2KI,2Kings,R1,STRONG_OUTLIER,0.2099695804522722,0.2042283105495926,0.1574881551780614,WORK,0.005741269902679619,0.05248142527421082,1.0281120178060987,1.333240459988077,False,False
641,321,321,14,JER:38:13,JER,Jeremiah,R0,STRONG_OUTLIER,0.2095684541683465,0.203825573325914,0.1595710794486916,WORK,0.005742880842432491,0.0499973747196549,1.0281754676252017,1.3133235351442931,False,False
642,321,321,14,JER:38:13,JER,Jeremiah,R1,STRONG_OUTLIER,0.2095684541683465,0.203825573325914,0.1595710794486916,WORK,0.005742880842432491,0.0499973747196549,1.0281754676252017,1.3133235351442931,False,False
643,322,322,11,EXO:6:16,EXO,Exodus,R0,STRONG_OUTLIER,0.2094188039608339,0.2061688329235183,0.1458137712888438,WORK,0.0032499710373155855,0.06360503267199011,1.0157636389129738,1.4362073081972095,False,False
644,322,322,11,EXO:6:16,EXO,Exodus,R1,STRONG_OUTLIER,0.2094188039608339,0.2061688329235183,0.1458137712888438,WORK,0.0032499710373155855,0.06360503267199011,1.0157636389129738,1.4362073081972095,False,False
645,323,323,12,EXO:39:34,EXO,Exodus,R0,STRONG_OUTLIER,0.2094112715960249,0.2061688329235183,0.1458137712888438,WORK,0.0032424386725065923,0.06359750030718112,1.0157271039784632,1.4361556507663482,False,False
646,323,323,12,EXO:39:34,EXO,Exodus,R1,STRONG_OUTLIER,0.2094112715960249,0.2061688329235183,0.1458137712888438,WORK,0.0032424386725065923,0.06359750030718112,1.0157271039784632,1.4361556507663482,False,False
647,324,324,2,ZEC:6:11,ZEC,Zechariah,R0,STRONG_OUTLIER,0.2070825624555786,0.1979117914121707,0.1701784058121591,WORK,0.00917077104340791,0.036904156643419506,1.0463376688067507,1.2168556960402712,False,False
648,324,324,2,ZEC:6:11,ZEC,Zechariah,R1,STRONG_OUTLIER,0.2070825624555786,0.1979117914121707,0.1701784058121591,WORK,0.00917077104340791,0.036904156643419506,1.0463376688067507,1.2168556960402712,False,False
649,325,325,13,EXO:28:20,EXO,Exodus,R0,STRONG_OUTLIER,0.2065979550656325,0.2061688329235183,0.1458137712888438,WORK,0.00042912214211418553,0.06078418377678871,1.0020814113172642,1.4168617493362872,False,False
650,325,325,13,EXO:28:20,EXO,Exodus,R1,STRONG_OUTLIER,0.2065979550656325,0.2061688329235183,0.1458137712888438,WORK,0.00042912214211418553,0.06078418377678871,1.0020814113172642,1.4168617493362872,False,False
651,326,326,2,HOS:6:11,HOS,Hosea,R0,STRONG_OUTLIER,0.2046447046608926,0.1864811853428518,0.1389984160707465,WORK,0.018163519318040805,0.0656462885901461,1.0974013506222977,1.4722808392056344,False,False
652,326,326,2,HOS:6:11,HOS,Hosea,R1,STRONG_OUTLIER,0.2046447046608926,0.1864811853428518,0.1389984160707465,WORK,0.018163519318040805,0.0656462885901461,1.0974013506222977,1.4722808392056344,False,False
653,327,327,10,EZE:12:11,EZE,Ezekiel,R0,STRONG_OUTLIER,0.2043185187313055,0.1977293149575067,0.1466200453576744,WORK,0.006589203773798791,0.0576984733736311,1.0333243645496615,1.3935237725024414,False,False
654,327,327,10,EZE:12:11,EZE,Ezekiel,R1,STRONG_OUTLIER,0.2043185187313055,0.1977293149575067,0.1466200453576744,WORK,0.006589203773798791,0.0576984733736311,1.0333243645496615,1.3935237725024414,False,False
655,328,328,8,2KI:18:35,2KI,2Kings,R0,STRONG_OUTLIER,0.2043022697256868,0.2042283105495926,0.1574881551780614,WORK,7.39591760942071e-05,0.04681411454762541,1.000362139685214,1.297254828432626,False,False
656,328,328,8,2KI:18:35,2KI,2Kings,R1,STRONG_OUTLIER,0.2043022697256868,0.2042283105495926,0.1574881551780614,WORK,7.39591760942071e-05,0.04681411454762541,1.000362139685214,1.297254828432626,False,False
657,329,329,11,EZE:16:44,EZE,Ezekiel,R0,STRONG_OUTLIER,0.2026410207954805,0.1977293149575067,0.1466200453576744,WORK,0.00491170583797379,0.0560209754378061,1.0248405545683974,1.3820826497573706,False,False
658,329,329,11,EZE:16:44,EZE,Ezekiel,R1,STRONG_OUTLIER,0.2026410207954805,0.1977293149575067,0.1466200453576744,WORK,0.00491170583797379,0.0560209754378061,1.0248405545683974,1.3820826497573706,False,False
659,330,330,1,1PE:4:5,1PE,1Peter,R0,STRONG_OUTLIER,0.201359555236532,0.1950868502873471,0.1508743635188615,WORK,0.006272704949184915,0.05048519171767052,1.0321533970123857,1.334617429629515,False,False
660,330,330,1,1PE:4:5,1PE,1Peter,R1,STRONG_OUTLIER,0.201359555236532,0.1950868502873471,0.1508743635188615,WORK,0.006272704949184915,0.05048519171767052,1.0321533970123857,1.334617429629515,False,False
661,331,331,1,REV:15:7,REV,Revelation,R0,STRONG_OUTLIER,0.1999626136602915,0.1680160935170368,0.134798252815794,WORK,0.03194652014325469,0.0651643608444975,1.1901396436170284,1.4834214055693038,False,False
662,331,331,1,REV:15:7,REV,Revelation,R1,STRONG_OUTLIER,0.1999626136602915,0.1680160935170368,0.134798252815794,WORK,0.03194652014325469,0.0651643608444975,1.1901396436170284,1.4834214055693038,False,False
663,332,332,12,EZE:18:13,EZE,Ezekiel,R0,STRONG_OUTLIER,0.1986923951207138,0.1977293149575067,0.1466200453576744,WORK,0.0009630801632070918,0.0520723497630394,1.0048706999435773,1.355151641346248,False,False
664,332,332,12,EZE:18:13,EZE,Ezekiel,R1,STRONG_OUTLIER,0.1986923951207138,0.1977293149575067,0.1466200453576744,WORK,0.0009630801632070918,0.0520723497630394,1.0048706999435773,1.355151641346248,False,False
665,333,333,13,EZE:47:6,EZE,Ezekiel,R0,STRONG_OUTLIER,0.1982063837336645,0.1977293149575067,0.1466200453576744,WORK,0.00047706877615780185,0.05158633837599011,1.002412736706544,1.3518368736699478,False,False
666,333,333,13,EZE:47:6,EZE,Ezekiel,R1,STRONG_OUTLIER,0.1982063837336645,0.1977293149575067,0.1466200453576744,WORK,0.00047706877615780185,0.05158633837599011,1.002412736706544,1.3518368736699478,False,False
667,334,334,3,ZEC:12:6,ZEC,Zechariah,R0,STRONG_OUTLIER,0.198034580330954,0.1979117914121707,0.1701784058121591,WORK,0.000122788918783312,0.027856174518794907,1.0006204224513717,1.1636880683295519,False,False
668,334,334,3,ZEC:12:6,ZEC,Zechariah,R1,STRONG_OUTLIER,0.198034580330954,0.1979117914121707,0.1701784058121591,WORK,0.000122788918783312,0.027856174518794907,1.0006204224513717,1.1636880683295519,False,False
669,335,335,2,2TH:2:10,2TH,2Thessalonians,R0,STRONG_OUTLIER,0.1958024209809609,0.1603533369842948,0.1450524842636141,WORK,0.0354490839966661,0.05074993671734679,1.2210685768275469,1.3498729234110554,True,False
670,335,335,2,2TH:2:10,2TH,2Thessalonians,R1,STRONG_OUTLIER,0.1958024209809609,0.1603533369842948,0.1450524842636141,WORK,0.0354490839966661,0.05074993671734679,1.2210685768275469,1.3498729234110554,True,False
671,336,336,1,JUD:1:1,JUD,Jude,R0,STRONG_OUTLIER,0.1955231539629565,0.1290468497342604,0.1183011487317167,WORK,0.0664763042286961,0.0772220052312398,1.5151331037184355,1.6527578646456242,True,False
672,336,336,1,JUD:1:1,JUD,Jude,R1,STRONG_OUTLIER,0.1955231539629565,0.1290468497342604,0.1183011487317167,WORK,0.0664763042286961,0.0772220052312398,1.5151331037184355,1.6527578646456242,True,False
673,337,337,2,1PE:4:9,1PE,1Peter,R0,STRONG_OUTLIER,0.1954216286655807,0.1950868502873471,0.1508743635188615,WORK,0.00033477837823359113,0.044547265146719195,1.0017160478922105,1.2952606666085464,False,False
674,337,337,2,1PE:4:9,1PE,1Peter,R1,STRONG_OUTLIER,0.1954216286655807,0.1950868502873471,0.1508743635188615,WORK,0.00033477837823359113,0.044547265146719195,1.0017160478922105,1.2952606666085464,False,False
675,338,338,2,TIT:3:6,TIT,Titus,R0,STRONG_OUTLIER,0.1927363469469913,0.1252064804171093,0.1130923812925082,WORK,0.067529866529882,0.07964396565448309,1.5393480138161773,1.7042381170530636,True,False
676,338,338,2,TIT:3:6,TIT,Titus,R1,STRONG_OUTLIER,0.1927363469469913,0.1252064804171093,0.1130923812925082,WORK,0.067529866529882,0.07964396565448309,1.5393480138161773,1.7042381170530636,True,False
677,339,339,1,OBA:1:7,OBA,Obadiah,R0,STRONG_OUTLIER,0.1924079218159905,0.1554911388210412,0.1421783435702746,WORK,0.0369167829949493,0.05022957824571592,1.237420494022092,1.3532857183758713,True,False
678,339,339,1,OBA:1:7,OBA,Obadiah,R1,STRONG_OUTLIER,0.1924079218159905,0.1554911388210412,0.1421783435702746,WORK,0.0369167829949493,0.05022957824571592,1.237420494022092,1.3532857183758713,True,False
679,340,340,1,HAB:1:4,HAB,Habakkuk,R0,STRONG_OUTLIER,0.1920471429117989,0.1781731462477294,0.1570031566278392,WORK,0.013873996664069493,0.03504398628395969,1.0778680567540704,1.2232056159675062,False,False
680,340,340,1,HAB:1:4,HAB,Habakkuk,R1,STRONG_OUTLIER,0.1920471429117989,0.1781731462477294,0.1570031566278392,WORK,0.013873996664069493,0.03504398628395969,1.0778680567540704,1.2232056159675062,False,False
681,341,341,2,REV:12:8,REV,Revelation,R0,STRONG_OUTLIER,0.1903929571688234,0.1680160935170368,0.134798252815794,WORK,0.022376863651786594,0.055594704353029406,1.133182858757025,1.412428968415498,False,False
682,341,341,2,REV:12:8,REV,Revelation,R1,STRONG_OUTLIER,0.1903929571688234,0.1680160935170368,0.134798252815794,WORK,0.022376863651786594,0.055594704353029406,1.133182858757025,1.412428968415498,False,False
683,342,342,1,PHM:1:25,PHM,Philemon,R0,STRONG_OUTLIER,0.1849917040162929,0.1491038182405527,0.135482641793753,WORK,0.0358878857757402,0.049509062222539896,1.240690588606131,1.3654273460205197,True,False
684,342,342,1,PHM:1:25,PHM,Philemon,R1,STRONG_OUTLIER,0.1849917040162929,0.1491038182405527,0.135482641793753,WORK,0.0358878857757402,0.049509062222539896,1.240690588606131,1.3654273460205197,True,False
685,343,343,1,MIC:7:19,MIC,Micah,R0,STRONG_OUTLIER,0.1844889086893499,0.1769578990912698,0.1560606344008212,WORK,0.007531009598080091,0.028428274288528677,1.0425581996438362,1.182161724496867,False,False
686,343,343,1,MIC:7:19,MIC,Micah,R1,STRONG_OUTLIER,0.1844889086893499,0.1769578990912698,0.1560606344008212,WORK,0.007531009598080091,0.028428274288528677,1.0425581996438362,1.182161724496867,False,False
687,344,344,2,OBA:1:10,OBA,Obadiah,R0,STRONG_OUTLIER,0.181286665764272,0.1554911388210412,0.1421783435702746,WORK,0.025795526943230784,0.0391083221939974,1.1658970867331515,1.2750652540460026,True,False
688,344,344,2,OBA:1:10,OBA,Obadiah,R1,STRONG_OUTLIER,0.181286665764272,0.1554911388210412,0.1421783435702746,WORK,0.025795526943230784,0.0391083221939974,1.1658970867331515,1.2750652540460026,True,False
689,345,345,3,REV:2:4,REV,Revelation,R0,STRONG_OUTLIER,0.1798291727187169,0.1680160935170368,0.134798252815794,WORK,0.011813079201680093,0.045030919902922906,1.070309212376029,1.3340615991845166,False,False
690,345,345,3,REV:2:4,REV,Revelation,R1,STRONG_OUTLIER,0.1798291727187169,0.1680160935170368,0.134798252815794,WORK,0.011813079201680093,0.045030919902922906,1.070309212376029,1.3340615991845166,False,False
691,346,346,2,MIC:5:8,MIC,Micah,R0,STRONG_OUTLIER,0.1771885988160113,0.1769578990912698,0.1560606344008212,WORK,0.00023069972474148992,0.021127964415190076,1.0013036983707775,1.1353830483664809,False,False
692,346,346,2,MIC:5:8,MIC,Micah,R1,STRONG_OUTLIER,0.1771885988160113,0.1769578990912698,0.1560606344008212,WORK,0.00023069972474148992,0.021127964415190076,1.0013036983707775,1.1353830483664809,False,False
693,347,347,4,REV:8:1,REV,Revelation,R0,STRONG_OUTLIER,0.1699396554394551,0.1680160935170368,0.134798252815794,WORK,0.0019235619224182987,0.03514140262366111,1.0114486766246784,1.2606962767661605,False,False
694,347,347,4,REV:8:1,REV,Revelation,R1,STRONG_OUTLIER,0.1699396554394551,0.1680160935170368,0.134798252815794,WORK,0.0019235619224182987,0.03514140262366111,1.0114486766246784,1.2606962767661605,False,False
695,348,348,3,2TH:3:7,2TH,2Thessalonians,R0,STRONG_OUTLIER,0.1687115387118133,0.1603533369842948,0.1450524842636141,WORK,0.0083582017275185,0.023659054448199185,1.052123653206775,1.1631068545175822,True,False
696,348,348,3,2TH:3:7,2TH,2Thessalonians,R1,STRONG_OUTLIER,0.1687115387118133,0.1603533369842948,0.1450524842636141,WORK,0.0083582017275185,0.023659054448199185,1.052123653206775,1.1631068545175822,True,False
697,349,349,5,REV:6:14,REV,Revelation,R0,STRONG_OUTLIER,0.1681237073098516,0.1680160935170368,0.134798252815794,WORK,0.00010761379281479244,0.033325454494057605,1.000640496934324,1.2472246768628217,False,False
698,349,349,5,REV:6:14,REV,Revelation,R1,STRONG_OUTLIER,0.1681237073098516,0.1680160935170368,0.134798252815794,WORK,0.00010761379281479244,0.033325454494057605,1.000640496934324,1.2472246768628217,False,False
699,350,350,2,NAH:3:8,NAH,Nahum,R0,STRONG_OUTLIER,0.1662333841155717,0.1250480150193433,0.1130454271588448,WORK,0.041185369096228414,0.0531879569567269,1.3293564403230038,1.470500738450838,True,False
700,350,350,2,NAH:3:8,NAH,Nahum,R1,STRONG_OUTLIER,0.1662333841155717,0.1250480150193433,0.1130454271588448,WORK,0.041185369096228414,0.0531879569567269,1.3293564403230038,1.470500738450838,True,False
701,351,351,1,3JN:1:9,3JN,3John,R0,STRONG_OUTLIER,0.1643491683220671,0.1536478615694144,0.1384939244317654,WORK,0.010701306752652712,0.02585524389030172,1.0696482635250872,1.1866886507576753,True,False
702,351,351,1,3JN:1:9,3JN,3John,R1,STRONG_OUTLIER,0.1643491683220671,0.1536478615694144,0.1384939244317654,WORK,0.010701306752652712,0.02585524389030172,1.0696482635250872,1.1866886507576753,True,False
703,352,352,4,2TH:2:8,2TH,2Thessalonians,R0,STRONG_OUTLIER,0.1640647278383137,0.1603533369842948,0.1450524842636141,WORK,0.0037113908540188922,0.019012243574699578,1.023145080257247,1.131071478514958,True,False
704,352,352,4,2TH:2:8,2TH,2Thessalonians,R1,STRONG_OUTLIER,0.1640647278383137,0.1603533369842948,0.1450524842636141,WORK,0.0037113908540188922,0.019012243574699578,1.023145080257247,1.131071478514958,True,False
705,353,353,3,TIT:1:14,TIT,Titus,R0,STRONG_OUTLIER,0.1597172570518367,0.1252064804171093,0.1130923812925082,WORK,0.0345107766347274,0.0466248757593285,1.2756309139891098,1.4122724734103478,True,False
706,353,353,3,TIT:1:14,TIT,Titus,R1,STRONG_OUTLIER,0.1597172570518367,0.1252064804171093,0.1130923812925082,WORK,0.0345107766347274,0.0466248757593285,1.2756309139891098,1.4122724734103478,True,False
707,354,354,3,NAH:2:8,NAH,Nahum,R0,STRONG_OUTLIER,0.1549208293212085,0.1250480150193433,0.1130454271588448,WORK,0.029872814301865197,0.041875402162363684,1.2388907516624255,1.370429863593888,True,False
708,354,354,3,NAH:2:8,NAH,Nahum,R1,STRONG_OUTLIER,0.1549208293212085,0.1250480150193433,0.1130454271588448,WORK,0.029872814301865197,0.041875402162363684,1.2388907516624255,1.370429863593888,True,False
709,355,355,4,NAH:2:4,NAH,Nahum,R0,STRONG_OUTLIER,0.1393107621854928,0.1250480150193433,0.1130454271588448,WORK,0.014262747166149503,0.02626533502664799,1.114058165289095,1.232343188811534,True,False
710,355,355,4,NAH:2:4,NAH,Nahum,R1,STRONG_OUTLIER,0.1393107621854928,0.1250480150193433,0.1130454271588448,WORK,0.014262747166149503,0.02626533502664799,1.114058165289095,1.232343188811534,True,False
711,356,356,2,JUD:1:6,JUD,Jude,R0,STRONG_OUTLIER,0.1358629942618988,0.1290468497342604,0.1183011487317167,WORK,0.006816144527638401,0.0175618455301821,1.05281914701269,1.148450338128236,True,False
712,356,356,2,JUD:1:6,JUD,Jude,R1,STRONG_OUTLIER,0.1358629942618988,0.1290468497342604,0.1183011487317167,WORK,0.006816144527638401,0.0175618455301821,1.05281914701269,1.148450338128236,True,False
713,357,357,5,NAH:1:10,NAH,Nahum,R0,STRONG_OUTLIER,0.1331800040912052,0.1250480150193433,0.1130454271588448,WORK,0.008131989071861911,0.0201345769323604,1.065030932882893,1.1781104945011927,True,False
714,357,357,5,NAH:1:10,NAH,Nahum,R1,STRONG_OUTLIER,0.1331800040912052,0.1250480150193433,0.1130454271588448,WORK,0.008131989071861911,0.0201345769323604,1.065030932882893,1.1781104945011927,True,False
715,358,358,3,JUD:1:2,JUD,Jude,R0,STRONG_OUTLIER,0.1305571021448361,0.1290468497342604,0.1183011487317167,WORK,0.001510252410575702,0.0122559534131194,1.0117031327280417,1.1035996145812028,True,False
716,358,358,3,JUD:1:2,JUD,Jude,R1,STRONG_OUTLIER,0.1305571021448361,0.1290468497342604,0.1183011487317167,WORK,0.001510252410575702,0.0122559534131194,1.0117031327280417,1.1035996145812028,True,False
717,359,359,4,JUD:1:13,JUD,Jude,R0,STRONG_OUTLIER,0.1303518780883823,0.1290468497342604,0.1183011487317167,WORK,0.001305028354121912,0.01205072935666561,1.0101128261310468,1.1018648549558403,True,False
718,359,359,4,JUD:1:13,JUD,Jude,R1,STRONG_OUTLIER,0.1303518780883823,0.1290468497342604,0.1183011487317167,WORK,0.001305028354121912,0.01205072935666561,1.0101128261310468,1.1018648549558403,True,False
719,360,1,3,EPH:4:8,EPH,Ephesians,R0,REVIEW_CANDIDATE,0.2990074253350033,0.3000571320932129,0.2029310592154672,WORK,-0.0010497067582095898,0.0960763661195361,0.9965016437006953,1.4734433777213205,False,False
720,360,1,3,EPH:4:8,EPH,Ephesians,R1,REVIEW_CANDIDATE,0.2990074253350033,0.3000571320932129,0.2029310592154672,WORK,-0.0010497067582095898,0.0960763661195361,0.9965016437006953,1.4734433777213205,False,False
721,361,2,3,LAM:5:22,LAM,Lamentations,R0,REVIEW_CANDIDATE,0.2936550386443162,0.2938539035754291,0.1679356922785318,WORK,-0.0001988649311129298,0.12571934636578438,0.9993232523757783,1.7486160009229665,False,False
722,361,2,3,LAM:5:22,LAM,Lamentations,R1,REVIEW_CANDIDATE,0.2936550386443162,0.2938539035754291,0.1679356922785318,WORK,-0.0001988649311129298,0.12571934636578438,0.9993232523757783,1.7486160009229665,False,False
723,362,3,2,1TH:5:28,1TH,1Thessalonians,R0,REVIEW_CANDIDATE,0.2840602491206979,0.3114588778178616,0.1777962178538115,WORK,-0.027398628697163696,0.10626403126688638,0.9120313124829719,1.5976731819698173,False,False
724,362,3,2,1TH:5:28,1TH,1Thessalonians,R1,REVIEW_CANDIDATE,0.2840602491206979,0.3114588778178616,0.1777962178538115,WORK,-0.027398628697163696,0.10626403126688638,0.9120313124829719,1.5976731819698173,False,False
725,363,4,10,JHN:3:27,JHN,John,R0,REVIEW_CANDIDATE,0.2795589191919992,0.2799187388240086,0.1962180196842647,WORK,-0.0003598196320093727,0.08334089950773452,0.9987145568263095,1.4247362176105882,False,False
726,363,4,10,JHN:3:27,JHN,John,R1,REVIEW_CANDIDATE,0.2795589191919992,0.2799187388240086,0.1962180196842647,WORK,-0.0003598196320093727,0.08334089950773452,0.9987145568263095,1.4247362176105882,False,False
727,364,5,4,EPH:2:4,EPH,Ephesians,R0,REVIEW_CANDIDATE,0.2790998790499414,0.3000571320932129,0.2029310592154672,WORK,-0.020957253043271507,0.07616881983447418,0.9301557910086232,1.3753433315183163,False,False
728,364,5,4,EPH:2:4,EPH,Ephesians,R1,REVIEW_CANDIDATE,0.2790998790499414,0.3000571320932129,0.2029310592154672,WORK,-0.020957253043271507,0.07616881983447418,0.9301557910086232,1.3753433315183163,False,False
729,365,6,17,GEN:41:2,GEN,Genesis,R0,REVIEW_CANDIDATE,0.2778490614783573,0.2785225450278982,0.1976616792286194,WORK,-0.0006734835495408875,0.0801873822497379,0.997581942425977,1.4056799606411903,False,False
730,365,6,17,GEN:41:2,GEN,Genesis,R1,REVIEW_CANDIDATE,0.2778490614783573,0.2785225450278982,0.1976616792286194,WORK,-0.0006734835495408875,0.0801873822497379,0.997581942425977,1.4056799606411903,False,False
731,366,7,18,GEN:41:3,GEN,Genesis,R0,REVIEW_CANDIDATE,0.2774937138203096,0.2785225450278982,0.1976616792286194,WORK,-0.0010288312075886208,0.07983203459169017,0.9963061115663525,1.4038822036888337,False,False
732,366,7,18,GEN:41:3,GEN,Genesis,R1,REVIEW_CANDIDATE,0.2774937138203096,0.2785225450278982,0.1976616792286194,WORK,-0.0010288312075886208,0.07983203459169017,0.9963061115663525,1.4038822036888337,False,False
733,367,8,19,GEN:11:21,GEN,Genesis,R0,REVIEW_CANDIDATE,0.277217618714309,0.2785225450278982,0.1976616792286194,WORK,-0.0013049263135891942,0.07955593948568959,0.9953148269794156,1.4024853972512983,False,False
734,367,8,19,GEN:11:21,GEN,Genesis,R1,REVIEW_CANDIDATE,0.277217618714309,0.2785225450278982,0.1976616792286194,WORK,-0.0013049263135891942,0.07955593948568959,0.9953148269794156,1.4024853972512983,False,False
735,368,9,20,GEN:30:41,GEN,Genesis,R0,REVIEW_CANDIDATE,0.2769882630419777,0.2785225450278982,0.1976616792286194,WORK,-0.0015342819859204826,0.0793265838133583,0.9944913544224335,1.4013250525996372,False,False
736,368,9,20,GEN:30:41,GEN,Genesis,R1,REVIEW_CANDIDATE,0.2769882630419777,0.2785225450278982,0.1976616792286194,WORK,-0.0015342819859204826,0.0793265838133583,0.9944913544224335,1.4013250525996372,False,False
737,369,10,21,GEN:30:10,GEN,Genesis,R0,REVIEW_CANDIDATE,0.2759535793427131,0.2785225450278982,0.1976616792286194,WORK,-0.0025689656851851095,0.07829190011409368,0.9907764533570244,1.3960904330046682,False,False
738,369,10,21,GEN:30:10,GEN,Genesis,R1,REVIEW_CANDIDATE,0.2759535793427131,0.2785225450278982,0.1976616792286194,WORK,-0.0025689656851851095,0.07829190011409368,0.9907764533570244,1.3960904330046682,False,False
739,370,11,6,1CO:13:8,1CO,1Corinthians,R0,REVIEW_CANDIDATE,0.2743387253803685,0.2749938527419566,0.1602659200966021,WORK,-0.0006551273615880704,0.11407280528376643,0.997617665431224,1.7117720674177501,False,False
740,370,11,6,1CO:13:8,1CO,1Corinthians,R1,REVIEW_CANDIDATE,0.2743387253803685,0.2749938527419566,0.1602659200966021,WORK,-0.0006551273615880704,0.11407280528376643,0.997617665431224,1.7117720674177501,False,False
741,371,12,11,JHN:3:31,JHN,John,R0,REVIEW_CANDIDATE,0.2729539882284538,0.2799187388240086,0.1962180196842647,WORK,-0.006964750595554792,0.0767359685441891,0.9751186697081624,1.3910750331068742,False,False
742,371,12,11,JHN:3:31,JHN,John,R1,REVIEW_CANDIDATE,0.2729539882284538,0.2799187388240086,0.1962180196842647,WORK,-0.006964750595554792,0.0767359685441891,0.9751186697081624,1.3910750331068742,False,False
743,372,13,12,JHN:7:46,JHN,John,R0,REVIEW_CANDIDATE,0.2718428238740316,0.2799187388240086,0.1962180196842647,WORK,-0.008075914949977003,0.07562480418976689,0.9711490735350358,1.385412126324866,False,False
744,372,13,12,JHN:7:46,JHN,John,R1,REVIEW_CANDIDATE,0.2718428238740316,0.2799187388240086,0.1962180196842647,WORK,-0.008075914949977003,0.07562480418976689,0.9711490735350358,1.385412126324866,False,False
745,373,14,22,GEN:5:30,GEN,Genesis,R0,REVIEW_CANDIDATE,0.2698939908895995,0.2785225450278982,0.1976616792286194,WORK,-0.008628554138298716,0.07223231166098007,0.9690202667886924,1.3654340686716253,False,False
746,373,14,22,GEN:5:30,GEN,Genesis,R1,REVIEW_CANDIDATE,0.2698939908895995,0.2785225450278982,0.1976616792286194,WORK,-0.008628554138298716,0.07223231166098007,0.9690202667886924,1.3654340686716253,False,False
747,374,15,2,COL:1:13,COL,Colossians,R0,REVIEW_CANDIDATE,0.2695963903023151,0.2730871053769968,0.138006481036082,WORK,-0.0034907150746817384,0.13158990926623307,0.9872175763485325,1.9535052866961276,False,False
748,374,15,2,COL:1:13,COL,Colossians,R1,REVIEW_CANDIDATE,0.2695963903023151,0.2730871053769968,0.138006481036082,WORK,-0.0034907150746817384,0.13158990926623307,0.9872175763485325,1.9535052866961276,False,False
749,375,16,23,GEN:49:9,GEN,Genesis,R0,REVIEW_CANDIDATE,0.267810145432187,0.2785225450278982,0.1976616792286194,WORK,-0.010712399595711186,0.0701484662035676,0.9615384830170994,1.354891582816275,False,False
750,375,16,23,GEN:49:9,GEN,Genesis,R1,REVIEW_CANDIDATE,0.267810145432187,0.2785225450278982,0.1976616792286194,WORK,-0.010712399595711186,0.0701484662035676,0.9615384830170994,1.354891582816275,False,False
751,376,17,24,GEN:41:26,GEN,Genesis,R0,REVIEW_CANDIDATE,0.2664685406684732,0.2785225450278982,0.1976616792286194,WORK,-0.012054004359424997,0.06880686143985379,0.9567216206565339,1.3481042036492588,False,False
752,376,17,24,GEN:41:26,GEN,Genesis,R1,REVIEW_CANDIDATE,0.2664685406684732,0.2785225450278982,0.1976616792286194,WORK,-0.012054004359424997,0.06880686143985379,0.9567216206565339,1.3481042036492588,False,False
753,377,18,8,2SA:11:18,2SA,2Samuel,R0,REVIEW_CANDIDATE,0.2627812811820197,0.2628056201398644,0.2042033708550034,WORK,-2.4338957844705078e-05,0.058577910327016314,0.9999073879857221,1.286860643297657,False,False
754,377,18,8,2SA:11:18,2SA,2Samuel,R1,REVIEW_CANDIDATE,0.2627812811820197,0.2628056201398644,0.2042033708550034,WORK,-2.4338957844705078e-05,0.058577910327016314,0.9999073879857221,1.286860643297657,False,False
755,378,19,4,EZR:1:10,EZR,Ezra,R0,REVIEW_CANDIDATE,0.2607735283329424,0.2643609161924914,0.1937090361219623,WORK,-0.0035873878595490405,0.06706449221098007,0.9864299613149436,1.3462125131258988,False,False
756,378,19,4,EZR:1:10,EZR,Ezra,R1,REVIEW_CANDIDATE,0.2607735283329424,0.2643609161924914,0.1937090361219623,WORK,-0.0035873878595490405,0.06706449221098007,0.9864299613149436,1.3462125131258988,False,False
757,379,20,13,JHN:3:13,JHN,John,R0,REVIEW_CANDIDATE,0.2602994130242744,0.2799187388240086,0.1962180196842647,WORK,-0.01961932579973419,0.0640813933400097,0.9299106380581783,1.3265826117454624,False,False
758,379,20,13,JHN:3:13,JHN,John,R1,REVIEW_CANDIDATE,0.2602994130242744,0.2799187388240086,0.1962180196842647,WORK,-0.01961932579973419,0.0640813933400097,0.9299106380581783,1.3265826117454624,False,False
759,380,21,5,EZR:8:31,EZR,Ezra,R0,REVIEW_CANDIDATE,0.260257808766817,0.2643609161924914,0.1937090361219623,WORK,-0.004103107425674435,0.06654877264485468,0.984479145084038,1.3435501718306755,False,False
760,380,21,5,EZR:8:31,EZR,Ezra,R1,REVIEW_CANDIDATE,0.260257808766817,0.2643609161924914,0.1937090361219623,WORK,-0.004103107425674435,0.06654877264485468,0.984479145084038,1.3435501718306755,False,False
761,381,22,14,JHN:8:15,JHN,John,R0,REVIEW_CANDIDATE,0.2588573283952486,0.2799187388240086,0.1962180196842647,WORK,-0.021061410428759975,0.06263930871098392,0.9247588406648196,1.3192332121778474,False,False
762,381,22,14,JHN:8:15,JHN,John,R1,REVIEW_CANDIDATE,0.2588573283952486,0.2799187388240086,0.1962180196842647,WORK,-0.021061410428759975,0.06263930871098392,0.9247588406648196,1.3192332121778474,False,False
763,382,23,12,JOB:10:19,JOB,Job,R0,REVIEW_CANDIDATE,0.2581470394591703,0.2593421210617336,0.1879247125578857,WORK,-0.0011950816025633193,0.07022232690128458,0.9953918723357752,1.3736726582974246,False,False
764,382,23,12,JOB:10:19,JOB,Job,R1,REVIEW_CANDIDATE,0.2581470394591703,0.2593421210617336,0.1879247125578857,WORK,-0.0011950816025633193,0.07022232690128458,0.9953918723357752,1.3736726582974246,False,False
765,383,24,25,GEN:31:10,GEN,Genesis,R0,REVIEW_CANDIDATE,0.2579442349903885,0.2785225450278982,0.1976616792286194,WORK,-0.020578310037509706,0.06028255576176908,0.9261161783673617,1.3049784662207846,False,False
766,383,24,25,GEN:31:10,GEN,Genesis,R1,REVIEW_CANDIDATE,0.2579442349903885,0.2785225450278982,0.1976616792286194,WORK,-0.020578310037509706,0.06028255576176908,0.9261161783673617,1.3049784662207846,False,False
767,384,25,15,JHN:8:51,JHN,John,R0,REVIEW_CANDIDATE,0.2579050135138584,0.2799187388240086,0.1962180196842647,WORK,-0.022013725310150167,0.06168699382959372,0.921356728732653,1.3143798613850783,False,False
768,384,25,15,JHN:8:51,JHN,John,R1,REVIEW_CANDIDATE,0.2579050135138584,0.2799187388240086,0.1962180196842647,WORK,-0.022013725310150167,0.06168699382959372,0.921356728732653,1.3143798613850783,False,False
769,385,26,3,GAL:1:5,GAL,Galatians,R0,REVIEW_CANDIDATE,0.257532914057867,0.2616443134323326,0.1651665865211423,WORK,-0.004111399374465585,0.09236632753672469,0.9842863033385632,1.5592313159835223,False,False
770,385,26,3,GAL:1:5,GAL,Galatians,R1,REVIEW_CANDIDATE,0.257532914057867,0.2616443134323326,0.1651665865211423,WORK,-0.004111399374465585,0.09236632753672469,0.9842863033385632,1.5592313159835223,False,False
771,386,27,9,2SA:10:7,2SA,2Samuel,R0,REVIEW_CANDIDATE,0.2567795770237334,0.2628056201398644,0.2042033708550034,WORK,-0.00602604311613103,0.05257620616872999,0.977070341521144,1.2574698250503527,False,False
772,386,27,9,2SA:10:7,2SA,2Samuel,R1,REVIEW_CANDIDATE,0.2567795770237334,0.2628056201398644,0.2042033708550034,WORK,-0.00602604311613103,0.05257620616872999,0.977070341521144,1.2574698250503527,False,False
773,387,28,26,GEN:29:20,GEN,Genesis,R0,REVIEW_CANDIDATE,0.2564873074302578,0.2785225450278982,0.1976616792286194,WORK,-0.022035237597640367,0.05882562820163842,0.9208852640800291,1.2976076517775583,False,False
774,387,28,26,GEN:29:20,GEN,Genesis,R1,REVIEW_CANDIDATE,0.2564873074302578,0.2785225450278982,0.1976616792286194,WORK,-0.022035237597640367,0.05882562820163842,0.9208852640800291,1.2976076517775583,False,False
775,388,29,12,MAT:14:17,MAT,Matthew,R0,REVIEW_CANDIDATE,0.2564289152001689,0.2574919331800241,0.1896752365333116,WORK,-0.0010630179798551964,0.06675367866685733,0.9958716455046691,1.351936709751427,False,False
776,388,29,12,MAT:14:17,MAT,Matthew,R1,REVIEW_CANDIDATE,0.2564289152001689,0.2574919331800241,0.1896752365333116,WORK,-0.0010630179798551964,0.06675367866685733,0.9958716455046691,1.351936709751427,False,False
777,389,30,13,MAT:18:22,MAT,Matthew,R0,REVIEW_CANDIDATE,0.2559088130274003,0.2574919331800241,0.1896752365333116,WORK,-0.001583120152623796,0.06623357649408873,0.9938517679638649,1.3491946429309263,False,False
778,389,30,13,MAT:18:22,MAT,Matthew,R1,REVIEW_CANDIDATE,0.2559088130274003,0.2574919331800241,0.1896752365333116,WORK,-0.001583120152623796,0.06623357649408873,0.9938517679638649,1.3491946429309263,False,False
779,390,31,27,GEN:11:14,GEN,Genesis,R0,REVIEW_CANDIDATE,0.2556456794408049,0.2785225450278982,0.1976616792286194,WORK,-0.022876865587093287,0.0579840002121855,0.9178635051435358,1.2933497298943821,False,False
780,390,31,27,GEN:11:14,GEN,Genesis,R1,REVIEW_CANDIDATE,0.2556456794408049,0.2785225450278982,0.1976616792286194,WORK,-0.022876865587093287,0.0579840002121855,0.9178635051435358,1.2933497298943821,False,False
781,391,32,14,MAT:27:50,MAT,Matthew,R0,REVIEW_CANDIDATE,0.2550640273665208,0.2574919331800241,0.1896752365333116,WORK,-0.0024279058135033282,0.0653887908332092,0.9905709441708768,1.3447407897220434,False,False
782,391,32,14,MAT:27:50,MAT,Matthew,R1,REVIEW_CANDIDATE,0.2550640273665208,0.2574919331800241,0.1896752365333116,WORK,-0.0024279058135033282,0.0653887908332092,0.9905709441708768,1.3447407897220434,False,False
783,392,33,16,JHN:6:70,JHN,John,R0,REVIEW_CANDIDATE,0.254958575093889,0.2799187388240086,0.1962180196842647,WORK,-0.02496016373011961,0.05874055540962428,0.9108306795215569,1.2993637154433826,False,False
784,392,33,16,JHN:6:70,JHN,John,R1,REVIEW_CANDIDATE,0.254958575093889,0.2799187388240086,0.1962180196842647,WORK,-0.02496016373011961,0.05874055540962428,0.9108306795215569,1.2993637154433826,False,False
785,393,34,11,1CH:19:8,1CH,1Chronicles,R0,REVIEW_CANDIDATE,0.254324892676989,0.2568844066016262,0.1958660090019126,WORK,-0.0025595139246372134,0.0584588836750764,0.9900363203882341,1.298463648557344,False,False
786,393,34,11,1CH:19:8,1CH,1Chronicles,R1,REVIEW_CANDIDATE,0.254324892676989,0.2568844066016262,0.1958660090019126,WORK,-0.0025595139246372134,0.0584588836750764,0.9900363203882341,1.298463648557344,False,False
787,394,35,15,MAT:21:10,MAT,Matthew,R0,REVIEW_CANDIDATE,0.2540066306563693,0.2574919331800241,0.1896752365333116,WORK,-0.0034853025236548096,0.06433139412305772,0.9864644205330577,1.3391660150204139,False,False
788,394,35,15,MAT:21:10,MAT,Matthew,R1,REVIEW_CANDIDATE,0.2540066306563693,0.2574919331800241,0.1896752365333116,WORK,-0.0034853025236548096,0.06433139412305772,0.9864644205330577,1.3391660150204139,False,False
789,395,36,12,1CH:11:14,1CH,1Chronicles,R0,REVIEW_CANDIDATE,0.2538445183706329,0.2568844066016262,0.1958660090019126,WORK,-0.003039888230993326,0.05797850936872029,0.9881663185741455,1.2960110825975637,False,False
790,395,36,12,1CH:11:14,1CH,1Chronicles,R1,REVIEW_CANDIDATE,0.2538445183706329,0.2568844066016262,0.1958660090019126,WORK,-0.003039888230993326,0.05797850936872029,0.9881663185741455,1.2960110825975637,False,False
791,396,37,10,LEV:11:35,LEV,Leviticus,R0,REVIEW_CANDIDATE,0.2531438533144862,0.2536937138059426,0.1520578598094974,WORK,-0.0005498604914563887,0.10108599350498879,0.997832581331215,1.6647863756048673,False,False
792,396,37,10,LEV:11:35,LEV,Leviticus,R1,REVIEW_CANDIDATE,0.2531438533144862,0.2536937138059426,0.1520578598094974,WORK,-0.0005498604914563887,0.10108599350498879,0.997832581331215,1.6647863756048673,False,False
793,397,38,17,JHN:7:24,JHN,John,R0,REVIEW_CANDIDATE,0.2531294139720055,0.2799187388240086,0.1962180196842647,WORK,-0.026789324852003082,0.05691139428774081,0.9042960647631163,1.2900416301179534,False,False
794,397,38,17,JHN:7:24,JHN,John,R1,REVIEW_CANDIDATE,0.2531294139720055,0.2799187388240086,0.1962180196842647,WORK,-0.026789324852003082,0.05691139428774081,0.9042960647631163,1.2900416301179534,False,False
795,398,39,28,GEN:41:23,GEN,Genesis,R0,REVIEW_CANDIDATE,0.2530770153003321,0.2785225450278982,0.1976616792286194,WORK,-0.025445529727566085,0.0554153360717127,0.9086410411587423,1.2803544738058115,False,False
796,398,39,28,GEN:41:23,GEN,Genesis,R1,REVIEW_CANDIDATE,0.2530770153003321,0.2785225450278982,0.1976616792286194,WORK,-0.025445529727566085,0.0554153360717127,0.9086410411587423,1.2803544738058115,False,False
797,399,40,10,2SA:19:34,2SA,2Samuel,R0,REVIEW_CANDIDATE,0.2529699274039939,0.2628056201398644,0.2042033708550034,WORK,-0.009835692735870538,0.04876655654899048,0.962574267891851,1.2388136706304307,False,False
798,399,40,10,2SA:19:34,2SA,2Samuel,R1,REVIEW_CANDIDATE,0.2529699274039939,0.2628056201398644,0.2042033708550034,WORK,-0.009835692735870538,0.04876655654899048,0.962574267891851,1.2388136706304307,False,False
799,400,41,2,JON:1:7,JON,Jonah,R0,REVIEW_CANDIDATE,0.2524840319912155,0.2656228112852224,0.2380502099550021,WORK,-0.01313877929400692,0.014433822036213406,0.9505359527277246,1.0606335194534875,True,False
800,400,41,2,JON:1:7,JON,Jonah,R1,REVIEW_CANDIDATE,0.2524840319912155,0.2656228112852224,0.2380502099550021,WORK,-0.01313877929400692,0.014433822036213406,0.9505359527277246,1.0606335194534875,True,False
801,401,42,11,2SA:2:11,2SA,2Samuel,R0,REVIEW_CANDIDATE,0.2524315622504636,0.2628056201398644,0.2042033708550034,WORK,-0.010374057889400823,0.048228191395460196,0.9605257380573529,1.2361772540459437,False,False
802,401,42,11,2SA:2:11,2SA,2Samuel,R1,REVIEW_CANDIDATE,0.2524315622504636,0.2628056201398644,0.2042033708550034,WORK,-0.010374057889400823,0.048228191395460196,0.9605257380573529,1.2361772540459437,False,False
803,402,43,16,MAT:26:14,MAT,Matthew,R0,REVIEW_CANDIDATE,0.2521526886202048,0.2574919331800241,0.1896752365333116,WORK,-0.005339244559819323,0.062477452086893204,0.9792644200776324,1.3293917183328285,False,False
804,402,43,16,MAT:26:14,MAT,Matthew,R1,REVIEW_CANDIDATE,0.2521526886202048,0.2574919331800241,0.1896752365333116,WORK,-0.005339244559819323,0.062477452086893204,0.9792644200776324,1.3293917183328285,False,False
805,403,44,8,JOS:11:18,JOS,Joshua,R0,REVIEW_CANDIDATE,0.2518640310107191,0.2547743068240014,0.2047369488266913,WORK,-0.0029102758132822926,0.04712708218402778,0.9885770435427277,1.230183571915593,False,False
806,403,44,8,JOS:11:18,JOS,Joshua,R1,REVIEW_CANDIDATE,0.2518640310107191,0.2547743068240014,0.2047369488266913,WORK,-0.0029102758132822926,0.04712708218402778,0.9885770435427277,1.230183571915593,False,False
807,404,45,26,PSA:78:48,PSA,Psalms,R0,REVIEW_CANDIDATE,0.2516202845141452,0.2517472342683223,0.1720894079000068,WORK,-0.00012694975417709697,0.07953087661413841,0.9994957253272472,1.462148586508881,False,False
808,404,45,26,PSA:78:48,PSA,Psalms,R1,REVIEW_CANDIDATE,0.2516202845141452,0.2517472342683223,0.1720894079000068,WORK,-0.00012694975417709697,0.07953087661413841,0.9994957253272472,1.462148586508881,False,False
809,405,46,29,GEN:11:22,GEN,Genesis,R0,REVIEW_CANDIDATE,0.2513978824497919,0.2785225450278982,0.1976616792286194,WORK,-0.027124662578106307,0.05373620322117248,0.9026123268570975,1.271859489562568,False,False
810,405,46,29,GEN:11:22,GEN,Genesis,R1,REVIEW_CANDIDATE,0.2513978824497919,0.2785225450278982,0.1976616792286194,WORK,-0.027124662578106307,0.05373620322117248,0.9026123268570975,1.271859489562568,False,False
811,406,47,27,PSA:144:10,PSA,Psalms,R0,REVIEW_CANDIDATE,0.2511975976930636,0.2517472342683223,0.1720894079000068,WORK,-0.000549636575258694,0.07910818979305681,0.9978167125575137,1.4596923817590384,False,False
812,406,47,27,PSA:144:10,PSA,Psalms,R1,REVIEW_CANDIDATE,0.2511975976930636,0.2517472342683223,0.1720894079000068,WORK,-0.000549636575258694,0.07910818979305681,0.9978167125575137,1.4596923817590384,False,False
813,407,48,13,1CH:11:4,1CH,1Chronicles,R0,REVIEW_CANDIDATE,0.2509732461005954,0.2568844066016262,0.1958660090019126,WORK,-0.005911160501030799,0.055107237098682815,0.976989025611828,1.2813517127320684,False,False
814,407,48,13,1CH:11:4,1CH,1Chronicles,R1,REVIEW_CANDIDATE,0.2509732461005954,0.2568844066016262,0.1958660090019126,WORK,-0.005911160501030799,0.055107237098682815,0.976989025611828,1.2813517127320684,False,False
815,408,49,4,2CO:11:24,2CO,2Corinthians,R0,REVIEW_CANDIDATE,0.2508672531644258,0.2574882529560191,0.1765156917175364,WORK,-0.006620999791593307,0.07435156144688942,0.9742862063974459,1.4212178573102052,False,False
816,408,49,4,2CO:11:24,2CO,2Corinthians,R1,REVIEW_CANDIDATE,0.2508672531644258,0.2574882529560191,0.1765156917175364,WORK,-0.006620999791593307,0.07435156144688942,0.9742862063974459,1.4212178573102052,False,False
817,409,50,13,JOB:3:2,JOB,Job,R0,REVIEW_CANDIDATE,0.2507754264296711,0.2593421210617336,0.1879247125578857,WORK,-0.0085666946320625,0.0628507138717854,0.9669675924720949,1.3344462418822418,False,False
818,409,50,13,JOB:3:2,JOB,Job,R1,REVIEW_CANDIDATE,0.2507754264296711,0.2593421210617336,0.1879247125578857,WORK,-0.0085666946320625,0.0628507138717854,0.9669675924720949,1.3344462418822418,False,False
819,410,51,30,GEN:42:4,GEN,Genesis,R0,REVIEW_CANDIDATE,0.250706728541349,0.2785225450278982,0.1976616792286194,WORK,-0.027815816486549183,0.0530450493127296,0.9001308260925053,1.2683628385620294,False,False
820,410,51,30,GEN:42:4,GEN,Genesis,R1,REVIEW_CANDIDATE,0.250706728541349,0.2785225450278982,0.1976616792286194,WORK,-0.027815816486549183,0.0530450493127296,0.9001308260925053,1.2683628385620294,False,False
821,411,52,14,JOB:22:25,JOB,Job,R0,REVIEW_CANDIDATE,0.2506584744216747,0.2593421210617336,0.1879247125578857,WORK,-0.008683646640058884,0.06273376186378901,0.9665166359999352,1.3338239075101173,False,False
822,411,52,14,JOB:22:25,JOB,Job,R1,REVIEW_CANDIDATE,0.2506584744216747,0.2593421210617336,0.1879247125578857,WORK,-0.008683646640058884,0.06273376186378901,0.9665166359999352,1.3338239075101173,False,False
823,412,53,11,LEV:7:10,LEV,Leviticus,R0,REVIEW_CANDIDATE,0.2504699056043931,0.2536937138059426,0.1520578598094974,WORK,-0.003223808201549494,0.09841204579489568,0.9872925183947779,1.647201308226942,False,False
824,412,53,11,LEV:7:10,LEV,Leviticus,R1,REVIEW_CANDIDATE,0.2504699056043931,0.2536937138059426,0.1520578598094974,WORK,-0.003223808201549494,0.09841204579489568,0.9872925183947779,1.647201308226942,False,False
825,413,54,10,1SA:14:8,1SA,1Samuel,R0,REVIEW_CANDIDATE,0.2504479585375039,0.2543100235259803,0.1939952732916444,WORK,-0.0038620649884764102,0.0564526852458595,0.9848135557736604,1.2910003129869607,False,False
826,413,54,10,1SA:14:8,1SA,1Samuel,R1,REVIEW_CANDIDATE,0.2504479585375039,0.2543100235259803,0.1939952732916444,WORK,-0.0038620649884764102,0.0564526852458595,0.9848135557736604,1.2910003129869607,False,False
827,414,55,28,PSA:123:3,PSA,Psalms,R0,REVIEW_CANDIDATE,0.2503617408073109,0.2517472342683223,0.1720894079000068,WORK,-0.0013854934610114111,0.07827233290730409,0.9944964898421299,1.4548352734921637,False,False
828,414,55,28,PSA:123:3,PSA,Psalms,R1,REVIEW_CANDIDATE,0.2503617408073109,0.2517472342683223,0.1720894079000068,WORK,-0.0013854934610114111,0.07827233290730409,0.9944964898421299,1.4548352734921637,False,False
829,415,56,29,PSA:67:1,PSA,Psalms,R0,REVIEW_CANDIDATE,0.2503077132600805,0.2517472342683223,0.1720894079000068,WORK,-0.0014395210082417953,0.07821830536007371,0.9942818795510282,1.454521323041118,False,False
830,415,56,29,PSA:67:1,PSA,Psalms,R1,REVIEW_CANDIDATE,0.2503077132600805,0.2517472342683223,0.1720894079000068,WORK,-0.0014395210082417953,0.07821830536007371,0.9942818795510282,1.454521323041118,False,False
831,416,57,31,GEN:31:20,GEN,Genesis,R0,REVIEW_CANDIDATE,0.2502550227617989,0.2785225450278982,0.1976616792286194,WORK,-0.0282675222660993,0.05259334353317949,0.8985090335747582,1.2660775914604518,False,False
832,416,57,31,GEN:31:20,GEN,Genesis,R1,REVIEW_CANDIDATE,0.2502550227617989,0.2785225450278982,0.1976616792286194,WORK,-0.0282675222660993,0.05259334353317949,0.8985090335747582,1.2660775914604518,False,False
833,417,58,12,2SA:24:19,2SA,2Samuel,R0,REVIEW_CANDIDATE,0.2501687211096972,0.2628056201398644,0.2042033708550034,WORK,-0.012636899030167237,0.04596535025469378,0.9519154155704816,1.225095942648919,False,False
834,417,58,12,2SA:24:19,2SA,2Samuel,R1,REVIEW_CANDIDATE,0.2501687211096972,0.2628056201398644,0.2042033708550034,WORK,-0.012636899030167237,0.04596535025469378,0.9519154155704816,1.225095942648919,False,False
835,418,59,32,GEN:14:12,GEN,Genesis,R0,REVIEW_CANDIDATE,0.2501345486779242,0.2785225450278982,0.1976616792286194,WORK,-0.02838799634997402,0.052472869449304765,0.898076486601361,1.2654680950505008,False,False
836,418,59,32,GEN:14:12,GEN,Genesis,R1,REVIEW_CANDIDATE,0.2501345486779242,0.2785225450278982,0.1976616792286194,WORK,-0.02838799634997402,0.052472869449304765,0.898076486601361,1.2654680950505008,False,False
837,419,60,12,LEV:6:13,LEV,Leviticus,R0,REVIEW_CANDIDATE,0.2497545077501167,0.2536937138059426,0.1520578598094974,WORK,-0.003939206055825872,0.0976966479406193,0.9844725909967202,1.6424965342996183,False,False
838,419,60,12,LEV:6:13,LEV,Leviticus,R1,REVIEW_CANDIDATE,0.2497545077501167,0.2536937138059426,0.1520578598094974,WORK,-0.003939206055825872,0.0976966479406193,0.9844725909967202,1.6424965342996183,False,False
839,420,61,7,1CO:11:31,1CO,1Corinthians,R0,REVIEW_CANDIDATE,0.2496353952653772,0.2749938527419566,0.1602659200966021,WORK,-0.025358457476579388,0.08936947516877511,0.9077853660228007,1.5576324343622565,False,False
840,420,61,7,1CO:11:31,1CO,1Corinthians,R1,REVIEW_CANDIDATE,0.2496353952653772,0.2749938527419566,0.1602659200966021,WORK,-0.025358457476579388,0.08936947516877511,0.9077853660228007,1.5576324343622565,False,False
841,421,62,33,GEN:49:19,GEN,Genesis,R0,REVIEW_CANDIDATE,0.2486929904150697,0.2785225450278982,0.1976616792286194,WORK,-0.02982955461282849,0.051031311186450296,0.8929007538336238,1.2581750361810216,False,False
842,421,62,33,GEN:49:19,GEN,Genesis,R1,REVIEW_CANDIDATE,0.2486929904150697,0.2785225450278982,0.1976616792286194,WORK,-0.02982955461282849,0.051031311186450296,0.8929007538336238,1.2581750361810216,False,False
843,422,63,15,JOB:12:1,JOB,Job,R0,REVIEW_CANDIDATE,0.2486272917586814,0.2593421210617336,0.1879247125578857,WORK,-0.010714829303052203,0.06070257920079569,0.9586845775025429,1.3230154159852592,False,False
844,422,63,15,JOB:12:1,JOB,Job,R1,REVIEW_CANDIDATE,0.2486272917586814,0.2593421210617336,0.1879247125578857,WORK,-0.010714829303052203,0.06070257920079569,0.9586845775025429,1.3230154159852592,False,False
845,423,64,34,GEN:47:28,GEN,Genesis,R0,REVIEW_CANDIDATE,0.2485027888061577,0.2785225450278982,0.1976616792286194,WORK,-0.030019756221740496,0.05084110957753829,0.892217858993305,1.257212777792576,False,False
846,423,64,34,GEN:47:28,GEN,Genesis,R1,REVIEW_CANDIDATE,0.2485027888061577,0.2785225450278982,0.1976616792286194,WORK,-0.030019756221740496,0.05084110957753829,0.892217858993305,1.257212777792576,False,False
847,424,65,3,COL:4:1,COL,Colossians,R0,REVIEW_CANDIDATE,0.2482614668077603,0.2730871053769968,0.138006481036082,WORK,-0.02482563856923653,0.11025498577167828,0.9090926005643337,1.798911652148075,False,False
848,424,65,3,COL:4:1,COL,Colossians,R1,REVIEW_CANDIDATE,0.2482614668077603,0.2730871053769968,0.138006481036082,WORK,-0.02482563856923653,0.11025498577167828,0.9090926005643337,1.798911652148075,False,False
849,425,66,6,NEH:4:12,NEH,Nehemiah,R0,REVIEW_CANDIDATE,0.247920638640073,0.249097416043593,0.1712008590080952,WORK,-0.001176777403520013,0.07671977963197779,0.9952758345621936,1.448127305414689,False,False
850,425,66,6,NEH:4:12,NEH,Nehemiah,R1,REVIEW_CANDIDATE,0.247920638640073,0.249097416043593,0.1712008590080952,WORK,-0.001176777403520013,0.07671977963197779,0.9952758345621936,1.448127305414689,False,False
851,426,67,8,MRK:11:12,MRK,Mark,R0,REVIEW_CANDIDATE,0.2477612619665722,0.2485395579355932,0.180716099125319,WORK,-0.0007782959690210145,0.0670451628412532,0.9968685227595734,1.3709971782578165,False,False
852,426,67,8,MRK:11:12,MRK,Mark,R1,REVIEW_CANDIDATE,0.2477612619665722,0.2485395579355932,0.180716099125319,WORK,-0.0007782959690210145,0.0670451628412532,0.9968685227595734,1.3709971782578165,False,False
853,427,68,30,PSA:17:12,PSA,Psalms,R0,REVIEW_CANDIDATE,0.2477385700815759,0.2517472342683223,0.1720894079000068,WORK,-0.004008664186746391,0.07564916218156911,0.9840766306791923,1.4395922044518008,False,False
854,427,68,30,PSA:17:12,PSA,Psalms,R1,REVIEW_CANDIDATE,0.2477385700815759,0.2517472342683223,0.1720894079000068,WORK,-0.004008664186746391,0.07564916218156911,0.9840766306791923,1.4395922044518008,False,False
855,428,69,35,GEN:32:16,GEN,Genesis,R0,REVIEW_CANDIDATE,0.2476286514738269,0.2785225450278982,0.1976616792286194,WORK,-0.030893893554071294,0.04996697224520749,0.8890793793695343,1.2527903862812715,False,False
856,428,69,35,GEN:32:16,GEN,Genesis,R1,REVIEW_CANDIDATE,0.2476286514738269,0.2785225450278982,0.1976616792286194,WORK,-0.030893893554071294,0.04996697224520749,0.8890793793695343,1.2527903862812715,False,False
857,429,70,18,JHN:6:4,JHN,John,R0,REVIEW_CANDIDATE,0.2476026552326349,0.2799187388240086,0.1962180196842647,WORK,-0.032316083591373695,0.051384635548370194,0.884551910575406,1.2618752122310348,False,False
858,429,70,18,JHN:6:4,JHN,John,R1,REVIEW_CANDIDATE,0.2476026552326349,0.2799187388240086,0.1962180196842647,WORK,-0.032316083591373695,0.051384635548370194,0.884551910575406,1.2618752122310348,False,False
859,430,71,31,PSA:13:4,PSA,Psalms,R0,REVIEW_CANDIDATE,0.2475112822768659,0.2517472342683223,0.1720894079000068,WORK,-0.004235951991456405,0.0754218743768591,0.9831737893615087,1.4382714502724263,False,False
860,430,71,31,PSA:13:4,PSA,Psalms,R1,REVIEW_CANDIDATE,0.2475112822768659,0.2517472342683223,0.1720894079000068,WORK,-0.004235951991456405,0.0754218743768591,0.9831737893615087,1.4382714502724263,False,False
861,431,72,17,MAT:20:9,MAT,Matthew,R0,REVIEW_CANDIDATE,0.2473734323264135,0.2574919331800241,0.1896752365333116,WORK,-0.010118500853610601,0.057698195793101925,0.9607036199983154,1.3041946689913246,False,False
862,431,72,17,MAT:20:9,MAT,Matthew,R1,REVIEW_CANDIDATE,0.2473734323264135,0.2574919331800241,0.1896752365333116,WORK,-0.010118500853610601,0.057698195793101925,0.9607036199983154,1.3041946689913246,False,False
863,432,73,11,1SA:25:10,1SA,1Samuel,R0,REVIEW_CANDIDATE,0.2472530611197265,0.2543100235259803,0.1939952732916444,WORK,-0.007056962406253808,0.053257787828082104,0.972250553444926,1.274531368339148,False,False
864,432,73,11,1SA:25:10,1SA,1Samuel,R1,REVIEW_CANDIDATE,0.2472530611197265,0.2543100235259803,0.1939952732916444,WORK,-0.007056962406253808,0.053257787828082104,0.972250553444926,1.274531368339148,False,False
865,433,74,36,GEN:11:16,GEN,Genesis,R0,REVIEW_CANDIDATE,0.2471740524072954,0.2785225450278982,0.1976616792286194,WORK,-0.0313484926206028,0.04951237317867599,0.8874471988705159,1.2504905016080987,False,False
866,433,74,36,GEN:11:16,GEN,Genesis,R1,REVIEW_CANDIDATE,0.2471740524072954,0.2785225450278982,0.1976616792286194,WORK,-0.0313484926206028,0.04951237317867599,0.8874471988705159,1.2504905016080987,False,False
867,434,75,18,MAT:13:6,MAT,Matthew,R0,REVIEW_CANDIDATE,0.2469497138467092,0.2574919331800241,0.1896752365333116,WORK,-0.010542219333314923,0.057274477313397604,0.959058059788054,1.3019607533392417,False,False
868,434,75,18,MAT:13:6,MAT,Matthew,R1,REVIEW_CANDIDATE,0.2469497138467092,0.2574919331800241,0.1896752365333116,WORK,-0.010542219333314923,0.057274477313397604,0.959058059788054,1.3019607533392417,False,False
869,435,76,16,JOB:26:1,JOB,Job,R0,REVIEW_CANDIDATE,0.2469045469166771,0.2593421210617336,0.1879247125578857,WORK,-0.012437574145056501,0.058979834358791394,0.9520418276285484,1.3138482084447731,False,False
870,435,76,16,JOB:26:1,JOB,Job,R1,REVIEW_CANDIDATE,0.2469045469166771,0.2593421210617336,0.1879247125578857,WORK,-0.012437574145056501,0.058979834358791394,0.9520418276285484,1.3138482084447731,False,False
871,436,77,3,JON:1:8,JON,Jonah,R0,REVIEW_CANDIDATE,0.2468104562586061,0.2656228112852224,0.2380502099550021,WORK,-0.018812355026616323,0.008760246303604002,0.9291764327935832,1.0367999940233614,True,False
872,436,77,3,JON:1:8,JON,Jonah,R1,REVIEW_CANDIDATE,0.2468104562586061,0.2656228112852224,0.2380502099550021,WORK,-0.018812355026616323,0.008760246303604002,0.9291764327935832,1.0367999940233614,True,False
873,437,78,19,JHN:11:38,JHN,John,R0,REVIEW_CANDIDATE,0.2463744739193273,0.2799187388240086,0.1962180196842647,WORK,-0.03354426490468129,0.0501564542350626,0.8801642753693194,1.2556159435090088,False,False
874,437,78,19,JHN:11:38,JHN,John,R1,REVIEW_CANDIDATE,0.2463744739193273,0.2799187388240086,0.1962180196842647,WORK,-0.03354426490468129,0.0501564542350626,0.8801642753693194,1.2556159435090088,False,False
875,438,79,17,JOB:1:2,JOB,Job,R0,REVIEW_CANDIDATE,0.2462431108901117,0.2593421210617336,0.1879247125578857,WORK,-0.013099010171621905,0.05831839833222599,0.9494913895282602,1.3103285221961556,False,False
876,438,79,17,JOB:1:2,JOB,Job,R1,REVIEW_CANDIDATE,0.2462431108901117,0.2593421210617336,0.1879247125578857,WORK,-0.013099010171621905,0.05831839833222599,0.9494913895282602,1.3103285221961556,False,False
877,439,80,32,PSA:78:68,PSA,Psalms,R0,REVIEW_CANDIDATE,0.2460216876509057,0.2517472342683223,0.1720894079000068,WORK,-0.005725546617416588,0.07393227975089892,0.9772567645715858,1.4296155158710149,False,False
878,439,80,32,PSA:78:68,PSA,Psalms,R1,REVIEW_CANDIDATE,0.2460216876509057,0.2517472342683223,0.1720894079000068,WORK,-0.005725546617416588,0.07393227975089892,0.9772567645715858,1.4296155158710149,False,False
879,440,81,18,JOB:32:12,JOB,Job,R0,REVIEW_CANDIDATE,0.2459698170466607,0.2593421210617336,0.1879247125578857,WORK,-0.013372304015072889,0.05804510448877501,0.9484375929358203,1.3088742491538765,False,False
880,440,81,18,JOB:32:12,JOB,Job,R1,REVIEW_CANDIDATE,0.2459698170466607,0.2593421210617336,0.1879247125578857,WORK,-0.013372304015072889,0.05804510448877501,0.9484375929358203,1.3088742491538765,False,False
881,441,82,19,MAT:7:1,MAT,Matthew,R0,REVIEW_CANDIDATE,0.2456688095924515,0.2574919331800241,0.1896752365333116,WORK,-0.01182312358757262,0.055993573059139906,0.9540835184949016,1.2952076089769688,False,False
882,441,82,19,MAT:7:1,MAT,Matthew,R1,REVIEW_CANDIDATE,0.2456688095924515,0.2574919331800241,0.1896752365333116,WORK,-0.01182312358757262,0.055993573059139906,0.9540835184949016,1.2952076089769688,False,False
883,442,83,33,PSA:120:4,PSA,Psalms,R0,REVIEW_CANDIDATE,0.2456153323281018,0.2517472342683223,0.1720894079000068,WORK,-0.006131901940220508,0.073525924428095,0.975642624404426,1.4272542123616203,False,False
884,442,83,33,PSA:120:4,PSA,Psalms,R1,REVIEW_CANDIDATE,0.2456153323281018,0.2517472342683223,0.1720894079000068,WORK,-0.006131901940220508,0.073525924428095,0.975642624404426,1.4272542123616203,False,False
885,443,84,12,1SA:25:43,1SA,1Samuel,R0,REVIEW_CANDIDATE,0.2455697064834544,0.2543100235259803,0.1939952732916444,WORK,-0.008740317042525925,0.05157443319180999,0.9656312522749108,1.2658540711673687,False,False
886,443,84,12,1SA:25:43,1SA,1Samuel,R1,REVIEW_CANDIDATE,0.2455697064834544,0.2543100235259803,0.1939952732916444,WORK,-0.008740317042525925,0.05157443319180999,0.9656312522749108,1.2658540711673687,False,False
887,444,85,20,MAT:26:47,MAT,Matthew,R0,REVIEW_CANDIDATE,0.2452704322091589,0.2574919331800241,0.1896752365333116,WORK,-0.012221500970865218,0.05559519567584731,0.9525363733926351,1.293107295880891,False,False
888,444,85,20,MAT:26:47,MAT,Matthew,R1,REVIEW_CANDIDATE,0.2452704322091589,0.2574919331800241,0.1896752365333116,WORK,-0.012221500970865218,0.05559519567584731,0.9525363733926351,1.293107295880891,False,False
889,445,86,9,JOS:1:10,JOS,Joshua,R0,REVIEW_CANDIDATE,0.2450635612479106,0.2547743068240014,0.2047369488266913,WORK,-0.009710745576090779,0.04032661242121929,0.9618849102284125,1.1969679271490734,False,False
890,445,86,9,JOS:1:10,JOS,Joshua,R1,REVIEW_CANDIDATE,0.2450635612479106,0.2547743068240014,0.2047369488266913,WORK,-0.009710745576090779,0.04032661242121929,0.9618849102284125,1.1969679271490734,False,False
891,446,87,5,EPH:6:24,EPH,Ephesians,R0,REVIEW_CANDIDATE,0.245014995277368,0.3000571320932129,0.2029310592154672,WORK,-0.05504213681584488,0.042083936061900806,0.8165611447664373,1.2073804582925727,False,False
892,446,87,5,EPH:6:24,EPH,Ephesians,R1,REVIEW_CANDIDATE,0.245014995277368,0.3000571320932129,0.2029310592154672,WORK,-0.05504213681584488,0.042083936061900806,0.8165611447664373,1.2073804582925727,False,False
893,447,88,20,JHN:18:39,JHN,John,R0,REVIEW_CANDIDATE,0.2449950916649813,0.2799187388240086,0.1962180196842647,WORK,-0.03492364715902729,0.048777071980716596,0.8752364800379278,1.2485860985612025,False,False
894,447,88,20,JHN:18:39,JHN,John,R1,REVIEW_CANDIDATE,0.2449950916649813,0.2799187388240086,0.1962180196842647,WORK,-0.03492364715902729,0.048777071980716596,0.8752364800379278,1.2485860985612025,False,False
895,448,89,7,NEH:11:9,NEH,Nehemiah,R0,REVIEW_CANDIDATE,0.2448460356656264,0.249097416043593,0.1712008590080952,WORK,-0.0042513803779666015,0.0736451766575312,0.9829328603825317,1.4301682660018014,False,False
896,448,89,7,NEH:11:9,NEH,Nehemiah,R1,REVIEW_CANDIDATE,0.2448460356656264,0.249097416043593,0.1712008590080952,WORK,-0.0042513803779666015,0.0736451766575312,0.9829328603825317,1.4301682660018014,False,False
897,449,90,21,MAT:10:19,MAT,Matthew,R0,REVIEW_CANDIDATE,0.2447247110967241,0.2574919331800241,0.1896752365333116,WORK,-0.0127672220833,0.055049474563412526,0.9504170017071025,1.2902301616676486,False,False
898,449,90,21,MAT:10:19,MAT,Matthew,R1,REVIEW_CANDIDATE,0.2447247110967241,0.2574919331800241,0.1896752365333116,WORK,-0.0127672220833,0.055049474563412526,0.9504170017071025,1.2902301616676486,False,False
899,450,91,10,JOS:8:27,JOS,Joshua,R0,REVIEW_CANDIDATE,0.2440928598557353,0.2547743068240014,0.2047369488266913,WORK,-0.010681446968266062,0.03935591102904401,0.9580748659414671,1.1922267145944359,False,False
900,450,91,10,JOS:8:27,JOS,Joshua,R1,REVIEW_CANDIDATE,0.2440928598557353,0.2547743068240014,0.2047369488266913,WORK,-0.010681446968266062,0.03935591102904401,0.9580748659414671,1.1922267145944359,False,False
901,451,92,22,MAT:10:30,MAT,Matthew,R0,REVIEW_CANDIDATE,0.243926525284753,0.2574919331800241,0.1896752365333116,WORK,-0.013565407895271109,0.05425128875144142,0.9473171538706537,1.286021990761633,False,False
902,451,92,22,MAT:10:30,MAT,Matthew,R1,REVIEW_CANDIDATE,0.243926525284753,0.2574919331800241,0.1896752365333116,WORK,-0.013565407895271109,0.05425128875144142,0.9473171538706537,1.286021990761633,False,False
903,452,93,4,ECC:9:13,ECC,Ecclesiastes,R0,REVIEW_CANDIDATE,0.2438062667066961,0.2462926441161754,0.1879518236166134,WORK,-0.0024863774094792956,0.05585444309008272,0.9899047841302703,1.2971742546324816,False,False
904,452,93,4,ECC:9:13,ECC,Ecclesiastes,R1,REVIEW_CANDIDATE,0.2438062667066961,0.2462926441161754,0.1879518236166134,WORK,-0.0024863774094792956,0.05585444309008272,0.9899047841302703,1.2971742546324816,False,False
905,453,94,13,1SA:20:39,1SA,1Samuel,R0,REVIEW_CANDIDATE,0.2427946339054202,0.2543100235259803,0.1939952732916444,WORK,-0.011515389620560118,0.048799360613775794,0.9547190886898577,1.2515492248123636,False,False
906,453,94,13,1SA:20:39,1SA,1Samuel,R1,REVIEW_CANDIDATE,0.2427946339054202,0.2543100235259803,0.1939952732916444,WORK,-0.011515389620560118,0.048799360613775794,0.9547190886898577,1.2515492248123636,False,False
907,454,95,37,GEN:4:24,GEN,Genesis,R0,REVIEW_CANDIDATE,0.2427362478375914,0.2785225450278982,0.1976616792286194,WORK,-0.03578629719030679,0.04507456860897199,0.8715138223847472,1.2280389845157484,False,False
908,454,95,37,GEN:4:24,GEN,Genesis,R1,REVIEW_CANDIDATE,0.2427362478375914,0.2785225450278982,0.1976616792286194,WORK,-0.03578629719030679,0.04507456860897199,0.8715138223847472,1.2280389845157484,False,False
909,455,96,21,JHN:11:18,JHN,John,R0,REVIEW_CANDIDATE,0.2418107007638197,0.2799187388240086,0.1962180196842647,WORK,-0.03810803806018889,0.045592681079555,0.8638603538288007,1.2323572582829976,False,False
910,455,96,21,JHN:11:18,JHN,John,R1,REVIEW_CANDIDATE,0.2418107007638197,0.2799187388240086,0.1962180196842647,WORK,-0.03810803806018889,0.045592681079555,0.8638603538288007,1.2323572582829976,False,False
911,456,97,11,JOS:4:9,JOS,Joshua,R0,REVIEW_CANDIDATE,0.2417763904424358,0.2547743068240014,0.2047369488266913,WORK,-0.012997916381565583,0.03703944161574449,0.9489826248824039,1.180912345465782,False,False
912,456,97,11,JOS:4:9,JOS,Joshua,R1,REVIEW_CANDIDATE,0.2417763904424358,0.2547743068240014,0.2047369488266913,WORK,-0.012997916381565583,0.03703944161574449,0.9489826248824039,1.180912345465782,False,False
913,457,98,14,1SA:17:22,1SA,1Samuel,R0,REVIEW_CANDIDATE,0.2417205378508602,0.2543100235259803,0.1939952732916444,WORK,-0.01258948567512011,0.0477252645592158,0.9504955192069574,1.24601251231244,False,False
914,457,98,14,1SA:17:22,1SA,1Samuel,R1,REVIEW_CANDIDATE,0.2417205378508602,0.2543100235259803,0.1939952732916444,WORK,-0.01258948567512011,0.0477252645592158,0.9504955192069574,1.24601251231244,False,False
915,458,99,34,PSA:147:9,PSA,Psalms,R0,REVIEW_CANDIDATE,0.2413110216980366,0.2517472342683223,0.1720894079000068,WORK,-0.010436212570285708,0.0692216137980298,0.9585448769651135,1.4022421521622719,False,False
916,458,99,34,PSA:147:9,PSA,Psalms,R1,REVIEW_CANDIDATE,0.2413110216980366,0.2517472342683223,0.1720894079000068,WORK,-0.010436212570285708,0.0692216137980298,0.9585448769651135,1.4022421521622719,False,False
917,459,100,13,LUK:18:38,LUK,Luke,R0,REVIEW_CANDIDATE,0.2407678753187346,0.2425750004264786,0.1904093970791806,WORK,-0.001807125107744001,0.050358478239554,0.992550241762066,1.2644747528852935,False,False
918,459,100,13,LUK:18:38,LUK,Luke,R1,REVIEW_CANDIDATE,0.2407678753187346,0.2425750004264786,0.1904093970791806,WORK,-0.001807125107744001,0.050358478239554,0.992550241762066,1.2644747528852935,False,False
919,460,101,13,2SA:5:7,2SA,2Samuel,R0,REVIEW_CANDIDATE,0.2406473801883941,0.2628056201398644,0.2042033708550034,WORK,-0.022158239951470315,0.0364440093333907,0.9156858215601411,1.1784691857964877,False,False
920,460,101,13,2SA:5:7,2SA,2Samuel,R1,REVIEW_CANDIDATE,0.2406473801883941,0.2628056201398644,0.2042033708550034,WORK,-0.022158239951470315,0.0364440093333907,0.9156858215601411,1.1784691857964877,False,False
921,461,102,9,MRK:11:11,MRK,Mark,R0,REVIEW_CANDIDATE,0.2405777820066392,0.2485395579355932,0.180716099125319,WORK,-0.007961775928954001,0.05986168288132021,0.9679657596759015,1.3312470951456774,False,False
922,461,102,9,MRK:11:11,MRK,Mark,R1,REVIEW_CANDIDATE,0.2405777820066392,0.2485395579355932,0.180716099125319,WORK,-0.007961775928954001,0.05986168288132021,0.9679657596759015,1.3312470951456774,False,False
923,462,103,14,1CH:6:43,1CH,1Chronicles,R0,REVIEW_CANDIDATE,0.2402425218120188,0.2568844066016262,0.1958660090019126,WORK,-0.016641884789607403,0.04437651281010621,0.9352164461449174,1.2265656661726991,False,False
924,462,103,14,1CH:6:43,1CH,1Chronicles,R1,REVIEW_CANDIDATE,0.2402425218120188,0.2568844066016262,0.1958660090019126,WORK,-0.016641884789607403,0.04437651281010621,0.9352164461449174,1.2265656661726991,False,False
925,463,104,22,JHN:15:12,JHN,John,R0,REVIEW_CANDIDATE,0.2401853325065978,0.2799187388240086,0.1962180196842647,WORK,-0.03973340631741079,0.0439673128223331,0.8580537820213884,1.2240737771845884,False,False
926,463,104,22,JHN:15:12,JHN,John,R1,REVIEW_CANDIDATE,0.2401853325065978,0.2799187388240086,0.1962180196842647,WORK,-0.03973340631741079,0.0439673128223331,0.8580537820213884,1.2240737771845884,False,False
927,464,105,23,MAT:22:45,MAT,Matthew,R0,REVIEW_CANDIDATE,0.2401584925349069,0.2574919331800241,0.1896752365333116,WORK,-0.017333440645117215,0.05048325600159531,0.9326835585447306,1.2661562833624262,False,False
928,464,105,23,MAT:22:45,MAT,Matthew,R1,REVIEW_CANDIDATE,0.2401584925349069,0.2574919331800241,0.1896752365333116,WORK,-0.017333440645117215,0.05048325600159531,0.9326835585447306,1.2661562833624262,False,False
929,465,106,15,1SA:8:1,1SA,1Samuel,R0,REVIEW_CANDIDATE,0.2398548059662927,0.2543100235259803,0.1939952732916444,WORK,-0.014455217559687622,0.04585953267464829,0.9431590726969089,1.2363951033265896,False,False
930,465,106,15,1SA:8:1,1SA,1Samuel,R1,REVIEW_CANDIDATE,0.2398548059662927,0.2543100235259803,0.1939952732916444,WORK,-0.014455217559687622,0.04585953267464829,0.9431590726969089,1.2363951033265896,False,False
931,466,107,15,1CH:15:4,1CH,1Chronicles,R0,REVIEW_CANDIDATE,0.2394427547556311,0.2568844066016262,0.1958660090019126,WORK,-0.01744165184599511,0.043576745753718504,0.9321031117585761,1.2224824305951574,False,False
932,466,107,15,1CH:15:4,1CH,1Chronicles,R1,REVIEW_CANDIDATE,0.2394427547556311,0.2568844066016262,0.1958660090019126,WORK,-0.01744165184599511,0.043576745753718504,0.9321031117585761,1.2224824305951574,False,False
933,467,108,14,LUK:8:7,LUK,Luke,R0,REVIEW_CANDIDATE,0.2393796227877661,0.2425750004264786,0.1904093970791806,WORK,-0.003195377638712499,0.0489702257085855,0.9868272590617557,1.257183870437978,False,False
934,467,108,14,LUK:8:7,LUK,Luke,R1,REVIEW_CANDIDATE,0.2393796227877661,0.2425750004264786,0.1904093970791806,WORK,-0.003195377638712499,0.0489702257085855,0.9868272590617557,1.257183870437978,False,False
935,468,109,12,ACT:4:12,ACT,Acts,R0,REVIEW_CANDIDATE,0.2392181553696131,0.2407747958049971,0.1622007514290091,WORK,-0.0015566404353840047,0.077017403940604,0.9935348696686479,1.474827664249832,False,False
936,468,109,12,ACT:4:12,ACT,Acts,R1,REVIEW_CANDIDATE,0.2392181553696131,0.2407747958049971,0.1622007514290091,WORK,-0.0015566404353840047,0.077017403940604,0.9935348696686479,1.474827664249832,False,False
937,469,110,19,JOB:14:16,JOB,Job,R0,REVIEW_CANDIDATE,0.239052511557103,0.2593421210617336,0.1879247125578857,WORK,-0.0202896095046306,0.051127798999217294,0.9217650822721509,1.2720653303299245,False,False
938,469,110,19,JOB:14:16,JOB,Job,R1,REVIEW_CANDIDATE,0.239052511557103,0.2593421210617336,0.1879247125578857,WORK,-0.0202896095046306,0.051127798999217294,0.9217650822721509,1.2720653303299245,False,False
939,470,111,20,JOB:21:1,JOB,Job,R0,REVIEW_CANDIDATE,0.2390384421120703,0.2593421210617336,0.1879247125578857,WORK,-0.020303678949663312,0.051113729554184584,0.9217108317517375,1.271990462874542,False,False
940,471,112,21,JOB:6:1,JOB,Job,R0,REVIEW_CANDIDATE,0.2390384421120703,0.2593421210617336,0.1879247125578857,WORK,-0.020303678949663312,0.051113729554184584,0.9217108317517375,1.271990462874542,False,False
941,470,111,20,JOB:21:1,JOB,Job,R1,REVIEW_CANDIDATE,0.2390384421120703,0.2593421210617336,0.1879247125578857,WORK,-0.020303678949663312,0.051113729554184584,0.9217108317517375,1.271990462874542,False,False
942,471,112,21,JOB:6:1,JOB,Job,R1,REVIEW_CANDIDATE,0.2390384421120703,0.2593421210617336,0.1879247125578857,WORK,-0.020303678949663312,0.051113729554184584,0.9217108317517375,1.271990462874542,False,False
943,472,113,16,1CH:11:9,1CH,1Chronicles,R0,REVIEW_CANDIDATE,0.2386230374958697,0.2568844066016262,0.1958660090019126,WORK,-0.018261369105756514,0.0427570284939571,0.9289121151908762,1.21829733863388,False,False
944,472,113,16,1CH:11:9,1CH,1Chronicles,R1,REVIEW_CANDIDATE,0.2386230374958697,0.2568844066016262,0.1958660090019126,WORK,-0.018261369105756514,0.0427570284939571,0.9289121151908762,1.21829733863388,False,False
945,473,114,22,JOB:35:12,JOB,Job,R0,REVIEW_CANDIDATE,0.2385808766730516,0.2593421210617336,0.1879247125578857,WORK,-0.020761244388681988,0.05065616411516591,0.9199465003845635,1.2695556290903598,False,False
946,473,114,22,JOB:35:12,JOB,Job,R1,REVIEW_CANDIDATE,0.2385808766730516,0.2593421210617336,0.1879247125578857,WORK,-0.020761244388681988,0.05065616411516591,0.9199465003845635,1.2695556290903598,False,False
947,474,115,35,PSA:79:7,PSA,Psalms,R0,REVIEW_CANDIDATE,0.2385604115187679,0.2517472342683223,0.1720894079000068,WORK,-0.013186822749554405,0.0664710036187611,0.9476187979268945,1.3862585410101727,False,False
948,474,115,35,PSA:79:7,PSA,Psalms,R1,REVIEW_CANDIDATE,0.2385604115187679,0.2517472342683223,0.1720894079000068,WORK,-0.013186822749554405,0.0664710036187611,0.9476187979268945,1.3862585410101727,False,False
949,475,116,36,PSA:122:5,PSA,Psalms,R0,REVIEW_CANDIDATE,0.2380453501470181,0.2517472342683223,0.1720894079000068,WORK,-0.013701884121304186,0.06595594224701132,0.9455728514312091,1.383265553945861,False,False
950,475,116,36,PSA:122:5,PSA,Psalms,R1,REVIEW_CANDIDATE,0.2380453501470181,0.2517472342683223,0.1720894079000068,WORK,-0.013701884121304186,0.06595594224701132,0.9455728514312091,1.383265553945861,False,False
951,476,117,24,MAT:12:23,MAT,Matthew,R0,REVIEW_CANDIDATE,0.2380431262570221,0.2574919331800241,0.1896752365333116,WORK,-0.01944880692300202,0.048367889723710505,0.9244682865097584,1.2550037137568875,False,False
952,476,117,24,MAT:12:23,MAT,Matthew,R1,REVIEW_CANDIDATE,0.2380431262570221,0.2574919331800241,0.1896752365333116,WORK,-0.01944880692300202,0.048367889723710505,0.9244682865097584,1.2550037137568875,False,False
953,477,118,38,GEN:11:17,GEN,Genesis,R0,REVIEW_CANDIDATE,0.2377713518455975,0.2785225450278982,0.1976616792286194,WORK,-0.04075119318230069,0.04010967261697809,0.8536879907577362,1.2029208330795695,False,False
954,477,118,38,GEN:11:17,GEN,Genesis,R1,REVIEW_CANDIDATE,0.2377713518455975,0.2785225450278982,0.1976616792286194,WORK,-0.04075119318230069,0.04010967261697809,0.8536879907577362,1.2029208330795695,False,False
955,478,119,5,ECC:2:7,ECC,Ecclesiastes,R0,REVIEW_CANDIDATE,0.2377163472017075,0.2462926441161754,0.1879518236166134,WORK,-0.008576296914467901,0.04976452358509412,0.9651784285103436,1.2647727626554157,False,False
956,478,119,5,ECC:2:7,ECC,Ecclesiastes,R1,REVIEW_CANDIDATE,0.2377163472017075,0.2462926441161754,0.1879518236166134,WORK,-0.008576296914467901,0.04976452358509412,0.9651784285103436,1.2647727626554157,False,False
957,479,120,14,2SA:24:5,2SA,2Samuel,R0,REVIEW_CANDIDATE,0.2376749321712281,0.2628056201398644,0.2042033708550034,WORK,-0.025130687968636323,0.033471561316224696,0.904375378444107,1.163912873602814,False,False
958,479,120,14,2SA:24:5,2SA,2Samuel,R1,REVIEW_CANDIDATE,0.2376749321712281,0.2628056201398644,0.2042033708550034,WORK,-0.025130687968636323,0.033471561316224696,0.904375378444107,1.163912873602814,False,False
959,480,121,39,GEN:5:21,GEN,Genesis,R0,REVIEW_CANDIDATE,0.2376006044717782,0.2785225450278982,0.1976616792286194,WORK,-0.04092194055612,0.039938925243158785,0.8530749438900141,1.2020569965762793,False,False
960,480,121,39,GEN:5:21,GEN,Genesis,R1,REVIEW_CANDIDATE,0.2376006044717782,0.2785225450278982,0.1976616792286194,WORK,-0.04092194055612,0.039938925243158785,0.8530749438900141,1.2020569965762793,False,False
961,481,122,6,ECC:4:7,ECC,Ecclesiastes,R0,REVIEW_CANDIDATE,0.2374316151030006,0.2462926441161754,0.1879518236166134,WORK,-0.008861029013174815,0.049479791486387203,0.9640223562300339,1.2632578420059213,False,False
962,481,122,6,ECC:4:7,ECC,Ecclesiastes,R1,REVIEW_CANDIDATE,0.2374316151030006,0.2462926441161754,0.1879518236166134,WORK,-0.008861029013174815,0.049479791486387203,0.9640223562300339,1.2632578420059213,False,False
963,482,123,23,JHN:6:34,JHN,John,R0,REVIEW_CANDIDATE,0.2373187772205388,0.2799187388240086,0.1962180196842647,WORK,-0.042599961603469794,0.041100757536274096,0.8478131125395882,1.209464745401108,False,False
964,482,123,23,JHN:6:34,JHN,John,R1,REVIEW_CANDIDATE,0.2373187772205388,0.2799187388240086,0.1962180196842647,WORK,-0.042599961603469794,0.041100757536274096,0.8478131125395882,1.209464745401108,False,False
965,483,124,15,2SA:8:15,2SA,2Samuel,R0,REVIEW_CANDIDATE,0.2372195965368285,0.2628056201398644,0.2042033708550034,WORK,-0.025586023603035912,0.033016225681825107,0.9026427837067598,1.161683059116926,False,False
966,483,124,15,2SA:8:15,2SA,2Samuel,R1,REVIEW_CANDIDATE,0.2372195965368285,0.2628056201398644,0.2042033708550034,WORK,-0.025586023603035912,0.033016225681825107,0.9026427837067598,1.161683059116926,False,False
967,484,125,23,JOB:42:13,JOB,Job,R0,REVIEW_CANDIDATE,0.2371285737914967,0.2593421210617336,0.1879247125578857,WORK,-0.02221354727023689,0.04920386123361101,0.9143465504974828,1.2618275189243935,False,False
968,484,125,23,JOB:42:13,JOB,Job,R1,REVIEW_CANDIDATE,0.2371285737914967,0.2593421210617336,0.1879247125578857,WORK,-0.02221354727023689,0.04920386123361101,0.9143465504974828,1.2618275189243935,False,False
969,485,126,24,JOB:27:17,JOB,Job,R0,REVIEW_CANDIDATE,0.2366123080202611,0.2593421210617336,0.1879247125578857,WORK,-0.022729813041472507,0.04868759546237539,0.9123558759047015,1.2590803242409023,False,False
970,485,126,24,JOB:27:17,JOB,Job,R1,REVIEW_CANDIDATE,0.2366123080202611,0.2593421210617336,0.1879247125578857,WORK,-0.022729813041472507,0.04868759546237539,0.9123558759047015,1.2590803242409023,False,False
971,486,127,16,1SA:6:1,1SA,1Samuel,R0,REVIEW_CANDIDATE,0.2361527282688255,0.2543100235259803,0.1939952732916444,WORK,-0.018157295257154815,0.0421574549771811,0.9286017318334294,1.2173117636418045,False,False
972,486,127,16,1SA:6:1,1SA,1Samuel,R1,REVIEW_CANDIDATE,0.2361527282688255,0.2543100235259803,0.1939952732916444,WORK,-0.018157295257154815,0.0421574549771811,0.9286017318334294,1.2173117636418045,False,False
973,487,128,15,LUK:22:47,LUK,Luke,R0,REVIEW_CANDIDATE,0.2358616721449279,0.2425750004264786,0.1904093970791806,WORK,-0.00671332828155069,0.04545227506574731,0.972324731444923,1.2387081507686633,False,False
974,487,128,15,LUK:22:47,LUK,Luke,R1,REVIEW_CANDIDATE,0.2358616721449279,0.2425750004264786,0.1904093970791806,WORK,-0.00671332828155069,0.04545227506574731,0.972324731444923,1.2387081507686633,False,False
975,488,129,17,1SA:14:13,1SA,1Samuel,R0,REVIEW_CANDIDATE,0.2355283277395212,0.2543100235259803,0.1939952732916444,WORK,-0.018781695786459107,0.041533054447876805,0.9261464588534382,1.214093125791976,False,False
976,488,129,17,1SA:14:13,1SA,1Samuel,R1,REVIEW_CANDIDATE,0.2355283277395212,0.2543100235259803,0.1939952732916444,WORK,-0.018781695786459107,0.041533054447876805,0.9261464588534382,1.214093125791976,False,False
977,489,130,4,LAM:5:1,LAM,Lamentations,R0,REVIEW_CANDIDATE,0.2355217363068541,0.2938539035754291,0.1679356922785318,WORK,-0.058332167268575014,0.0675860440283223,0.8014926241958131,1.4024519333044856,False,False
978,489,130,4,LAM:5:1,LAM,Lamentations,R1,REVIEW_CANDIDATE,0.2355217363068541,0.2938539035754291,0.1679356922785318,WORK,-0.058332167268575014,0.0675860440283223,0.8014926241958131,1.4024519333044856,False,False
979,490,131,16,LUK:12:24,LUK,Luke,R0,REVIEW_CANDIDATE,0.2352260968931144,0.2425750004264786,0.1904093970791806,WORK,-0.007348903533364176,0.044816699813933825,0.9697046129220083,1.235370210196596,False,False
980,490,131,16,LUK:12:24,LUK,Luke,R1,REVIEW_CANDIDATE,0.2352260968931144,0.2425750004264786,0.1904093970791806,WORK,-0.007348903533364176,0.044816699813933825,0.9697046129220083,1.235370210196596,False,False
981,491,132,25,MAT:26:15,MAT,Matthew,R0,REVIEW_CANDIDATE,0.2351885306831672,0.2574919331800241,0.1896752365333116,WORK,-0.022303402496856917,0.04551329414985561,0.9133821311549065,1.239953801991766,False,False
982,491,132,25,MAT:26:15,MAT,Matthew,R1,REVIEW_CANDIDATE,0.2351885306831672,0.2574919331800241,0.1896752365333116,WORK,-0.022303402496856917,0.04551329414985561,0.9133821311549065,1.239953801991766,False,False
983,492,133,17,1CH:18:6,1CH,1Chronicles,R0,REVIEW_CANDIDATE,0.2351598579729507,0.2568844066016262,0.1958660090019126,WORK,-0.02172454862867551,0.0392938489710381,0.9154306447943891,1.2006159678816675,False,False
984,492,133,17,1CH:18:6,1CH,1Chronicles,R1,REVIEW_CANDIDATE,0.2351598579729507,0.2568844066016262,0.1958660090019126,WORK,-0.02172454862867551,0.0392938489710381,0.9154306447943891,1.2006159678816675,False,False
985,493,134,6,EZR:2:24,EZR,Ezra,R0,REVIEW_CANDIDATE,0.2346741759223912,0.2643609161924914,0.1937090361219623,WORK,-0.02968674027010021,0.0409651398004289,0.8877037472192594,1.211477691596362,False,False
986,493,134,6,EZR:2:24,EZR,Ezra,R1,REVIEW_CANDIDATE,0.2346741759223912,0.2643609161924914,0.1937090361219623,WORK,-0.02968674027010021,0.0409651398004289,0.8877037472192594,1.211477691596362,False,False
987,494,135,11,PRO:1:1,PRO,Proverbs,R0,REVIEW_CANDIDATE,0.2341899652084474,0.2365615998472131,0.1658406971808283,WORK,-0.0023716346387656906,0.06834926802761909,0.9899745578306139,1.4121380890789,False,False
988,494,135,11,PRO:1:1,PRO,Proverbs,R1,REVIEW_CANDIDATE,0.2341899652084474,0.2365615998472131,0.1658406971808283,WORK,-0.0023716346387656906,0.06834926802761909,0.9899745578306139,1.4121380890789,False,False
989,495,136,37,PSA:121:1,PSA,Psalms,R0,REVIEW_CANDIDATE,0.2340917211232239,0.2517472342683223,0.1720894079000068,WORK,-0.01765551314509839,0.062002313223217115,0.9298680948912414,1.3602912810255225,False,False
990,495,136,37,PSA:121:1,PSA,Psalms,R1,REVIEW_CANDIDATE,0.2340917211232239,0.2517472342683223,0.1720894079000068,WORK,-0.01765551314509839,0.062002313223217115,0.9298680948912414,1.3602912810255225,False,False
991,496,137,18,1SA:20:41,1SA,1Samuel,R0,REVIEW_CANDIDATE,0.2339121675460099,0.2543100235259803,0.1939952732916444,WORK,-0.020397855979970403,0.03991689425436551,0.9197913802328497,1.2057622001663726,False,False
992,496,137,18,1SA:20:41,1SA,1Samuel,R1,REVIEW_CANDIDATE,0.2339121675460099,0.2543100235259803,0.1939952732916444,WORK,-0.020397855979970403,0.03991689425436551,0.9197913802328497,1.2057622001663726,False,False
993,497,138,12,PRO:16:17,PRO,Proverbs,R0,REVIEW_CANDIDATE,0.2336760525996865,0.2365615998472131,0.1658406971808283,WORK,-0.0028855472475265986,0.06783535541885818,0.9878021316672263,1.4090392561778264,False,False
994,497,138,12,PRO:16:17,PRO,Proverbs,R1,REVIEW_CANDIDATE,0.2336760525996865,0.2365615998472131,0.1658406971808283,WORK,-0.0028855472475265986,0.06783535541885818,0.9878021316672263,1.4090392561778264,False,False
995,498,139,24,JHN:2:5,JHN,John,R0,REVIEW_CANDIDATE,0.2334155293037633,0.2799187388240086,0.1962180196842647,WORK,-0.04650320952024528,0.03719750961949861,0.8338688945384148,1.1895723424349776,False,False
996,498,139,24,JHN:2:5,JHN,John,R1,REVIEW_CANDIDATE,0.2334155293037633,0.2799187388240086,0.1962180196842647,WORK,-0.04650320952024528,0.03719750961949861,0.8338688945384148,1.1895723424349776,False,False
997,499,140,7,EZR:4:12,EZR,Ezra,R0,REVIEW_CANDIDATE,0.2334126735803924,0.2643609161924914,0.1937090361219623,WORK,-0.030948242612099025,0.039703637458430086,0.8829318529462032,1.204965334882117,False,False
998,499,140,7,EZR:4:12,EZR,Ezra,R1,REVIEW_CANDIDATE,0.2334126735803924,0.2643609161924914,0.1937090361219623,WORK,-0.030948242612099025,0.039703637458430086,0.8829318529462032,1.204965334882117,False,False
999,500,141,18,1CH:25:31,1CH,1Chronicles,R0,REVIEW_CANDIDATE,0.2332854803502674,0.2568844066016262,0.1958660090019126,WORK,-0.023598926251358815,0.0374194713483548,0.9081340647976512,1.1910462746396666,False,False
1000,500,141,18,1CH:25:31,1CH,1Chronicles,R1,REVIEW_CANDIDATE,0.2332854803502674,0.2568844066016262,0.1958660090019126,WORK,-0.023598926251358815,0.0374194713483548,0.9081340647976512,1.1910462746396666,False,False
1001,501,142,40,GEN:32:22,GEN,Genesis,R0,REVIEW_CANDIDATE,0.2331217514872632,0.2785225450278982,0.1976616792286194,WORK,-0.045400793540635004,0.03546007225864378,0.8369941882583062,1.1793978094136799,False,False
1002,501,142,40,GEN:32:22,GEN,Genesis,R1,REVIEW_CANDIDATE,0.2331217514872632,0.2785225450278982,0.1976616792286194,WORK,-0.045400793540635004,0.03546007225864378,0.8369941882583062,1.1793978094136799,False,False
1003,502,143,41,GEN:30:42,GEN,Genesis,R0,REVIEW_CANDIDATE,0.2329026169486845,0.2785225450278982,0.1976616792286194,WORK,-0.045619928079213695,0.03524093772006509,0.8362074133903804,1.1782891750064752,False,False
1004,502,143,41,GEN:30:42,GEN,Genesis,R1,REVIEW_CANDIDATE,0.2329026169486845,0.2785225450278982,0.1976616792286194,WORK,-0.045619928079213695,0.03524093772006509,0.8362074133903804,1.1782891750064752,False,False
1005,503,144,42,GEN:31:12,GEN,Genesis,R0,REVIEW_CANDIDATE,0.2327002036881827,0.2785225450278982,0.1976616792286194,WORK,-0.045822341339715494,0.03503852445956329,0.83548067415826,1.1772651360461075,False,False
1006,503,144,42,GEN:31:12,GEN,Genesis,R1,REVIEW_CANDIDATE,0.2327002036881827,0.2785225450278982,0.1976616792286194,WORK,-0.045822341339715494,0.03503852445956329,0.83548067415826,1.1772651360461075,False,False
1007,504,145,17,LUK:1:39,LUK,Luke,R0,REVIEW_CANDIDATE,0.2326981898497564,0.2425750004264786,0.1904093970791806,WORK,-0.009876810576722184,0.04228879277057582,0.9592834770303722,1.2220940427272624,False,False
1008,504,145,17,LUK:1:39,LUK,Luke,R1,REVIEW_CANDIDATE,0.2326981898497564,0.2425750004264786,0.1904093970791806,WORK,-0.009876810576722184,0.04228879277057582,0.9592834770303722,1.2220940427272624,False,False
1009,505,146,18,LUK:3:20,LUK,Luke,R0,REVIEW_CANDIDATE,0.2326630679138154,0.2425750004264786,0.1904093970791806,WORK,-0.009911932512663174,0.04225367083463483,0.959138689084874,1.2219095878816522,False,False
1010,505,146,18,LUK:3:20,LUK,Luke,R1,REVIEW_CANDIDATE,0.2326630679138154,0.2425750004264786,0.1904093970791806,WORK,-0.009911932512663174,0.04225367083463483,0.959138689084874,1.2219095878816522,False,False
1011,506,147,19,1CH:18:14,1CH,1Chronicles,R0,REVIEW_CANDIDATE,0.2326407640261121,0.2568844066016262,0.1958660090019126,WORK,-0.02424364257551409,0.036774755024199524,0.9056243121323012,1.1877546553973048,False,False
1012,506,147,19,1CH:18:14,1CH,1Chronicles,R1,REVIEW_CANDIDATE,0.2326407640261121,0.2568844066016262,0.1958660090019126,WORK,-0.02424364257551409,0.036774755024199524,0.9056243121323012,1.1877546553973048,False,False
1013,507,148,2,2PE:2:3,2PE,2Peter,R0,REVIEW_CANDIDATE,0.2326180843243014,0.2335590167723484,0.1640285042271768,WORK,-0.0009409324480469938,0.0685895800971246,0.9959713289555242,1.4181564687203947,False,False
1014,507,148,2,2PE:2:3,2PE,2Peter,R1,REVIEW_CANDIDATE,0.2326180843243014,0.2335590167723484,0.1640285042271768,WORK,-0.0009409324480469938,0.0685895800971246,0.9959713289555242,1.4181564687203947,False,False
1015,508,149,25,JHN:15:17,JHN,John,R0,REVIEW_CANDIDATE,0.2325173670711429,0.2799187388240086,0.1962180196842647,WORK,-0.047401371752865684,0.036299347386878206,0.8306602410685051,1.184994973679215,False,False
1016,508,149,25,JHN:15:17,JHN,John,R1,REVIEW_CANDIDATE,0.2325173670711429,0.2799187388240086,0.1962180196842647,WORK,-0.047401371752865684,0.036299347386878206,0.8306602410685051,1.184994973679215,False,False
1017,509,150,12,JOS:3:6,JOS,Joshua,R0,REVIEW_CANDIDATE,0.2321522586732973,0.2547743068240014,0.2047369488266913,WORK,-0.022622048150704066,0.027415309846606006,0.911207497990245,1.1339050425617747,False,False
1018,509,150,12,JOS:3:6,JOS,Joshua,R1,REVIEW_CANDIDATE,0.2321522586732973,0.2547743068240014,0.2047369488266913,WORK,-0.022622048150704066,0.027415309846606006,0.911207497990245,1.1339050425617747,False,False
1019,510,151,10,MRK:1:31,MRK,Mark,R0,REVIEW_CANDIDATE,0.2320938461947759,0.2485395579355932,0.180716099125319,WORK,-0.016445711740817298,0.051377747069456914,0.933830606775767,1.2843008858542737,False,False
1020,510,151,10,MRK:1:31,MRK,Mark,R1,REVIEW_CANDIDATE,0.2320938461947759,0.2485395579355932,0.180716099125319,WORK,-0.016445711740817298,0.051377747069456914,0.933830606775767,1.2843008858542737,False,False
1021,511,152,13,JOS:4:13,JOS,Joshua,R0,REVIEW_CANDIDATE,0.2320482085670462,0.2547743068240014,0.2047369488266913,WORK,-0.02272609825695518,0.027311259740354893,0.9107990968938072,1.1333968289401135,False,False
1022,511,152,13,JOS:4:13,JOS,Joshua,R1,REVIEW_CANDIDATE,0.2320482085670462,0.2547743068240014,0.2047369488266913,WORK,-0.02272609825695518,0.027311259740354893,0.9107990968938072,1.1333968289401135,False,False
1023,512,153,43,GEN:41:6,GEN,Genesis,R0,REVIEW_CANDIDATE,0.2320338008859456,0.2785225450278982,0.1976616792286194,WORK,-0.04648874414195259,0.0343721216573262,0.833088039112611,1.1738937045939528,False,False
1024,512,153,43,GEN:41:6,GEN,Genesis,R1,REVIEW_CANDIDATE,0.2320338008859456,0.2785225450278982,0.1976616792286194,WORK,-0.04648874414195259,0.0343721216573262,0.833088039112611,1.1738937045939528,False,False
1025,513,154,20,1CH:3:9,1CH,1Chronicles,R0,REVIEW_CANDIDATE,0.2319700236783276,0.2568844066016262,0.1958660090019126,WORK,-0.02491438292329859,0.036104014676415025,0.9030132531090703,1.1843301696930093,False,False
1026,513,154,20,1CH:3:9,1CH,1Chronicles,R1,REVIEW_CANDIDATE,0.2319700236783276,0.2568844066016262,0.1958660090019126,WORK,-0.02491438292329859,0.036104014676415025,0.9030132531090703,1.1843301696930093,False,False
1027,514,155,25,JOB:5:7,JOB,Job,R0,REVIEW_CANDIDATE,0.2318947932145161,0.2593421210617336,0.1879247125578857,WORK,-0.027447327847217512,0.043970080656630384,0.894165561171284,1.2339771074178787,False,False
1028,514,155,25,JOB:5:7,JOB,Job,R1,REVIEW_CANDIDATE,0.2318947932145161,0.2593421210617336,0.1879247125578857,WORK,-0.027447327847217512,0.043970080656630384,0.894165561171284,1.2339771074178787,False,False
1029,515,156,13,PRO:5:1,PRO,Proverbs,R0,REVIEW_CANDIDATE,0.2318572950018238,0.2365615998472131,0.1658406971808283,WORK,-0.004704304845389279,0.0660165978209955,0.9801138272296619,1.3980723606643595,False,False
1030,515,156,13,PRO:5:1,PRO,Proverbs,R1,REVIEW_CANDIDATE,0.2318572950018238,0.2365615998472131,0.1658406971808283,WORK,-0.004704304845389279,0.0660165978209955,0.9801138272296619,1.3980723606643595,False,False
1031,516,157,44,GEN:32:20,GEN,Genesis,R0,REVIEW_CANDIDATE,0.231820426529713,0.2785225450278982,0.1976616792286194,WORK,-0.0467021184981852,0.034158747301093584,0.8323219454514632,1.1728142118108027,False,False
1032,516,157,44,GEN:32:20,GEN,Genesis,R1,REVIEW_CANDIDATE,0.231820426529713,0.2785225450278982,0.1976616792286194,WORK,-0.0467021184981852,0.034158747301093584,0.8323219454514632,1.1728142118108027,False,False
1033,517,158,21,1CH:25:24,1CH,1Chronicles,R0,REVIEW_CANDIDATE,0.2313559204766502,0.2568844066016262,0.1958660090019126,WORK,-0.02552848612497599,0.03548991147473762,0.9006226712524232,1.1811948466994653,False,False
1034,517,158,21,1CH:25:24,1CH,1Chronicles,R1,REVIEW_CANDIDATE,0.2313559204766502,0.2568844066016262,0.1958660090019126,WORK,-0.02552848612497599,0.03548991147473762,0.9006226712524232,1.1811948466994653,False,False
1035,518,159,26,MAT:15:34,MAT,Matthew,R0,REVIEW_CANDIDATE,0.2308340266933399,0.2574919331800241,0.1896752365333116,WORK,-0.026657906486684202,0.041158790160028325,0.8964709062631238,1.2169961187990919,False,False
1036,518,159,26,MAT:15:34,MAT,Matthew,R1,REVIEW_CANDIDATE,0.2308340266933399,0.2574919331800241,0.1896752365333116,WORK,-0.026657906486684202,0.041158790160028325,0.8964709062631238,1.2169961187990919,False,False
1037,519,160,26,JOB:15:31,JOB,Job,R0,REVIEW_CANDIDATE,0.2306310099284563,0.2593421210617336,0.1879247125578857,WORK,-0.02871111113327729,0.042706297370570606,0.8892925259663357,1.2272521627905428,False,False
1038,519,160,26,JOB:15:31,JOB,Job,R1,REVIEW_CANDIDATE,0.2306310099284563,0.2593421210617336,0.1879247125578857,WORK,-0.02871111113327729,0.042706297370570606,0.8892925259663357,1.2272521627905428,False,False
1039,520,161,26,JHN:2:18,JHN,John,R0,REVIEW_CANDIDATE,0.2305620176854538,0.2799187388240086,0.1962180196842647,WORK,-0.04935672113855477,0.03434399800118912,0.8236748231079074,1.1750297860331695,False,False
1040,520,161,26,JHN:2:18,JHN,John,R1,REVIEW_CANDIDATE,0.2305620176854538,0.2799187388240086,0.1962180196842647,WORK,-0.04935672113855477,0.03434399800118912,0.8236748231079074,1.1750297860331695,False,False
1041,521,162,27,JOB:34:4,JOB,Job,R0,REVIEW_CANDIDATE,0.2300922456168076,0.2593421210617336,0.1879247125578857,WORK,-0.029249875444925993,0.0421675330589219,0.8872150990160084,1.224385247075651,False,False
1042,521,162,27,JOB:34:4,JOB,Job,R1,REVIEW_CANDIDATE,0.2300922456168076,0.2593421210617336,0.1879247125578857,WORK,-0.029249875444925993,0.0421675330589219,0.8872150990160084,1.224385247075651,False,False
1043,522,163,45,GEN:48:8,GEN,Genesis,R0,REVIEW_CANDIDATE,0.229826479138806,0.2785225450278982,0.1976616792286194,WORK,-0.0486960658890922,0.03216479991018659,0.8251629293269076,1.1627265337201964,False,False
1044,522,163,45,GEN:48:8,GEN,Genesis,R1,REVIEW_CANDIDATE,0.229826479138806,0.2785225450278982,0.1976616792286194,WORK,-0.0486960658890922,0.03216479991018659,0.8251629293269076,1.1627265337201964,False,False
1045,523,164,14,JOS:6:6,JOS,Joshua,R0,REVIEW_CANDIDATE,0.2297886637560219,0.2547743068240014,0.2047369488266913,WORK,-0.024985643067979485,0.025051714929330587,0.9019302873219488,1.1223604975696728,False,False
1046,523,164,14,JOS:6:6,JOS,Joshua,R1,REVIEW_CANDIDATE,0.2297886637560219,0.2547743068240014,0.2047369488266913,WORK,-0.024985643067979485,0.025051714929330587,0.9019302873219488,1.1223604975696728,False,False
1047,524,165,6,EPH:1:8,EPH,Ephesians,R0,REVIEW_CANDIDATE,0.229392476580284,0.3000571320932129,0.2029310592154672,WORK,-0.07066465551292889,0.026461417364816803,0.7644959977455997,1.1303960934669972,False,False
1048,524,165,6,EPH:1:8,EPH,Ephesians,R1,REVIEW_CANDIDATE,0.229392476580284,0.3000571320932129,0.2029310592154672,WORK,-0.07066465551292889,0.026461417364816803,0.7644959977455997,1.1303960934669972,False,False
1049,525,166,38,PSA:105:8,PSA,Psalms,R0,REVIEW_CANDIDATE,0.2293924252221186,0.2517472342683223,0.1720894079000068,WORK,-0.022354809046203683,0.05730301732211182,0.9112013718395927,1.3329839879245093,False,False
1050,525,166,38,PSA:105:8,PSA,Psalms,R1,REVIEW_CANDIDATE,0.2293924252221186,0.2517472342683223,0.1720894079000068,WORK,-0.022354809046203683,0.05730301732211182,0.9112013718395927,1.3329839879245093,False,False
1051,526,167,8,1CO:7:2,1CO,1Corinthians,R0,REVIEW_CANDIDATE,0.2293098873419263,0.2749938527419566,0.1602659200966021,WORK,-0.04568396540003028,0.06904396724532422,0.8338727759020187,1.430808790812839,False,False
1052,526,167,8,1CO:7:2,1CO,1Corinthians,R1,REVIEW_CANDIDATE,0.2293098873419263,0.2749938527419566,0.1602659200966021,WORK,-0.04568396540003028,0.06904396724532422,0.8338727759020187,1.430808790812839,False,False
1053,527,168,27,JHN:6:42,JHN,John,R0,REVIEW_CANDIDATE,0.2292314843280921,0.2799187388240086,0.1962180196842647,WORK,-0.05068725449591649,0.0330134646438274,0.8189215387692043,1.1682488932308537,False,False
1054,527,168,27,JHN:6:42,JHN,John,R1,REVIEW_CANDIDATE,0.2292314843280921,0.2799187388240086,0.1962180196842647,WORK,-0.05068725449591649,0.0330134646438274,0.8189215387692043,1.1682488932308537,False,False
1055,528,169,28,JOB:3:22,JOB,Job,R0,REVIEW_CANDIDATE,0.2290009306228941,0.2593421210617336,0.1879247125578857,WORK,-0.03034119043883951,0.041076218065008385,0.8830070861045471,1.218578054508695,False,False
1056,528,169,28,JOB:3:22,JOB,Job,R1,REVIEW_CANDIDATE,0.2290009306228941,0.2593421210617336,0.1879247125578857,WORK,-0.03034119043883951,0.041076218065008385,0.8830070861045471,1.218578054508695,False,False
1057,529,170,19,LUK:15:13,LUK,Luke,R0,REVIEW_CANDIDATE,0.2289719163465624,0.2425750004264786,0.1904093970791806,WORK,-0.0136030840799162,0.0385625192673818,0.9439221516809226,1.2025242443856161,False,False
1058,529,170,19,LUK:15:13,LUK,Luke,R1,REVIEW_CANDIDATE,0.2289719163465624,0.2425750004264786,0.1904093970791806,WORK,-0.0136030840799162,0.0385625192673818,0.9439221516809226,1.2025242443856161,False,False
1059,530,171,8,NEH:7:25,NEH,Nehemiah,R0,REVIEW_CANDIDATE,0.2287848280472216,0.249097416043593,0.1712008590080952,WORK,-0.020312587996371395,0.05758396903912641,0.9184552440607548,1.3363532716643878,False,False
1060,530,171,8,NEH:7:25,NEH,Nehemiah,R1,REVIEW_CANDIDATE,0.2287848280472216,0.249097416043593,0.1712008590080952,WORK,-0.020312587996371395,0.05758396903912641,0.9184552440607548,1.3363532716643878,False,False
1061,531,172,5,2CO:4:14,2CO,2Corinthians,R0,REVIEW_CANDIDATE,0.2287200519082926,0.2574882529560191,0.1765156917175364,WORK,-0.028768201047726538,0.052204360190756194,0.8882737339763599,1.2957491182953556,False,False
1062,531,172,5,2CO:4:14,2CO,2Corinthians,R1,REVIEW_CANDIDATE,0.2287200519082926,0.2574882529560191,0.1765156917175364,WORK,-0.028768201047726538,0.052204360190756194,0.8882737339763599,1.2957491182953556,False,False
1063,532,173,13,ACT:16:16,ACT,Acts,R0,REVIEW_CANDIDATE,0.2286145439658263,0.2407747958049971,0.1622007514290091,WORK,-0.0121602518391708,0.0664137925368172,0.9494953290334452,1.4094542839765125,False,False
1064,532,173,13,ACT:16:16,ACT,Acts,R1,REVIEW_CANDIDATE,0.2286145439658263,0.2407747958049971,0.1622007514290091,WORK,-0.0121602518391708,0.0664137925368172,0.9494953290334452,1.4094542839765125,False,False
1065,533,174,28,JHN:18:28,JHN,John,R0,REVIEW_CANDIDATE,0.2286085071725736,0.2799187388240086,0.1962180196842647,WORK,-0.05131023165143497,0.03239048748830892,0.8166959744567337,1.1650739699668184,False,False
1066,533,174,28,JHN:18:28,JHN,John,R1,REVIEW_CANDIDATE,0.2286085071725736,0.2799187388240086,0.1962180196842647,WORK,-0.05131023165143497,0.03239048748830892,0.8166959744567337,1.1650739699668184,False,False
1067,534,175,29,JHN:10:19,JHN,John,R0,REVIEW_CANDIDATE,0.2284569260226533,0.2799187388240086,0.1962180196842647,WORK,-0.05146181280135528,0.03223890633838861,0.8161544560483658,1.1643014560551797,False,False
1068,534,175,29,JHN:10:19,JHN,John,R1,REVIEW_CANDIDATE,0.2284569260226533,0.2799187388240086,0.1962180196842647,WORK,-0.05146181280135528,0.03223890633838861,0.8161544560483658,1.1643014560551797,False,False
1069,535,176,30,JHN:4:3,JHN,John,R0,REVIEW_CANDIDATE,0.2283297201673259,0.2799187388240086,0.1962180196842647,WORK,-0.051589018656682695,0.032111700483061195,0.8157000175357395,1.1636531677097357,False,False
1070,535,176,30,JHN:4:3,JHN,John,R1,REVIEW_CANDIDATE,0.2283297201673259,0.2799187388240086,0.1962180196842647,WORK,-0.051589018656682695,0.032111700483061195,0.8157000175357395,1.1636531677097357,False,False
1071,536,177,20,LUK:24:51,LUK,Luke,R0,REVIEW_CANDIDATE,0.2282410639334219,0.2425750004264786,0.1904093970791806,WORK,-0.014333936493056698,0.0378316668542413,0.9409092591245769,1.1986859232504645,False,False
1072,536,177,20,LUK:24:51,LUK,Luke,R1,REVIEW_CANDIDATE,0.2282410639334219,0.2425750004264786,0.1904093970791806,WORK,-0.014333936493056698,0.0378316668542413,0.9409092591245769,1.1986859232504645,False,False
1073,537,178,46,GEN:28:7,GEN,Genesis,R0,REVIEW_CANDIDATE,0.2281887491431316,0.2785225450278982,0.1976616792286194,WORK,-0.05033379588476661,0.030527069914512178,0.8192828667434268,1.1544410127124538,False,False
1074,537,178,46,GEN:28:7,GEN,Genesis,R1,REVIEW_CANDIDATE,0.2281887491431316,0.2785225450278982,0.1976616792286194,WORK,-0.05033379588476661,0.030527069914512178,0.8192828667434268,1.1544410127124538,False,False
1075,538,179,29,JOB:16:1,JOB,Job,R0,REVIEW_CANDIDATE,0.2281837785616369,0.2593421210617336,0.1879247125578857,WORK,-0.031158342500096692,0.040259066003751204,0.8798562209156924,1.214229759650958,False,False
1076,539,180,30,JOB:23:1,JOB,Job,R0,REVIEW_CANDIDATE,0.2281837785616369,0.2593421210617336,0.1879247125578857,WORK,-0.031158342500096692,0.040259066003751204,0.8798562209156924,1.214229759650958,False,False
1077,540,181,31,JOB:9:1,JOB,Job,R0,REVIEW_CANDIDATE,0.2281837785616369,0.2593421210617336,0.1879247125578857,WORK,-0.031158342500096692,0.040259066003751204,0.8798562209156924,1.214229759650958,False,False
1078,538,179,29,JOB:16:1,JOB,Job,R1,REVIEW_CANDIDATE,0.2281837785616369,0.2593421210617336,0.1879247125578857,WORK,-0.031158342500096692,0.040259066003751204,0.8798562209156924,1.214229759650958,False,False
1079,539,180,30,JOB:23:1,JOB,Job,R1,REVIEW_CANDIDATE,0.2281837785616369,0.2593421210617336,0.1879247125578857,WORK,-0.031158342500096692,0.040259066003751204,0.8798562209156924,1.214229759650958,False,False
1080,540,181,31,JOB:9:1,JOB,Job,R1,REVIEW_CANDIDATE,0.2281837785616369,0.2593421210617336,0.1879247125578857,WORK,-0.031158342500096692,0.040259066003751204,0.8798562209156924,1.214229759650958,False,False
1081,541,182,3,AMO:6:7,AMO,Amos,R0,REVIEW_CANDIDATE,0.2280368344054765,0.2309942136095671,0.1634155251031349,WORK,-0.0029573792040905877,0.06462130930234161,0.9871971719209849,1.395441677047256,False,False
1082,541,182,3,AMO:6:7,AMO,Amos,R1,REVIEW_CANDIDATE,0.2280368344054765,0.2309942136095671,0.1634155251031349,WORK,-0.0029573792040905877,0.06462130930234161,0.9871971719209849,1.395441677047256,False,False
1083,542,183,21,LUK:17:30,LUK,Luke,R0,REVIEW_CANDIDATE,0.2277277995949904,0.2425750004264786,0.1904093970791806,WORK,-0.014847200831488189,0.03731840251580981,0.9387933595573127,1.195990340226177,False,False
1084,542,183,21,LUK:17:30,LUK,Luke,R1,REVIEW_CANDIDATE,0.2277277995949904,0.2425750004264786,0.1904093970791806,WORK,-0.014847200831488189,0.03731840251580981,0.9387933595573127,1.195990340226177,False,False
1085,543,184,22,1CH:27:28,1CH,1Chronicles,R0,REVIEW_CANDIDATE,0.2276998006695229,0.2568844066016262,0.1958660090019126,WORK,-0.029184605932103314,0.0318337916676103,0.8863901226306721,1.1625284133261706,False,False
1086,543,184,22,1CH:27:28,1CH,1Chronicles,R1,REVIEW_CANDIDATE,0.2276998006695229,0.2568844066016262,0.1958660090019126,WORK,-0.029184605932103314,0.0318337916676103,0.8863901226306721,1.1625284133261706,False,False
1087,544,185,19,1SA:17:29,1SA,1Samuel,R0,REVIEW_CANDIDATE,0.2274146200403768,0.2543100235259803,0.1939952732916444,WORK,-0.026895403485603514,0.0334193467487324,0.8942416696255157,1.1722688712033265,False,False
1088,544,185,19,1SA:17:29,1SA,1Samuel,R1,REVIEW_CANDIDATE,0.2274146200403768,0.2543100235259803,0.1939952732916444,WORK,-0.026895403485603514,0.0334193467487324,0.8942416696255157,1.1722688712033265,False,False
1089,545,186,47,GEN:10:16,GEN,Genesis,R0,REVIEW_CANDIDATE,0.2273935018225102,0.2785225450278982,0.1976616792286194,WORK,-0.051129043205388,0.02973182259389079,0.8164276317370766,1.150417737570176,False,False
1090,545,186,47,GEN:10:16,GEN,Genesis,R1,REVIEW_CANDIDATE,0.2273935018225102,0.2785225450278982,0.1976616792286194,WORK,-0.051129043205388,0.02973182259389079,0.8164276317370766,1.150417737570176,False,False
1091,546,187,27,MAT:27:3,MAT,Matthew,R0,REVIEW_CANDIDATE,0.2273849411310355,0.2574919331800241,0.1896752365333116,WORK,-0.030106992048988618,0.03770970459772391,0.8830759795960696,1.1988119550392713,False,False
1092,546,187,27,MAT:27:3,MAT,Matthew,R1,REVIEW_CANDIDATE,0.2273849411310355,0.2574919331800241,0.1896752365333116,WORK,-0.030106992048988618,0.03770970459772391,0.8830759795960696,1.1988119550392713,False,False
1093,547,188,14,PRO:7:18,PRO,Proverbs,R0,REVIEW_CANDIDATE,0.2272470846606817,0.2365615998472131,0.1658406971808283,WORK,-0.009314515186531397,0.061406387479853386,0.9606254134544773,1.3702733317196412,False,False
1094,547,188,14,PRO:7:18,PRO,Proverbs,R1,REVIEW_CANDIDATE,0.2272470846606817,0.2365615998472131,0.1658406971808283,WORK,-0.009314515186531397,0.061406387479853386,0.9606254134544773,1.3702733317196412,False,False
1095,548,189,39,PSA:119:49,PSA,Psalms,R0,REVIEW_CANDIDATE,0.2270977767232905,0.2517472342683223,0.1720894079000068,WORK,-0.024649457545031783,0.05500836882328372,0.9020864812411031,1.3196499394968373,False,False
1096,548,189,39,PSA:119:49,PSA,Psalms,R1,REVIEW_CANDIDATE,0.2270977767232905,0.2517472342683223,0.1720894079000068,WORK,-0.024649457545031783,0.05500836882328372,0.9020864812411031,1.3196499394968373,False,False
1097,549,190,3,1TH:4:7,1TH,1Thessalonians,R0,REVIEW_CANDIDATE,0.2270739763235615,0.3114588778178616,0.1777962178538115,WORK,-0.08438490149430009,0.049277758469749994,0.7290656728569874,1.2771586429935613,False,False
1098,549,190,3,1TH:4:7,1TH,1Thessalonians,R1,REVIEW_CANDIDATE,0.2270739763235615,0.3114588778178616,0.1777962178538115,WORK,-0.08438490149430009,0.049277758469749994,0.7290656728569874,1.2771586429935613,False,False
1099,550,191,48,GEN:41:29,GEN,Genesis,R0,REVIEW_CANDIDATE,0.2270721225495301,0.2785225450278982,0.1976616792286194,WORK,-0.05145042247836809,0.029410443320910695,0.8152737600713272,1.148791831758618,False,False
1100,550,191,48,GEN:41:29,GEN,Genesis,R1,REVIEW_CANDIDATE,0.2270721225495301,0.2785225450278982,0.1976616792286194,WORK,-0.05145042247836809,0.029410443320910695,0.8152737600713272,1.148791831758618,False,False
1101,551,192,20,1SA:30:3,1SA,1Samuel,R0,REVIEW_CANDIDATE,0.2270159357397515,0.2543100235259803,0.1939952732916444,WORK,-0.0272940877862288,0.03302066244810711,0.8926739598864437,1.1702137474167489,False,False
1102,551,192,20,1SA:30:3,1SA,1Samuel,R1,REVIEW_CANDIDATE,0.2270159357397515,0.2543100235259803,0.1939952732916444,WORK,-0.0272940877862288,0.03302066244810711,0.8926739598864437,1.1702137474167489,False,False
1103,552,193,11,MRK:14:43,MRK,Mark,R0,REVIEW_CANDIDATE,0.2269301759768553,0.2485395579355932,0.180716099125319,WORK,-0.021609381958737905,0.046214076851536307,0.9130545570361971,1.2557275033891075,False,False
1104,552,193,11,MRK:14:43,MRK,Mark,R1,REVIEW_CANDIDATE,0.2269301759768553,0.2485395579355932,0.180716099125319,WORK,-0.021609381958737905,0.046214076851536307,0.9130545570361971,1.2557275033891075,False,False
1105,553,194,23,1CH:3:14,1CH,1Chronicles,R0,REVIEW_CANDIDATE,0.2267412200905004,0.2568844066016262,0.1958660090019126,WORK,-0.030143186511125797,0.030875211088587817,0.8826585587272662,1.1576343503700346,False,False
1106,553,194,23,1CH:3:14,1CH,1Chronicles,R1,REVIEW_CANDIDATE,0.2267412200905004,0.2568844066016262,0.1958660090019126,WORK,-0.030143186511125797,0.030875211088587817,0.8826585587272662,1.1576343503700346,False,False
1107,554,195,28,MAT:27:27,MAT,Matthew,R0,REVIEW_CANDIDATE,0.2266435457301304,0.2574919331800241,0.1896752365333116,WORK,-0.03084838744989371,0.036968309196818816,0.8801966839546533,1.1949031928072817,False,False
1108,554,195,28,MAT:27:27,MAT,Matthew,R1,REVIEW_CANDIDATE,0.2266435457301304,0.2574919331800241,0.1896752365333116,WORK,-0.03084838744989371,0.036968309196818816,0.8801966839546533,1.1949031928072817,False,False
1109,555,196,12,MRK:10:46,MRK,Mark,R0,REVIEW_CANDIDATE,0.2266197869780465,0.2485395579355932,0.180716099125319,WORK,-0.021919770957546714,0.0459036878527275,0.9118057055399325,1.254009953041844,False,False
1110,555,196,12,MRK:10:46,MRK,Mark,R1,REVIEW_CANDIDATE,0.2266197869780465,0.2485395579355932,0.180716099125319,WORK,-0.021919770957546714,0.0459036878527275,0.9118057055399325,1.254009953041844,False,False
1111,556,197,15,JOS:9:22,JOS,Joshua,R0,REVIEW_CANDIDATE,0.2265798916344396,0.2547743068240014,0.2047369488266913,WORK,-0.028194415189561783,0.02184294280774829,0.8893357201476421,1.106687839849749,False,False
1112,556,197,15,JOS:9:22,JOS,Joshua,R1,REVIEW_CANDIDATE,0.2265798916344396,0.2547743068240014,0.2047369488266913,WORK,-0.028194415189561783,0.02184294280774829,0.8893357201476421,1.106687839849749,False,False
1113,557,198,32,JOB:34:7,JOB,Job,R0,REVIEW_CANDIDATE,0.2264242109007946,0.2593421210617336,0.1879247125578857,WORK,-0.03291791016093901,0.03849949834290889,0.8730714855489932,1.204866607583875,False,False
1114,557,198,32,JOB:34:7,JOB,Job,R1,REVIEW_CANDIDATE,0.2264242109007946,0.2593421210617336,0.1879247125578857,WORK,-0.03291791016093901,0.03849949834290889,0.8730714855489932,1.204866607583875,False,False
1115,558,199,14,ACT:21:17,ACT,Acts,R0,REVIEW_CANDIDATE,0.2261554704860272,0.2407747958049971,0.1622007514290091,WORK,-0.014619325318969922,0.06395471905701808,0.9392821608669951,1.3942936052611898,False,False
1116,558,199,14,ACT:21:17,ACT,Acts,R1,REVIEW_CANDIDATE,0.2261554704860272,0.2407747958049971,0.1622007514290091,WORK,-0.014619325318969922,0.06395471905701808,0.9392821608669951,1.3942936052611898,False,False
1117,559,200,15,ACT:2:40,ACT,Acts,R0,REVIEW_CANDIDATE,0.2261411870322531,0.2407747958049971,0.1622007514290091,WORK,-0.014633608772744,0.063940435603244,0.9392228379892564,1.3942055449183848,False,False
1118,559,200,15,ACT:2:40,ACT,Acts,R1,REVIEW_CANDIDATE,0.2261411870322531,0.2407747958049971,0.1622007514290091,WORK,-0.014633608772744,0.063940435603244,0.9392228379892564,1.3942055449183848,False,False
1119,560,201,15,PRO:25:25,PRO,Proverbs,R0,REVIEW_CANDIDATE,0.2261117745283097,0.2365615998472131,0.1658406971808283,WORK,-0.0104498253189034,0.06027107734748138,0.9558261978036479,1.3634275444570967,False,False
1120,560,201,15,PRO:25:25,PRO,Proverbs,R1,REVIEW_CANDIDATE,0.2261117745283097,0.2365615998472131,0.1658406971808283,WORK,-0.0104498253189034,0.06027107734748138,0.9558261978036479,1.3634275444570967,False,False
1121,561,202,16,ACT:13:22,ACT,Acts,R0,REVIEW_CANDIDATE,0.2260515883322991,0.2407747958049971,0.1622007514290091,WORK,-0.014723207472698008,0.06385083690328999,0.9388507114149012,1.3936531510535928,False,False
1122,561,202,16,ACT:13:22,ACT,Acts,R1,REVIEW_CANDIDATE,0.2260515883322991,0.2407747958049971,0.1622007514290091,WORK,-0.014723207472698008,0.06385083690328999,0.9388507114149012,1.3936531510535928,False,False
1123,562,203,6,2CO:11:14,2CO,2Corinthians,R0,REVIEW_CANDIDATE,0.2260350863313784,0.2574882529560191,0.1765156917175364,WORK,-0.03145316662464073,0.049519394613842,0.8778462074927621,1.280538201063075,False,False
1124,562,203,6,2CO:11:14,2CO,2Corinthians,R1,REVIEW_CANDIDATE,0.2260350863313784,0.2574882529560191,0.1765156917175364,WORK,-0.03145316662464073,0.049519394613842,0.8778462074927621,1.280538201063075,False,False
1125,563,204,33,JOB:19:1,JOB,Job,R0,REVIEW_CANDIDATE,0.2259761640789145,0.2593421210617336,0.1879247125578857,WORK,-0.033365956982819106,0.03805145152102879,0.8713438571173069,1.2024824250259687,False,False
1126,563,204,33,JOB:19:1,JOB,Job,R1,REVIEW_CANDIDATE,0.2259761640789145,0.2593421210617336,0.1879247125578857,WORK,-0.033365956982819106,0.03805145152102879,0.8713438571173069,1.2024824250259687,False,False
1127,564,205,11,DEU:33:26,DEU,Deuteronomy,R0,REVIEW_CANDIDATE,0.2259440256117824,0.2277736606676687,0.158268997269363,WORK,-0.0018296350558862917,0.0676750283424194,0.9919673106604024,1.4275949776015902,False,False
1128,564,205,11,DEU:33:26,DEU,Deuteronomy,R1,REVIEW_CANDIDATE,0.2259440256117824,0.2277736606676687,0.158268997269363,WORK,-0.0018296350558862917,0.0676750283424194,0.9919673106604024,1.4275949776015902,False,False
1129,565,206,49,GEN:5:6,GEN,Genesis,R0,REVIEW_CANDIDATE,0.2255753301714673,0.2785225450278982,0.1976616792286194,WORK,-0.05294721485643089,0.027913650942847895,0.8098997161930735,1.1412193352387865,False,False
1130,565,206,49,GEN:5:6,GEN,Genesis,R1,REVIEW_CANDIDATE,0.2255753301714673,0.2785225450278982,0.1976616792286194,WORK,-0.05294721485643089,0.027913650942847895,0.8098997161930735,1.1412193352387865,False,False
1131,566,207,16,JOS:16:7,JOS,Joshua,R0,REVIEW_CANDIDATE,0.2255720891437008,0.2547743068240014,0.2047369488266913,WORK,-0.02920221768030057,0.020835140317009504,0.885380052469445,1.1017654137976156,False,False
1132,566,207,16,JOS:16:7,JOS,Joshua,R1,REVIEW_CANDIDATE,0.2255720891437008,0.2547743068240014,0.2047369488266913,WORK,-0.02920221768030057,0.020835140317009504,0.885380052469445,1.1017654137976156,False,False
1133,567,208,17,JOS:24:29,JOS,Joshua,R0,REVIEW_CANDIDATE,0.2252429119118003,0.2547743068240014,0.2047369488266913,WORK,-0.02953139491220108,0.02050596308510899,0.8840880178211948,1.1001576081045692,False,False
1134,567,208,17,JOS:24:29,JOS,Joshua,R1,REVIEW_CANDIDATE,0.2252429119118003,0.2547743068240014,0.2047369488266913,WORK,-0.02953139491220108,0.02050596308510899,0.8840880178211948,1.1001576081045692,False,False
1135,568,209,18,JOS:7:22,JOS,Joshua,R0,REVIEW_CANDIDATE,0.2251219723190708,0.2547743068240014,0.2047369488266913,WORK,-0.029652334504930572,0.0203850234923795,0.8836133247713457,1.099566900890153,False,False
1136,568,209,18,JOS:7:22,JOS,Joshua,R1,REVIEW_CANDIDATE,0.2251219723190708,0.2547743068240014,0.2047369488266913,WORK,-0.029652334504930572,0.0203850234923795,0.8836133247713457,1.099566900890153,False,False
1137,569,210,21,1SA:29:8,1SA,1Samuel,R0,REVIEW_CANDIDATE,0.2247274626347293,0.2543100235259803,0.1939952732916444,WORK,-0.029582560891250997,0.030732189343084915,0.8836752068161056,1.1584172068815481,False,False
1138,569,210,21,1SA:29:8,1SA,1Samuel,R1,REVIEW_CANDIDATE,0.2247274626347293,0.2543100235259803,0.1939952732916444,WORK,-0.029582560891250997,0.030732189343084915,0.8836752068161056,1.1584172068815481,False,False
1139,570,211,7,ECC:7:6,ECC,Ecclesiastes,R0,REVIEW_CANDIDATE,0.224634876120386,0.2462926441161754,0.1879518236166134,WORK,-0.021657767995789418,0.0366830525037726,0.9120649011930152,1.1951726341245785,False,False
1140,570,211,7,ECC:7:6,ECC,Ecclesiastes,R1,REVIEW_CANDIDATE,0.224634876120386,0.2462926441161754,0.1879518236166134,WORK,-0.021657767995789418,0.0366830525037726,0.9120649011930152,1.1951726341245785,False,False
1141,571,212,22,1SA:27:7,1SA,1Samuel,R0,REVIEW_CANDIDATE,0.2243736127507205,0.2543100235259803,0.1939952732916444,WORK,-0.029936410775259797,0.030378339459076115,0.8822837953447734,1.1565931939661571,False,False
1142,571,212,22,1SA:27:7,1SA,1Samuel,R1,REVIEW_CANDIDATE,0.2243736127507205,0.2543100235259803,0.1939952732916444,WORK,-0.029936410775259797,0.030378339459076115,0.8822837953447734,1.1565931939661571,False,False
1143,572,213,50,GEN:8:4,GEN,Genesis,R0,REVIEW_CANDIDATE,0.2242675806817227,0.2785225450278982,0.1976616792286194,WORK,-0.054254964346175494,0.026605901453103292,0.8052044069152784,1.1346032349666035,False,False
1144,572,213,50,GEN:8:4,GEN,Genesis,R1,REVIEW_CANDIDATE,0.2242675806817227,0.2785225450278982,0.1976616792286194,WORK,-0.054254964346175494,0.026605901453103292,0.8052044069152784,1.1346032349666035,False,False
1145,573,214,16,2SA:5:9,2SA,2Samuel,R0,REVIEW_CANDIDATE,0.2242469255577239,0.2628056201398644,0.2042033708550034,WORK,-0.03855869458214051,0.020043554702720512,0.8532805555618648,1.0981548669779435,False,False
1146,573,214,16,2SA:5:9,2SA,2Samuel,R1,REVIEW_CANDIDATE,0.2242469255577239,0.2628056201398644,0.2042033708550034,WORK,-0.03855869458214051,0.020043554702720512,0.8532805555618648,1.0981548669779435,False,False
1147,574,215,17,2SA:20:26,2SA,2Samuel,R0,REVIEW_CANDIDATE,0.2242187644702802,0.2628056201398644,0.2042033708550034,WORK,-0.038586855669584225,0.020015393615276794,0.8531733999864676,1.0980169599134038,False,False
1148,574,215,17,2SA:20:26,2SA,2Samuel,R1,REVIEW_CANDIDATE,0.2242187644702802,0.2628056201398644,0.2042033708550034,WORK,-0.038586855669584225,0.020015393615276794,0.8531733999864676,1.0980169599134038,False,False
1149,575,216,34,JOB:9:2,JOB,Job,R0,REVIEW_CANDIDATE,0.22403332612461,0.2593421210617336,0.1879247125578857,WORK,-0.035308794937123605,0.03610861356672429,0.8638524479071461,1.1921440404257737,False,False
1150,575,216,34,JOB:9:2,JOB,Job,R1,REVIEW_CANDIDATE,0.22403332612461,0.2593421210617336,0.1879247125578857,WORK,-0.035308794937123605,0.03610861356672429,0.8638524479071461,1.1921440404257737,False,False
1151,576,217,5,LAM:5:20,LAM,Lamentations,R0,REVIEW_CANDIDATE,0.2240034818446364,0.2938539035754291,0.1679356922785318,WORK,-0.06985042173079273,0.05606778956610459,0.7622954097907265,1.3338646407168326,False,False
1152,576,217,5,LAM:5:20,LAM,Lamentations,R1,REVIEW_CANDIDATE,0.2240034818446364,0.2938539035754291,0.1679356922785318,WORK,-0.06985042173079273,0.05606778956610459,0.7622954097907265,1.3338646407168326,False,False
1153,577,218,31,JHN:12:8,JHN,John,R0,REVIEW_CANDIDATE,0.2239940992121426,0.2799187388240086,0.1962180196842647,WORK,-0.05592463961186597,0.027776079527877917,0.8002111618292654,1.1415572309442963,False,False
1154,577,218,31,JHN:12:8,JHN,John,R1,REVIEW_CANDIDATE,0.2239940992121426,0.2799187388240086,0.1962180196842647,WORK,-0.05592463961186597,0.027776079527877917,0.8002111618292654,1.1415572309442963,False,False
1155,578,219,7,EPH:5:16,EPH,Ephesians,R0,REVIEW_CANDIDATE,0.223909221912273,0.3000571320932129,0.2029310592154672,WORK,-0.07614791018093989,0.020978162696805802,0.7462219622985515,1.103375810375738,False,False
1156,578,219,7,EPH:5:16,EPH,Ephesians,R1,REVIEW_CANDIDATE,0.223909221912273,0.3000571320932129,0.2029310592154672,WORK,-0.07614791018093989,0.020978162696805802,0.7462219622985515,1.103375810375738,False,False
1157,579,220,29,MAT:27:11,MAT,Matthew,R0,REVIEW_CANDIDATE,0.223896158621666,0.2574919331800241,0.1896752365333116,WORK,-0.033595774558358105,0.03422092208835442,0.8695268851981091,1.1804185022452542,False,False
1158,579,220,29,MAT:27:11,MAT,Matthew,R1,REVIEW_CANDIDATE,0.223896158621666,0.2574919331800241,0.1896752365333116,WORK,-0.033595774558358105,0.03422092208835442,0.8695268851981091,1.1804185022452542,False,False
1159,580,221,22,LUK:6:3,LUK,Luke,R0,REVIEW_CANDIDATE,0.2238793076588198,0.2425750004264786,0.1904093970791806,WORK,-0.018695692767658784,0.03346991057963922,0.9229281964967977,1.1757786700291948,False,False
1160,580,221,22,LUK:6:3,LUK,Luke,R1,REVIEW_CANDIDATE,0.2238793076588198,0.2425750004264786,0.1904093970791806,WORK,-0.018695692767658784,0.03346991057963922,0.9229281964967977,1.1757786700291948,False,False
1161,581,222,18,2SA:3:31,2SA,2Samuel,R0,REVIEW_CANDIDATE,0.2238716908399893,0.2628056201398644,0.2042033708550034,WORK,-0.0389339292998751,0.019668319984985916,0.8518527523149826,1.0963173129935824,False,False
1162,581,222,18,2SA:3:31,2SA,2Samuel,R1,REVIEW_CANDIDATE,0.2238716908399893,0.2628056201398644,0.2042033708550034,WORK,-0.0389339292998751,0.019668319984985916,0.8518527523149826,1.0963173129935824,False,False
1163,582,223,24,1CH:23:6,1CH,1Chronicles,R0,REVIEW_CANDIDATE,0.2234650823259322,0.2568844066016262,0.1958660090019126,WORK,-0.033419324275693996,0.02759907332401962,0.8699052047658138,1.1409079271317062,False,False
1164,582,223,24,1CH:23:6,1CH,1Chronicles,R1,REVIEW_CANDIDATE,0.2234650823259322,0.2568844066016262,0.1958660090019126,WORK,-0.033419324275693996,0.02759907332401962,0.8699052047658138,1.1409079271317062,False,False
1165,583,224,19,2SA:21:22,2SA,2Samuel,R0,REVIEW_CANDIDATE,0.2233619839204772,0.2628056201398644,0.2042033708550034,WORK,-0.03944363621938721,0.019158613065473812,0.8499132697451621,1.0938212380395893,False,False
1166,583,224,19,2SA:21:22,2SA,2Samuel,R1,REVIEW_CANDIDATE,0.2233619839204772,0.2628056201398644,0.2042033708550034,WORK,-0.03944363621938721,0.019158613065473812,0.8499132697451621,1.0938212380395893,False,False
1167,584,225,16,PRO:8:1,PRO,Proverbs,R0,REVIEW_CANDIDATE,0.2232801594060639,0.2365615998472131,0.1658406971808283,WORK,-0.013281440441149178,0.057439462225235605,0.9438563129023172,1.3463532365798314,False,False
1168,584,225,16,PRO:8:1,PRO,Proverbs,R1,REVIEW_CANDIDATE,0.2232801594060639,0.2365615998472131,0.1658406971808283,WORK,-0.013281440441149178,0.057439462225235605,0.9438563129023172,1.3463532365798314,False,False
1169,585,226,25,1CH:16:17,1CH,1Chronicles,R0,REVIEW_CANDIDATE,0.2232428840535989,0.2568844066016262,0.1958660090019126,WORK,-0.0336415225480273,0.027376875051686317,0.869040231000871,1.1397734869423872,False,False
1170,585,226,25,1CH:16:17,1CH,1Chronicles,R1,REVIEW_CANDIDATE,0.2232428840535989,0.2568844066016262,0.1958660090019126,WORK,-0.0336415225480273,0.027376875051686317,0.869040231000871,1.1397734869423872,False,False
1171,586,227,26,1CH:18:7,1CH,1Chronicles,R0,REVIEW_CANDIDATE,0.2229838225577929,0.2568844066016262,0.1958660090019126,WORK,-0.03390058404383331,0.027117813555880305,0.8680317560247789,1.1384508404192557,False,False
1172,586,227,26,1CH:18:7,1CH,1Chronicles,R1,REVIEW_CANDIDATE,0.2229838225577929,0.2568844066016262,0.1958660090019126,WORK,-0.03390058404383331,0.027117813555880305,0.8680317560247789,1.1384508404192557,False,False
1173,587,228,23,1SA:18:1,1SA,1Samuel,R0,REVIEW_CANDIDATE,0.2228129462177642,0.2543100235259803,0.1939952732916444,WORK,-0.031497077308216104,0.02881767292611981,0.8761469293600282,1.148548325106852,False,False
1174,587,228,23,1SA:18:1,1SA,1Samuel,R1,REVIEW_CANDIDATE,0.2228129462177642,0.2543100235259803,0.1939952732916444,WORK,-0.031497077308216104,0.02881767292611981,0.8761469293600282,1.148548325106852,False,False
1175,588,229,3,PHP:3:15,PHP,Philippians,R0,REVIEW_CANDIDATE,0.2227001707675014,0.2439662099883969,0.171683262334117,WORK,-0.02126603922089551,0.05101690843338441,0.9128320302147296,1.2971571470613086,False,False
1176,588,229,3,PHP:3:15,PHP,Philippians,R1,REVIEW_CANDIDATE,0.2227001707675014,0.2439662099883969,0.171683262334117,WORK,-0.02126603922089551,0.05101690843338441,0.9128320302147296,1.2971571470613086,False,False
1177,589,230,40,PSA:89:14,PSA,Psalms,R0,REVIEW_CANDIDATE,0.2224460519651443,0.2517472342683223,0.1720894079000068,WORK,-0.02930118230317799,0.05035664406513751,0.8836087221043802,1.292619079114953,False,False
1178,589,230,40,PSA:89:14,PSA,Psalms,R1,REVIEW_CANDIDATE,0.2224460519651443,0.2517472342683223,0.1720894079000068,WORK,-0.02930118230317799,0.05035664406513751,0.8836087221043802,1.292619079114953,False,False
1179,590,231,13,LEV:11:20,LEV,Leviticus,R0,REVIEW_CANDIDATE,0.2222117555166727,0.2536937138059426,0.1520578598094974,WORK,-0.03148195828926989,0.07015389570717528,0.8759056430016579,1.4613631665937306,False,False
1180,590,231,13,LEV:11:20,LEV,Leviticus,R1,REVIEW_CANDIDATE,0.2222117555166727,0.2536937138059426,0.1520578598094974,WORK,-0.03148195828926989,0.07015389570717528,0.8759056430016579,1.4613631665937306,False,False
1181,591,232,13,MRK:10:35,MRK,Mark,R0,REVIEW_CANDIDATE,0.2222042968445863,0.2485395579355932,0.180716099125319,WORK,-0.026335261091006895,0.04148819771926732,0.8940399616473469,1.229576655981806,False,False
1182,591,232,13,MRK:10:35,MRK,Mark,R1,REVIEW_CANDIDATE,0.2222042968445863,0.2485395579355932,0.180716099125319,WORK,-0.026335261091006895,0.04148819771926732,0.8940399616473469,1.229576655981806,False,False
1183,592,233,20,2SA:11:25,2SA,2Samuel,R0,REVIEW_CANDIDATE,0.2218074806365876,0.2628056201398644,0.2042033708550034,WORK,-0.040998139503276826,0.017604109781584193,0.8439982391493084,1.0862087129506015,False,False
1184,592,233,20,2SA:11:25,2SA,2Samuel,R1,REVIEW_CANDIDATE,0.2218074806365876,0.2628056201398644,0.2042033708550034,WORK,-0.040998139503276826,0.017604109781584193,0.8439982391493084,1.0862087129506015,False,False
1185,593,234,30,MAT:26:34,MAT,Matthew,R0,REVIEW_CANDIDATE,0.2217007728840812,0.2574919331800241,0.1896752365333116,WORK,-0.035791160295942925,0.0320255363507696,0.8610008482443614,1.1688440564835945,False,False
1186,593,234,30,MAT:26:34,MAT,Matthew,R1,REVIEW_CANDIDATE,0.2217007728840812,0.2574919331800241,0.1896752365333116,WORK,-0.035791160295942925,0.0320255363507696,0.8610008482443614,1.1688440564835945,False,False
1187,594,235,51,GEN:41:27,GEN,Genesis,R0,REVIEW_CANDIDATE,0.2214719605892244,0.2785225450278982,0.1976616792286194,WORK,-0.05705058443867381,0.02381028136060498,0.7951670862659993,1.1204597747703313,False,False
1188,594,235,51,GEN:41:27,GEN,Genesis,R1,REVIEW_CANDIDATE,0.2214719605892244,0.2785225450278982,0.1976616792286194,WORK,-0.05705058443867381,0.02381028136060498,0.7951670862659993,1.1204597747703313,False,False
1189,595,236,23,LUK:11:3,LUK,Luke,R0,REVIEW_CANDIDATE,0.2214495818859194,0.2425750004264786,0.1904093970791806,WORK,-0.021125418540559188,0.031040184806738813,0.9129118066436445,1.1630181350442013,False,False
1190,595,236,23,LUK:11:3,LUK,Luke,R1,REVIEW_CANDIDATE,0.2214495818859194,0.2425750004264786,0.1904093970791806,WORK,-0.021125418540559188,0.031040184806738813,0.9129118066436445,1.1630181350442013,False,False
1191,596,237,8,EZR:2:20,EZR,Ezra,R0,REVIEW_CANDIDATE,0.2214069737849577,0.2643609161924914,0.1937090361219623,WORK,-0.042953942407533724,0.027697937662995387,0.837517803213175,1.1429873289212813,False,False
1192,596,237,8,EZR:2:20,EZR,Ezra,R1,REVIEW_CANDIDATE,0.2214069737849577,0.2643609161924914,0.1937090361219623,WORK,-0.042953942407533724,0.027697937662995387,0.837517803213175,1.1429873289212813,False,False
1193,597,238,41,PSA:105:17,PSA,Psalms,R0,REVIEW_CANDIDATE,0.2213853718954996,0.2517472342683223,0.1720894079000068,WORK,-0.030361862372822707,0.0492959639954928,0.8793954481324636,1.286455538414871,False,False
1194,597,238,41,PSA:105:17,PSA,Psalms,R1,REVIEW_CANDIDATE,0.2213853718954996,0.2517472342683223,0.1720894079000068,WORK,-0.030361862372822707,0.0492959639954928,0.8793954481324636,1.286455538414871,False,False
1195,598,239,24,1SA:20:42,1SA,1Samuel,R0,REVIEW_CANDIDATE,0.2212355460801748,0.2543100235259803,0.1939952732916444,WORK,-0.03307447744580552,0.02724027278853039,0.8699442633552875,1.140417198451936,False,False
1196,598,239,24,1SA:20:42,1SA,1Samuel,R1,REVIEW_CANDIDATE,0.2212355460801748,0.2543100235259803,0.1939952732916444,WORK,-0.03307447744580552,0.02724027278853039,0.8699442633552875,1.140417198451936,False,False
1197,599,240,52,GEN:45:6,GEN,Genesis,R0,REVIEW_CANDIDATE,0.2212017420260849,0.2785225450278982,0.1976616792286194,WORK,-0.0573208030018133,0.023540062797465483,0.7941969006635647,1.1190926986421004,False,False
1198,599,240,52,GEN:45:6,GEN,Genesis,R1,REVIEW_CANDIDATE,0.2212017420260849,0.2785225450278982,0.1976616792286194,WORK,-0.0573208030018133,0.023540062797465483,0.7941969006635647,1.1190926986421004,False,False
1199,600,241,32,JHN:3:7,JHN,John,R0,REVIEW_CANDIDATE,0.2210629811042855,0.2799187388240086,0.1962180196842647,WORK,-0.058855757719723095,0.024844961420020795,0.789739843902601,1.126619163010609,False,False
1200,600,241,32,JHN:3:7,JHN,John,R1,REVIEW_CANDIDATE,0.2210629811042855,0.2799187388240086,0.1962180196842647,WORK,-0.058855757719723095,0.024844961420020795,0.789739843902601,1.126619163010609,False,False
1201,601,242,9,NEH:7:28,NEH,Nehemiah,R0,REVIEW_CANDIDATE,0.2209881672347395,0.249097416043593,0.1712008590080952,WORK,-0.028109248808853515,0.04978730822664429,0.8871555985794156,1.290812257106082,False,False
1202,601,242,9,NEH:7:28,NEH,Nehemiah,R1,REVIEW_CANDIDATE,0.2209881672347395,0.249097416043593,0.1712008590080952,WORK,-0.028109248808853515,0.04978730822664429,0.8871555985794156,1.290812257106082,False,False
1203,602,243,9,EZR:2:18,EZR,Ezra,R0,REVIEW_CANDIDATE,0.2209770081626144,0.2643609161924914,0.1937090361219623,WORK,-0.043383908029877016,0.027267972040652094,0.835891369061955,1.1407676822235786,False,False
1204,602,243,9,EZR:2:18,EZR,Ezra,R1,REVIEW_CANDIDATE,0.2209770081626144,0.2643609161924914,0.1937090361219623,WORK,-0.043383908029877016,0.027267972040652094,0.835891369061955,1.1407676822235786,False,False
1205,603,244,42,PSA:104:21,PSA,Psalms,R0,REVIEW_CANDIDATE,0.2209463719209591,0.2517472342683223,0.1720894079000068,WORK,-0.030800862347363206,0.0488569640209523,0.8776516356301479,1.2839045390250912,False,False
1206,603,244,42,PSA:104:21,PSA,Psalms,R1,REVIEW_CANDIDATE,0.2209463719209591,0.2517472342683223,0.1720894079000068,WORK,-0.030800862347363206,0.0488569640209523,0.8776516356301479,1.2839045390250912,False,False
1207,604,245,25,1SA:30:18,1SA,1Samuel,R0,REVIEW_CANDIDATE,0.220805436357268,0.2543100235259803,0.1939952732916444,WORK,-0.033504587168712324,0.026810163065623588,0.8682529823080706,1.1382000840057496,False,False
1208,604,245,25,1SA:30:18,1SA,1Samuel,R1,REVIEW_CANDIDATE,0.220805436357268,0.2543100235259803,0.1939952732916444,WORK,-0.033504587168712324,0.026810163065623588,0.8682529823080706,1.1382000840057496,False,False
1209,605,246,14,ISA:33:12,ISA,Isaiah,R0,REVIEW_CANDIDATE,0.2203505155226859,0.2203930443072171,0.1556613590945488,WORK,-4.25287845312039e-05,0.06468915642813708,0.9998070320927556,1.4155762021122071,False,False
1210,605,246,14,ISA:33:12,ISA,Isaiah,R1,REVIEW_CANDIDATE,0.2203505155226859,0.2203930443072171,0.1556613590945488,WORK,-4.25287845312039e-05,0.06468915642813708,0.9998070320927556,1.4155762021122071,False,False
1211,606,247,31,MAT:9:33,MAT,Matthew,R0,REVIEW_CANDIDATE,0.2202941304829444,0.2574919331800241,0.1896752365333116,WORK,-0.0371978026970797,0.030618893949632825,0.8555379881703982,1.1614279992963414,False,False
1212,606,247,31,MAT:9:33,MAT,Matthew,R1,REVIEW_CANDIDATE,0.2202941304829444,0.2574919331800241,0.1896752365333116,WORK,-0.0371978026970797,0.030618893949632825,0.8555379881703982,1.1614279992963414,False,False
1213,607,248,17,ACT:18:16,ACT,Acts,R0,REVIEW_CANDIDATE,0.2202800764375826,0.2407747958049971,0.1622007514290091,WORK,-0.02049471936741451,0.05807932500857349,0.9148801297955906,1.3580706285074964,False,False
1214,607,248,17,ACT:18:16,ACT,Acts,R1,REVIEW_CANDIDATE,0.2202800764375826,0.2407747958049971,0.1622007514290091,WORK,-0.02049471936741451,0.05807932500857349,0.9148801297955906,1.3580706285074964,False,False
1215,608,249,15,ISA:60:8,ISA,Isaiah,R0,REVIEW_CANDIDATE,0.2202776098395193,0.2203930443072171,0.1556613590945488,WORK,-0.00011543446769779475,0.06461625074497049,0.9994762336168065,1.4151078412833498,False,False
1216,608,249,15,ISA:60:8,ISA,Isaiah,R1,REVIEW_CANDIDATE,0.2202776098395193,0.2203930443072171,0.1556613590945488,WORK,-0.00011543446769779475,0.06461625074497049,0.9994762336168065,1.4151078412833498,False,False
1217,609,250,21,2SA:12:6,2SA,2Samuel,R0,REVIEW_CANDIDATE,0.2200583949720675,0.2628056201398644,0.2042033708550034,WORK,-0.042747225167796915,0.015855024117064104,0.8373428043698344,1.0776433026089571,False,False
1218,609,250,21,2SA:12:6,2SA,2Samuel,R1,REVIEW_CANDIDATE,0.2200583949720675,0.2628056201398644,0.2042033708550034,WORK,-0.042747225167796915,0.015855024117064104,0.8373428043698344,1.0776433026089571,False,False
1219,610,251,3,1TI:2:13,1TI,1Timothy,R0,REVIEW_CANDIDATE,0.2199143707411696,0.2439872446320028,0.1381268719093453,WORK,-0.024072873890833207,0.08178749883182429,0.9013355229813695,1.5921186638143998,False,False
1220,610,251,3,1TI:2:13,1TI,1Timothy,R1,REVIEW_CANDIDATE,0.2199143707411696,0.2439872446320028,0.1381268719093453,WORK,-0.024072873890833207,0.08178749883182429,0.9013355229813695,1.5921186638143998,False,False
1221,611,252,6,ROM:14:14,ROM,Romans,R0,REVIEW_CANDIDATE,0.2197861940776103,0.2309266196192162,0.1560124813251275,WORK,-0.011140425541605908,0.06377371275248281,0.9517577247699907,1.4087731456535162,False,False
1222,611,252,6,ROM:14:14,ROM,Romans,R1,REVIEW_CANDIDATE,0.2197861940776103,0.2309266196192162,0.1560124813251275,WORK,-0.011140425541605908,0.06377371275248281,0.9517577247699907,1.4087731456535162,False,False
1223,612,253,27,1CH:25:18,1CH,1Chronicles,R0,REVIEW_CANDIDATE,0.2192405577749534,0.2568844066016262,0.1958660090019126,WORK,-0.03764384882667279,0.02337454877304082,0.8534599693119929,1.1193394856624284,False,False
1224,612,253,27,1CH:25:18,1CH,1Chronicles,R1,REVIEW_CANDIDATE,0.2192405577749534,0.2568844066016262,0.1958660090019126,WORK,-0.03764384882667279,0.02337454877304082,0.8534599693119929,1.1193394856624284,False,False
1225,613,254,43,PSA:9:14,PSA,Psalms,R0,REVIEW_CANDIDATE,0.2191945530016591,0.2517472342683223,0.1720894079000068,WORK,-0.03255268126666319,0.04710514510165231,0.8706929934651546,1.2737248368535439,False,False
1226,613,254,43,PSA:9:14,PSA,Psalms,R1,REVIEW_CANDIDATE,0.2191945530016591,0.2517472342683223,0.1720894079000068,WORK,-0.03255268126666319,0.04710514510165231,0.8706929934651546,1.2737248368535439,False,False
1227,614,255,26,1SA:18:4,1SA,1Samuel,R0,REVIEW_CANDIDATE,0.2191199391264147,0.2543100235259803,0.1939952732916444,WORK,-0.03519008439956561,0.0251246658347703,0.8616252560097357,1.1295117422629104,False,False
1228,614,255,26,1SA:18:4,1SA,1Samuel,R1,REVIEW_CANDIDATE,0.2191199391264147,0.2543100235259803,0.1939952732916444,WORK,-0.03519008439956561,0.0251246658347703,0.8616252560097357,1.1295117422629104,False,False
1229,615,256,24,LUK:15:24,LUK,Luke,R0,REVIEW_CANDIDATE,0.219108236008461,0.2425750004264786,0.1904093970791806,WORK,-0.023466764418017594,0.028698838929280407,0.9032597572843041,1.1507217572741233,False,False
1230,615,256,24,LUK:15:24,LUK,Luke,R1,REVIEW_CANDIDATE,0.219108236008461,0.2425750004264786,0.1904093970791806,WORK,-0.023466764418017594,0.028698838929280407,0.9032597572843041,1.1507217572741233,False,False
1231,616,257,8,ECC:6:11,ECC,Ecclesiastes,R0,REVIEW_CANDIDATE,0.2190990304625568,0.2462926441161754,0.1879518236166134,WORK,-0.02719361365361861,0.03114720684594341,0.8895882020707387,1.1657190988978,False,False
1232,616,257,8,ECC:6:11,ECC,Ecclesiastes,R1,REVIEW_CANDIDATE,0.2190990304625568,0.2462926441161754,0.1879518236166134,WORK,-0.02719361365361861,0.03114720684594341,0.8895882020707387,1.1657190988978,False,False
1233,617,258,25,LUK:5:27,LUK,Luke,R0,REVIEW_CANDIDATE,0.2189976323564306,0.2425750004264786,0.1904093970791806,WORK,-0.023577368070047983,0.028588235277250018,0.9028038007684391,1.1501408844089862,False,False
1234,617,258,25,LUK:5:27,LUK,Luke,R1,REVIEW_CANDIDATE,0.2189976323564306,0.2425750004264786,0.1904093970791806,WORK,-0.023577368070047983,0.028588235277250018,0.9028038007684391,1.1501408844089862,False,False
1235,618,259,32,MAT:6:14,MAT,Matthew,R0,REVIEW_CANDIDATE,0.2189538092545637,0.2574919331800241,0.1896752365333116,WORK,-0.03853812392546041,0.029278572721252116,0.8503326941177738,1.1543615985743616,False,False
1236,618,259,32,MAT:6:14,MAT,Matthew,R1,REVIEW_CANDIDATE,0.2189538092545637,0.2574919331800241,0.1896752365333116,WORK,-0.03853812392546041,0.029278572721252116,0.8503326941177738,1.1543615985743616,False,False
1237,619,260,28,1CH:5:2,1CH,1Chronicles,R0,REVIEW_CANDIDATE,0.2189213000472871,0.2568844066016262,0.1958660090019126,WORK,-0.0379631065543391,0.023055291045374515,0.8522171623550047,1.117709505405552,False,False
1238,619,260,28,1CH:5:2,1CH,1Chronicles,R1,REVIEW_CANDIDATE,0.2189213000472871,0.2568844066016262,0.1958660090019126,WORK,-0.0379631065543391,0.023055291045374515,0.8522171623550047,1.117709505405552,False,False
1239,620,261,35,JOB:24:5,JOB,Job,R0,REVIEW_CANDIDATE,0.2188218344353624,0.2593421210617336,0.1879247125578857,WORK,-0.040520286626371194,0.030897121877476702,0.8437574025365291,1.1644122343300622,False,False
1240,620,261,35,JOB:24:5,JOB,Job,R1,REVIEW_CANDIDATE,0.2188218344353624,0.2593421210617336,0.1879247125578857,WORK,-0.040520286626371194,0.030897121877476702,0.8437574025365291,1.1644122343300622,False,False
1241,621,262,14,MRK:12:17,MRK,Mark,R0,REVIEW_CANDIDATE,0.2187847868167646,0.2485395579355932,0.180716099125319,WORK,-0.0297547711188286,0.03806868769144561,0.8802815480723625,1.210654655980852,False,False
1242,621,262,14,MRK:12:17,MRK,Mark,R1,REVIEW_CANDIDATE,0.2187847868167646,0.2485395579355932,0.180716099125319,WORK,-0.0297547711188286,0.03806868769144561,0.8802815480723625,1.210654655980852,False,False
1243,622,263,33,MAT:6:13,MAT,Matthew,R0,REVIEW_CANDIDATE,0.2187763266032977,0.2574919331800241,0.1896752365333116,WORK,-0.0387156065767264,0.029101090069986124,0.8496434195099285,1.1534258799507298,False,False
1244,622,263,33,MAT:6:13,MAT,Matthew,R1,REVIEW_CANDIDATE,0.2187763266032977,0.2574919331800241,0.1896752365333116,WORK,-0.0387156065767264,0.029101090069986124,0.8496434195099285,1.1534258799507298,False,False
1245,623,264,16,ISA:32:13,ISA,Isaiah,R0,REVIEW_CANDIDATE,0.2187650933911863,0.2203930443072171,0.1556613590945488,WORK,-0.0016279509160307959,0.06310373429663749,0.9926134197150002,1.4053911302310307,False,False
1246,623,264,16,ISA:32:13,ISA,Isaiah,R1,REVIEW_CANDIDATE,0.2187650933911863,0.2203930443072171,0.1556613590945488,WORK,-0.0016279509160307959,0.06310373429663749,0.9926134197150002,1.4053911302310307,False,False
1247,624,265,17,ISA:27:4,ISA,Isaiah,R0,REVIEW_CANDIDATE,0.218631128399061,0.2203930443072171,0.1556613590945488,WORK,-0.0017619159081561087,0.06296976930451217,0.9920055738887109,1.4045305120730978,False,False
1248,624,265,17,ISA:27:4,ISA,Isaiah,R1,REVIEW_CANDIDATE,0.218631128399061,0.2203930443072171,0.1556613590945488,WORK,-0.0017619159081561087,0.06296976930451217,0.9920055738887109,1.4045305120730978,False,False
1249,625,266,22,2SA:22:51,2SA,2Samuel,R0,REVIEW_CANDIDATE,0.2183439015098293,0.2628056201398644,0.2042033708550034,WORK,-0.04446171863003512,0.0141405306548259,0.8308189961600794,1.0692472930080401,False,False
1250,625,266,22,2SA:22:51,2SA,2Samuel,R1,REVIEW_CANDIDATE,0.2183439015098293,0.2628056201398644,0.2042033708550034,WORK,-0.04446171863003512,0.0141405306548259,0.8308189961600794,1.0692472930080401,False,False
1251,626,267,3,SNG:2:2,SNG,SongofSolomon,R0,REVIEW_CANDIDATE,0.2183266157589372,0.2217445237246225,0.1631926633448978,WORK,-0.0034179079656853073,0.0551339524140394,0.984586280155762,1.3378457786274198,False,False
1252,626,267,3,SNG:2:2,SNG,SongofSolomon,R1,REVIEW_CANDIDATE,0.2183266157589372,0.2217445237246225,0.1631926633448978,WORK,-0.0034179079656853073,0.0551339524140394,0.984586280155762,1.3378457786274198,False,False
1253,627,268,19,JOS:6:16,JOS,Joshua,R0,REVIEW_CANDIDATE,0.2183050375704812,0.2547743068240014,0.2047369488266913,WORK,-0.036469269253520176,0.013568088743789897,0.8568565656869269,1.0662708359265196,False,False
1254,627,268,19,JOS:6:16,JOS,Joshua,R1,REVIEW_CANDIDATE,0.2183050375704812,0.2547743068240014,0.2047369488266913,WORK,-0.036469269253520176,0.013568088743789897,0.8568565656869269,1.0662708359265196,False,False
1255,628,269,14,LEV:11:5,LEV,Leviticus,R0,REVIEW_CANDIDATE,0.2182903923070578,0.2536937138059426,0.1520578598094974,WORK,-0.03540332149888478,0.06623253249756039,0.8604485662346141,1.4355745410368033,False,False
1256,628,269,14,LEV:11:5,LEV,Leviticus,R1,REVIEW_CANDIDATE,0.2182903923070578,0.2536937138059426,0.1520578598094974,WORK,-0.03540332149888478,0.06623253249756039,0.8604485662346141,1.4355745410368033,False,False
1257,629,270,44,PSA:119:169,PSA,Psalms,R0,REVIEW_CANDIDATE,0.2181909949759461,0.2517472342683223,0.1720894079000068,WORK,-0.033556239292376194,0.04610158707593931,0.8667066218625837,1.2678932285171602,False,False
1258,629,270,44,PSA:119:169,PSA,Psalms,R1,REVIEW_CANDIDATE,0.2181909949759461,0.2517472342683223,0.1720894079000068,WORK,-0.033556239292376194,0.04610158707593931,0.8667066218625837,1.2678932285171602,False,False
1259,630,271,7,2CO:1:10,2CO,2Corinthians,R0,REVIEW_CANDIDATE,0.218103567340508,0.2574882529560191,0.1765156917175364,WORK,-0.03938468561551112,0.041587875622971615,0.8470427867548649,1.2356044112470255,False,False
1260,630,271,7,2CO:1:10,2CO,2Corinthians,R1,REVIEW_CANDIDATE,0.218103567340508,0.2574882529560191,0.1765156917175364,WORK,-0.03938468561551112,0.041587875622971615,0.8470427867548649,1.2356044112470255,False,False
1261,631,272,33,JHN:10:31,JHN,John,R0,REVIEW_CANDIDATE,0.2179345864975431,0.2799187388240086,0.1962180196842647,WORK,-0.06198415232646548,0.02171656681327841,0.7785637625159624,1.1106757006732748,False,False
1262,631,272,33,JHN:10:31,JHN,John,R1,REVIEW_CANDIDATE,0.2179345864975431,0.2799187388240086,0.1962180196842647,WORK,-0.06198415232646548,0.02171656681327841,0.7785637625159624,1.1106757006732748,False,False
1263,632,273,53,GEN:42:25,GEN,Genesis,R0,REVIEW_CANDIDATE,0.217614259594684,0.2785225450278982,0.1976616792286194,WORK,-0.06090828543321419,0.019952580366064593,0.7813164983570241,1.1009430884323665,False,False
1264,632,273,53,GEN:42:25,GEN,Genesis,R1,REVIEW_CANDIDATE,0.217614259594684,0.2785225450278982,0.1976616792286194,WORK,-0.06090828543321419,0.019952580366064593,0.7813164983570241,1.1009430884323665,False,False
1265,633,274,45,PSA:90:17,PSA,Psalms,R0,REVIEW_CANDIDATE,0.2173464412915705,0.2517472342683223,0.1720894079000068,WORK,-0.034400792976751804,0.0452570333915637,0.8633518533908259,1.2629855837371495,False,False
1266,633,274,45,PSA:90:17,PSA,Psalms,R1,REVIEW_CANDIDATE,0.2173464412915705,0.2517472342683223,0.1720894079000068,WORK,-0.034400792976751804,0.0452570333915637,0.8633518533908259,1.2629855837371495,False,False
1267,634,275,26,LUK:3:3,LUK,Luke,R0,REVIEW_CANDIDATE,0.2173302854893254,0.2425750004264786,0.1904093970791806,WORK,-0.02524471493715319,0.02692088841014481,0.8959302694310226,1.1413842427059937,False,False
1268,634,275,26,LUK:3:3,LUK,Luke,R1,REVIEW_CANDIDATE,0.2173302854893254,0.2425750004264786,0.1904093970791806,WORK,-0.02524471493715319,0.02692088841014481,0.8959302694310226,1.1413842427059937,False,False
1269,635,276,34,JHN:6:67,JHN,John,R0,REVIEW_CANDIDATE,0.2173037084066635,0.2799187388240086,0.1962180196842647,WORK,-0.06261503041734509,0.0210856887223988,0.7763099723855479,1.1074605113043536,False,False
1270,635,276,34,JHN:6:67,JHN,John,R1,REVIEW_CANDIDATE,0.2173037084066635,0.2799187388240086,0.1962180196842647,WORK,-0.06261503041734509,0.0210856887223988,0.7763099723855479,1.1074605113043536,False,False
1271,636,277,29,1CH:28:14,1CH,1Chronicles,R0,REVIEW_CANDIDATE,0.2172924042160806,0.2568844066016262,0.1958660090019126,WORK,-0.03959200238554561,0.021426395214168004,0.8458761942411533,1.109393127083928,False,False
1272,636,277,29,1CH:28:14,1CH,1Chronicles,R1,REVIEW_CANDIDATE,0.2172924042160806,0.2568844066016262,0.1958660090019126,WORK,-0.03959200238554561,0.021426395214168004,0.8458761942411533,1.109393127083928,False,False
1273,637,278,17,PRO:24:30,PRO,Proverbs,R0,REVIEW_CANDIDATE,0.2172876509834824,0.2365615998472131,0.1658406971808283,WORK,-0.019273948863730683,0.0514469538026541,0.9185246089129467,1.3102191119382338,False,False
1274,637,278,17,PRO:24:30,PRO,Proverbs,R1,REVIEW_CANDIDATE,0.2172876509834824,0.2365615998472131,0.1658406971808283,WORK,-0.019273948863730683,0.0514469538026541,0.9185246089129467,1.3102191119382338,False,False
1275,638,279,18,PRO:12:19,PRO,Proverbs,R0,REVIEW_CANDIDATE,0.2171433463824942,0.2365615998472131,0.1658406971808283,WORK,-0.0194182534647189,0.051302649201665884,0.9179146003524643,1.309348972078469,False,False
1276,638,279,18,PRO:12:19,PRO,Proverbs,R1,REVIEW_CANDIDATE,0.2171433463824942,0.2365615998472131,0.1658406971808283,WORK,-0.0194182534647189,0.051302649201665884,0.9179146003524643,1.309348972078469,False,False
1277,639,280,27,1SA:14:10,1SA,1Samuel,R0,REVIEW_CANDIDATE,0.2171335570054084,0.2543100235259803,0.1939952732916444,WORK,-0.03717646652057191,0.023138283713764002,0.8538143876315832,1.1192724096889664,False,False
1278,639,280,27,1SA:14:10,1SA,1Samuel,R1,REVIEW_CANDIDATE,0.2171335570054084,0.2543100235259803,0.1939952732916444,WORK,-0.03717646652057191,0.023138283713764002,0.8538143876315832,1.1192724096889664,False,False
1279,640,281,15,MRK:15:18,MRK,Mark,R0,REVIEW_CANDIDATE,0.2171134354701075,0.2485395579355932,0.180716099125319,WORK,-0.031426122465485706,0.036397336344788506,0.8735568586082804,1.201406164259602,False,False
1280,640,281,15,MRK:15:18,MRK,Mark,R1,REVIEW_CANDIDATE,0.2171134354701075,0.2485395579355932,0.180716099125319,WORK,-0.031426122465485706,0.036397336344788506,0.8735568586082804,1.201406164259602,False,False
1281,641,282,34,MAT:22:17,MAT,Matthew,R0,REVIEW_CANDIDATE,0.2169926298966593,0.2574919331800241,0.1896752365333116,WORK,-0.04049930328336482,0.02731739336334771,0.8427162249970374,1.1440219285481166,False,False
1282,641,282,34,MAT:22:17,MAT,Matthew,R1,REVIEW_CANDIDATE,0.2169926298966593,0.2574919331800241,0.1896752365333116,WORK,-0.04049930328336482,0.02731739336334771,0.8427162249970374,1.1440219285481166,False,False
1283,642,283,23,2SA:13:21,2SA,2Samuel,R0,REVIEW_CANDIDATE,0.2169111385229872,0.2628056201398644,0.2042033708550034,WORK,-0.0458944816168772,0.012707767667983816,0.8253671987971479,1.0622309397478413,False,False
1284,642,283,23,2SA:13:21,2SA,2Samuel,R1,REVIEW_CANDIDATE,0.2169111385229872,0.2628056201398644,0.2042033708550034,WORK,-0.0458944816168772,0.012707767667983816,0.8253671987971479,1.0622309397478413,False,False
1285,643,284,28,1SA:30:19,1SA,1Samuel,R0,REVIEW_CANDIDATE,0.2167553326185053,0.2543100235259803,0.1939952732916444,WORK,-0.037554690907475013,0.0227600593268609,0.8523271305362511,1.1173227519448083,False,False
1286,643,284,28,1SA:30:19,1SA,1Samuel,R1,REVIEW_CANDIDATE,0.2167553326185053,0.2543100235259803,0.1939952732916444,WORK,-0.037554690907475013,0.0227600593268609,0.8523271305362511,1.1173227519448083,False,False
1287,644,285,36,JOB:5:19,JOB,Job,R0,REVIEW_CANDIDATE,0.2164987403923753,0.2593421210617336,0.1879247125578857,WORK,-0.042843380669358305,0.02857402783448959,0.8347997598926096,1.152050400639501,False,False
1288,644,285,36,JOB:5:19,JOB,Job,R1,REVIEW_CANDIDATE,0.2164987403923753,0.2593421210617336,0.1879247125578857,WORK,-0.042843380669358305,0.02857402783448959,0.8347997598926096,1.152050400639501,False,False
1289,645,286,3,JAS:2:13,JAS,James,R0,REVIEW_CANDIDATE,0.2163863589134956,0.229866855888857,0.1781802858365281,WORK,-0.013480496975361383,0.03820607307696752,0.9413551948442739,1.2144236827188601,False,False
1290,645,286,3,JAS:2:13,JAS,James,R1,REVIEW_CANDIDATE,0.2163863589134956,0.229866855888857,0.1781802858365281,WORK,-0.013480496975361383,0.03820607307696752,0.9413551948442739,1.2144236827188601,False,False
1291,646,287,27,LUK:2:41,LUK,Luke,R0,REVIEW_CANDIDATE,0.2163755418538803,0.2425750004264786,0.1904093970791806,WORK,-0.026199458572598283,0.025966144774699718,0.8919943995608113,1.13637008032698,False,False
1292,646,287,27,LUK:2:41,LUK,Luke,R1,REVIEW_CANDIDATE,0.2163755418538803,0.2425750004264786,0.1904093970791806,WORK,-0.026199458572598283,0.025966144774699718,0.8919943995608113,1.13637008032698,False,False
1293,647,288,3,1JN:5:12,1JN,1John,R0,REVIEW_CANDIDATE,0.2163287703189994,0.2177941649094253,0.2009684727039759,WORK,-0.0014653945904258836,0.015360297615023527,0.9932716535769666,1.0764313795510059,False,False
1294,647,288,3,1JN:5:12,1JN,1John,R1,REVIEW_CANDIDATE,0.2163287703189994,0.2177941649094253,0.2009684727039759,WORK,-0.0014653945904258836,0.015360297615023527,0.9932716535769666,1.0764313795510059,False,False
1295,648,289,18,ISA:37:35,ISA,Isaiah,R0,REVIEW_CANDIDATE,0.2163170299387374,0.2203930443072171,0.1556613590945488,WORK,-0.004076014368479708,0.060655670844188575,0.9815057032253798,1.38966427633043,False,False
1296,648,289,18,ISA:37:35,ISA,Isaiah,R1,REVIEW_CANDIDATE,0.2163170299387374,0.2203930443072171,0.1556613590945488,WORK,-0.004076014368479708,0.060655670844188575,0.9815057032253798,1.38966427633043,False,False
1297,649,290,30,1CH:2:33,1CH,1Chronicles,R0,REVIEW_CANDIDATE,0.216044093922134,0.2568844066016262,0.1958660090019126,WORK,-0.0408403126794922,0.020178084920221412,0.8410167700726695,1.1030198400582327,False,False
1298,649,290,30,1CH:2:33,1CH,1Chronicles,R1,REVIEW_CANDIDATE,0.216044093922134,0.2568844066016262,0.1958660090019126,WORK,-0.0408403126794922,0.020178084920221412,0.8410167700726695,1.1030198400582327,False,False
1299,650,291,19,ISA:2:15,ISA,Isaiah,R0,REVIEW_CANDIDATE,0.2160321342846262,0.2203930443072171,0.1556613590945488,WORK,-0.004360910022590897,0.060370775190077386,0.9802130324198798,1.3878340491258858,False,False
1300,650,291,19,ISA:2:15,ISA,Isaiah,R1,REVIEW_CANDIDATE,0.2160321342846262,0.2203930443072171,0.1556613590945488,WORK,-0.004360910022590897,0.060370775190077386,0.9802130324198798,1.3878340491258858,False,False
1301,651,292,46,PSA:49:9,PSA,Psalms,R0,REVIEW_CANDIDATE,0.2159903643198238,0.2517472342683223,0.1720894079000068,WORK,-0.0357568699484985,0.043900956419817005,0.8579651925375776,1.2551055114637029,False,False
1302,651,292,46,PSA:49:9,PSA,Psalms,R1,REVIEW_CANDIDATE,0.2159903643198238,0.2517472342683223,0.1720894079000068,WORK,-0.0357568699484985,0.043900956419817005,0.8579651925375776,1.2551055114637029,False,False
1303,652,293,47,PSA:90:14,PSA,Psalms,R0,REVIEW_CANDIDATE,0.2159705029063433,0.2517472342683223,0.1720894079000068,WORK,-0.03577673136197901,0.043881095006336496,0.857886298270722,1.2549900981229116,False,False
1304,652,293,47,PSA:90:14,PSA,Psalms,R1,REVIEW_CANDIDATE,0.2159705029063433,0.2517472342683223,0.1720894079000068,WORK,-0.03577673136197901,0.043881095006336496,0.857886298270722,1.2549900981229116,False,False
1305,653,294,7,ROM:14:13,ROM,Romans,R0,REVIEW_CANDIDATE,0.2158637742296482,0.2309266196192162,0.1560124813251275,WORK,-0.015062845389568008,0.05985129290452071,0.9347721565646884,1.3836314402293979,False,False
1306,653,294,7,ROM:14:13,ROM,Romans,R1,REVIEW_CANDIDATE,0.2158637742296482,0.2309266196192162,0.1560124813251275,WORK,-0.015062845389568008,0.05985129290452071,0.9347721565646884,1.3836314402293979,False,False
1307,654,295,54,GEN:30:25,GEN,Genesis,R0,REVIEW_CANDIDATE,0.215751199205639,0.2785225450278982,0.1976616792286194,WORK,-0.06277134582225918,0.018089519977019602,0.7746274154719802,1.0915175872612966,False,False
1308,654,295,54,GEN:30:25,GEN,Genesis,R1,REVIEW_CANDIDATE,0.215751199205639,0.2785225450278982,0.1976616792286194,WORK,-0.06277134582225918,0.018089519977019602,0.7746274154719802,1.0915175872612966,False,False
1309,655,296,55,GEN:41:49,GEN,Genesis,R0,REVIEW_CANDIDATE,0.2156876958482992,0.2785225450278982,0.1976616792286194,WORK,-0.062834849179599,0.018026016619679786,0.7743994146926054,1.0911963142781487,False,False
1310,655,296,55,GEN:41:49,GEN,Genesis,R1,REVIEW_CANDIDATE,0.2156876958482992,0.2785225450278982,0.1976616792286194,WORK,-0.062834849179599,0.018026016619679786,0.7743994146926054,1.0911963142781487,False,False
1311,656,297,12,DEU:16:18,DEU,Deuteronomy,R0,REVIEW_CANDIDATE,0.2156167948546576,0.2277736606676687,0.158268997269363,WORK,-0.012156865813011092,0.057347797585294596,0.9466274292761687,1.3623438486041115,False,False
1312,656,297,12,DEU:16:18,DEU,Deuteronomy,R1,REVIEW_CANDIDATE,0.2156167948546576,0.2277736606676687,0.158268997269363,WORK,-0.012156865813011092,0.057347797585294596,0.9466274292761687,1.3623438486041115,False,False
1313,657,298,48,PSA:104:26,PSA,Psalms,R0,REVIEW_CANDIDATE,0.2154772512158509,0.2517472342683223,0.1720894079000068,WORK,-0.036269983052471394,0.04338784331584411,0.8559269850257286,1.25212384565269,False,False
1314,657,298,48,PSA:104:26,PSA,Psalms,R1,REVIEW_CANDIDATE,0.2154772512158509,0.2517472342683223,0.1720894079000068,WORK,-0.036269983052471394,0.04338784331584411,0.8559269850257286,1.25212384565269,False,False
1315,658,299,49,PSA:75:9,PSA,Psalms,R0,REVIEW_CANDIDATE,0.2154333738380102,0.2517472342683223,0.1720894079000068,WORK,-0.036313860430312095,0.04334396593800341,0.855752693625991,1.251868877154767,False,False
1316,658,299,49,PSA:75:9,PSA,Psalms,R1,REVIEW_CANDIDATE,0.2154333738380102,0.2517472342683223,0.1720894079000068,WORK,-0.036313860430312095,0.04334396593800341,0.855752693625991,1.251868877154767,False,False
1317,659,300,4,AMO:2:5,AMO,Amos,R0,REVIEW_CANDIDATE,0.2153680462756881,0.2309942136095671,0.1634155251031349,WORK,-0.015626167333879004,0.051952521172553195,0.9323525594442345,1.3179166798244224,False,False
1318,659,300,4,AMO:2:5,AMO,Amos,R1,REVIEW_CANDIDATE,0.2153680462756881,0.2309942136095671,0.1634155251031349,WORK,-0.015626167333879004,0.051952521172553195,0.9323525594442345,1.3179166798244224,False,False
1319,660,301,31,1CH:7:6,1CH,1Chronicles,R0,REVIEW_CANDIDATE,0.2153019959813661,0.2568844066016262,0.1958660090019126,WORK,-0.04158241062026011,0.019435986979453507,0.8381279301053657,1.099231035943882,False,False
1320,660,301,31,1CH:7:6,1CH,1Chronicles,R1,REVIEW_CANDIDATE,0.2153019959813661,0.2568844066016262,0.1958660090019126,WORK,-0.04158241062026011,0.019435986979453507,0.8381279301053657,1.099231035943882,False,False
1321,661,302,32,1CH:27:32,1CH,1Chronicles,R0,REVIEW_CANDIDATE,0.2150310805867852,0.2568844066016262,0.1958660090019126,WORK,-0.041853326014841014,0.0191650715848726,0.8370733102544962,1.0978478689719229,False,False
1322,661,302,32,1CH:27:32,1CH,1Chronicles,R1,REVIEW_CANDIDATE,0.2150310805867852,0.2568844066016262,0.1958660090019126,WORK,-0.041853326014841014,0.0191650715848726,0.8370733102544962,1.0978478689719229,False,False
1323,662,303,20,JOS:15:63,JOS,Joshua,R0,REVIEW_CANDIDATE,0.2148251439589881,0.2547743068240014,0.2047369488266913,WORK,-0.039949162865013266,0.010088195132296807,0.8431978351231066,1.0492739351158173,False,False
1324,662,303,20,JOS:15:63,JOS,Joshua,R1,REVIEW_CANDIDATE,0.2148251439589881,0.2547743068240014,0.2047369488266913,WORK,-0.039949162865013266,0.010088195132296807,0.8431978351231066,1.0492739351158173,False,False
1325,663,304,10,EZR:10:17,EZR,Ezra,R0,REVIEW_CANDIDATE,0.2147663129530993,0.2643609161924914,0.1937090361219623,WORK,-0.049594603239392104,0.021057276831137006,0.8123981261916934,1.10870570239108,False,False
1326,663,304,10,EZR:10:17,EZR,Ezra,R1,REVIEW_CANDIDATE,0.2147663129530993,0.2643609161924914,0.1937090361219623,WORK,-0.049594603239392104,0.021057276831137006,0.8123981261916934,1.10870570239108,False,False
1327,664,305,21,JOS:6:1,JOS,Joshua,R0,REVIEW_CANDIDATE,0.2145999798192023,0.2547743068240014,0.2047369488266913,WORK,-0.04017432700479906,0.009863030992511013,0.8423140562892334,1.0481741622556855,False,False
1328,664,305,21,JOS:6:1,JOS,Joshua,R1,REVIEW_CANDIDATE,0.2145999798192023,0.2547743068240014,0.2047369488266913,WORK,-0.04017432700479906,0.009863030992511013,0.8423140562892334,1.0481741622556855,False,False
1329,665,306,20,ISA:42:2,ISA,Isaiah,R0,REVIEW_CANDIDATE,0.2145967748848788,0.2203930443072171,0.1556613590945488,WORK,-0.005796269422338296,0.05893541579032999,0.9737003069195842,1.3786130105322578,False,False
1330,665,306,20,ISA:42:2,ISA,Isaiah,R1,REVIEW_CANDIDATE,0.2145967748848788,0.2203930443072171,0.1556613590945488,WORK,-0.005796269422338296,0.05893541579032999,0.9737003069195842,1.3786130105322578,False,False
1331,666,307,13,DEU:29:5,DEU,Deuteronomy,R0,REVIEW_CANDIDATE,0.2145654538974974,0.2277736606676687,0.158268997269363,WORK,-0.013208206770171288,0.0562964566281344,0.9420117026198098,1.3557011012859435,False,False
1332,666,307,13,DEU:29:5,DEU,Deuteronomy,R1,REVIEW_CANDIDATE,0.2145654538974974,0.2277736606676687,0.158268997269363,WORK,-0.013208206770171288,0.0562964566281344,0.9420117026198098,1.3557011012859435,False,False
1333,667,308,56,GEN:31:38,GEN,Genesis,R0,REVIEW_CANDIDATE,0.2145467892048064,0.2785225450278982,0.1976616792286194,WORK,-0.06397575582309178,0.016885109976187,0.7703031335697308,1.0854242969202814,False,False
1334,667,308,56,GEN:31:38,GEN,Genesis,R1,REVIEW_CANDIDATE,0.2145467892048064,0.2785225450278982,0.1976616792286194,WORK,-0.06397575582309178,0.016885109976187,0.7703031335697308,1.0854242969202814,False,False
1335,668,309,8,ROM:11:26,ROM,Romans,R0,REVIEW_CANDIDATE,0.214541892430174,0.2309266196192162,0.1560124813251275,WORK,-0.016384727189042214,0.0585294111050465,0.9290479061441266,1.3751585168565594,False,False
1336,668,309,8,ROM:11:26,ROM,Romans,R1,REVIEW_CANDIDATE,0.214541892430174,0.2309266196192162,0.1560124813251275,WORK,-0.016384727189042214,0.0585294111050465,0.9290479061441266,1.3751585168565594,False,False
1337,669,310,18,ACT:24:17,ACT,Acts,R0,REVIEW_CANDIDATE,0.2144725693242901,0.2407747958049971,0.1622007514290091,WORK,-0.026302226480707014,0.052271817895280986,0.890760050723876,1.322266188255971,False,False
1338,669,310,18,ACT:24:17,ACT,Acts,R1,REVIEW_CANDIDATE,0.2144725693242901,0.2407747958049971,0.1622007514290091,WORK,-0.026302226480707014,0.052271817895280986,0.890760050723876,1.322266188255971,False,False
1339,670,311,35,MAT:13:4,MAT,Matthew,R0,REVIEW_CANDIDATE,0.2142981249943527,0.2574919331800241,0.1896752365333116,WORK,-0.04319380818567142,0.024622888461041104,0.8322518004652492,1.1298160419413354,False,False
1340,670,311,35,MAT:13:4,MAT,Matthew,R1,REVIEW_CANDIDATE,0.2142981249943527,0.2574919331800241,0.1896752365333116,WORK,-0.04319380818567142,0.024622888461041104,0.8322518004652492,1.1298160419413354,False,False
1341,671,312,37,JOB:27:1,JOB,Job,R0,REVIEW_CANDIDATE,0.2142279494342498,0.2593421210617336,0.1879247125578857,WORK,-0.045114171627483796,0.0263032368763641,0.8260437932612387,1.1399668863043333,False,False
1342,671,312,37,JOB:27:1,JOB,Job,R1,REVIEW_CANDIDATE,0.2142279494342498,0.2593421210617336,0.1879247125578857,WORK,-0.045114171627483796,0.0263032368763641,0.8260437932612387,1.1399668863043333,False,False
1343,672,313,19,ACT:7:14,ACT,Acts,R0,REVIEW_CANDIDATE,0.2142079164011788,0.2407747958049971,0.1622007514290091,WORK,-0.0265668794038183,0.0520071649721697,0.8896608786854304,1.3206345501730419,False,False
1344,672,313,19,ACT:7:14,ACT,Acts,R1,REVIEW_CANDIDATE,0.2142079164011788,0.2407747958049971,0.1622007514290091,WORK,-0.0265668794038183,0.0520071649721697,0.8896608786854304,1.3206345501730419,False,False
1345,673,314,5,HEB:12:24,HEB,Hebrews,R0,REVIEW_CANDIDATE,0.2141558751726747,0.214279535005857,0.1704570020425162,WORK,-0.00012365983318229912,0.043698873130158494,0.9994229041369773,1.2563630276640612,False,False
1346,673,314,5,HEB:12:24,HEB,Hebrews,R1,REVIEW_CANDIDATE,0.2141558751726747,0.214279535005857,0.1704570020425162,WORK,-0.00012365983318229912,0.043698873130158494,0.9994229041369773,1.2563630276640612,False,False
1347,674,315,57,GEN:8:7,GEN,Genesis,R0,REVIEW_CANDIDATE,0.2139313091164052,0.2785225450278982,0.1976616792286194,WORK,-0.06459123591149299,0.016269629887785797,0.7680933300928181,1.082310491094068,False,False
1348,674,315,57,GEN:8:7,GEN,Genesis,R1,REVIEW_CANDIDATE,0.2139313091164052,0.2785225450278982,0.1976616792286194,WORK,-0.06459123591149299,0.016269629887785797,0.7680933300928181,1.082310491094068,False,False
1349,675,316,22,JOS:1:16,JOS,Joshua,R0,REVIEW_CANDIDATE,0.2139217862007186,0.2547743068240014,0.2047369488266913,WORK,-0.04085252062328276,0.00918483737402731,0.839652117466053,1.0448616501645838,False,False
1350,675,316,22,JOS:1:16,JOS,Joshua,R1,REVIEW_CANDIDATE,0.2139217862007186,0.2547743068240014,0.2047369488266913,WORK,-0.04085252062328276,0.00918483737402731,0.839652117466053,1.0448616501645838,False,False
1351,676,317,36,MAT:12:3,MAT,Matthew,R0,REVIEW_CANDIDATE,0.2138911377995294,0.2574919331800241,0.1896752365333116,WORK,-0.04360079538049472,0.02421590126621781,0.8306712181541958,1.1276703364593665,False,False
1352,676,317,36,MAT:12:3,MAT,Matthew,R1,REVIEW_CANDIDATE,0.2138911377995294,0.2574919331800241,0.1896752365333116,WORK,-0.04360079538049472,0.02421590126621781,0.8306712181541958,1.1276703364593665,False,False
1353,677,318,23,JOS:6:8,JOS,Joshua,R0,REVIEW_CANDIDATE,0.2137858835805087,0.2547743068240014,0.2047369488266913,WORK,-0.040988423243492667,0.009048934753817406,0.8391186938963686,1.0441978587923437,False,False
1354,677,318,23,JOS:6:8,JOS,Joshua,R1,REVIEW_CANDIDATE,0.2137858835805087,0.2547743068240014,0.2047369488266913,WORK,-0.040988423243492667,0.009048934753817406,0.8391186938963686,1.0441978587923437,False,False
1355,678,319,33,1CH:3:15,1CH,1Chronicles,R0,REVIEW_CANDIDATE,0.2135597246432673,0.2568844066016262,0.1958660090019126,WORK,-0.043324681958358896,0.017693715641354718,0.8313456136496974,1.0903358154460683,False,False
1356,678,319,33,1CH:3:15,1CH,1Chronicles,R1,REVIEW_CANDIDATE,0.2135597246432673,0.2568844066016262,0.1958660090019126,WORK,-0.043324681958358896,0.017693715641354718,0.8313456136496974,1.0903358154460683,False,False
1357,679,320,19,PRO:8:3,PRO,Proverbs,R0,REVIEW_CANDIDATE,0.213298795361755,0.2365615998472131,0.1658406971808283,WORK,-0.02326280448545809,0.047458098180926694,0.9016628036820739,1.2861667792506903,False,False
1358,679,320,19,PRO:8:3,PRO,Proverbs,R1,REVIEW_CANDIDATE,0.213298795361755,0.2365615998472131,0.1658406971808283,WORK,-0.02326280448545809,0.047458098180926694,0.9016628036820739,1.2861667792506903,False,False
1359,680,321,24,JOS:9:3,JOS,Joshua,R0,REVIEW_CANDIDATE,0.2132868763185,0.2547743068240014,0.2047369488266913,WORK,-0.04148743050550138,0.00854992749180869,0.8371600691502971,1.0417605495285864,False,False
1360,680,321,24,JOS:9:3,JOS,Joshua,R1,REVIEW_CANDIDATE,0.2132868763185,0.2547743068240014,0.2047369488266913,WORK,-0.04148743050550138,0.00854992749180869,0.8371600691502971,1.0417605495285864,False,False
1361,681,322,9,ROM:15:31,ROM,Romans,R0,REVIEW_CANDIDATE,0.2132636598735948,0.2309266196192162,0.1560124813251275,WORK,-0.017662959745621404,0.05725117854846731,0.9235126735291647,1.3669653739379786,False,False
1362,681,322,9,ROM:15:31,ROM,Romans,R1,REVIEW_CANDIDATE,0.2132636598735948,0.2309266196192162,0.1560124813251275,WORK,-0.017662959745621404,0.05725117854846731,0.9235126735291647,1.3669653739379786,False,False
1363,682,323,35,JHN:19:40,JHN,John,R0,REVIEW_CANDIDATE,0.2132618323900442,0.2799187388240086,0.1962180196842647,WORK,-0.06665690643396438,0.01704381270577951,0.7618705102988009,1.0868616079868954,False,False
1364,682,323,35,JHN:19:40,JHN,John,R1,REVIEW_CANDIDATE,0.2132618323900442,0.2799187388240086,0.1962180196842647,WORK,-0.06665690643396438,0.01704381270577951,0.7618705102988009,1.0868616079868954,False,False
1365,683,324,50,PSA:115:16,PSA,Psalms,R0,REVIEW_CANDIDATE,0.2132441920969421,0.2517472342683223,0.1720894079000068,WORK,-0.0385030421713802,0.0411547841969353,0.8470567421195893,1.239147688978327,False,False
1366,683,324,50,PSA:115:16,PSA,Psalms,R1,REVIEW_CANDIDATE,0.2132441920969421,0.2517472342683223,0.1720894079000068,WORK,-0.0385030421713802,0.0411547841969353,0.8470567421195893,1.239147688978327,False,False
1367,684,325,58,GEN:37:23,GEN,Genesis,R0,REVIEW_CANDIDATE,0.2130031452194014,0.2785225450278982,0.1976616792286194,WORK,-0.0655193998084968,0.015341465990781983,0.7647608749161255,1.077614771111186,False,False
1368,684,325,58,GEN:37:23,GEN,Genesis,R1,REVIEW_CANDIDATE,0.2130031452194014,0.2785225450278982,0.1976616792286194,WORK,-0.0655193998084968,0.015341465990781983,0.7647608749161255,1.077614771111186,False,False
1369,685,326,51,PSA:89:3,PSA,Psalms,R0,REVIEW_CANDIDATE,0.2129739885465129,0.2517472342683223,0.1720894079000068,WORK,-0.0387732457218094,0.0408845806465061,0.8459834292340891,1.2375775542807506,False,False
1370,685,326,51,PSA:89:3,PSA,Psalms,R1,REVIEW_CANDIDATE,0.2129739885465129,0.2517472342683223,0.1720894079000068,WORK,-0.0387732457218094,0.0408845806465061,0.8459834292340891,1.2375775542807506,False,False
1371,686,327,36,JHN:19:3,JHN,John,R0,REVIEW_CANDIDATE,0.2129051671929759,0.2799187388240086,0.1962180196842647,WORK,-0.06701357163103269,0.016687147508711198,0.7605963362346896,1.0850439095021067,False,False
1372,686,327,36,JHN:19:3,JHN,John,R1,REVIEW_CANDIDATE,0.2129051671929759,0.2799187388240086,0.1962180196842647,WORK,-0.06701357163103269,0.016687147508711198,0.7605963362346896,1.0850439095021067,False,False
1373,687,328,34,1CH:2:15,1CH,1Chronicles,R0,REVIEW_CANDIDATE,0.2127639743443211,0.2568844066016262,0.1958660090019126,WORK,-0.04412043225730511,0.016897965342408505,0.8282479157026972,1.0862730875485573,False,False
1374,687,328,34,1CH:2:15,1CH,1Chronicles,R1,REVIEW_CANDIDATE,0.2127639743443211,0.2568844066016262,0.1958660090019126,WORK,-0.04412043225730511,0.016897965342408505,0.8282479157026972,1.0862730875485573,False,False
1375,688,329,14,DEU:1:19,DEU,Deuteronomy,R0,REVIEW_CANDIDATE,0.2126990917710518,0.2277736606676687,0.158268997269363,WORK,-0.015074568896616874,0.054430094501688814,0.9338177695681359,1.3439087593955783,False,False
1376,688,329,14,DEU:1:19,DEU,Deuteronomy,R1,REVIEW_CANDIDATE,0.2126990917710518,0.2277736606676687,0.158268997269363,WORK,-0.015074568896616874,0.054430094501688814,0.9338177695681359,1.3439087593955783,False,False
1377,689,330,10,1KI:17:7,1KI,1Kings,R0,REVIEW_CANDIDATE,0.212555519515161,0.2134238491198039,0.1471697863256086,WORK,-0.0008683296046428923,0.0653857331895524,0.9959314312424594,1.4442877496940065,False,False
1378,689,330,10,1KI:17:7,1KI,1Kings,R1,REVIEW_CANDIDATE,0.212555519515161,0.2134238491198039,0.1471697863256086,WORK,-0.0008683296046428923,0.0653857331895524,0.9959314312424594,1.4442877496940065,False,False
1379,690,331,10,2CH:19:8,2CH,2Chronicles,R0,REVIEW_CANDIDATE,0.2125091249351,0.2156992211395015,0.1608023572188025,WORK,-0.003190096204401499,0.05170676771629748,0.9852104417088352,1.3215547869484305,False,False
1380,690,331,10,2CH:19:8,2CH,2Chronicles,R1,REVIEW_CANDIDATE,0.2125091249351,0.2156992211395015,0.1608023572188025,WORK,-0.003190096204401499,0.05170676771629748,0.9852104417088352,1.3215547869484305,False,False
1381,691,332,29,1SA:23:5,1SA,1Samuel,R0,REVIEW_CANDIDATE,0.2123314770744439,0.2543100235259803,0.1939952732916444,WORK,-0.041978546451536425,0.018336203782799487,0.8349316087918655,1.0945188172457871,False,False
1382,691,332,29,1SA:23:5,1SA,1Samuel,R1,REVIEW_CANDIDATE,0.2123314770744439,0.2543100235259803,0.1939952732916444,WORK,-0.041978546451536425,0.018336203782799487,0.8349316087918655,1.0945188172457871,False,False
1383,692,333,59,GEN:41:46,GEN,Genesis,R0,REVIEW_CANDIDATE,0.2122848867103313,0.2785225450278982,0.1976616792286194,WORK,-0.0662376583175669,0.014623207481711892,0.7621820585082899,1.0739809938819673,False,False
1384,692,333,59,GEN:41:46,GEN,Genesis,R1,REVIEW_CANDIDATE,0.2122848867103313,0.2785225450278982,0.1976616792286194,WORK,-0.0662376583175669,0.014623207481711892,0.7621820585082899,1.0739809938819673,False,False
1385,693,334,25,JOS:6:12,JOS,Joshua,R0,REVIEW_CANDIDATE,0.2122813642020766,0.2547743068240014,0.2047369488266913,WORK,-0.04249294262192477,0.007544415375385305,0.8332133912887889,1.0368493103888718,False,False
1386,693,334,25,JOS:6:12,JOS,Joshua,R1,REVIEW_CANDIDATE,0.2122813642020766,0.2547743068240014,0.2047369488266913,WORK,-0.04249294262192477,0.007544415375385305,0.8332133912887889,1.0368493103888718,False,False
1387,694,335,11,2CH:35:19,2CH,2Chronicles,R0,REVIEW_CANDIDATE,0.2121961083226746,0.2156992211395015,0.1608023572188025,WORK,-0.0035031128168268866,0.05139375110387209,0.9837592699764025,1.3196081947601117,False,False
1388,694,335,11,2CH:35:19,2CH,2Chronicles,R1,REVIEW_CANDIDATE,0.2121961083226746,0.2156992211395015,0.1608023572188025,WORK,-0.0035031128168268866,0.05139375110387209,0.9837592699764025,1.3196081947601117,False,False
1389,695,336,9,1CO:15:2,1CO,1Corinthians,R0,REVIEW_CANDIDATE,0.2120852790295846,0.2749938527419566,0.1602659200966021,WORK,-0.06290857371237199,0.05181935893298251,0.7712364364326249,1.3233336126716635,False,False
1390,695,336,9,1CO:15:2,1CO,1Corinthians,R1,REVIEW_CANDIDATE,0.2120852790295846,0.2749938527419566,0.1602659200966021,WORK,-0.06290857371237199,0.05181935893298251,0.7712364364326249,1.3233336126716635,False,False
1391,696,337,10,ROM:8:37,ROM,Romans,R0,REVIEW_CANDIDATE,0.211876424590963,0.2309266196192162,0.1560124813251275,WORK,-0.019050195028253197,0.05586394326583552,0.9175054176964709,1.3580735514962803,False,False
1392,696,337,10,ROM:8:37,ROM,Romans,R1,REVIEW_CANDIDATE,0.211876424590963,0.2309266196192162,0.1560124813251275,WORK,-0.019050195028253197,0.05586394326583552,0.9175054176964709,1.3580735514962803,False,False
1393,697,338,37,JHN:19:14,JHN,John,R0,REVIEW_CANDIDATE,0.2117781904335411,0.2799187388240086,0.1962180196842647,WORK,-0.06814054839046749,0.015560170749276403,0.7565702507922879,1.0793004168236655,False,False
1394,697,338,37,JHN:19:14,JHN,John,R1,REVIEW_CANDIDATE,0.2117781904335411,0.2799187388240086,0.1962180196842647,WORK,-0.06814054839046749,0.015560170749276403,0.7565702507922879,1.0793004168236655,False,False
1395,698,339,26,JOS:18:20,JOS,Joshua,R0,REVIEW_CANDIDATE,0.2117769516001012,0.2547743068240014,0.2047369488266913,WORK,-0.04299735522390016,0.007040002773409909,0.8312335503532433,1.03438559973544,False,False
1396,698,339,26,JOS:18:20,JOS,Joshua,R1,REVIEW_CANDIDATE,0.2117769516001012,0.2547743068240014,0.2047369488266913,WORK,-0.04299735522390016,0.007040002773409909,0.8312335503532433,1.03438559973544,False,False
1397,699,340,27,JOS:4:1,JOS,Joshua,R0,REVIEW_CANDIDATE,0.211771740116906,0.2547743068240014,0.2047369488266913,WORK,-0.043002566707095374,0.007034791290214698,0.8312130950598499,1.0343601452035394,False,False
1398,699,340,27,JOS:4:1,JOS,Joshua,R1,REVIEW_CANDIDATE,0.211771740116906,0.2547743068240014,0.2047369488266913,WORK,-0.043002566707095374,0.007034791290214698,0.8312130950598499,1.0343601452035394,False,False
1399,700,341,35,1CH:6:47,1CH,1Chronicles,R0,REVIEW_CANDIDATE,0.2116665297357168,0.2568844066016262,0.1958660090019126,WORK,-0.04521787686590939,0.015800520733804224,0.8239757816984477,1.080670049970998,False,False
1400,700,341,35,1CH:6:47,1CH,1Chronicles,R1,REVIEW_CANDIDATE,0.2116665297357168,0.2568844066016262,0.1958660090019126,WORK,-0.04521787686590939,0.015800520733804224,0.8239757816984477,1.080670049970998,False,False
1401,701,342,60,GEN:41:5,GEN,Genesis,R0,REVIEW_CANDIDATE,0.2116636289012344,0.2785225450278982,0.1976616792286194,WORK,-0.06685891612666378,0.014001949672615005,0.7599515108553713,1.0708379577025655,False,False
1402,701,342,60,GEN:41:5,GEN,Genesis,R1,REVIEW_CANDIDATE,0.2116636289012344,0.2785225450278982,0.1976616792286194,WORK,-0.06685891612666378,0.014001949672615005,0.7599515108553713,1.0708379577025655,False,False
1403,702,343,52,PSA:111:8,PSA,Psalms,R0,REVIEW_CANDIDATE,0.2116477420333304,0.2517472342683223,0.1720894079000068,WORK,-0.0400994922349919,0.0395583341333236,0.8407152620701595,1.2298708248000314,False,False
1404,702,343,52,PSA:111:8,PSA,Psalms,R1,REVIEW_CANDIDATE,0.2116477420333304,0.2517472342683223,0.1720894079000068,WORK,-0.0400994922349919,0.0395583341333236,0.8407152620701595,1.2298708248000314,False,False
1405,703,344,28,JOS:7:7,JOS,Joshua,R0,REVIEW_CANDIDATE,0.2114780594640251,0.2547743068240014,0.2047369488266913,WORK,-0.04329624735997628,0.0067411106373337915,0.8300603859953374,1.032925716027155,False,False
1406,703,344,28,JOS:7:7,JOS,Joshua,R1,REVIEW_CANDIDATE,0.2114780594640251,0.2547743068240014,0.2047369488266913,WORK,-0.04329624735997628,0.0067411106373337915,0.8300603859953374,1.032925716027155,False,False
1407,704,345,5,AMO:3:4,AMO,Amos,R0,REVIEW_CANDIDATE,0.2114239445612982,0.2309942136095671,0.1634155251031349,WORK,-0.01957026904826889,0.04800841945816331,0.9152780983451512,1.2937812636092207,False,False
1408,704,345,5,AMO:3:4,AMO,Amos,R1,REVIEW_CANDIDATE,0.2114239445612982,0.2309942136095671,0.1634155251031349,WORK,-0.01957026904826889,0.04800841945816331,0.9152780983451512,1.2937812636092207,False,False
1409,705,346,36,1CH:12:15,1CH,1Chronicles,R0,REVIEW_CANDIDATE,0.2114225515580271,0.2568844066016262,0.1958660090019126,WORK,-0.04546185504359909,0.015556542556114522,0.8230260230855473,1.0794244117975704,False,False
1410,705,346,36,1CH:12:15,1CH,1Chronicles,R1,REVIEW_CANDIDATE,0.2114225515580271,0.2568844066016262,0.1958660090019126,WORK,-0.04546185504359909,0.015556542556114522,0.8230260230855473,1.0794244117975704,False,False
1411,706,347,37,MAT:1:16,MAT,Matthew,R0,REVIEW_CANDIDATE,0.2113474989465511,0.2574919331800241,0.1896752365333116,WORK,-0.046144434233473,0.021672262413239524,0.8207926995475568,1.1142598412388607,False,False
1412,706,347,37,MAT:1:16,MAT,Matthew,R1,REVIEW_CANDIDATE,0.2113474989465511,0.2574919331800241,0.1896752365333116,WORK,-0.046144434233473,0.021672262413239524,0.8207926995475568,1.1142598412388607,False,False
1413,707,348,10,1CO:9:20,1CO,1Corinthians,R0,REVIEW_CANDIDATE,0.2113407336179861,0.2749938527419566,0.1602659200966021,WORK,-0.06365311912397048,0.051074813521384016,0.7685289380497532,1.3186879249849133,False,False
1414,707,348,10,1CO:9:20,1CO,1Corinthians,R1,REVIEW_CANDIDATE,0.2113407336179861,0.2749938527419566,0.1602659200966021,WORK,-0.06365311912397048,0.051074813521384016,0.7685289380497532,1.3186879249849133,False,False
1415,708,349,53,PSA:97:10,PSA,Psalms,R0,REVIEW_CANDIDATE,0.2113014924228478,0.2517472342683223,0.1720894079000068,WORK,-0.0404457418454745,0.039212084522841,0.8393398761141272,1.2278587915511066,False,False
1416,708,349,53,PSA:97:10,PSA,Psalms,R1,REVIEW_CANDIDATE,0.2113014924228478,0.2517472342683223,0.1720894079000068,WORK,-0.0404457418454745,0.039212084522841,0.8393398761141272,1.2278587915511066,False,False
1417,709,350,30,1SA:8:2,1SA,1Samuel,R0,REVIEW_CANDIDATE,0.2112916293782017,0.2543100235259803,0.1939952732916444,WORK,-0.04301839414777861,0.017296356086557302,0.8308427109897859,1.0891586469766956,False,False
1418,709,350,30,1SA:8:2,1SA,1Samuel,R1,REVIEW_CANDIDATE,0.2112916293782017,0.2543100235259803,0.1939952732916444,WORK,-0.04301839414777861,0.017296356086557302,0.8308427109897859,1.0891586469766956,False,False
1419,710,351,54,PSA:80:1,PSA,Psalms,R0,REVIEW_CANDIDATE,0.2112772106072312,0.2517472342683223,0.1720894079000068,WORK,-0.04047002366109109,0.03918780270722441,0.8392434229567085,1.2277176915501657,False,False
1420,710,351,54,PSA:80:1,PSA,Psalms,R1,REVIEW_CANDIDATE,0.2112772106072312,0.2517472342683223,0.1720894079000068,WORK,-0.04047002366109109,0.03918780270722441,0.8392434229567085,1.2277176915501657,False,False
1421,711,352,31,1SA:25:9,1SA,1Samuel,R0,REVIEW_CANDIDATE,0.2112588698086072,0.2543100235259803,0.1939952732916444,WORK,-0.043051153717373114,0.017263596516962798,0.830713893536426,1.088989779101522,False,False
1422,711,352,31,1SA:25:9,1SA,1Samuel,R1,REVIEW_CANDIDATE,0.2112588698086072,0.2543100235259803,0.1939952732916444,WORK,-0.043051153717373114,0.017263596516962798,0.830713893536426,1.088989779101522,False,False
1423,712,353,5,DAN:3:8,DAN,Daniel,R0,REVIEW_CANDIDATE,0.2112034179641232,0.2230599517621362,0.1564706148641274,WORK,-0.011856533798012991,0.054732803099995814,0.9468459770373464,1.3497960505077808,False,False
1424,712,353,5,DAN:3:8,DAN,Daniel,R1,REVIEW_CANDIDATE,0.2112034179641232,0.2230599517621362,0.1564706148641274,WORK,-0.011856533798012991,0.054732803099995814,0.9468459770373464,1.3497960505077808,False,False
1425,713,354,11,EZR:1:9,EZR,Ezra,R0,REVIEW_CANDIDATE,0.2111926545137186,0.2643609161924914,0.1937090361219623,WORK,-0.05316826167877281,0.0174836183917563,0.7988800218862195,1.0902571131516463,False,False
1426,713,354,11,EZR:1:9,EZR,Ezra,R1,REVIEW_CANDIDATE,0.2111926545137186,0.2643609161924914,0.1937090361219623,WORK,-0.05316826167877281,0.0174836183917563,0.7988800218862195,1.0902571131516463,False,False
1427,714,355,37,1CH:25:25,1CH,1Chronicles,R0,REVIEW_CANDIDATE,0.2111612572420077,0.2568844066016262,0.1958660090019126,WORK,-0.04572314935961849,0.015295248240095122,0.8220088561836083,1.0780903655414031,False,False
1428,714,355,37,1CH:25:25,1CH,1Chronicles,R1,REVIEW_CANDIDATE,0.2111612572420077,0.2568844066016262,0.1958660090019126,WORK,-0.04572314935961849,0.015295248240095122,0.8220088561836083,1.0780903655414031,False,False
1429,715,356,20,PRO:28:5,PRO,Proverbs,R0,REVIEW_CANDIDATE,0.2110588553994603,0.2365615998472131,0.1658406971808283,WORK,-0.0255027444477528,0.04521815821863198,0.8921940650375034,1.2726602033596572,False,False
1430,715,356,20,PRO:28:5,PRO,Proverbs,R1,REVIEW_CANDIDATE,0.2110588553994603,0.2365615998472131,0.1658406971808283,WORK,-0.0255027444477528,0.04521815821863198,0.8921940650375034,1.2726602033596572,False,False
1431,716,357,38,JOB:40:23,JOB,Job,R0,REVIEW_CANDIDATE,0.2108109419623479,0.2593421210617336,0.1879247125578857,WORK,-0.0485311790993857,0.022886229404462194,0.8128681183731301,1.121784033046812,False,False
1432,716,357,38,JOB:40:23,JOB,Job,R1,REVIEW_CANDIDATE,0.2108109419623479,0.2593421210617336,0.1879247125578857,WORK,-0.0485311790993857,0.022886229404462194,0.8128681183731301,1.121784033046812,False,False
1433,717,358,38,MAT:15:13,MAT,Matthew,R0,REVIEW_CANDIDATE,0.2107491800190957,0.2574919331800241,0.1896752365333116,WORK,-0.04674275316092841,0.02107394348578412,0.8184690581034689,1.1111054024286562,False,False
1434,717,358,38,MAT:15:13,MAT,Matthew,R1,REVIEW_CANDIDATE,0.2107491800190957,0.2574919331800241,0.1896752365333116,WORK,-0.04674275316092841,0.02107394348578412,0.8184690581034689,1.1111054024286562,False,False
1435,718,359,21,ISA:47:7,ISA,Isaiah,R0,REVIEW_CANDIDATE,0.2107102531279647,0.2203930443072171,0.1556613590945488,WORK,-0.009682791179252387,0.055048894033415896,0.9560658041196842,1.3536452100484306,False,False
1436,718,359,21,ISA:47:7,ISA,Isaiah,R1,REVIEW_CANDIDATE,0.2107102531279647,0.2203930443072171,0.1556613590945488,WORK,-0.009682791179252387,0.055048894033415896,0.9560658041196842,1.3536452100484306,False,False
1437,719,360,55,PSA:33:22,PSA,Psalms,R0,REVIEW_CANDIDATE,0.2106885447398369,0.2517472342683223,0.1720894079000068,WORK,-0.041058689528485404,0.0385991368398301,0.8369051018660908,1.2242969937014268,False,False
1438,719,360,55,PSA:33:22,PSA,Psalms,R1,REVIEW_CANDIDATE,0.2106885447398369,0.2517472342683223,0.1720894079000068,WORK,-0.041058689528485404,0.0385991368398301,0.8369051018660908,1.2242969937014268,False,False
1439,720,361,61,GEN:1:23,GEN,Genesis,R0,REVIEW_CANDIDATE,0.2106171748398876,0.2785225450278982,0.1976616792286194,WORK,-0.0679053701880106,0.012955495611268186,0.7561943497923701,1.0655437900852982,False,False
1440,720,361,61,GEN:1:23,GEN,Genesis,R1,REVIEW_CANDIDATE,0.2106171748398876,0.2785225450278982,0.1976616792286194,WORK,-0.0679053701880106,0.012955495611268186,0.7561943497923701,1.0655437900852982,False,False
1441,721,362,24,2SA:1:16,2SA,2Samuel,R0,REVIEW_CANDIDATE,0.2105473505935561,0.2628056201398644,0.2042033708550034,WORK,-0.05225826954630833,0.006343979738552691,0.8011523896692292,1.0310669687380298,False,False
1442,721,362,24,2SA:1:16,2SA,2Samuel,R1,REVIEW_CANDIDATE,0.2105473505935561,0.2628056201398644,0.2042033708550034,WORK,-0.05225826954630833,0.006343979738552691,0.8011523896692292,1.0310669687380298,False,False
1443,722,363,56,PSA:72:20,PSA,Psalms,R0,REVIEW_CANDIDATE,0.2103255755297733,0.2517472342683223,0.1720894079000068,WORK,-0.041421658738549,0.038236167629766504,0.8354633016766327,1.2221878039814267,False,False
1444,722,363,56,PSA:72:20,PSA,Psalms,R1,REVIEW_CANDIDATE,0.2103255755297733,0.2517472342683223,0.1720894079000068,WORK,-0.041421658738549,0.038236167629766504,0.8354633016766327,1.2221878039814267,False,False
1445,723,364,39,JOB:20:17,JOB,Job,R0,REVIEW_CANDIDATE,0.2102940438796744,0.2593421210617336,0.1879247125578857,WORK,-0.0490480771820592,0.0223693313217887,0.8108750056440549,1.1190334736571612,False,False
1446,723,364,39,JOB:20:17,JOB,Job,R1,REVIEW_CANDIDATE,0.2102940438796744,0.2593421210617336,0.1879247125578857,WORK,-0.0490480771820592,0.0223693313217887,0.8108750056440549,1.1190334736571612,False,False
1447,724,365,57,PSA:85:6,PSA,Psalms,R0,REVIEW_CANDIDATE,0.2102379748613797,0.2517472342683223,0.1720894079000068,WORK,-0.041509259406942584,0.03814856696137292,0.8351153309485801,1.2216787623764693,False,False
1448,724,365,57,PSA:85:6,PSA,Psalms,R1,REVIEW_CANDIDATE,0.2102379748613797,0.2517472342683223,0.1720894079000068,WORK,-0.041509259406942584,0.03814856696137292,0.8351153309485801,1.2216787623764693,False,False
1449,725,366,28,LUK:4:39,LUK,Luke,R0,REVIEW_CANDIDATE,0.2102073131132754,0.2425750004264786,0.1904093970791806,WORK,-0.03236768731320319,0.01979791603409481,0.8665662691691371,1.103975519789404,False,False
1450,725,366,28,LUK:4:39,LUK,Luke,R1,REVIEW_CANDIDATE,0.2102073131132754,0.2425750004264786,0.1904093970791806,WORK,-0.03236768731320319,0.01979791603409481,0.8665662691691371,1.103975519789404,False,False
1451,726,367,25,2SA:11:1,2SA,2Samuel,R0,REVIEW_CANDIDATE,0.2101729633539366,0.2628056201398644,0.2042033708550034,WORK,-0.05263265678592782,0.005969592498933196,0.7997278111559529,1.0292335649207867,False,False
1452,726,367,25,2SA:11:1,2SA,2Samuel,R1,REVIEW_CANDIDATE,0.2101729633539366,0.2628056201398644,0.2042033708550034,WORK,-0.05263265678592782,0.005969592498933196,0.7997278111559529,1.0292335649207867,False,False
1453,727,368,26,2SA:11:22,2SA,2Samuel,R0,REVIEW_CANDIDATE,0.2101042201649371,0.2628056201398644,0.2042033708550034,WORK,-0.052701399974927315,0.005900849309933703,0.799466236883063,1.0288969241067214,False,False
1454,727,368,26,2SA:11:22,2SA,2Samuel,R1,REVIEW_CANDIDATE,0.2101042201649371,0.2628056201398644,0.2042033708550034,WORK,-0.052701399974927315,0.005900849309933703,0.799466236883063,1.0288969241067214,False,False
1455,728,369,3,EST:9:27,EST,Esther,R0,REVIEW_CANDIDATE,0.2100326371625134,0.2106098417089447,0.155955053094019,WORK,-0.0005772045464312869,0.054077584068494416,0.9972593657459324,1.346751086262612,False,False
1456,728,369,3,EST:9:27,EST,Esther,R1,REVIEW_CANDIDATE,0.2100326371625134,0.2106098417089447,0.155955053094019,WORK,-0.0005772045464312869,0.054077584068494416,0.9972593657459324,1.346751086262612,False,False
1457,729,370,11,ROM:14:12,ROM,Romans,R0,REVIEW_CANDIDATE,0.209950931520545,0.2309266196192162,0.1560124813251275,WORK,-0.020975688098671202,0.053938450195417514,0.9091673011398217,1.3457316346569135,False,False
1458,729,370,11,ROM:14:12,ROM,Romans,R1,REVIEW_CANDIDATE,0.209950931520545,0.2309266196192162,0.1560124813251275,WORK,-0.020975688098671202,0.053938450195417514,0.9091673011398217,1.3457316346569135,False,False
1459,730,371,21,PRO:22:28,PRO,Proverbs,R0,REVIEW_CANDIDATE,0.2099290511175486,0.2365615998472131,0.1658406971808283,WORK,-0.0266325487296645,0.04408835393672028,0.8874181238761255,1.2658476157311827,False,False
1460,730,371,21,PRO:22:28,PRO,Proverbs,R1,REVIEW_CANDIDATE,0.2099290511175486,0.2365615998472131,0.1658406971808283,WORK,-0.0266325487296645,0.04408835393672028,0.8874181238761255,1.2658476157311827,False,False
1461,731,372,29,LUK:3:24,LUK,Luke,R0,REVIEW_CANDIDATE,0.2094790816105114,0.2425750004264786,0.1904093970791806,WORK,-0.033095918815967185,0.019069684531330816,0.8635641811490045,1.100150963260499,False,False
1462,731,372,29,LUK:3:24,LUK,Luke,R1,REVIEW_CANDIDATE,0.2094790816105114,0.2425750004264786,0.1904093970791806,WORK,-0.033095918815967185,0.019069684531330816,0.8635641811490045,1.100150963260499,False,False
1463,732,373,12,EZR:2:5,EZR,Ezra,R0,REVIEW_CANDIDATE,0.2094752024729106,0.2643609161924914,0.1937090361219623,WORK,-0.054885713719580814,0.015766166350948296,0.7923834033030193,1.081390970016606,False,False
1464,732,373,12,EZR:2:5,EZR,Ezra,R1,REVIEW_CANDIDATE,0.2094752024729106,0.2643609161924914,0.1937090361219623,WORK,-0.054885713719580814,0.015766166350948296,0.7923834033030193,1.081390970016606,False,False
1465,733,374,20,ACT:14:8,ACT,Acts,R0,REVIEW_CANDIDATE,0.2094492478526965,0.2407747958049971,0.1622007514290091,WORK,-0.03132554795230061,0.04724849642368739,0.8698968974407475,1.2912964089711185,False,False
1466,733,374,20,ACT:14:8,ACT,Acts,R1,REVIEW_CANDIDATE,0.2094492478526965,0.2407747958049971,0.1622007514290091,WORK,-0.03132554795230061,0.04724849642368739,0.8698968974407475,1.2912964089711185,False,False
1467,734,375,27,2SA:5:13,2SA,2Samuel,R0,REVIEW_CANDIDATE,0.2094262511760355,0.2628056201398644,0.2042033708550034,WORK,-0.053379368963828916,0.005222880321032103,0.7968865013791541,1.0255768565384784,False,False
1468,734,375,27,2SA:5:13,2SA,2Samuel,R1,REVIEW_CANDIDATE,0.2094262511760355,0.2628056201398644,0.2042033708550034,WORK,-0.053379368963828916,0.005222880321032103,0.7968865013791541,1.0255768565384784,False,False
1469,735,376,16,MRK:12:41,MRK,Mark,R0,REVIEW_CANDIDATE,0.2093929791946697,0.2485395579355932,0.180716099125319,WORK,-0.039146578740923504,0.028676880069350708,0.842493568967126,1.1586847005228045,False,False
1470,735,376,16,MRK:12:41,MRK,Mark,R1,REVIEW_CANDIDATE,0.2093929791946697,0.2485395579355932,0.180716099125319,WORK,-0.039146578740923504,0.028676880069350708,0.842493568967126,1.1586847005228045,False,False
1471,736,377,15,DEU:32:9,DEU,Deuteronomy,R0,REVIEW_CANDIDATE,0.2093654169934822,0.2277736606676687,0.158268997269363,WORK,-0.018408243674186475,0.05109641972411921,0.9191818596574041,1.3228454125930715,False,False
1472,736,377,15,DEU:32:9,DEU,Deuteronomy,R1,REVIEW_CANDIDATE,0.2093654169934822,0.2277736606676687,0.158268997269363,WORK,-0.018408243674186475,0.05109641972411921,0.9191818596574041,1.3228454125930715,False,False
1473,737,378,10,NEH:11:7,NEH,Nehemiah,R0,REVIEW_CANDIDATE,0.2092875850671882,0.249097416043593,0.1712008590080952,WORK,-0.03980983097640481,0.038086726059092996,0.8401836855287252,1.2224680780211044,False,False
1474,737,378,10,NEH:11:7,NEH,Nehemiah,R1,REVIEW_CANDIDATE,0.2092875850671882,0.249097416043593,0.1712008590080952,WORK,-0.03980983097640481,0.038086726059092996,0.8401836855287252,1.2224680780211044,False,False
1475,738,379,17,MRK:15:41,MRK,Mark,R0,REVIEW_CANDIDATE,0.2092786842381175,0.2485395579355932,0.180716099125319,WORK,-0.03926087369747572,0.028562585112798494,0.8420337027088065,1.15805224465913,False,False
1476,738,379,17,MRK:15:41,MRK,Mark,R1,REVIEW_CANDIDATE,0.2092786842381175,0.2485395579355932,0.180716099125319,WORK,-0.03926087369747572,0.028562585112798494,0.8420337027088065,1.15805224465913,False,False
1477,739,380,29,JOS:11:15,JOS,Joshua,R0,REVIEW_CANDIDATE,0.2092228608646253,0.2547743068240014,0.2047369488266913,WORK,-0.045551445959376075,0.004485912037933998,0.8212086354891229,1.0219106129286477,False,False
1478,739,380,29,JOS:11:15,JOS,Joshua,R1,REVIEW_CANDIDATE,0.2092228608646253,0.2547743068240014,0.2047369488266913,WORK,-0.045551445959376075,0.004485912037933998,0.8212086354891229,1.0219106129286477,False,False
1479,740,381,4,JAS:3:15,JAS,James,R0,REVIEW_CANDIDATE,0.2091272506002068,0.229866855888857,0.1781802858365281,WORK,-0.02073960528865021,0.030946964763678697,0.9097755733054529,1.1736834387619686,False,False
1480,740,381,4,JAS:3:15,JAS,James,R1,REVIEW_CANDIDATE,0.2091272506002068,0.229866855888857,0.1781802858365281,WORK,-0.02073960528865021,0.030946964763678697,0.9097755733054529,1.1736834387619686,False,False
1481,741,382,30,LUK:18:3,LUK,Luke,R0,REVIEW_CANDIDATE,0.209096232847923,0.2425750004264786,0.1904093970791806,WORK,-0.033478767578555585,0.018686835768742416,0.8619859114925466,1.098140302187773,False,False
1482,741,382,30,LUK:18:3,LUK,Luke,R1,REVIEW_CANDIDATE,0.209096232847923,0.2425750004264786,0.1904093970791806,WORK,-0.033478767578555585,0.018686835768742416,0.8619859114925466,1.098140302187773,False,False
1483,742,383,28,2SA:20:20,2SA,2Samuel,R0,REVIEW_CANDIDATE,0.2090853609223464,0.2628056201398644,0.2042033708550034,WORK,-0.053720259217518024,0.004881990067342995,0.7955893820347972,1.023907490101177,False,False
1484,742,383,28,2SA:20:20,2SA,2Samuel,R1,REVIEW_CANDIDATE,0.2090853609223464,0.2628056201398644,0.2042033708550034,WORK,-0.053720259217518024,0.004881990067342995,0.7955893820347972,1.023907490101177,False,False
1485,743,384,30,JOS:4:20,JOS,Joshua,R0,REVIEW_CANDIDATE,0.2090453319360201,0.2547743068240014,0.2047369488266913,WORK,-0.04572897488798128,0.004308383109328795,0.8205118268869595,1.0210435055031313,False,False
1486,743,384,30,JOS:4:20,JOS,Joshua,R1,REVIEW_CANDIDATE,0.2090453319360201,0.2547743068240014,0.2047369488266913,WORK,-0.04572897488798128,0.004308383109328795,0.8205118268869595,1.0210435055031313,False,False
1487,744,385,58,PSA:48:2,PSA,Psalms,R0,REVIEW_CANDIDATE,0.2090350523096371,0.2517472342683223,0.1720894079000068,WORK,-0.0427121819586852,0.0369456444096303,0.8303370359447093,1.2146886601591291,False,False
1488,744,385,58,PSA:48:2,PSA,Psalms,R1,REVIEW_CANDIDATE,0.2090350523096371,0.2517472342683223,0.1720894079000068,WORK,-0.0427121819586852,0.0369456444096303,0.8303370359447093,1.2146886601591291,False,False
1489,745,386,12,2CH:27:8,2CH,2Chronicles,R0,REVIEW_CANDIDATE,0.2087797100804914,0.2156992211395015,0.1608023572188025,WORK,-0.006919511059010092,0.04797735286168889,0.9679205561222914,1.2983622484862363,False,False
1490,745,386,12,2CH:27:8,2CH,2Chronicles,R1,REVIEW_CANDIDATE,0.2087797100804914,0.2156992211395015,0.1608023572188025,WORK,-0.006919511059010092,0.04797735286168889,0.9679205561222914,1.2983622484862363,False,False
1491,746,387,62,GEN:30:7,GEN,Genesis,R0,REVIEW_CANDIDATE,0.2087650086310265,0.2785225450278982,0.1976616792286194,WORK,-0.06975753639687168,0.011103329402407103,0.7495443810845387,1.0561734042012503,False,False
1492,746,387,62,GEN:30:7,GEN,Genesis,R1,REVIEW_CANDIDATE,0.2087650086310265,0.2785225450278982,0.1976616792286194,WORK,-0.06975753639687168,0.011103329402407103,0.7495443810845387,1.0561734042012503,False,False
1493,747,388,38,1CH:6:40,1CH,1Chronicles,R0,REVIEW_CANDIDATE,0.2087567284435473,0.2568844066016262,0.1958660090019126,WORK,-0.04812767815807889,0.012890719441634724,0.8126485029014828,1.065813968984832,False,False
1494,747,388,38,1CH:6:40,1CH,1Chronicles,R1,REVIEW_CANDIDATE,0.2087567284435473,0.2568844066016262,0.1958660090019126,WORK,-0.04812767815807889,0.012890719441634724,0.8126485029014828,1.065813968984832,False,False
1495,748,389,29,2SA:18:1,2SA,2Samuel,R0,REVIEW_CANDIDATE,0.2087383623950304,0.2628056201398644,0.2042033708550034,WORK,-0.05406725774483401,0.004534991540027011,0.7942690201371662,1.0222082109665425,False,False
1496,748,389,29,2SA:18:1,2SA,2Samuel,R1,REVIEW_CANDIDATE,0.2087383623950304,0.2628056201398644,0.2042033708550034,WORK,-0.05406725774483401,0.004534991540027011,0.7942690201371662,1.0222082109665425,False,False
1497,749,390,13,EZR:7:8,EZR,Ezra,R0,REVIEW_CANDIDATE,0.2085744319530137,0.2643609161924914,0.1937090361219623,WORK,-0.05578648423947771,0.014865395831051398,0.7889760519710961,1.0767408486906718,False,False
1498,749,390,13,EZR:7:8,EZR,Ezra,R1,REVIEW_CANDIDATE,0.2085744319530137,0.2643609161924914,0.1937090361219623,WORK,-0.05578648423947771,0.014865395831051398,0.7889760519710961,1.0767408486906718,False,False
1499,750,391,13,2CH:12:4,2CH,2Chronicles,R0,REVIEW_CANDIDATE,0.2085714617388546,0.2156992211395015,0.1608023572188025,WORK,-0.007127759400646888,0.04776910452005209,0.9669550990356285,1.297067190719431,False,False
1500,750,391,13,2CH:12:4,2CH,2Chronicles,R1,REVIEW_CANDIDATE,0.2085714617388546,0.2156992211395015,0.1608023572188025,WORK,-0.007127759400646888,0.04776910452005209,0.9669550990356285,1.297067190719431,False,False
1501,751,392,15,LEV:11:36,LEV,Leviticus,R0,REVIEW_CANDIDATE,0.2085297190836185,0.2536937138059426,0.1520578598094974,WORK,-0.045163994722324075,0.0564718592741211,0.8219743246895298,1.3713840201675251,False,False
1502,751,392,15,LEV:11:36,LEV,Leviticus,R1,REVIEW_CANDIDATE,0.2085297190836185,0.2536937138059426,0.1520578598094974,WORK,-0.045163994722324075,0.0564718592741211,0.8219743246895298,1.3713840201675251,False,False
1503,752,393,59,PSA:109:4,PSA,Psalms,R0,REVIEW_CANDIDATE,0.2084412662731524,0.2517472342683223,0.1720894079000068,WORK,-0.04330596799516989,0.03635185837314561,0.8279783763224479,1.211238209351432,False,False
1504,752,393,59,PSA:109:4,PSA,Psalms,R1,REVIEW_CANDIDATE,0.2084412662731524,0.2517472342683223,0.1720894079000068,WORK,-0.04330596799516989,0.03635185837314561,0.8279783763224479,1.211238209351432,False,False
1505,753,394,8,2CO:9:15,2CO,2Corinthians,R0,REVIEW_CANDIDATE,0.2083337151170139,0.2574882529560191,0.1765156917175364,WORK,-0.049154537839005225,0.03181802339947751,0.8090998821317057,1.1802560615992899,False,False
1506,753,394,8,2CO:9:15,2CO,2Corinthians,R1,REVIEW_CANDIDATE,0.2083337151170139,0.2574882529560191,0.1765156917175364,WORK,-0.049154537839005225,0.03181802339947751,0.8090998821317057,1.1802560615992899,False,False
1507,754,395,32,1SA:27:11,1SA,1Samuel,R0,REVIEW_CANDIDATE,0.208180743572699,0.2543100235259803,0.1939952732916444,WORK,-0.04612927995328131,0.014185470281054602,0.8186100598249965,1.0731227624279729,False,False
1508,754,395,32,1SA:27:11,1SA,1Samuel,R1,REVIEW_CANDIDATE,0.208180743572699,0.2543100235259803,0.1939952732916444,WORK,-0.04612927995328131,0.014185470281054602,0.8186100598249965,1.0731227624279729,False,False
1509,755,396,16,DEU:1:2,DEU,Deuteronomy,R0,REVIEW_CANDIDATE,0.2079931499464197,0.2277736606676687,0.158268997269363,WORK,-0.01978051072124898,0.04972415267705671,0.9131571637244327,1.3141749397225888,False,False
1510,755,396,16,DEU:1:2,DEU,Deuteronomy,R1,REVIEW_CANDIDATE,0.2079931499464197,0.2277736606676687,0.158268997269363,WORK,-0.01978051072124898,0.04972415267705671,0.9131571637244327,1.3141749397225888,False,False
1511,756,397,39,MAT:8:15,MAT,Matthew,R0,REVIEW_CANDIDATE,0.2079383785486226,0.2574919331800241,0.1896752365333116,WORK,-0.049553554631401514,0.018263142015311012,0.8075529822646661,1.0962863806003667,False,False
1512,756,397,39,MAT:8:15,MAT,Matthew,R1,REVIEW_CANDIDATE,0.2079383785486226,0.2574919331800241,0.1896752365333116,WORK,-0.049553554631401514,0.018263142015311012,0.8075529822646661,1.0962863806003667,False,False
1513,757,398,60,PSA:125:2,PSA,Psalms,R0,REVIEW_CANDIDATE,0.2078696201192809,0.2517472342683223,0.1720894079000068,WORK,-0.0438776141490414,0.035780212219274105,0.825707661589343,1.2079164119157428,False,False
1514,757,398,60,PSA:125:2,PSA,Psalms,R1,REVIEW_CANDIDATE,0.2078696201192809,0.2517472342683223,0.1720894079000068,WORK,-0.0438776141490414,0.035780212219274105,0.825707661589343,1.2079164119157428,False,False
1515,758,399,63,GEN:30:12,GEN,Genesis,R0,REVIEW_CANDIDATE,0.20786265811482,0.2785225450278982,0.1976616792286194,WORK,-0.0706598869130782,0.010200978886200585,0.7463046055894665,1.0516082779727978,False,False
1516,758,399,63,GEN:30:12,GEN,Genesis,R1,REVIEW_CANDIDATE,0.20786265811482,0.2785225450278982,0.1976616792286194,WORK,-0.0706598869130782,0.010200978886200585,0.7463046055894665,1.0516082779727978,False,False
1517,759,400,4,PHP:3:20,PHP,Philippians,R0,REVIEW_CANDIDATE,0.2077199317443918,0.2439662099883969,0.171683262334117,WORK,-0.036246278244005115,0.03603666941027481,0.8514291046873704,1.2099020540519725,False,False
1518,759,400,4,PHP:3:20,PHP,Philippians,R1,REVIEW_CANDIDATE,0.2077199317443918,0.2439662099883969,0.171683262334117,WORK,-0.036246278244005115,0.03603666941027481,0.8514291046873704,1.2099020540519725,False,False
1519,760,401,31,LUK:3:30,LUK,Luke,R0,REVIEW_CANDIDATE,0.2075443596445867,0.2425750004264786,0.1904093970791806,WORK,-0.035030640781891886,0.017134962565406114,0.8555884129844237,1.089990109880347,False,False
1520,760,401,31,LUK:3:30,LUK,Luke,R1,REVIEW_CANDIDATE,0.2075443596445867,0.2425750004264786,0.1904093970791806,WORK,-0.035030640781891886,0.017134962565406114,0.8555884129844237,1.089990109880347,False,False
1521,761,402,22,ISA:7:6,ISA,Isaiah,R0,REVIEW_CANDIDATE,0.2074778077658492,0.2203930443072171,0.1556613590945488,WORK,-0.012915236541367892,0.05181644867130039,0.9413990737231948,1.3328793283876383,False,False
1522,761,402,22,ISA:7:6,ISA,Isaiah,R1,REVIEW_CANDIDATE,0.2074778077658492,0.2203930443072171,0.1556613590945488,WORK,-0.012915236541367892,0.05181644867130039,0.9413990737231948,1.3328793283876383,False,False
1523,762,403,30,2SA:22:14,2SA,2Samuel,R0,REVIEW_CANDIDATE,0.2074333776522393,0.2628056201398644,0.2042033708550034,WORK,-0.05537224248762512,0.003230006797235896,0.7893034309610419,1.015817597837449,False,False
1524,762,403,30,2SA:22:14,2SA,2Samuel,R1,REVIEW_CANDIDATE,0.2074333776522393,0.2628056201398644,0.2042033708550034,WORK,-0.05537224248762512,0.003230006797235896,0.7893034309610419,1.015817597837449,False,False
1525,763,404,18,MRK:2:5,MRK,Mark,R0,REVIEW_CANDIDATE,0.207267520917875,0.2485395579355932,0.180716099125319,WORK,-0.0412720370177182,0.026551421792556013,0.8339417782805686,1.1469233893442097,False,False
1526,763,404,18,MRK:2:5,MRK,Mark,R1,REVIEW_CANDIDATE,0.207267520917875,0.2485395579355932,0.180716099125319,WORK,-0.0412720370177182,0.026551421792556013,0.8339417782805686,1.1469233893442097,False,False
1527,764,405,31,JOS:3:14,JOS,Joshua,R0,REVIEW_CANDIDATE,0.2072114913605506,0.2547743068240014,0.2047369488266913,WORK,-0.047562815463450786,0.0024745425338592864,0.8133139245618386,1.0120864482353598,False,False
1528,764,405,31,JOS:3:14,JOS,Joshua,R1,REVIEW_CANDIDATE,0.2072114913605506,0.2547743068240014,0.2047369488266913,WORK,-0.047562815463450786,0.0024745425338592864,0.8133139245618386,1.0120864482353598,False,False
1529,765,406,40,MAT:13:11,MAT,Matthew,R0,REVIEW_CANDIDATE,0.2071965806116397,0.2574919331800241,0.1896752365333116,WORK,-0.05029535256838441,0.017521344078328116,0.8046721233273717,1.0923754961299386,False,False
1530,765,406,40,MAT:13:11,MAT,Matthew,R1,REVIEW_CANDIDATE,0.2071965806116397,0.2574919331800241,0.1896752365333116,WORK,-0.05029535256838441,0.017521344078328116,0.8046721233273717,1.0923754961299386,False,False
1531,766,407,33,1SA:27:12,1SA,1Samuel,R0,REVIEW_CANDIDATE,0.2071965369488284,0.2543100235259803,0.1939952732916444,WORK,-0.04711348657715192,0.013201263657183993,0.8147399543127375,1.0680494087984183,False,False
1532,766,407,33,1SA:27:12,1SA,1Samuel,R1,REVIEW_CANDIDATE,0.2071965369488284,0.2543100235259803,0.1939952732916444,WORK,-0.04711348657715192,0.013201263657183993,0.8147399543127375,1.0680494087984183,False,False
1533,767,408,39,1CH:12:16,1CH,1Chronicles,R0,REVIEW_CANDIDATE,0.2071631112336633,0.2568844066016262,0.1958660090019126,WORK,-0.04972129536796291,0.011297102231750705,0.8064448674571743,1.0576777067614647,False,False
1534,767,408,39,1CH:12:16,1CH,1Chronicles,R1,REVIEW_CANDIDATE,0.2071631112336633,0.2568844066016262,0.1958660090019126,WORK,-0.04972129536796291,0.011297102231750705,0.8064448674571743,1.0576777067614647,False,False
1535,768,409,61,PSA:86:16,PSA,Psalms,R0,REVIEW_CANDIDATE,0.2071204333579966,0.2517472342683223,0.1720894079000068,WORK,-0.0446268009103257,0.035031025457989806,0.8227317132598142,1.2035629379255273,False,False
1536,768,409,61,PSA:86:16,PSA,Psalms,R1,REVIEW_CANDIDATE,0.2071204333579966,0.2517472342683223,0.1720894079000068,WORK,-0.0446268009103257,0.035031025457989806,0.8227317132598142,1.2035629379255273,False,False
1537,769,410,23,ISA:17:14,ISA,Isaiah,R0,REVIEW_CANDIDATE,0.206903317835314,0.2203930443072171,0.1556613590945488,WORK,-0.013489726471903107,0.051241958740765176,0.9387924128263363,1.3291886890801254,False,False
1538,769,410,23,ISA:17:14,ISA,Isaiah,R1,REVIEW_CANDIDATE,0.206903317835314,0.2203930443072171,0.1556613590945488,WORK,-0.013489726471903107,0.051241958740765176,0.9387924128263363,1.3291886890801254,False,False
1539,770,411,32,LUK:20:8,LUK,Luke,R0,REVIEW_CANDIDATE,0.2068654064244904,0.2425750004264786,0.1904093970791806,WORK,-0.0357095940019882,0.016456009345309802,0.852789471548156,1.0864243550882453,False,False
1540,770,411,32,LUK:20:8,LUK,Luke,R1,REVIEW_CANDIDATE,0.2068654064244904,0.2425750004264786,0.1904093970791806,WORK,-0.0357095940019882,0.016456009345309802,0.852789471548156,1.0864243550882453,False,False
1541,771,412,41,MAT:21:18,MAT,Matthew,R0,REVIEW_CANDIDATE,0.2067000085556142,0.2574919331800241,0.1896752365333116,WORK,-0.0507919246244099,0.017024772022302626,0.8027436277434796,1.0897574840736401,False,False
1542,771,412,41,MAT:21:18,MAT,Matthew,R1,REVIEW_CANDIDATE,0.2067000085556142,0.2574919331800241,0.1896752365333116,WORK,-0.0507919246244099,0.017024772022302626,0.8027436277434796,1.0897574840736401,False,False
1543,772,413,64,GEN:8:12,GEN,Genesis,R0,REVIEW_CANDIDATE,0.2066884101373741,0.2785225450278982,0.1976616792286194,WORK,-0.07183413489052409,0.009026730908754693,0.7420886166205007,1.0456675818195098,False,False
1544,772,413,64,GEN:8:12,GEN,Genesis,R1,REVIEW_CANDIDATE,0.2066884101373741,0.2785225450278982,0.1976616792286194,WORK,-0.07183413489052409,0.009026730908754693,0.7420886166205007,1.0456675818195098,False,False
1545,773,414,62,PSA:105:32,PSA,Psalms,R0,REVIEW_CANDIDATE,0.2066707554455717,0.2517472342683223,0.1720894079000068,WORK,-0.04507647882275059,0.03458134754556491,0.8209454854439184,1.2009498897553215,False,False
1546,773,414,62,PSA:105:32,PSA,Psalms,R1,REVIEW_CANDIDATE,0.2066707554455717,0.2517472342683223,0.1720894079000068,WORK,-0.04507647882275059,0.03458134754556491,0.8209454854439184,1.2009498897553215,False,False
1547,774,415,65,GEN:35:20,GEN,Genesis,R0,REVIEW_CANDIDATE,0.2066308728492562,0.2785225450278982,0.1976616792286194,WORK,-0.07189167217864201,0.008969193620636778,0.741882036258713,1.0453764920729163,False,False
1548,774,415,65,GEN:35:20,GEN,Genesis,R1,REVIEW_CANDIDATE,0.2066308728492562,0.2785225450278982,0.1976616792286194,WORK,-0.07189167217864201,0.008969193620636778,0.741882036258713,1.0453764920729163,False,False
1549,775,416,14,2CH:36:11,2CH,2Chronicles,R0,REVIEW_CANDIDATE,0.2066271049329864,0.2156992211395015,0.1608023572188025,WORK,-0.009072116206515102,0.04582474771418388,0.9579408949249391,1.2849755967932144,False,False
1550,775,416,14,2CH:36:11,2CH,2Chronicles,R1,REVIEW_CANDIDATE,0.2066271049329864,0.2156992211395015,0.1608023572188025,WORK,-0.009072116206515102,0.04582474771418388,0.9579408949249391,1.2849755967932144,False,False
1551,776,417,8,JDG:12:9,JDG,Judges,R0,REVIEW_CANDIDATE,0.206616481129497,0.2109212600391261,0.1517173137608478,WORK,-0.004304778909629103,0.05489916736864919,0.9795905879339496,1.3618516964727363,False,False
1552,776,417,8,JDG:12:9,JDG,Judges,R1,REVIEW_CANDIDATE,0.206616481129497,0.2109212600391261,0.1517173137608478,WORK,-0.004304778909629103,0.05489916736864919,0.9795905879339496,1.3618516964727363,False,False
1553,777,418,8,EPH:4:30,EPH,Ephesians,R0,REVIEW_CANDIDATE,0.2065347456197637,0.3000571320932129,0.2029310592154672,WORK,-0.09352238647344918,0.0036036864042965078,0.6883180685590355,1.0177581806266047,False,False
1554,777,418,8,EPH:4:30,EPH,Ephesians,R1,REVIEW_CANDIDATE,0.2065347456197637,0.3000571320932129,0.2029310592154672,WORK,-0.09352238647344918,0.0036036864042965078,0.6883180685590355,1.0177581806266047,False,False
1555,778,419,31,2SA:8:6,2SA,2Samuel,R0,REVIEW_CANDIDATE,0.2064201506245855,0.2628056201398644,0.2042033708550034,WORK,-0.056385469515278924,0.0022167797695820946,0.7854480072181458,1.0108557452323161,False,False
1556,778,419,31,2SA:8:6,2SA,2Samuel,R1,REVIEW_CANDIDATE,0.2064201506245855,0.2628056201398644,0.2042033708550034,WORK,-0.056385469515278924,0.0022167797695820946,0.7854480072181458,1.0108557452323161,False,False
1557,779,420,6,AMO:8:14,AMO,Amos,R0,REVIEW_CANDIDATE,0.2064174172827524,0.2309942136095671,0.1634155251031349,WORK,-0.0245767963268147,0.0430018921796175,0.8936042771687992,1.2631444726716028,False,False
1558,779,420,6,AMO:8:14,AMO,Amos,R1,REVIEW_CANDIDATE,0.2064174172827524,0.2309942136095671,0.1634155251031349,WORK,-0.0245767963268147,0.0430018921796175,0.8936042771687992,1.2631444726716028,False,False
1559,780,421,32,2SA:20:11,2SA,2Samuel,R0,REVIEW_CANDIDATE,0.2061927526647938,0.2628056201398644,0.2042033708550034,WORK,-0.056612867475070605,0.0019893818097904137,0.7845827366821859,1.0097421595023668,False,False
1560,780,421,32,2SA:20:11,2SA,2Samuel,R1,REVIEW_CANDIDATE,0.2061927526647938,0.2628056201398644,0.2042033708550034,WORK,-0.056612867475070605,0.0019893818097904137,0.7845827366821859,1.0097421595023668,False,False
1561,781,422,16,LEV:15:24,LEV,Leviticus,R0,REVIEW_CANDIDATE,0.2061443506242227,0.2536937138059426,0.1520578598094974,WORK,-0.04754936318171987,0.0540864908147253,0.8125717722036593,1.3556967780717581,False,False
1562,781,422,16,LEV:15:24,LEV,Leviticus,R1,REVIEW_CANDIDATE,0.2061443506242227,0.2536937138059426,0.1520578598094974,WORK,-0.04754936318171987,0.0540864908147253,0.8125717722036593,1.3556967780717581,False,False
1563,782,423,32,JOS:4:15,JOS,Joshua,R0,REVIEW_CANDIDATE,0.206019158710343,0.2547743068240014,0.2047369488266913,WORK,-0.048755148113658386,0.001282209883651686,0.8086339681522967,1.0062627185322424,False,False
1564,782,423,32,JOS:4:15,JOS,Joshua,R1,REVIEW_CANDIDATE,0.206019158710343,0.2547743068240014,0.2047369488266913,WORK,-0.048755148113658386,0.001282209883651686,0.8086339681522967,1.0062627185322424,False,False
1565,783,424,66,GEN:5:10,GEN,Genesis,R0,REVIEW_CANDIDATE,0.2060142648587748,0.2785225450278982,0.1976616792286194,WORK,-0.07250828016912339,0.008352585630155396,0.7396681831919186,1.042256980021376,False,False
1566,783,424,66,GEN:5:10,GEN,Genesis,R1,REVIEW_CANDIDATE,0.2060142648587748,0.2785225450278982,0.1976616792286194,WORK,-0.07250828016912339,0.008352585630155396,0.7396681831919186,1.042256980021376,False,False
1567,784,425,42,MAT:24:37,MAT,Matthew,R0,REVIEW_CANDIDATE,0.2059199213535867,0.2574919331800241,0.1896752365333116,WORK,-0.05157201182643742,0.016244684820275107,0.7997140679728358,1.085644732107252,False,False
1568,784,425,42,MAT:24:37,MAT,Matthew,R1,REVIEW_CANDIDATE,0.2059199213535867,0.2574919331800241,0.1896752365333116,WORK,-0.05157201182643742,0.016244684820275107,0.7997140679728358,1.085644732107252,False,False
1569,785,426,40,1CH:13:1,1CH,1Chronicles,R0,REVIEW_CANDIDATE,0.205831651339058,0.2568844066016262,0.1958660090019126,WORK,-0.051052755262568195,0.00996564233714542,0.8012617583996046,1.0508798968638204,False,False
1570,785,426,40,1CH:13:1,1CH,1Chronicles,R1,REVIEW_CANDIDATE,0.205831651339058,0.2568844066016262,0.1958660090019126,WORK,-0.051052755262568195,0.00996564233714542,0.8012617583996046,1.0508798968638204,False,False
1571,786,427,33,2SA:5:6,2SA,2Samuel,R0,REVIEW_CANDIDATE,0.2056926614083948,0.2628056201398644,0.2042033708550034,WORK,-0.057112958731469626,0.0014892905533913925,0.7826798426111501,1.007293173208433,False,False
1572,786,427,33,2SA:5:6,2SA,2Samuel,R1,REVIEW_CANDIDATE,0.2056926614083948,0.2628056201398644,0.2042033708550034,WORK,-0.057112958731469626,0.0014892905533913925,0.7826798426111501,1.007293173208433,False,False
1573,787,428,34,2SA:7:16,2SA,2Samuel,R0,REVIEW_CANDIDATE,0.2056765523293747,0.2628056201398644,0.2042033708550034,WORK,-0.05712906781048971,0.00147318147437131,0.7826185460566415,1.0072142857789421,False,False
1574,787,428,34,2SA:7:16,2SA,2Samuel,R1,REVIEW_CANDIDATE,0.2056765523293747,0.2628056201398644,0.2042033708550034,WORK,-0.05712906781048971,0.00147318147437131,0.7826185460566415,1.0072142857789421,False,False
1575,788,429,33,LUK:11:14,LUK,Luke,R0,REVIEW_CANDIDATE,0.2056553445619802,0.2425750004264786,0.1904093970791806,WORK,-0.036919655864498385,0.015245947482799616,0.8478010685371996,1.0800693018131857,False,False
1576,788,429,33,LUK:11:14,LUK,Luke,R1,REVIEW_CANDIDATE,0.2056553445619802,0.2425750004264786,0.1904093970791806,WORK,-0.036919655864498385,0.015245947482799616,0.8478010685371996,1.0800693018131857,False,False
1577,789,430,34,LUK:18:31,LUK,Luke,R0,REVIEW_CANDIDATE,0.2055801942709008,0.2425750004264786,0.1904093970791806,WORK,-0.03699480615557779,0.015170797191720209,0.8474912662453423,1.0796746243853266,False,False
1578,789,430,34,LUK:18:31,LUK,Luke,R1,REVIEW_CANDIDATE,0.2055801942709008,0.2425750004264786,0.1904093970791806,WORK,-0.03699480615557779,0.015170797191720209,0.8474912662453423,1.0796746243853266,False,False
1579,790,431,21,ACT:7:13,ACT,Acts,R0,REVIEW_CANDIDATE,0.2054949288669363,0.2407747958049971,0.1622007514290091,WORK,-0.035279866938060817,0.043294177437927184,0.8534735879637755,1.266917243332722,False,False
1580,790,431,21,ACT:7:13,ACT,Acts,R1,REVIEW_CANDIDATE,0.2054949288669363,0.2407747958049971,0.1622007514290091,WORK,-0.035279866938060817,0.043294177437927184,0.8534735879637755,1.266917243332722,False,False
1581,791,432,14,NUM:1:36,NUM,Numbers,R0,REVIEW_CANDIDATE,0.2053640114307439,0.2060272335177108,0.1521304504522337,WORK,-0.000663222086966897,0.0532335609785102,0.9967809008758549,1.3499204848224953,False,False
1582,791,432,14,NUM:1:36,NUM,Numbers,R1,REVIEW_CANDIDATE,0.2053640114307439,0.2060272335177108,0.1521304504522337,WORK,-0.000663222086966897,0.0532335609785102,0.9967809008758549,1.3499204848224953,False,False
1583,792,433,22,ACT:10:26,ACT,Acts,R0,REVIEW_CANDIDATE,0.2052981705377502,0.2407747958049971,0.1622007514290091,WORK,-0.0354766252672469,0.0430974191087411,0.8526563997338852,1.2657041889698253,False,False
1584,792,433,22,ACT:10:26,ACT,Acts,R1,REVIEW_CANDIDATE,0.2052981705377502,0.2407747958049971,0.1622007514290091,WORK,-0.0354766252672469,0.0430974191087411,0.8526563997338852,1.2657041889698253,False,False
1585,793,434,6,HEB:8:7,HEB,Hebrews,R0,REVIEW_CANDIDATE,0.2051924877497785,0.214279535005857,0.1704570020425162,WORK,-0.009087047256078506,0.03473548570726229,0.9575925565834827,1.2037785792959002,False,False
1586,793,434,6,HEB:8:7,HEB,Hebrews,R1,REVIEW_CANDIDATE,0.2051924877497785,0.214279535005857,0.1704570020425162,WORK,-0.009087047256078506,0.03473548570726229,0.9575925565834827,1.2037785792959002,False,False
1587,794,435,9,JDG:17:11,JDG,Judges,R0,REVIEW_CANDIDATE,0.2051777380861643,0.2109212600391261,0.1517173137608478,WORK,-0.005743521952961794,0.0534604243253165,0.9727693550100338,1.3523686453451598,False,False
1588,794,435,9,JDG:17:11,JDG,Judges,R1,REVIEW_CANDIDATE,0.2051777380861643,0.2109212600391261,0.1517173137608478,WORK,-0.005743521952961794,0.0534604243253165,0.9727693550100338,1.3523686453451598,False,False
1589,795,436,35,LUK:3:19,LUK,Luke,R0,REVIEW_CANDIDATE,0.2049805809429579,0.2425750004264786,0.1904093970791806,WORK,-0.037594419483520686,0.014571183863777315,0.8450193984647025,1.0765255501424542,False,False
1590,795,436,35,LUK:3:19,LUK,Luke,R1,REVIEW_CANDIDATE,0.2049805809429579,0.2425750004264786,0.1904093970791806,WORK,-0.037594419483520686,0.014571183863777315,0.8450193984647025,1.0765255501424542,False,False
1591,796,437,34,1SA:20:35,1SA,1Samuel,R0,REVIEW_CANDIDATE,0.2048729031540496,0.2543100235259803,0.1939952732916444,WORK,-0.04943712037193071,0.010877629862405203,0.8056029420842697,1.0560716231784277,False,False
1592,796,437,34,1SA:20:35,1SA,1Samuel,R1,REVIEW_CANDIDATE,0.2048729031540496,0.2543100235259803,0.1939952732916444,WORK,-0.04943712037193071,0.010877629862405203,0.8056029420842697,1.0560716231784277,False,False
1593,797,438,33,JOS:4:16,JOS,Joshua,R0,REVIEW_CANDIDATE,0.2048305138592946,0.2547743068240014,0.2047369488266913,WORK,-0.049943792964706774,9.356503260329885e-05,0.8039684865114438,1.000457001206375,False,False
1594,797,438,33,JOS:4:16,JOS,Joshua,R1,REVIEW_CANDIDATE,0.2048305138592946,0.2547743068240014,0.2047369488266913,WORK,-0.049943792964706774,9.356503260329885e-05,0.8039684865114438,1.000457001206375,False,False
1595,798,439,12,ROM:9:24,ROM,Romans,R0,REVIEW_CANDIDATE,0.2047620830060871,0.2309266196192162,0.1560124813251275,WORK,-0.02616453661312912,0.0487496016809596,0.8866976156483266,1.312472446222852,False,False
1596,798,439,12,ROM:9:24,ROM,Romans,R1,REVIEW_CANDIDATE,0.2047620830060871,0.2309266196192162,0.1560124813251275,WORK,-0.02616453661312912,0.0487496016809596,0.8866976156483266,1.312472446222852,False,False
1597,799,440,5,JAS:1:18,JAS,James,R0,REVIEW_CANDIDATE,0.2047310147351415,0.229866855888857,0.1781802858365281,WORK,-0.025135841153715505,0.0265507288986134,0.8906504330234153,1.1490104742730767,False,False
1598,799,440,5,JAS:1:18,JAS,James,R1,REVIEW_CANDIDATE,0.2047310147351415,0.229866855888857,0.1781802858365281,WORK,-0.025135841153715505,0.0265507288986134,0.8906504330234153,1.1490104742730767,False,False
1599,800,441,17,DEU:14:10,DEU,Deuteronomy,R0,REVIEW_CANDIDATE,0.2046790742826288,0.2277736606676687,0.158268997269363,WORK,-0.02309458638503989,0.0464100770132658,0.8986073002587606,1.2932354271145032,False,False
1600,800,441,17,DEU:14:10,DEU,Deuteronomy,R1,REVIEW_CANDIDATE,0.2046790742826288,0.2277736606676687,0.158268997269363,WORK,-0.02309458638503989,0.0464100770132658,0.8986073002587606,1.2932354271145032,False,False
1601,801,442,67,GEN:42:23,GEN,Genesis,R0,REVIEW_CANDIDATE,0.2046295777242532,0.2785225450278982,0.1976616792286194,WORK,-0.073892967303645,0.006967898495633784,0.734696639023446,1.0352516406964982,False,False
1602,801,442,67,GEN:42:23,GEN,Genesis,R1,REVIEW_CANDIDATE,0.2046295777242532,0.2785225450278982,0.1976616792286194,WORK,-0.073892967303645,0.006967898495633784,0.734696639023446,1.0352516406964982,False,False
1603,802,443,63,PSA:78:70,PSA,Psalms,R0,REVIEW_CANDIDATE,0.2043855571062847,0.2517472342683223,0.1720894079000068,WORK,-0.047361677162037596,0.03229614920627791,0.8118681331308784,1.1876707555705213,False,False
1604,802,443,63,PSA:78:70,PSA,Psalms,R1,REVIEW_CANDIDATE,0.2043855571062847,0.2517472342683223,0.1720894079000068,WORK,-0.047361677162037596,0.03229614920627791,0.8118681331308784,1.1876707555705213,False,False
1605,803,444,35,2SA:11:6,2SA,2Samuel,R0,REVIEW_CANDIDATE,0.2043408019924746,0.2628056201398644,0.2042033708550034,WORK,-0.058464818147389824,0.0001374311374711945,0.7775358909133108,1.0006730111109126,False,False
1606,803,444,35,2SA:11:6,2SA,2Samuel,R1,REVIEW_CANDIDATE,0.2043408019924746,0.2628056201398644,0.2042033708550034,WORK,-0.058464818147389824,0.0001374311374711945,0.7775358909133108,1.0006730111109126,False,False
1607,804,445,36,LUK:11:4,LUK,Luke,R0,REVIEW_CANDIDATE,0.204251983284077,0.2425750004264786,0.1904093970791806,WORK,-0.03832301714240158,0.013842586204896423,0.8420158009892829,1.0726990706196085,False,False
1608,804,445,36,LUK:11:4,LUK,Luke,R1,REVIEW_CANDIDATE,0.204251983284077,0.2425750004264786,0.1904093970791806,WORK,-0.03832301714240158,0.013842586204896423,0.8420158009892829,1.0726990706196085,False,False
1609,805,446,4,1JN:5:4,1JN,1John,R0,REVIEW_CANDIDATE,0.2041512088544771,0.2177941649094253,0.2009684727039759,WORK,-0.013642956054948197,0.003182736150501214,0.9373584868050899,1.0158369922788304,False,False
1610,805,446,4,1JN:5:4,1JN,1John,R1,REVIEW_CANDIDATE,0.2041512088544771,0.2177941649094253,0.2009684727039759,WORK,-0.013642956054948197,0.003182736150501214,0.9373584868050899,1.0158369922788304,False,False
1611,806,447,37,LUK:20:4,LUK,Luke,R0,REVIEW_CANDIDATE,0.2041222008484909,0.2425750004264786,0.1904093970791806,WORK,-0.038452799577987695,0.013712803769310306,0.8414807811588885,1.072017473820412,False,False
1612,806,447,37,LUK:20:4,LUK,Luke,R1,REVIEW_CANDIDATE,0.2041222008484909,0.2425750004264786,0.1904093970791806,WORK,-0.038452799577987695,0.013712803769310306,0.8414807811588885,1.072017473820412,False,False
1613,807,448,35,1SA:17:17,1SA,1Samuel,R0,REVIEW_CANDIDATE,0.2039628143340152,0.2543100235259803,0.1939952732916444,WORK,-0.050347209191965114,0.009967541042370798,0.8020242832197227,1.0513803293927992,False,False
1614,807,448,35,1SA:17:17,1SA,1Samuel,R1,REVIEW_CANDIDATE,0.2039628143340152,0.2543100235259803,0.1939952732916444,WORK,-0.050347209191965114,0.009967541042370798,0.8020242832197227,1.0513803293927992,False,False
1615,808,449,38,LUK:2:33,LUK,Luke,R0,REVIEW_CANDIDATE,0.2039227076233944,0.2425750004264786,0.1904093970791806,WORK,-0.03865229280308419,0.013513310544213814,0.8406583830356451,1.0709697669941909,False,False
1616,808,449,38,LUK:2:33,LUK,Luke,R1,REVIEW_CANDIDATE,0.2039227076233944,0.2425750004264786,0.1904093970791806,WORK,-0.03865229280308419,0.013513310544213814,0.8406583830356451,1.0709697669941909,False,False
1617,809,450,9,2KI:9:29,2KI,2Kings,R0,REVIEW_CANDIDATE,0.2038913854140519,0.2042283105495926,0.1574881551780614,WORK,-0.0003369251355406777,0.04640323023599052,0.9983502525451344,1.2946458429430803,False,False
1618,809,450,9,2KI:9:29,2KI,2Kings,R1,REVIEW_CANDIDATE,0.2038913854140519,0.2042283105495926,0.1574881551780614,WORK,-0.0003369251355406777,0.04640323023599052,0.9983502525451344,1.2946458429430803,False,False
1619,810,451,43,MAT:20:29,MAT,Matthew,R0,REVIEW_CANDIDATE,0.2037273938037836,0.2574919331800241,0.1896752365333116,WORK,-0.05376453937624051,0.014052157270472015,0.7911991311252018,1.074085355196086,False,False
1620,810,451,43,MAT:20:29,MAT,Matthew,R1,REVIEW_CANDIDATE,0.2037273938037836,0.2574919331800241,0.1896752365333116,WORK,-0.05376453937624051,0.014052157270472015,0.7911991311252018,1.074085355196086,False,False
1621,811,452,15,2CH:30:2,2CH,2Chronicles,R0,REVIEW_CANDIDATE,0.2037226633713534,0.2156992211395015,0.1608023572188025,WORK,-0.0119765577681481,0.04292030615255088,0.9444756559394233,1.2669134140499543,False,False
1622,811,452,15,2CH:30:2,2CH,2Chronicles,R1,REVIEW_CANDIDATE,0.2037226633713534,0.2156992211395015,0.1608023572188025,WORK,-0.0119765577681481,0.04292030615255088,0.9444756559394233,1.2669134140499543,False,False
1623,812,453,11,1KI:6:38,1KI,1Kings,R0,REVIEW_CANDIDATE,0.2036922443498485,0.2134238491198039,0.1471697863256086,WORK,-0.009731604769955382,0.05652245802423991,0.9544024493509504,1.3840629210345234,False,False
1624,812,453,11,1KI:6:38,1KI,1Kings,R1,REVIEW_CANDIDATE,0.2036922443498485,0.2134238491198039,0.1471697863256086,WORK,-0.009731604769955382,0.05652245802423991,0.9544024493509504,1.3840629210345234,False,False
1625,813,454,17,LEV:26:21,LEV,Leviticus,R0,REVIEW_CANDIDATE,0.2036603813479141,0.2536937138059426,0.1520578598094974,WORK,-0.05003333245802849,0.051602521538416685,0.802780558858071,1.339361093225078,False,False
1626,813,454,17,LEV:26:21,LEV,Leviticus,R1,REVIEW_CANDIDATE,0.2036603813479141,0.2536937138059426,0.1520578598094974,WORK,-0.05003333245802849,0.051602521538416685,0.802780558858071,1.339361093225078,False,False
1627,814,455,36,1SA:27:5,1SA,1Samuel,R0,REVIEW_CANDIDATE,0.2036264541120488,0.2543100235259803,0.1939952732916444,WORK,-0.05068356941393151,0.0096311808204044,0.8007016447436501,1.0496464715711156,False,False
1628,814,455,36,1SA:27:5,1SA,1Samuel,R1,REVIEW_CANDIDATE,0.2036264541120488,0.2543100235259803,0.1939952732916444,WORK,-0.05068356941393151,0.0096311808204044,0.8007016447436501,1.0496464715711156,False,False
1629,815,456,19,MRK:14:42,MRK,Mark,R0,REVIEW_CANDIDATE,0.2036070277345352,0.2485395579355932,0.180716099125319,WORK,-0.044932530201058,0.02289092860921621,0.8192137679238093,1.126667899097038,False,False
1630,815,456,19,MRK:14:42,MRK,Mark,R1,REVIEW_CANDIDATE,0.2036070277345352,0.2485395579355932,0.180716099125319,WORK,-0.044932530201058,0.02289092860921621,0.8192137679238093,1.126667899097038,False,False
1631,816,457,10,2KI:14:2,2KI,2Kings,R0,REVIEW_CANDIDATE,0.2035999327507012,0.2042283105495926,0.1574881551780614,WORK,-0.000628377798891383,0.04611177757263982,0.9969231601769589,1.2927952106652356,False,False
1632,816,457,10,2KI:14:2,2KI,2Kings,R1,REVIEW_CANDIDATE,0.2035999327507012,0.2042283105495926,0.1574881551780614,WORK,-0.000628377798891383,0.04611177757263982,0.9969231601769589,1.2927952106652356,False,False
1633,817,458,3,2PE:2:17,2PE,2Peter,R0,REVIEW_CANDIDATE,0.2035927822238711,0.2335590167723484,0.1640285042271768,WORK,-0.0299662345484773,0.03956427799669429,0.8716973766947923,1.2412036748314086,False,False
1634,817,458,3,2PE:2:17,2PE,2Peter,R1,REVIEW_CANDIDATE,0.2035927822238711,0.2335590167723484,0.1640285042271768,WORK,-0.0299662345484773,0.03956427799669429,0.8716973766947923,1.2412036748314086,False,False
1635,818,459,68,GEN:11:19,GEN,Genesis,R0,REVIEW_CANDIDATE,0.2035693486759592,0.2785225450278982,0.1976616792286194,WORK,-0.074953196351939,0.005907669447339781,0.7308900206106068,1.0298877833599038,False,False
1636,818,459,68,GEN:11:19,GEN,Genesis,R1,REVIEW_CANDIDATE,0.2035693486759592,0.2785225450278982,0.1976616792286194,WORK,-0.074953196351939,0.005907669447339781,0.7308900206106068,1.0298877833599038,False,False
1637,819,460,38,JHN:7:21,JHN,John,R0,REVIEW_CANDIDATE,0.2035378991176857,0.2799187388240086,0.1962180196842647,WORK,-0.0763808397063229,0.007319879433420995,0.7271320954530832,1.0373048277890045,False,False
1638,819,460,38,JHN:7:21,JHN,John,R1,REVIEW_CANDIDATE,0.2035378991176857,0.2799187388240086,0.1962180196842647,WORK,-0.0763808397063229,0.007319879433420995,0.7271320954530832,1.0373048277890045,False,False
1639,820,461,20,MRK:14:10,MRK,Mark,R0,REVIEW_CANDIDATE,0.2034509667518198,0.2485395579355932,0.180716099125319,WORK,-0.0450885911837734,0.022734867626500815,0.8185858558762799,1.1258043292022097,False,False
1640,820,461,20,MRK:14:10,MRK,Mark,R1,REVIEW_CANDIDATE,0.2034509667518198,0.2485395579355932,0.180716099125319,WORK,-0.0450885911837734,0.022734867626500815,0.8185858558762799,1.1258043292022097,False,False
1641,821,462,23,ACT:19:14,ACT,Acts,R0,REVIEW_CANDIDATE,0.2034143674386592,0.2407747958049971,0.1622007514290091,WORK,-0.037360428366337906,0.041213616009650095,0.8448324782441264,1.2540901669477664,False,False
1642,821,462,23,ACT:19:14,ACT,Acts,R1,REVIEW_CANDIDATE,0.2034143674386592,0.2407747958049971,0.1622007514290091,WORK,-0.037360428366337906,0.041213616009650095,0.8448324782441264,1.2540901669477664,False,False
1643,822,463,41,1CH:27:31,1CH,1Chronicles,R0,REVIEW_CANDIDATE,0.2033484711067293,0.2568844066016262,0.1958660090019126,WORK,-0.05353593549489691,0.007482462104816706,0.7915952306987636,1.0382019429657325,False,False
1644,822,463,41,1CH:27:31,1CH,1Chronicles,R1,REVIEW_CANDIDATE,0.2033484711067293,0.2568844066016262,0.1958660090019126,WORK,-0.05353593549489691,0.007482462104816706,0.7915952306987636,1.0382019429657325,False,False
1645,823,464,10,JDG:19:10,JDG,Judges,R0,REVIEW_CANDIDATE,0.2032880029146188,0.2109212600391261,0.1517173137608478,WORK,-0.007633257124507298,0.051570689153771,0.9638099207112109,1.3399130124005618,False,False
1646,823,464,10,JDG:19:10,JDG,Judges,R1,REVIEW_CANDIDATE,0.2032880029146188,0.2109212600391261,0.1517173137608478,WORK,-0.007633257124507298,0.051570689153771,0.9638099207112109,1.3399130124005618,False,False
1647,824,465,21,MRK:10:32,MRK,Mark,R0,REVIEW_CANDIDATE,0.2031385542140326,0.2485395579355932,0.180716099125319,WORK,-0.04540100372156061,0.0224224550887136,0.8173288626620722,1.1240755815184156,False,False
1648,824,465,21,MRK:10:32,MRK,Mark,R1,REVIEW_CANDIDATE,0.2031385542140326,0.2485395579355932,0.180716099125319,WORK,-0.04540100372156061,0.0224224550887136,0.8173288626620722,1.1240755815184156,False,False
1649,825,466,9,2CO:13:8,2CO,2Corinthians,R0,REVIEW_CANDIDATE,0.2031379561237065,0.2574882529560191,0.1765156917175364,WORK,-0.05435029683231263,0.026622264406170104,0.7889212567627462,1.1508209505179376,False,False
1650,825,466,9,2CO:13:8,2CO,2Corinthians,R1,REVIEW_CANDIDATE,0.2031379561237065,0.2574882529560191,0.1765156917175364,WORK,-0.05435029683231263,0.026622264406170104,0.7889212567627462,1.1508209505179376,False,False
1651,826,467,11,2KI:19:34,2KI,2Kings,R0,REVIEW_CANDIDATE,0.2030826700926457,0.2042283105495926,0.1574881551780614,WORK,-0.0011456404569469003,0.0455945149145843,0.994390393506836,1.289510756304394,False,False
1652,826,467,11,2KI:19:34,2KI,2Kings,R1,REVIEW_CANDIDATE,0.2030826700926457,0.2042283105495926,0.1574881551780614,WORK,-0.0011456404569469003,0.0455945149145843,0.994390393506836,1.289510756304394,False,False
1653,827,468,5,PHP:2:18,PHP,Philippians,R0,REVIEW_CANDIDATE,0.2030747385310016,0.2439662099883969,0.171683262334117,WORK,-0.0408914714573953,0.03139147619688462,0.8323887908110713,1.1828452917896732,False,False
1654,827,468,5,PHP:2:18,PHP,Philippians,R1,REVIEW_CANDIDATE,0.2030747385310016,0.2439662099883969,0.171683262334117,WORK,-0.0408914714573953,0.03139147619688462,0.8323887908110713,1.1828452917896732,False,False
1655,828,469,14,EXO:39:22,EXO,Exodus,R0,REVIEW_CANDIDATE,0.2030219372146844,0.2061688329235183,0.1458137712888438,WORK,-0.003146895708833919,0.057208165925840604,0.9847363170067451,1.3923371943553702,False,False
1656,828,469,14,EXO:39:22,EXO,Exodus,R1,REVIEW_CANDIDATE,0.2030219372146844,0.2061688329235183,0.1458137712888438,WORK,-0.003146895708833919,0.057208165925840604,0.9847363170067451,1.3923371943553702,False,False
1657,829,470,40,JOB:4:10,JOB,Job,R0,REVIEW_CANDIDATE,0.2029561952317709,0.2593421210617336,0.1879247125578857,WORK,-0.05638592582996271,0.015031482673885183,0.7825809182128936,1.0799867269678813,False,False
1658,829,470,40,JOB:4:10,JOB,Job,R1,REVIEW_CANDIDATE,0.2029561952317709,0.2593421210617336,0.1879247125578857,WORK,-0.05638592582996271,0.015031482673885183,0.7825809182128936,1.0799867269678813,False,False
1659,830,471,39,LUK:22:7,LUK,Luke,R0,REVIEW_CANDIDATE,0.2029475641477865,0.2425750004264786,0.1904093970791806,WORK,-0.039627436278692085,0.012538167068605915,0.8366384161227585,1.0658484678851854,False,False
1660,830,471,39,LUK:22:7,LUK,Luke,R1,REVIEW_CANDIDATE,0.2029475641477865,0.2425750004264786,0.1904093970791806,WORK,-0.039627436278692085,0.012538167068605915,0.8366384161227585,1.0658484678851854,False,False
1661,831,472,44,MAT:16:9,MAT,Matthew,R0,REVIEW_CANDIDATE,0.2028402817341207,0.2574919331800241,0.1896752365333116,WORK,-0.05465165144590342,0.013165045200809106,0.7877539277795782,1.0694083499850915,False,False
1662,831,472,44,MAT:16:9,MAT,Matthew,R1,REVIEW_CANDIDATE,0.2028402817341207,0.2574919331800241,0.1896752365333116,WORK,-0.05465165144590342,0.013165045200809106,0.7877539277795782,1.0694083499850915,False,False
1663,832,473,45,MAT:13:47,MAT,Matthew,R0,REVIEW_CANDIDATE,0.2027566670999798,0.2574919331800241,0.1896752365333116,WORK,-0.05473526608004431,0.013081430566668217,0.7874292005809113,1.0689675194598784,False,False
1664,832,473,45,MAT:13:47,MAT,Matthew,R1,REVIEW_CANDIDATE,0.2027566670999798,0.2574919331800241,0.1896752365333116,WORK,-0.05473526608004431,0.013081430566668217,0.7874292005809113,1.0689675194598784,False,False
1665,833,474,40,LUK:23:29,LUK,Luke,R0,REVIEW_CANDIDATE,0.2026571623291051,0.2425750004264786,0.1904093970791806,WORK,-0.03991783809737348,0.01224776524992452,0.8354412531085532,1.0643233235218499,False,False
1666,833,474,40,LUK:23:29,LUK,Luke,R1,REVIEW_CANDIDATE,0.2026571623291051,0.2425750004264786,0.1904093970791806,WORK,-0.03991783809737348,0.01224776524992452,0.8354412531085532,1.0643233235218499,False,False
1667,834,475,69,GEN:49:33,GEN,Genesis,R0,REVIEW_CANDIDATE,0.2026538230367016,0.2785225450278982,0.1976616792286194,WORK,-0.0758687219911966,0.004992143808082189,0.7276029415012087,1.025256002213298,False,False
1668,834,475,69,GEN:49:33,GEN,Genesis,R1,REVIEW_CANDIDATE,0.2026538230367016,0.2785225450278982,0.1976616792286194,WORK,-0.0758687219911966,0.004992143808082189,0.7276029415012087,1.025256002213298,False,False
1669,835,476,70,GEN:35:9,GEN,Genesis,R0,REVIEW_CANDIDATE,0.2026355162552015,0.2785225450278982,0.1976616792286194,WORK,-0.07588702877269671,0.004973837026582079,0.7275372133157282,1.0251633854674949,False,False
1670,835,476,70,GEN:35:9,GEN,Genesis,R1,REVIEW_CANDIDATE,0.2026355162552015,0.2785225450278982,0.1976616792286194,WORK,-0.07588702877269671,0.004973837026582079,0.7275372133157282,1.0251633854674949,False,False
1671,836,477,12,1KI:17:5,1KI,1Kings,R0,REVIEW_CANDIDATE,0.202492949022765,0.2134238491198039,0.1471697863256086,WORK,-0.010930900097038898,0.0553231626971564,0.9487831367388425,1.3759138616587756,False,False
1672,836,477,12,1KI:17:5,1KI,1Kings,R1,REVIEW_CANDIDATE,0.202492949022765,0.2134238491198039,0.1471697863256086,WORK,-0.010930900097038898,0.0553231626971564,0.9487831367388425,1.3759138616587756,False,False
1673,837,478,7,HEB:10:11,HEB,Hebrews,R0,REVIEW_CANDIDATE,0.2023736917704537,0.214279535005857,0.1704570020425162,WORK,-0.011905843235403307,0.031916689727937486,0.9444377960075474,1.187241881210469,False,False
1674,837,478,7,HEB:10:11,HEB,Hebrews,R1,REVIEW_CANDIDATE,0.2023736917704537,0.214279535005857,0.1704570020425162,WORK,-0.011905843235403307,0.031916689727937486,0.9444377960075474,1.187241881210469,False,False
1675,838,479,14,EZR:9:13,EZR,Ezra,R0,REVIEW_CANDIDATE,0.2022064136281445,0.2643609161924914,0.1937090361219623,WORK,-0.0621545025643469,0.008497377506182208,0.7648877017845943,1.0438667068728384,False,False
1676,838,479,14,EZR:9:13,EZR,Ezra,R1,REVIEW_CANDIDATE,0.2022064136281445,0.2643609161924914,0.1937090361219623,WORK,-0.0621545025643469,0.008497377506182208,0.7648877017845943,1.0438667068728384,False,False
1677,839,480,41,LUK:9:44,LUK,Luke,R0,REVIEW_CANDIDATE,0.2021310149664786,0.2425750004264786,0.1904093970791806,WORK,-0.04044398546,0.011721617887298003,0.8332722440940156,1.061560080894661,False,False
1678,839,480,41,LUK:9:44,LUK,Luke,R1,REVIEW_CANDIDATE,0.2021310149664786,0.2425750004264786,0.1904093970791806,WORK,-0.04044398546,0.011721617887298003,0.8332722440940156,1.061560080894661,False,False
1679,840,481,41,JOB:12:12,JOB,Job,R0,REVIEW_CANDIDATE,0.2020795292697532,0.2593421210617336,0.1879247125578857,WORK,-0.0572625917919804,0.014154816711867496,0.7792005727509661,1.0753217419848784,False,False
1680,840,481,41,JOB:12:12,JOB,Job,R1,REVIEW_CANDIDATE,0.2020795292697532,0.2593421210617336,0.1879247125578857,WORK,-0.0572625917919804,0.014154816711867496,0.7792005727509661,1.0753217419848784,False,False
1681,841,482,10,2CO:2:11,2CO,2Corinthians,R0,REVIEW_CANDIDATE,0.2019852551080424,0.2574882529560191,0.1765156917175364,WORK,-0.055502997847976715,0.025469563390506017,0.7844445437382457,1.1442906471525651,False,False
1682,841,482,10,2CO:2:11,2CO,2Corinthians,R1,REVIEW_CANDIDATE,0.2019852551080424,0.2574882529560191,0.1765156917175364,WORK,-0.055502997847976715,0.025469563390506017,0.7844445437382457,1.1442906471525651,False,False
1683,842,483,42,JOB:38:3,JOB,Job,R0,REVIEW_CANDIDATE,0.201934524269472,0.2593421210617336,0.1879247125578857,WORK,-0.057407596792261595,0.0140098117115863,0.7786414464521313,1.0745501297881241,False,False
1684,842,483,42,JOB:38:3,JOB,Job,R1,REVIEW_CANDIDATE,0.201934524269472,0.2593421210617336,0.1879247125578857,WORK,-0.057407596792261595,0.0140098117115863,0.7786414464521313,1.0745501297881241,False,False
1685,843,484,46,MAT:13:51,MAT,Matthew,R0,REVIEW_CANDIDATE,0.2019249089718606,0.2574919331800241,0.1896752365333116,WORK,-0.05556702420816351,0.01224967243854902,0.784198970733137,1.0645823496120839,False,False
1686,843,484,46,MAT:13:51,MAT,Matthew,R1,REVIEW_CANDIDATE,0.2019249089718606,0.2574919331800241,0.1896752365333116,WORK,-0.05556702420816351,0.01224967243854902,0.784198970733137,1.0645823496120839,False,False
1687,844,485,64,PSA:112:6,PSA,Psalms,R0,REVIEW_CANDIDATE,0.2018600147959758,0.2517472342683223,0.1720894079000068,WORK,-0.049887219472346506,0.029770606895969,0.8018360772965842,1.172994998700137,False,False
1688,844,485,64,PSA:112:6,PSA,Psalms,R1,REVIEW_CANDIDATE,0.2018600147959758,0.2517472342683223,0.1720894079000068,WORK,-0.049887219472346506,0.029770606895969,0.8018360772965842,1.172994998700137,False,False
1689,845,486,65,PSA:148:10,PSA,Psalms,R0,REVIEW_CANDIDATE,0.2018066650111576,0.2517472342683223,0.1720894079000068,WORK,-0.049940569257164696,0.029717257111150808,0.8016241592392788,1.1726849866809823,False,False
1690,845,486,65,PSA:148:10,PSA,Psalms,R1,REVIEW_CANDIDATE,0.2018066650111576,0.2517472342683223,0.1720894079000068,WORK,-0.049940569257164696,0.029717257111150808,0.8016241592392788,1.1726849866809823,False,False
1691,846,487,22,PRO:24:13,PRO,Proverbs,R0,REVIEW_CANDIDATE,0.2017783680716958,0.2365615998472131,0.1658406971808283,WORK,-0.03478323177551729,0.035937670890867496,0.8529633220354336,1.2166999506260034,False,False
1692,846,487,22,PRO:24:13,PRO,Proverbs,R1,REVIEW_CANDIDATE,0.2017783680716958,0.2365615998472131,0.1658406971808283,WORK,-0.03478323177551729,0.035937670890867496,0.8529633220354336,1.2166999506260034,False,False
1693,847,488,71,GEN:5:7,GEN,Genesis,R0,REVIEW_CANDIDATE,0.2017093069663116,0.2785225450278982,0.1976616792286194,WORK,-0.0768132380615866,0.004047627737692183,0.7242117759124576,1.0204775541394173,False,False
1694,847,488,71,GEN:5:7,GEN,Genesis,R1,REVIEW_CANDIDATE,0.2017093069663116,0.2785225450278982,0.1976616792286194,WORK,-0.0768132380615866,0.004047627737692183,0.7242117759124576,1.0204775541394173,False,False
1695,848,489,7,AMO:6:13,AMO,Amos,R0,REVIEW_CANDIDATE,0.2016099795051322,0.2309942136095671,0.1634155251031349,WORK,-0.029384234104434886,0.03819445440199731,0.8727923368933347,1.2337259839779116,False,False
1696,848,489,7,AMO:6:13,AMO,Amos,R1,REVIEW_CANDIDATE,0.2016099795051322,0.2309942136095671,0.1634155251031349,WORK,-0.029384234104434886,0.03819445440199731,0.8727923368933347,1.2337259839779116,False,False
1697,849,490,5,1JN:3:14,1JN,1John,R0,REVIEW_CANDIDATE,0.2015600393634207,0.2177941649094253,0.2009684727039759,WORK,-0.01623412554600459,0.0005915666594448199,0.9254611547891748,1.0029435794156438,False,False
1698,849,490,5,1JN:3:14,1JN,1John,R1,REVIEW_CANDIDATE,0.2015600393634207,0.2177941649094253,0.2009684727039759,WORK,-0.01623412554600459,0.0005915666594448199,0.9254611547891748,1.0029435794156438,False,False
1699,850,491,66,PSA:10:11,PSA,Psalms,R0,REVIEW_CANDIDATE,0.2014363402292799,0.2517472342683223,0.1720894079000068,WORK,-0.0503108940390424,0.0293469323292731,0.8001531409659141,1.1705330542268193,False,False
1700,850,491,66,PSA:10:11,PSA,Psalms,R1,REVIEW_CANDIDATE,0.2014363402292799,0.2517472342683223,0.1720894079000068,WORK,-0.0503108940390424,0.0293469323292731,0.8001531409659141,1.1705330542268193,False,False
1701,851,492,6,1JN:4:11,1JN,1John,R0,REVIEW_CANDIDATE,0.2013568810517583,0.2177941649094253,0.2009684727039759,WORK,-0.01643728385766699,0.0003884083477824207,0.924528355181128,1.0019326829853286,False,False
1702,851,492,6,1JN:4:11,1JN,1John,R1,REVIEW_CANDIDATE,0.2013568810517583,0.2177941649094253,0.2009684727039759,WORK,-0.01643728385766699,0.0003884083477824207,0.924528355181128,1.0019326829853286,False,False
1703,852,493,13,ROM:6:10,ROM,Romans,R0,REVIEW_CANDIDATE,0.2013502898698683,0.2309266196192162,0.1560124813251275,WORK,-0.0295763297493479,0.045337808544740815,0.8719232551097078,1.2906037270842297,False,False
1704,852,493,13,ROM:6:10,ROM,Romans,R1,REVIEW_CANDIDATE,0.2013502898698683,0.2309266196192162,0.1560124813251275,WORK,-0.0295763297493479,0.045337808544740815,0.8719232551097078,1.2906037270842297,False,False
1705,853,494,18,DEU:33:4,DEU,Deuteronomy,R0,REVIEW_CANDIDATE,0.2010973514142258,0.2277736606676687,0.158268997269363,WORK,-0.026676309253442887,0.0428283541448628,0.8828823790457284,1.2706048239629135,False,False
1706,853,494,18,DEU:33:4,DEU,Deuteronomy,R1,REVIEW_CANDIDATE,0.2010973514142258,0.2277736606676687,0.158268997269363,WORK,-0.026676309253442887,0.0428283541448628,0.8828823790457284,1.2706048239629135,False,False
1707,854,495,22,MRK:8:21,MRK,Mark,R0,REVIEW_CANDIDATE,0.2010885852299904,0.2485395579355932,0.180716099125319,WORK,-0.047450972705602806,0.020372486104671406,0.8090808034755607,1.1127319934597744,False,False
1708,854,495,22,MRK:8:21,MRK,Mark,R1,REVIEW_CANDIDATE,0.2010885852299904,0.2485395579355932,0.180716099125319,WORK,-0.047450972705602806,0.020372486104671406,0.8090808034755607,1.1127319934597744,False,False
1709,855,496,42,1CH:13:3,1CH,1Chronicles,R0,REVIEW_CANDIDATE,0.2010006777453599,0.2568844066016262,0.1958660090019126,WORK,-0.0558837288562663,0.005134668743447313,0.7824557372105103,1.026215210947588,False,False
1710,855,496,42,1CH:13:3,1CH,1Chronicles,R1,REVIEW_CANDIDATE,0.2010006777453599,0.2568844066016262,0.1958660090019126,WORK,-0.0558837288562663,0.005134668743447313,0.7824557372105103,1.026215210947588,False,False
1711,856,497,23,MRK:6:44,MRK,Mark,R0,REVIEW_CANDIDATE,0.2009533685759129,0.2485395579355932,0.180716099125319,WORK,-0.047586189359680314,0.020237269450593898,0.8085367586756075,1.1119837665185557,False,False
1712,856,497,23,MRK:6:44,MRK,Mark,R1,REVIEW_CANDIDATE,0.2009533685759129,0.2485395579355932,0.180716099125319,WORK,-0.047586189359680314,0.020237269450593898,0.8085367586756075,1.1119837665185557,False,False
1713,857,498,9,ECC:1:7,ECC,Ecclesiastes,R0,REVIEW_CANDIDATE,0.2009174746498675,0.2462926441161754,0.1879518236166134,WORK,-0.0453751694663079,0.012965651033254116,0.8157672567561353,1.068983906533951,False,False
1714,857,498,9,ECC:1:7,ECC,Ecclesiastes,R1,REVIEW_CANDIDATE,0.2009174746498675,0.2462926441161754,0.1879518236166134,WORK,-0.0453751694663079,0.012965651033254116,0.8157672567561353,1.068983906533951,False,False
1715,858,499,42,LUK:19:28,LUK,Luke,R0,REVIEW_CANDIDATE,0.2009118812769335,0.2425750004264786,0.1904093970791806,WORK,-0.0416631191495451,0.010502484197752904,0.8282464430535056,1.0551573838206394,False,False
1716,858,499,42,LUK:19:28,LUK,Luke,R1,REVIEW_CANDIDATE,0.2009118812769335,0.2425750004264786,0.1904093970791806,WORK,-0.0416631191495451,0.010502484197752904,0.8282464430535056,1.0551573838206394,False,False
1717,859,500,67,PSA:44:4,PSA,Psalms,R0,REVIEW_CANDIDATE,0.2006970381747982,0.2517472342683223,0.1720894079000068,WORK,-0.0510501960935241,0.028607630274791407,0.7972164570471001,1.1662370196044487,False,False
1718,859,500,67,PSA:44:4,PSA,Psalms,R1,REVIEW_CANDIDATE,0.2006970381747982,0.2517472342683223,0.1720894079000068,WORK,-0.0510501960935241,0.028607630274791407,0.7972164570471001,1.1662370196044487,False,False
1719,860,501,4,GAL:4:16,GAL,Galatians,R0,REVIEW_CANDIDATE,0.2006778691313719,0.2616443134323326,0.1651665865211423,WORK,-0.06096644430096068,0.035511282610229594,0.7669873138032941,1.2150028244706985,False,False
1720,860,501,4,GAL:4:16,GAL,Galatians,R1,REVIEW_CANDIDATE,0.2006778691313719,0.2616443134323326,0.1651665865211423,WORK,-0.06096644430096068,0.035511282610229594,0.7669873138032941,1.2150028244706985,False,False
1721,861,502,12,2KI:10:36,2KI,2Kings,R0,REVIEW_CANDIDATE,0.2006161183024355,0.2042283105495926,0.1574881551780614,WORK,-0.0036121922471570866,0.043127963124374114,0.9823129700410466,1.2738489321664361,False,False
1722,861,502,12,2KI:10:36,2KI,2Kings,R1,REVIEW_CANDIDATE,0.2006161183024355,0.2042283105495926,0.1574881551780614,WORK,-0.0036121922471570866,0.043127963124374114,0.9823129700410466,1.2738489321664361,False,False
1723,862,503,68,PSA:59:6,PSA,Psalms,R0,REVIEW_CANDIDATE,0.2004963912440721,0.2517472342683223,0.1720894079000068,WORK,-0.0512508430242502,0.0284069833440653,0.7964194396287786,1.1650710737558658,False,False
1724,862,503,68,PSA:59:6,PSA,Psalms,R1,REVIEW_CANDIDATE,0.2004963912440721,0.2517472342683223,0.1720894079000068,WORK,-0.0512508430242502,0.0284069833440653,0.7964194396287786,1.1650710737558658,False,False
1725,863,504,13,2KI:9:4,2KI,2Kings,R0,REVIEW_CANDIDATE,0.2004883052956374,0.2042283105495926,0.1574881551780614,WORK,-0.003740005253955181,0.04300015011757602,0.9816871361081597,1.2730373599776987,False,False
1726,863,504,13,2KI:9:4,2KI,2Kings,R1,REVIEW_CANDIDATE,0.2004883052956374,0.2042283105495926,0.1574881551780614,WORK,-0.003740005253955181,0.04300015011757602,0.9816871361081597,1.2730373599776987,False,False
1727,864,505,15,JER:11:2,JER,Jeremiah,R0,REVIEW_CANDIDATE,0.2004527702914711,0.203825573325914,0.1595710794486916,WORK,-0.0033728030344429005,0.04088169084277951,0.9834525031407623,1.2561973697491005,False,False
1728,864,505,15,JER:11:2,JER,Jeremiah,R1,REVIEW_CANDIDATE,0.2004527702914711,0.203825573325914,0.1595710794486916,WORK,-0.0033728030344429005,0.04088169084277951,0.9834525031407623,1.2561973697491005,False,False
1729,865,506,43,JOB:40:7,JOB,Job,R0,REVIEW_CANDIDATE,0.2004412872379617,0.2593421210617336,0.1879247125578857,WORK,-0.0589008338237719,0.012516574680075998,0.7728836581476436,1.0666041975518286,False,False
1730,865,506,43,JOB:40:7,JOB,Job,R1,REVIEW_CANDIDATE,0.2004412872379617,0.2593421210617336,0.1879247125578857,WORK,-0.0589008338237719,0.012516574680075998,0.7728836581476436,1.0666041975518286,False,False
1731,866,507,72,GEN:49:22,GEN,Genesis,R0,REVIEW_CANDIDATE,0.2004382243122278,0.2785225450278982,0.1976616792286194,WORK,-0.0780843207156704,0.0027765450836083894,0.7196481142743791,1.0140469568731985,False,False
1732,866,507,72,GEN:49:22,GEN,Genesis,R1,REVIEW_CANDIDATE,0.2004382243122278,0.2785225450278982,0.1976616792286194,WORK,-0.0780843207156704,0.0027765450836083894,0.7196481142743791,1.0140469568731985,False,False
1733,867,508,44,JOB:42:16,JOB,Job,R0,REVIEW_CANDIDATE,0.2004153874130826,0.2593421210617336,0.1879247125578857,WORK,-0.058926733648651,0.012490674855196893,0.7727837907417124,1.066466377333686,False,False
1734,867,508,44,JOB:42:16,JOB,Job,R1,REVIEW_CANDIDATE,0.2004153874130826,0.2593421210617336,0.1879247125578857,WORK,-0.058926733648651,0.012490674855196893,0.7727837907417124,1.066466377333686,False,False
1735,868,509,73,GEN:45:22,GEN,Genesis,R0,REVIEW_CANDIDATE,0.2002057147788233,0.2785225450278982,0.1976616792286194,WORK,-0.0783168302490749,0.0025440355502038825,0.7188133181777787,1.0128706563666365,False,False
1736,868,509,73,GEN:45:22,GEN,Genesis,R1,REVIEW_CANDIDATE,0.2002057147788233,0.2785225450278982,0.1976616792286194,WORK,-0.0783168302490749,0.0025440355502038825,0.7188133181777787,1.0128706563666365,False,False
1737,869,510,15,NUM:19:11,NUM,Numbers,R0,REVIEW_CANDIDATE,0.200014865156958,0.2060272335177108,0.1521304504522337,WORK,-0.006012368360752807,0.04788441470472429,0.9708176037793763,1.3147589096224963,False,False
1738,869,510,15,NUM:19:11,NUM,Numbers,R1,REVIEW_CANDIDATE,0.200014865156958,0.2060272335177108,0.1521304504522337,WORK,-0.006012368360752807,0.04788441470472429,0.9708176037793763,1.3147589096224963,False,False
1739,870,511,69,PSA:99:4,PSA,Psalms,R0,REVIEW_CANDIDATE,0.1998154526824612,0.2517472342683223,0.1720894079000068,WORK,-0.05193178158586109,0.027726044782454412,0.7937145894103046,1.1611141854736622,False,False
1740,870,511,69,PSA:99:4,PSA,Psalms,R1,REVIEW_CANDIDATE,0.1998154526824612,0.2517472342683223,0.1720894079000068,WORK,-0.05193178158586109,0.027726044782454412,0.7937145894103046,1.1611141854736622,False,False
1741,871,512,43,LUK:2:30,LUK,Luke,R0,REVIEW_CANDIDATE,0.1998150859403844,0.2425750004264786,0.1904093970791806,WORK,-0.042759914486094175,0.009405688861203826,0.8237249740867086,1.049397188402905,False,False
1742,871,512,43,LUK:2:30,LUK,Luke,R1,REVIEW_CANDIDATE,0.1998150859403844,0.2425750004264786,0.1904093970791806,WORK,-0.042759914486094175,0.009405688861203826,0.8237249740867086,1.049397188402905,False,False
1743,872,513,14,2KI:9:37,2KI,2Kings,R0,REVIEW_CANDIDATE,0.1997627789201065,0.2042283105495926,0.1574881551780614,WORK,-0.004465531629486097,0.0422746237420451,0.9781346101455325,1.2684304968475122,False,False
1744,872,513,14,2KI:9:37,2KI,2Kings,R1,REVIEW_CANDIDATE,0.1997627789201065,0.2042283105495926,0.1574881551780614,WORK,-0.004465531629486097,0.0422746237420451,0.9781346101455325,1.2684304968475122,False,False
1745,873,514,39,JHN:6:62,JHN,John,R0,REVIEW_CANDIDATE,0.1997246918573082,0.2799187388240086,0.1962180196842647,WORK,-0.08019404696670038,0.0035066721730435124,0.7135095445785062,1.017871305493176,False,False
1746,873,514,39,JHN:6:62,JHN,John,R1,REVIEW_CANDIDATE,0.1997246918573082,0.2799187388240086,0.1962180196842647,WORK,-0.08019404696670038,0.0035066721730435124,0.7135095445785062,1.017871305493176,False,False
1747,874,515,23,PRO:30:8,PRO,Proverbs,R0,REVIEW_CANDIDATE,0.1996211425639962,0.2365615998472131,0.1658406971808283,WORK,-0.036940457283216876,0.033780445383167906,0.8438442363127598,1.203692133218269,False,False
1748,874,515,23,PRO:30:8,PRO,Proverbs,R1,REVIEW_CANDIDATE,0.1996211425639962,0.2365615998472131,0.1658406971808283,WORK,-0.036940457283216876,0.033780445383167906,0.8438442363127598,1.203692133218269,False,False
1749,875,516,43,1CH:25:22,1CH,1Chronicles,R0,REVIEW_CANDIDATE,0.1994979024815248,0.2568844066016262,0.1958660090019126,WORK,-0.057386504120101406,0.003631893479612208,0.7766057314288608,1.018542745104776,False,False
1750,875,516,43,1CH:25:22,1CH,1Chronicles,R1,REVIEW_CANDIDATE,0.1994979024815248,0.2568844066016262,0.1958660090019126,WORK,-0.057386504120101406,0.003631893479612208,0.7766057314288608,1.018542745104776,False,False
1751,876,517,45,JOB:32:7,JOB,Job,R0,REVIEW_CANDIDATE,0.199458005829926,0.2593421210617336,0.1879247125578857,WORK,-0.05988411523180759,0.011533293272040307,0.7690922130711161,1.061371881936431,False,False
1752,876,517,45,JOB:32:7,JOB,Job,R1,REVIEW_CANDIDATE,0.199458005829926,0.2593421210617336,0.1879247125578857,WORK,-0.05988411523180759,0.011533293272040307,0.7690922130711161,1.061371881936431,False,False
1753,877,518,24,PRO:20:18,PRO,Proverbs,R0,REVIEW_CANDIDATE,0.1994087999865336,0.2365615998472131,0.1658406971808283,WORK,-0.037152799860679486,0.0335681028057053,0.8429466156608884,1.202411732321069,False,False
1754,877,518,24,PRO:20:18,PRO,Proverbs,R1,REVIEW_CANDIDATE,0.1994087999865336,0.2365615998472131,0.1658406971808283,WORK,-0.037152799860679486,0.0335681028057053,0.8429466156608884,1.202411732321069,False,False
1755,878,519,15,2KI:8:17,2KI,2Kings,R0,REVIEW_CANDIDATE,0.1992695448390005,0.2042283105495926,0.1574881551780614,WORK,-0.004958765710592089,0.04178138966093911,0.9757194989409269,1.2652986163543516,False,False
1756,878,519,15,2KI:8:17,2KI,2Kings,R1,REVIEW_CANDIDATE,0.1992695448390005,0.2042283105495926,0.1574881551780614,WORK,-0.004958765710592089,0.04178138966093911,0.9757194989409269,1.2652986163543516,False,False
1757,879,520,24,MRK:3:30,MRK,Mark,R0,REVIEW_CANDIDATE,0.199208810102534,0.2485395579355932,0.180716099125319,WORK,-0.04933074783305921,0.018492710977215,0.8015175200165005,1.1023301801373606,False,False
1758,879,520,24,MRK:3:30,MRK,Mark,R1,REVIEW_CANDIDATE,0.199208810102534,0.2485395579355932,0.180716099125319,WORK,-0.04933074783305921,0.018492710977215,0.8015175200165005,1.1023301801373606,False,False
1759,880,521,16,JER:6:4,JER,Jeremiah,R0,REVIEW_CANDIDATE,0.1991623380277732,0.203825573325914,0.1595710794486916,WORK,-0.004663235298140805,0.039591258579081606,0.9771214415244923,1.248110489168006,False,False
1760,880,521,16,JER:6:4,JER,Jeremiah,R1,REVIEW_CANDIDATE,0.1991623380277732,0.203825573325914,0.1595710794486916,WORK,-0.004663235298140805,0.039591258579081606,0.9771214415244923,1.248110489168006,False,False
1761,881,522,74,GEN:38:13,GEN,Genesis,R0,REVIEW_CANDIDATE,0.199110765848255,0.2785225450278982,0.1976616792286194,WORK,-0.0794117791796432,0.0014490866196355812,0.7148820424153135,1.0073311459524714,False,False
1762,881,522,74,GEN:38:13,GEN,Genesis,R1,REVIEW_CANDIDATE,0.199110765848255,0.2785225450278982,0.1976616792286194,WORK,-0.0794117791796432,0.0014490866196355812,0.7148820424153135,1.0073311459524714,False,False
1763,882,523,8,HEB:11:30,HEB,Hebrews,R0,REVIEW_CANDIDATE,0.1990730055831797,0.214279535005857,0.1704570020425162,WORK,-0.015206529422677306,0.028616003540663487,0.9290341496108732,1.1678781346484433,False,False
1764,882,523,8,HEB:11:30,HEB,Hebrews,R1,REVIEW_CANDIDATE,0.1990730055831797,0.214279535005857,0.1704570020425162,WORK,-0.015206529422677306,0.028616003540663487,0.9290341496108732,1.1678781346484433,False,False
1765,883,524,75,GEN:41:22,GEN,Genesis,R0,REVIEW_CANDIDATE,0.1990695570274395,0.2785225450278982,0.1976616792286194,WORK,-0.07945298800045869,0.0014078777988200952,0.7147340873518864,1.007122664364253,False,False
1766,883,524,75,GEN:41:22,GEN,Genesis,R1,REVIEW_CANDIDATE,0.1990695570274395,0.2785225450278982,0.1976616792286194,WORK,-0.07945298800045869,0.0014078777988200952,0.7147340873518864,1.007122664364253,False,False
1767,884,525,24,ISA:26:7,ISA,Isaiah,R0,REVIEW_CANDIDATE,0.1989139188142045,0.2203930443072171,0.1556613590945488,WORK,-0.02147912549301259,0.04325255971965569,0.9025417269382071,1.2778631766499229,False,False
1768,884,525,24,ISA:26:7,ISA,Isaiah,R1,REVIEW_CANDIDATE,0.1989139188142045,0.2203930443072171,0.1556613590945488,WORK,-0.02147912549301259,0.04325255971965569,0.9025417269382071,1.2778631766499229,False,False
1769,885,526,70,PSA:44:10,PSA,Psalms,R0,REVIEW_CANDIDATE,0.198902418061129,0.2517472342683223,0.1720894079000068,WORK,-0.05284481620719331,0.026813010161122197,0.7900877983395472,1.1558086025649064,False,False
1770,885,526,70,PSA:44:10,PSA,Psalms,R1,REVIEW_CANDIDATE,0.198902418061129,0.2517472342683223,0.1720894079000068,WORK,-0.05284481620719331,0.026813010161122197,0.7900877983395472,1.1558086025649064,False,False
1771,886,527,18,LEV:2:5,LEV,Leviticus,R0,REVIEW_CANDIDATE,0.1988726352149404,0.2536937138059426,0.1520578598094974,WORK,-0.05482107859100219,0.04681477540544299,0.7839084076283562,1.3078747488889686,False,False
1772,886,527,18,LEV:2:5,LEV,Leviticus,R1,REVIEW_CANDIDATE,0.1988726352149404,0.2536937138059426,0.1520578598094974,WORK,-0.05482107859100219,0.04681477540544299,0.7839084076283562,1.3078747488889686,False,False
1773,887,528,76,GEN:43:34,GEN,Genesis,R0,REVIEW_CANDIDATE,0.1988635170195936,0.2785225450278982,0.1976616792286194,WORK,-0.0796590280083046,0.0012018377909741862,0.7139943267417524,1.0060802771466093,False,False
1774,887,528,76,GEN:43:34,GEN,Genesis,R1,REVIEW_CANDIDATE,0.1988635170195936,0.2785225450278982,0.1976616792286194,WORK,-0.0796590280083046,0.0012018377909741862,0.7139943267417524,1.0060802771466093,False,False
1775,888,529,37,1SA:22:20,1SA,1Samuel,R0,REVIEW_CANDIDATE,0.1988234041158325,0.2543100235259803,0.1939952732916444,WORK,-0.05548661941014782,0.004828130824188093,0.7818150514052415,1.0248878786697533,False,False
1776,888,529,37,1SA:22:20,1SA,1Samuel,R1,REVIEW_CANDIDATE,0.1988234041158325,0.2543100235259803,0.1939952732916444,WORK,-0.05548661941014782,0.004828130824188093,0.7818150514052415,1.0248878786697533,False,False
1777,889,530,44,LUK:20:41,LUK,Luke,R0,REVIEW_CANDIDATE,0.1988020592485131,0.2425750004264786,0.1904093970791806,WORK,-0.043772941177965485,0.008392662169332515,0.8195488360259428,1.0440769326413153,False,False
1778,889,530,44,LUK:20:41,LUK,Luke,R1,REVIEW_CANDIDATE,0.1988020592485131,0.2425750004264786,0.1904093970791806,WORK,-0.043772941177965485,0.008392662169332515,0.8195488360259428,1.0440769326413153,False,False
1779,890,531,45,LUK:11:29,LUK,Luke,R0,REVIEW_CANDIDATE,0.1987610597530658,0.2425750004264786,0.1904093970791806,WORK,-0.04381394067341279,0.008351662673885207,0.8193798182154709,1.0438616097839553,False,False
1780,890,531,45,LUK:11:29,LUK,Luke,R1,REVIEW_CANDIDATE,0.1987610597530658,0.2425750004264786,0.1904093970791806,WORK,-0.04381394067341279,0.008351662673885207,0.8193798182154709,1.0438616097839553,False,False
1781,891,532,40,JHN:16:6,JHN,John,R0,REVIEW_CANDIDATE,0.1987274533845289,0.2799187388240086,0.1962180196842647,WORK,-0.08119128543947968,0.002509433700264213,0.7099469446719445,1.012789007372015,False,False
1782,891,532,40,JHN:16:6,JHN,John,R1,REVIEW_CANDIDATE,0.1987274533845289,0.2799187388240086,0.1962180196842647,WORK,-0.08119128543947968,0.002509433700264213,0.7099469446719445,1.012789007372015,False,False
1783,892,533,71,PSA:147:19,PSA,Psalms,R0,REVIEW_CANDIDATE,0.1986441188661954,0.2517472342683223,0.1720894079000068,WORK,-0.053103115402126894,0.02655471096618861,0.7890617723906056,1.1543076432781867,False,False
1784,892,533,71,PSA:147:19,PSA,Psalms,R1,REVIEW_CANDIDATE,0.1986441188661954,0.2517472342683223,0.1720894079000068,WORK,-0.053103115402126894,0.02655471096618861,0.7890617723906056,1.1543076432781867,False,False
1785,893,534,44,1CH:27:2,1CH,1Chronicles,R0,REVIEW_CANDIDATE,0.1985910855342916,0.2568844066016262,0.1958660090019126,WORK,-0.05829332106733459,0.0027250765323790227,0.7730756730682555,1.0139129629804853,False,False
1786,893,534,44,1CH:27:2,1CH,1Chronicles,R1,REVIEW_CANDIDATE,0.1985910855342916,0.2568844066016262,0.1958660090019126,WORK,-0.05829332106733459,0.0027250765323790227,0.7730756730682555,1.0139129629804853,False,False
1787,894,535,47,MAT:24:12,MAT,Matthew,R0,REVIEW_CANDIDATE,0.198506608088142,0.2574919331800241,0.1896752365333116,WORK,-0.05898532509188212,0.008831371554830408,0.7709235999613128,1.0465604878962647,False,False
1788,894,535,47,MAT:24:12,MAT,Matthew,R1,REVIEW_CANDIDATE,0.198506608088142,0.2574919331800241,0.1896752365333116,WORK,-0.05898532509188212,0.008831371554830408,0.7709235999613128,1.0465604878962647,False,False
1789,895,536,15,EXO:26:21,EXO,Exodus,R0,REVIEW_CANDIDATE,0.1984791392128736,0.2061688329235183,0.1458137712888438,WORK,-0.007689693710644707,0.052665367924029816,0.9627019583823452,1.3611824003900463,False,False
1790,896,537,16,EXO:36:26,EXO,Exodus,R0,REVIEW_CANDIDATE,0.1984791392128736,0.2061688329235183,0.1458137712888438,WORK,-0.007689693710644707,0.052665367924029816,0.9627019583823452,1.3611824003900463,False,False
1791,895,536,15,EXO:26:21,EXO,Exodus,R1,REVIEW_CANDIDATE,0.1984791392128736,0.2061688329235183,0.1458137712888438,WORK,-0.007689693710644707,0.052665367924029816,0.9627019583823452,1.3611824003900463,False,False
1792,896,537,16,EXO:36:26,EXO,Exodus,R1,REVIEW_CANDIDATE,0.1984791392128736,0.2061688329235183,0.1458137712888438,WORK,-0.007689693710644707,0.052665367924029816,0.9627019583823452,1.3611824003900463,False,False
1793,897,538,41,JHN:4:52,JHN,John,R0,REVIEW_CANDIDATE,0.1984585876448742,0.2799187388240086,0.1962180196842647,WORK,-0.08146015117913438,0.0022405679606095075,0.7089864311286774,1.011418767574022,False,False
1794,897,538,41,JHN:4:52,JHN,John,R1,REVIEW_CANDIDATE,0.1984585876448742,0.2799187388240086,0.1962180196842647,WORK,-0.08146015117913438,0.0022405679606095075,0.7089864311286774,1.011418767574022,False,False
1795,898,539,38,1SA:23:18,1SA,1Samuel,R0,REVIEW_CANDIDATE,0.1982864880875995,0.2543100235259803,0.1939952732916444,WORK,-0.05602353543838082,0.004291214795955095,0.7797037857115473,1.0221202028438283,False,False
1796,898,539,38,1SA:23:18,1SA,1Samuel,R1,REVIEW_CANDIDATE,0.1982864880875995,0.2543100235259803,0.1939952732916444,WORK,-0.05602353543838082,0.004291214795955095,0.7797037857115473,1.0221202028438283,False,False
1797,899,540,72,PSA:119:4,PSA,Psalms,R0,REVIEW_CANDIDATE,0.1982840763455817,0.2517472342683223,0.1720894079000068,WORK,-0.05346315792274059,0.026194668445574915,0.7876315977090044,1.1522154603541632,False,False
1798,899,540,72,PSA:119:4,PSA,Psalms,R1,REVIEW_CANDIDATE,0.1982840763455817,0.2517472342683223,0.1720894079000068,WORK,-0.05346315792274059,0.026194668445574915,0.7876315977090044,1.1522154603541632,False,False
1799,900,541,25,ISA:57:3,ISA,Isaiah,R0,REVIEW_CANDIDATE,0.1982571343852905,0.2203930443072171,0.1556613590945488,WORK,-0.0221359099219266,0.04259577529074168,0.8995616672408671,1.2736438608689584,False,False
1800,900,541,25,ISA:57:3,ISA,Isaiah,R1,REVIEW_CANDIDATE,0.1982571343852905,0.2203930443072171,0.1556613590945488,WORK,-0.0221359099219266,0.04259577529074168,0.8995616672408671,1.2736438608689584,False,False
1801,901,542,16,NUM:34:15,NUM,Numbers,R0,REVIEW_CANDIDATE,0.1982464069207824,0.2060272335177108,0.1521304504522337,WORK,-0.007780826596928386,0.04611595646854871,0.9622339898270802,1.3031342925197498,False,False
1802,901,542,16,NUM:34:15,NUM,Numbers,R1,REVIEW_CANDIDATE,0.1982464069207824,0.2060272335177108,0.1521304504522337,WORK,-0.007780826596928386,0.04611595646854871,0.9622339898270802,1.3031342925197498,False,False
1803,902,543,16,2CH:19:5,2CH,2Chronicles,R0,REVIEW_CANDIDATE,0.198242663487381,0.2156992211395015,0.1608023572188025,WORK,-0.01745655765212048,0.0374403062685785,0.9190699087372661,1.2328343123579573,False,False
1804,902,543,16,2CH:19:5,2CH,2Chronicles,R1,REVIEW_CANDIDATE,0.198242663487381,0.2156992211395015,0.1608023572188025,WORK,-0.01745655765212048,0.0374403062685785,0.9190699087372661,1.2328343123579573,False,False
1805,903,544,24,ACT:2:16,ACT,Acts,R0,REVIEW_CANDIDATE,0.198189897890034,0.2407747958049971,0.1622007514290091,WORK,-0.042584897914963116,0.035989146461024885,0.8231339049729586,1.221880269628568,False,False
1806,903,544,24,ACT:2:16,ACT,Acts,R1,REVIEW_CANDIDATE,0.198189897890034,0.2407747958049971,0.1622007514290091,WORK,-0.042584897914963116,0.035989146461024885,0.8231339049729586,1.221880269628568,False,False
1807,904,545,45,1CH:9:34,1CH,1Chronicles,R0,REVIEW_CANDIDATE,0.1981145880534943,0.2568844066016262,0.1958660090019126,WORK,-0.0587698185481319,0.0022485790515817117,0.771220762966467,1.011480190274157,False,False
1808,904,545,45,1CH:9:34,1CH,1Chronicles,R1,REVIEW_CANDIDATE,0.1981145880534943,0.2568844066016262,0.1958660090019126,WORK,-0.0587698185481319,0.0022485790515817117,0.771220762966467,1.011480190274157,False,False
1809,905,546,46,1CH:17:18,1CH,1Chronicles,R0,REVIEW_CANDIDATE,0.1980852394213467,0.2568844066016262,0.1958660090019126,WORK,-0.0587991671802795,0.002219230419434115,0.7711065145676022,1.011330349920044,False,False
1810,905,546,46,1CH:17:18,1CH,1Chronicles,R1,REVIEW_CANDIDATE,0.1980852394213467,0.2568844066016262,0.1958660090019126,WORK,-0.0587991671802795,0.002219230419434115,0.7711065145676022,1.011330349920044,False,False
1811,906,547,77,GEN:42:1,GEN,Genesis,R0,REVIEW_CANDIDATE,0.1979900562726898,0.2785225450278982,0.1976616792286194,WORK,-0.08053248875520838,0.0003283770440704048,0.7108582763124549,1.0016613085821788,False,False
1812,906,547,77,GEN:42:1,GEN,Genesis,R1,REVIEW_CANDIDATE,0.1979900562726898,0.2785225450278982,0.1976616792286194,WORK,-0.08053248875520838,0.0003283770440704048,0.7108582763124549,1.0016613085821788,False,False
1813,907,548,46,JOB:42:8,JOB,Job,R0,REVIEW_CANDIDATE,0.1978388178302416,0.2593421210617336,0.1879247125578857,WORK,-0.061503303231492,0.009914105272355894,0.7628487691096973,1.0527557293418879,False,False
1814,907,548,46,JOB:42:8,JOB,Job,R1,REVIEW_CANDIDATE,0.1978388178302416,0.2593421210617336,0.1879247125578857,WORK,-0.061503303231492,0.009914105272355894,0.7628487691096973,1.0527557293418879,False,False
1815,908,549,46,LUK:12:14,LUK,Luke,R0,REVIEW_CANDIDATE,0.197812563380816,0.2425750004264786,0.1904093970791806,WORK,-0.0447624370456626,0.0074031663016354,0.8154697022901602,1.038880257041919,False,False
1816,908,549,46,LUK:12:14,LUK,Luke,R1,REVIEW_CANDIDATE,0.197812563380816,0.2425750004264786,0.1904093970791806,WORK,-0.0447624370456626,0.0074031663016354,0.8154697022901602,1.038880257041919,False,False
1817,909,550,47,LUK:17:26,LUK,Luke,R0,REVIEW_CANDIDATE,0.1978007103375095,0.2425750004264786,0.1904093970791806,WORK,-0.044774290088969076,0.007391313258328924,0.8154208388735442,1.0388180067355357,False,False
1818,909,550,47,LUK:17:26,LUK,Luke,R1,REVIEW_CANDIDATE,0.1978007103375095,0.2425750004264786,0.1904093970791806,WORK,-0.044774290088969076,0.007391313258328924,0.8154208388735442,1.0388180067355357,False,False
1819,910,551,42,JHN:12:14,JHN,John,R0,REVIEW_CANDIDATE,0.197752219670126,0.2799187388240086,0.1962180196842647,WORK,-0.0821665191538826,0.0015341999858612954,0.7064629560025898,1.0078188536829082,False,False
1820,910,551,42,JHN:12:14,JHN,John,R1,REVIEW_CANDIDATE,0.197752219670126,0.2799187388240086,0.1962180196842647,WORK,-0.0821665191538826,0.0015341999858612954,0.7064629560025898,1.0078188536829082,False,False
1821,911,552,11,1CO:13:4,1CO,1Corinthians,R0,REVIEW_CANDIDATE,0.1977163656301889,0.2749938527419566,0.1602659200966021,WORK,-0.07727748711176768,0.03745044553358681,0.7189846742345843,1.2336769134137384,False,False
1822,911,552,11,1CO:13:4,1CO,1Corinthians,R1,REVIEW_CANDIDATE,0.1977163656301889,0.2749938527419566,0.1602659200966021,WORK,-0.07727748711176768,0.03745044553358681,0.7189846742345843,1.2336769134137384,False,False
1823,912,553,17,JER:3:15,JER,Jeremiah,R0,REVIEW_CANDIDATE,0.1976798204668166,0.203825573325914,0.1595710794486916,WORK,-0.006145752859097409,0.038108741018125,0.9698479795306625,1.2388198484950306,False,False
1824,912,553,17,JER:3:15,JER,Jeremiah,R1,REVIEW_CANDIDATE,0.1976798204668166,0.203825573325914,0.1595710794486916,WORK,-0.006145752859097409,0.038108741018125,0.9698479795306625,1.2388198484950306,False,False
1825,913,554,43,JHN:1:19,JHN,John,R0,REVIEW_CANDIDATE,0.1976760189805204,0.2799187388240086,0.1962180196842647,WORK,-0.08224271984348819,0.001457999296255702,0.7061907316780386,1.007430506630338,False,False
1826,913,554,43,JHN:1:19,JHN,John,R1,REVIEW_CANDIDATE,0.1976760189805204,0.2799187388240086,0.1962180196842647,WORK,-0.08224271984348819,0.001457999296255702,0.7061907316780386,1.007430506630338,False,False
1827,914,555,13,1KI:10:18,1KI,1Kings,R0,REVIEW_CANDIDATE,0.1975817611842425,0.2134238491198039,0.1471697863256086,WORK,-0.015842087935561383,0.05041197485863391,0.9257717073284132,1.3425429642678082,False,False
1828,914,555,13,1KI:10:18,1KI,1Kings,R1,REVIEW_CANDIDATE,0.1975817611842425,0.2134238491198039,0.1471697863256086,WORK,-0.015842087935561383,0.05041197485863391,0.9257717073284132,1.3425429642678082,False,False
1829,915,556,4,1TH:5:9,1TH,1Thessalonians,R0,REVIEW_CANDIDATE,0.197566040707759,0.3114588778178616,0.1777962178538115,WORK,-0.11389283711010259,0.01976982285394749,0.6343246405173716,1.1111937199372977,False,False
1830,915,556,4,1TH:5:9,1TH,1Thessalonians,R1,REVIEW_CANDIDATE,0.197566040707759,0.3114588778178616,0.1777962178538115,WORK,-0.11389283711010259,0.01976982285394749,0.6343246405173716,1.1111937199372977,False,False
1831,916,557,39,1SA:18:11,1SA,1Samuel,R0,REVIEW_CANDIDATE,0.1975479713194515,0.2543100235259803,0.1939952732916444,WORK,-0.0567620522065288,0.0035526980278071107,0.7767997839034056,1.0183133226265062,False,False
1832,916,557,39,1SA:18:11,1SA,1Samuel,R1,REVIEW_CANDIDATE,0.1975479713194515,0.2543100235259803,0.1939952732916444,WORK,-0.0567620522065288,0.0035526980278071107,0.7767997839034056,1.0183133226265062,False,False
1833,917,558,14,EZE:48:8,EZE,Ezekiel,R0,REVIEW_CANDIDATE,0.1975437882112232,0.1977293149575067,0.1466200453576744,WORK,-0.00018552674628349863,0.05092374285354881,0.9990617135030111,1.347317740417568,False,False
1834,917,558,14,EZE:48:8,EZE,Ezekiel,R1,REVIEW_CANDIDATE,0.1975437882112232,0.1977293149575067,0.1466200453576744,WORK,-0.00018552674628349863,0.05092374285354881,0.9990617135030111,1.347317740417568,False,False
1835,918,559,11,NEH:12:23,NEH,Nehemiah,R0,REVIEW_CANDIDATE,0.1973222706505127,0.249097416043593,0.1712008590080952,WORK,-0.05177514539308031,0.02612141164241749,0.7921490065395963,1.152577573464058,False,False
1836,918,559,11,NEH:12:23,NEH,Nehemiah,R1,REVIEW_CANDIDATE,0.1973222706505127,0.249097416043593,0.1712008590080952,WORK,-0.05177514539308031,0.02612141164241749,0.7921490065395963,1.152577573464058,False,False
1837,919,560,73,PSA:78:42,PSA,Psalms,R0,REVIEW_CANDIDATE,0.197275514909727,0.2517472342683223,0.1720894079000068,WORK,-0.054471719358595294,0.02518610700972021,0.7836253513691549,1.1463547775372362,False,False
1838,919,560,73,PSA:78:42,PSA,Psalms,R1,REVIEW_CANDIDATE,0.197275514909727,0.2517472342683223,0.1720894079000068,WORK,-0.054471719358595294,0.02518610700972021,0.7836253513691549,1.1463547775372362,False,False
1839,920,561,74,PSA:38:20,PSA,Psalms,R0,REVIEW_CANDIDATE,0.1972499081656361,0.2517472342683223,0.1720894079000068,WORK,-0.054497326102686205,0.0251605002656293,0.7835236352801367,1.1462059784658503,False,False
1840,920,561,74,PSA:38:20,PSA,Psalms,R1,REVIEW_CANDIDATE,0.1972499081656361,0.2517472342683223,0.1720894079000068,WORK,-0.054497326102686205,0.0251605002656293,0.7835236352801367,1.1462059784658503,False,False
1841,921,562,15,EZE:34:23,EZE,Ezekiel,R0,REVIEW_CANDIDATE,0.1972387565555757,0.1977293149575067,0.1466200453576744,WORK,-0.0004905584019309905,0.05061871119790132,0.9975190406033804,1.3452373178198027,False,False
1842,921,562,15,EZE:34:23,EZE,Ezekiel,R1,REVIEW_CANDIDATE,0.1972387565555757,0.1977293149575067,0.1466200453576744,WORK,-0.0004905584019309905,0.05061871119790132,0.9975190406033804,1.3452373178198027,False,False
1843,922,563,17,EXO:36:24,EXO,Exodus,R0,REVIEW_CANDIDATE,0.1971349106685822,0.2061688329235183,0.1458137712888438,WORK,-0.009033922254936128,0.051321139379738395,0.956181920774187,1.3519635966213088,False,False
1844,922,563,17,EXO:36:24,EXO,Exodus,R1,REVIEW_CANDIDATE,0.1971349106685822,0.2061688329235183,0.1458137712888438,WORK,-0.009033922254936128,0.051321139379738395,0.956181920774187,1.3519635966213088,False,False
1845,923,564,47,JOB:2:7,JOB,Job,R0,REVIEW_CANDIDATE,0.1971327872372249,0.2593421210617336,0.1879247125578857,WORK,-0.06220933382450869,0.009208074679339207,0.7601263783537098,1.048998742922131,False,False
1846,923,564,47,JOB:2:7,JOB,Job,R1,REVIEW_CANDIDATE,0.1971327872372249,0.2593421210617336,0.1879247125578857,WORK,-0.06220933382450869,0.009208074679339207,0.7601263783537098,1.048998742922131,False,False
1847,924,565,18,JER:33:21,JER,Jeremiah,R0,REVIEW_CANDIDATE,0.1971061430694366,0.203825573325914,0.1595710794486916,WORK,-0.006719430256477393,0.03753506362074502,0.9670334288929823,1.2352247271274117,False,False
1848,924,565,18,JER:33:21,JER,Jeremiah,R1,REVIEW_CANDIDATE,0.1971061430694366,0.203825573325914,0.1595710794486916,WORK,-0.006719430256477393,0.03753506362074502,0.9670334288929823,1.2352247271274117,False,False
1849,925,566,2,MAL:2:8,MAL,Malachi,R0,REVIEW_CANDIDATE,0.1970824924145153,0.2285586825897554,0.1622817772666177,WORK,-0.03147619017524009,0.03480071514789762,0.8622839884331267,1.2144462288622984,False,False
1850,925,566,2,MAL:2:8,MAL,Malachi,R1,REVIEW_CANDIDATE,0.1970824924145153,0.2285586825897554,0.1622817772666177,WORK,-0.03147619017524009,0.03480071514789762,0.8622839884331267,1.2144462288622984,False,False
1851,926,567,19,LEV:15:19,LEV,Leviticus,R0,REVIEW_CANDIDATE,0.1969258382097564,0.2536937138059426,0.1520578598094974,WORK,-0.05676787559618618,0.044867978400258995,0.7762345990188408,1.2950717474024094,False,False
1852,926,567,19,LEV:15:19,LEV,Leviticus,R1,REVIEW_CANDIDATE,0.1969258382097564,0.2536937138059426,0.1520578598094974,WORK,-0.05676787559618618,0.044867978400258995,0.7762345990188408,1.2950717474024094,False,False
1853,927,568,26,ISA:43:22,ISA,Isaiah,R0,REVIEW_CANDIDATE,0.1968912170040261,0.2203930443072171,0.1556613590945488,WORK,-0.023501827303191003,0.04122985790947728,0.8933640243635339,1.2648689318229211,False,False
1854,927,568,26,ISA:43:22,ISA,Isaiah,R1,REVIEW_CANDIDATE,0.1968912170040261,0.2203930443072171,0.1556613590945488,WORK,-0.023501827303191003,0.04122985790947728,0.8933640243635339,1.2648689318229211,False,False
1855,928,569,48,JOB:21:32,JOB,Job,R0,REVIEW_CANDIDATE,0.1968798518055952,0.2593421210617336,0.1879247125578857,WORK,-0.0624622692561384,0.008955139247709493,0.7591510819745708,1.047652802687944,False,False
1856,928,569,48,JOB:21:32,JOB,Job,R1,REVIEW_CANDIDATE,0.1968798518055952,0.2593421210617336,0.1879247125578857,WORK,-0.0624622692561384,0.008955139247709493,0.7591510819745708,1.047652802687944,False,False
1857,929,570,27,ISA:28:23,ISA,Isaiah,R0,REVIEW_CANDIDATE,0.1968712332097261,0.2203930443072171,0.1556613590945488,WORK,-0.02352181109749099,0.04120987411517729,0.8932733509288853,1.2647405518934625,False,False
1858,929,570,27,ISA:28:23,ISA,Isaiah,R1,REVIEW_CANDIDATE,0.1968712332097261,0.2203930443072171,0.1556613590945488,WORK,-0.02352181109749099,0.04120987411517729,0.8932733509288853,1.2647405518934625,False,False
1859,930,571,11,2CO:1:21,2CO,2Corinthians,R0,REVIEW_CANDIDATE,0.196809097042679,0.2574882529560191,0.1765156917175364,WORK,-0.06067915591334014,0.020293405325142594,0.7643420419505329,1.1149665796150094,False,False
1860,930,571,11,2CO:1:21,2CO,2Corinthians,R1,REVIEW_CANDIDATE,0.196809097042679,0.2574882529560191,0.1765156917175364,WORK,-0.06067915591334014,0.020293405325142594,0.7643420419505329,1.1149665796150094,False,False
1861,931,572,4,ZEC:11:8,ZEC,Zechariah,R0,REVIEW_CANDIDATE,0.1968066911431216,0.1979117914121707,0.1701784058121591,WORK,-0.0011051002690490863,0.02662828533096251,0.994416197937658,1.1564727628272327,False,False
1862,931,572,4,ZEC:11:8,ZEC,Zechariah,R1,REVIEW_CANDIDATE,0.1968066911431216,0.1979117914121707,0.1701784058121591,WORK,-0.0011051002690490863,0.02662828533096251,0.994416197937658,1.1564727628272327,False,False
1863,932,573,47,1CH:6:15,1CH,1Chronicles,R0,REVIEW_CANDIDATE,0.1966993749584668,0.2568844066016262,0.1958660090019126,WORK,-0.060185031643159415,0.0008333659565541995,0.7657116193257547,1.0042547758072002,False,False
1864,932,573,47,1CH:6:15,1CH,1Chronicles,R1,REVIEW_CANDIDATE,0.1966993749584668,0.2568844066016262,0.1958660090019126,WORK,-0.060185031643159415,0.0008333659565541995,0.7657116193257547,1.0042547758072002,False,False
1865,933,574,12,1CO:5:12,1CO,1Corinthians,R0,REVIEW_CANDIDATE,0.1965750768865104,0.2749938527419566,0.1602659200966021,WORK,-0.07841877585544618,0.036309156789908315,0.7148344405755452,1.2265556942363203,False,False
1866,933,574,12,1CO:5:12,1CO,1Corinthians,R1,REVIEW_CANDIDATE,0.1965750768865104,0.2749938527419566,0.1602659200966021,WORK,-0.07841877585544618,0.036309156789908315,0.7148344405755452,1.2265556942363203,False,False
1867,934,575,44,JHN:13:34,JHN,John,R0,REVIEW_CANDIDATE,0.196565499314927,0.2799187388240086,0.1962180196842647,WORK,-0.08335323950908158,0.0003474796306623118,0.7022234386334253,1.0017708854223555,False,False
1868,934,575,44,JHN:13:34,JHN,John,R1,REVIEW_CANDIDATE,0.196565499314927,0.2799187388240086,0.1962180196842647,WORK,-0.08335323950908158,0.0003474796306623118,0.7022234386334253,1.0017708854223555,False,False
1869,935,576,75,PSA:116:13,PSA,Psalms,R0,REVIEW_CANDIDATE,0.196216441371844,0.2517472342683223,0.1720894079000068,WORK,-0.055530792896478304,0.0241270334718372,0.7794184589241947,1.1402005722854036,False,False
1870,935,576,75,PSA:116:13,PSA,Psalms,R1,REVIEW_CANDIDATE,0.196216441371844,0.2517472342683223,0.1720894079000068,WORK,-0.055530792896478304,0.0241270334718372,0.7794184589241947,1.1402005722854036,False,False
1871,936,577,25,MRK:2:10,MRK,Mark,R0,REVIEW_CANDIDATE,0.1960606948365482,0.2485395579355932,0.180716099125319,WORK,-0.05247886309904501,0.015344595711229203,0.7888510644545186,1.0849099542625054,False,False
1872,936,577,25,MRK:2:10,MRK,Mark,R1,REVIEW_CANDIDATE,0.1960606948365482,0.2485395579355932,0.180716099125319,WORK,-0.05247886309904501,0.015344595711229203,0.7888510644545186,1.0849099542625054,False,False
1873,937,578,19,JER:38:28,JER,Jeremiah,R0,REVIEW_CANDIDATE,0.1959421676519821,0.203825573325914,0.1595710794486916,WORK,-0.007883405673931893,0.03637108820329052,0.9613227842547194,1.2279303262781103,False,False
1874,937,578,19,JER:38:28,JER,Jeremiah,R1,REVIEW_CANDIDATE,0.1959421676519821,0.203825573325914,0.1595710794486916,WORK,-0.007883405673931893,0.03637108820329052,0.9613227842547194,1.2279303262781103,False,False
1875,938,579,49,JOB:39:4,JOB,Job,R0,REVIEW_CANDIDATE,0.1959345219797774,0.2593421210617336,0.1879247125578857,WORK,-0.0634075990819562,0.008009809421891695,0.755505974801283,1.0426224380650546,False,False
1876,938,579,49,JOB:39:4,JOB,Job,R1,REVIEW_CANDIDATE,0.1959345219797774,0.2593421210617336,0.1879247125578857,WORK,-0.0634075990819562,0.008009809421891695,0.755505974801283,1.0426224380650546,False,False
1877,939,580,76,PSA:121:8,PSA,Psalms,R0,REVIEW_CANDIDATE,0.1959323732499628,0.2517472342683223,0.1720894079000068,WORK,-0.0558148610183595,0.023842965349956002,0.7782900726572838,1.138549871493602,False,False
1878,939,580,76,PSA:121:8,PSA,Psalms,R1,REVIEW_CANDIDATE,0.1959323732499628,0.2517472342683223,0.1720894079000068,WORK,-0.0558148610183595,0.023842965349956002,0.7782900726572838,1.138549871493602,False,False
1879,940,581,77,PSA:104:12,PSA,Psalms,R0,REVIEW_CANDIDATE,0.1959272649267383,0.2517472342683223,0.1720894079000068,WORK,-0.05581996934158401,0.023837857026731496,0.7782697811802419,1.1385201873701756,False,False
1880,940,581,77,PSA:104:12,PSA,Psalms,R1,REVIEW_CANDIDATE,0.1959272649267383,0.2517472342683223,0.1720894079000068,WORK,-0.05581996934158401,0.023837857026731496,0.7782697811802419,1.1385201873701756,False,False
1881,941,582,48,MAT:13:7,MAT,Matthew,R0,REVIEW_CANDIDATE,0.1959117263074367,0.2574919331800241,0.1896752365333116,WORK,-0.06158020687258742,0.006236489774125109,0.760846073459187,1.0328798312742835,False,False
1882,941,582,48,MAT:13:7,MAT,Matthew,R1,REVIEW_CANDIDATE,0.1959117263074367,0.2574919331800241,0.1896752365333116,WORK,-0.06158020687258742,0.006236489774125109,0.760846073459187,1.0328798312742835,False,False
1883,942,583,40,1SA:17:12,1SA,1Samuel,R0,REVIEW_CANDIDATE,0.195900361484914,0.2543100235259803,0.1939952732916444,WORK,-0.05840966204106632,0.001905088193269594,0.7703210387415218,1.009820281499362,False,False
1884,942,583,40,1SA:17:12,1SA,1Samuel,R1,REVIEW_CANDIDATE,0.195900361484914,0.2543100235259803,0.1939952732916444,WORK,-0.05840966204106632,0.001905088193269594,0.7703210387415218,1.009820281499362,False,False
1885,943,584,48,1CH:21:9,1CH,1Chronicles,R0,REVIEW_CANDIDATE,0.195882278318155,0.2568844066016262,0.1958660090019126,WORK,-0.06100212828347121,1.6269316242406573e-05,0.762530824309345,1.0000830635000189,False,False
1886,943,584,48,1CH:21:9,1CH,1Chronicles,R1,REVIEW_CANDIDATE,0.195882278318155,0.2568844066016262,0.1958660090019126,WORK,-0.06100212828347121,1.6269316242406573e-05,0.762530824309345,1.0000830635000189,False,False
1887,944,585,10,ECC:11:8,ECC,Ecclesiastes,R0,REVIEW_CANDIDATE,0.1958662045987905,0.2462926441161754,0.1879518236166134,WORK,-0.0504264395173849,0.007914380982177116,0.7952580366403517,1.0421085618106105,False,False
1888,944,585,10,ECC:11:8,ECC,Ecclesiastes,R1,REVIEW_CANDIDATE,0.1958662045987905,0.2462926441161754,0.1879518236166134,WORK,-0.0504264395173849,0.007914380982177116,0.7952580366403517,1.0421085618106105,False,False
1889,945,586,78,PSA:119:89,PSA,Psalms,R0,REVIEW_CANDIDATE,0.1957372663885432,0.2517472342683223,0.1720894079000068,WORK,-0.056009967879779105,0.0236478584885364,0.7775150617143168,1.1374161186159526,False,False
1890,945,586,78,PSA:119:89,PSA,Psalms,R1,REVIEW_CANDIDATE,0.1957372663885432,0.2517472342683223,0.1720894079000068,WORK,-0.056009967879779105,0.0236478584885364,0.7775150617143168,1.1374161186159526,False,False
1891,946,587,11,ECC:1:1,ECC,Ecclesiastes,R0,REVIEW_CANDIDATE,0.1956860622335262,0.2462926441161754,0.1879518236166134,WORK,-0.050606581882649215,0.007734238616912803,0.7945266207025726,1.0411501121302722,False,False
1892,946,587,11,ECC:1:1,ECC,Ecclesiastes,R1,REVIEW_CANDIDATE,0.1956860622335262,0.2462926441161754,0.1879518236166134,WORK,-0.050606581882649215,0.007734238616912803,0.7945266207025726,1.0411501121302722,False,False
1893,947,588,79,PSA:92:10,PSA,Psalms,R0,REVIEW_CANDIDATE,0.1956698520434364,0.2517472342683223,0.1720894079000068,WORK,-0.0560773822248859,0.023580444143429607,0.7772472758722887,1.1370243783808653,False,False
1894,947,588,79,PSA:92:10,PSA,Psalms,R1,REVIEW_CANDIDATE,0.1956698520434364,0.2517472342683223,0.1720894079000068,WORK,-0.0560773822248859,0.023580444143429607,0.7772472758722887,1.1370243783808653,False,False
1895,948,589,28,ISA:5:3,ISA,Isaiah,R0,REVIEW_CANDIDATE,0.1956083917513058,0.2203930443072171,0.1556613590945488,WORK,-0.024784652555911307,0.039947032656756976,0.887543399412539,1.2566278033875646,False,False
1896,948,589,28,ISA:5:3,ISA,Isaiah,R1,REVIEW_CANDIDATE,0.1956083917513058,0.2203930443072171,0.1556613590945488,WORK,-0.024784652555911307,0.039947032656756976,0.887543399412539,1.2566278033875646,False,False
1897,949,590,48,LUK:14:7,LUK,Luke,R0,REVIEW_CANDIDATE,0.1955356631513589,0.2425750004264786,0.1904093970791806,WORK,-0.04703933727511969,0.005126266072178309,0.8060833260129099,1.026922337609454,False,False
1898,949,590,48,LUK:14:7,LUK,Luke,R1,REVIEW_CANDIDATE,0.1955356631513589,0.2425750004264786,0.1904093970791806,WORK,-0.04703933727511969,0.005126266072178309,0.8060833260129099,1.026922337609454,False,False
1899,950,591,17,NUM:2:32,NUM,Numbers,R0,REVIEW_CANDIDATE,0.1955303376500694,0.2060272335177108,0.1521304504522337,WORK,-0.010496895867641381,0.04339988719783572,0.9490509303628589,1.2852807381350817,False,False
1900,950,591,17,NUM:2:32,NUM,Numbers,R1,REVIEW_CANDIDATE,0.1955303376500694,0.2060272335177108,0.1521304504522337,WORK,-0.010496895867641381,0.04339988719783572,0.9490509303628589,1.2852807381350817,False,False
1901,951,592,25,ACT:25:6,ACT,Acts,R0,REVIEW_CANDIDATE,0.1955114131848027,0.2407747958049971,0.1622007514290091,WORK,-0.045263382620194414,0.033310661755793586,0.8120094652396544,1.205366876924567,False,False
1902,951,592,25,ACT:25:6,ACT,Acts,R1,REVIEW_CANDIDATE,0.1955114131848027,0.2407747958049971,0.1622007514290091,WORK,-0.045263382620194414,0.033310661755793586,0.8120094652396544,1.205366876924567,False,False
1903,952,593,49,LUK:7:8,LUK,Luke,R0,REVIEW_CANDIDATE,0.1954919405870849,0.2425750004264786,0.1904093970791806,WORK,-0.047083059839393676,0.005082543507904325,0.8059030825245161,1.0266927136258448,False,False
1904,952,593,49,LUK:7:8,LUK,Luke,R1,REVIEW_CANDIDATE,0.1954919405870849,0.2425750004264786,0.1904093970791806,WORK,-0.047083059839393676,0.005082543507904325,0.8059030825245161,1.0266927136258448,False,False
1905,953,594,20,JER:40:10,JER,Jeremiah,R0,REVIEW_CANDIDATE,0.1952848466725131,0.203825573325914,0.1595710794486916,WORK,-0.008540726653400887,0.035713767223821524,0.9580978651793394,1.2238110273315843,False,False
1906,953,594,20,JER:40:10,JER,Jeremiah,R1,REVIEW_CANDIDATE,0.1952848466725131,0.203825573325914,0.1595710794486916,WORK,-0.008540726653400887,0.035713767223821524,0.9580978651793394,1.2238110273315843,False,False
1907,954,595,18,EXO:26:33,EXO,Exodus,R0,REVIEW_CANDIDATE,0.1952731952401013,0.2061688329235183,0.1458137712888438,WORK,-0.010895637683417003,0.04945942395125752,0.9471518680640787,1.3391958353047664,False,False
1908,954,595,18,EXO:26:33,EXO,Exodus,R1,REVIEW_CANDIDATE,0.1952731952401013,0.2061688329235183,0.1458137712888438,WORK,-0.010895637683417003,0.04945942395125752,0.9471518680640787,1.3391958353047664,False,False
1909,955,596,29,ISA:11:13,ISA,Isaiah,R0,REVIEW_CANDIDATE,0.1951868683888691,0.2203930443072171,0.1556613590945488,WORK,-0.025206175918348006,0.03952550929432028,0.8856308011099849,1.253919852198595,False,False
1910,955,596,29,ISA:11:13,ISA,Isaiah,R1,REVIEW_CANDIDATE,0.1951868683888691,0.2203930443072171,0.1556613590945488,WORK,-0.025206175918348006,0.03952550929432028,0.8856308011099849,1.253919852198595,False,False
1911,956,597,50,LUK:4:23,LUK,Luke,R0,REVIEW_CANDIDATE,0.1951593347142909,0.2425750004264786,0.1904093970791806,WORK,-0.04741566571218769,0.004749937635110307,0.8045319359834082,1.0249459202537943,False,False
1912,956,597,50,LUK:4:23,LUK,Luke,R1,REVIEW_CANDIDATE,0.1951593347142909,0.2425750004264786,0.1904093970791806,WORK,-0.04741566571218769,0.004749937635110307,0.8045319359834082,1.0249459202537943,False,False
1913,957,598,26,ACT:8:29,ACT,Acts,R0,REVIEW_CANDIDATE,0.1948065620869424,0.2407747958049971,0.1622007514290091,WORK,-0.045968233718054724,0.032605810657933276,0.8090820363303961,1.2010213292520038,False,False
1914,957,598,26,ACT:8:29,ACT,Acts,R1,REVIEW_CANDIDATE,0.1948065620869424,0.2407747958049971,0.1622007514290091,WORK,-0.045968233718054724,0.032605810657933276,0.8090820363303961,1.2010213292520038,False,False
1915,958,599,80,PSA:129:6,PSA,Psalms,R0,REVIEW_CANDIDATE,0.194781147637877,0.2517472342683223,0.1720894079000068,WORK,-0.056966086630445306,0.022691739737870198,0.7737171302159032,1.1318601767231096,False,False
1916,958,599,80,PSA:129:6,PSA,Psalms,R1,REVIEW_CANDIDATE,0.194781147637877,0.2517472342683223,0.1720894079000068,WORK,-0.056966086630445306,0.022691739737870198,0.7737171302159032,1.1318601767231096,False,False
1917,959,600,27,ACT:24:11,ACT,Acts,R0,REVIEW_CANDIDATE,0.1947442937014669,0.2407747958049971,0.1622007514290091,WORK,-0.04603050210353021,0.03254354227245779,0.8088234196206724,1.2006374322297835,False,False
1918,959,600,27,ACT:24:11,ACT,Acts,R1,REVIEW_CANDIDATE,0.1947442937014669,0.2407747958049971,0.1622007514290091,WORK,-0.04603050210353021,0.03254354227245779,0.8088234196206724,1.2006374322297835,False,False
1919,960,601,16,2KI:23:23,2KI,2Kings,R0,REVIEW_CANDIDATE,0.1946478944167218,0.2042283105495926,0.1574881551780614,WORK,-0.009580416132870778,0.03715973923866042,0.9530896764161187,1.2359525971756185,False,False
1920,960,601,16,2KI:23:23,2KI,2Kings,R1,REVIEW_CANDIDATE,0.1946478944167218,0.2042283105495926,0.1574881551780614,WORK,-0.009580416132870778,0.03715973923866042,0.9530896764161187,1.2359525971756185,False,False
1921,961,602,81,PSA:44:11,PSA,Psalms,R0,REVIEW_CANDIDATE,0.1946294376203075,0.2517472342683223,0.1720894079000068,WORK,-0.05711779664801481,0.022540029720300697,0.7731145018771631,1.1309785999926136,False,False
1922,961,602,81,PSA:44:11,PSA,Psalms,R1,REVIEW_CANDIDATE,0.1946294376203075,0.2517472342683223,0.1720894079000068,WORK,-0.05711779664801481,0.022540029720300697,0.7731145018771631,1.1309785999926136,False,False
1923,962,603,30,ISA:22:9,ISA,Isaiah,R0,REVIEW_CANDIDATE,0.1945054206566293,0.2203930443072171,0.1556613590945488,WORK,-0.025887623650587804,0.03884406156208048,0.8825388354157778,1.249542094377363,False,False
1924,962,603,30,ISA:22:9,ISA,Isaiah,R1,REVIEW_CANDIDATE,0.1945054206566293,0.2203930443072171,0.1556613590945488,WORK,-0.025887623650587804,0.03884406156208048,0.8825388354157778,1.249542094377363,False,False
1925,963,604,28,ACT:13:47,ACT,Acts,R0,REVIEW_CANDIDATE,0.1944363683656625,0.2407747958049971,0.1622007514290091,WORK,-0.04633842743933461,0.03223561693665339,0.8075445260605102,1.1987390110875167,False,False
1926,963,604,28,ACT:13:47,ACT,Acts,R1,REVIEW_CANDIDATE,0.1944363683656625,0.2407747958049971,0.1622007514290091,WORK,-0.04633842743933461,0.03223561693665339,0.8075445260605102,1.1987390110875167,False,False
1927,964,605,51,LUK:21:34,LUK,Luke,R0,REVIEW_CANDIDATE,0.1943947800103603,0.2425750004264786,0.1904093970791806,WORK,-0.048180220416118275,0.003985382931179726,0.8013801078783422,1.0209306000245484,False,False
1928,964,605,51,LUK:21:34,LUK,Luke,R1,REVIEW_CANDIDATE,0.1943947800103603,0.2425750004264786,0.1904093970791806,WORK,-0.048180220416118275,0.003985382931179726,0.8013801078783422,1.0209306000245484,False,False
1929,965,606,21,JER:13:19,JER,Jeremiah,R0,REVIEW_CANDIDATE,0.1942279720839124,0.203825573325914,0.1595710794486916,WORK,-0.009597601242001597,0.034656892635220815,0.9529126738838841,1.217187805929234,False,False
1930,965,606,21,JER:13:19,JER,Jeremiah,R1,REVIEW_CANDIDATE,0.1942279720839124,0.203825573325914,0.1595710794486916,WORK,-0.009597601242001597,0.034656892635220815,0.9529126738838841,1.217187805929234,False,False
1931,966,607,41,1SA:20:10,1SA,1Samuel,R0,REVIEW_CANDIDATE,0.1941265941748919,0.2543100235259803,0.1939952732916444,WORK,-0.06018342935108842,0.00013132088324749325,0.7633462161001291,1.0006769282623194,False,False
1932,966,607,41,1SA:20:10,1SA,1Samuel,R1,REVIEW_CANDIDATE,0.1941265941748919,0.2543100235259803,0.1939952732916444,WORK,-0.06018342935108842,0.00013132088324749325,0.7633462161001291,1.0006769282623194,False,False
1933,967,608,82,PSA:90:12,PSA,Psalms,R0,REVIEW_CANDIDATE,0.1940620718866748,0.2517472342683223,0.1720894079000068,WORK,-0.0576851623816475,0.021972663986668,0.7708607899931709,1.1276816757916635,False,False
1934,967,608,82,PSA:90:12,PSA,Psalms,R1,REVIEW_CANDIDATE,0.1940620718866748,0.2517472342683223,0.1720894079000068,WORK,-0.0576851623816475,0.021972663986668,0.7708607899931709,1.1276816757916635,False,False
1935,968,609,83,PSA:57:4,PSA,Psalms,R0,REVIEW_CANDIDATE,0.1940192979895793,0.2517472342683223,0.1720894079000068,WORK,-0.05772793627874301,0.021929890089572496,0.770690881881887,1.1274331195462939,False,False
1936,968,609,83,PSA:57:4,PSA,Psalms,R1,REVIEW_CANDIDATE,0.1940192979895793,0.2517472342683223,0.1720894079000068,WORK,-0.05772793627874301,0.021929890089572496,0.770690881881887,1.1274331195462939,False,False
1937,969,610,52,LUK:23:37,LUK,Luke,R0,REVIEW_CANDIDATE,0.1940022875072418,0.2425750004264786,0.1904093970791806,WORK,-0.04857271291923679,0.003592890428061213,0.7997620825153474,1.018869291553752,False,False
1938,969,610,52,LUK:23:37,LUK,Luke,R1,REVIEW_CANDIDATE,0.1940022875072418,0.2425750004264786,0.1904093970791806,WORK,-0.04857271291923679,0.003592890428061213,0.7997620825153474,1.018869291553752,False,False
1939,970,611,53,LUK:2:11,LUK,Luke,R0,REVIEW_CANDIDATE,0.1938875259587685,0.2425750004264786,0.1904093970791806,WORK,-0.0486874744677101,0.0034781288795878995,0.7992889853360357,1.0182665820749464,False,False
1940,970,611,53,LUK:2:11,LUK,Luke,R1,REVIEW_CANDIDATE,0.1938875259587685,0.2425750004264786,0.1904093970791806,WORK,-0.0486874744677101,0.0034781288795878995,0.7992889853360357,1.0182665820749464,False,False
1941,971,612,17,2KI:23:22,2KI,2Kings,R0,REVIEW_CANDIDATE,0.1938599346969514,0.2042283105495926,0.1574881551780614,WORK,-0.010368375852641193,0.03637177951889001,0.949231446782578,1.2309493020460291,False,False
1942,971,612,17,2KI:23:22,2KI,2Kings,R1,REVIEW_CANDIDATE,0.1938599346969514,0.2042283105495926,0.1574881551780614,WORK,-0.010368375852641193,0.03637177951889001,0.949231446782578,1.2309493020460291,False,False
1943,972,613,84,PSA:116:2,PSA,Psalms,R0,REVIEW_CANDIDATE,0.1938300113925108,0.2517472342683223,0.1720894079000068,WORK,-0.0579172228758115,0.021740603492504007,0.7699389904157556,1.1263331878341778,False,False
1944,972,613,84,PSA:116:2,PSA,Psalms,R1,REVIEW_CANDIDATE,0.1938300113925108,0.2517472342683223,0.1720894079000068,WORK,-0.0579172228758115,0.021740603492504007,0.7699389904157556,1.1263331878341778,False,False
1945,973,614,49,MAT:27:15,MAT,Matthew,R0,REVIEW_CANDIDATE,0.1937378775853698,0.2574919331800241,0.1896752365333116,WORK,-0.0637540555946543,0.004062641052058225,0.7524036780209304,1.021418932309304,False,False
1946,973,614,49,MAT:27:15,MAT,Matthew,R1,REVIEW_CANDIDATE,0.1937378775853698,0.2574919331800241,0.1896752365333116,WORK,-0.0637540555946543,0.004062641052058225,0.7524036780209304,1.021418932309304,False,False
1947,974,615,12,2CO:2:2,2CO,2Corinthians,R0,REVIEW_CANDIDATE,0.1936382846839106,0.2574882529560191,0.1765156917175364,WORK,-0.06384996827210854,0.017122592966374195,0.7520276457698651,1.097003234102122,False,False
1948,974,615,12,2CO:2:2,2CO,2Corinthians,R1,REVIEW_CANDIDATE,0.1936382846839106,0.2574882529560191,0.1765156917175364,WORK,-0.06384996827210854,0.017122592966374195,0.7520276457698651,1.097003234102122,False,False
1949,975,616,19,DEU:3:19,DEU,Deuteronomy,R0,REVIEW_CANDIDATE,0.193621625356837,0.2277736606676687,0.158268997269363,WORK,-0.03415203531083169,0.035352628087474,0.8500615250651788,1.2233705191630566,False,False
1950,975,616,19,DEU:3:19,DEU,Deuteronomy,R1,REVIEW_CANDIDATE,0.193621625356837,0.2277736606676687,0.158268997269363,WORK,-0.03415203531083169,0.035352628087474,0.8500615250651788,1.2233705191630566,False,False
1951,976,617,22,JER:34:18,JER,Jeremiah,R0,REVIEW_CANDIDATE,0.1936141227022538,0.203825573325914,0.1595710794486916,WORK,-0.01021145062366019,0.03404304325356222,0.9499010332362356,1.2133409347807815,False,False
1952,976,617,22,JER:34:18,JER,Jeremiah,R1,REVIEW_CANDIDATE,0.1936141227022538,0.203825573325914,0.1595710794486916,WORK,-0.01021145062366019,0.03404304325356222,0.9499010332362356,1.2133409347807815,False,False
1953,977,618,11,JDG:5:21,JDG,Judges,R0,REVIEW_CANDIDATE,0.1933653094864241,0.2109212600391261,0.1517173137608478,WORK,-0.017555950552701982,0.041647995725576314,0.916765381785386,1.2745105004378479,False,False
1954,977,618,11,JDG:5:21,JDG,Judges,R1,REVIEW_CANDIDATE,0.1933653094864241,0.2109212600391261,0.1517173137608478,WORK,-0.017555950552701982,0.041647995725576314,0.916765381785386,1.2745105004378479,False,False
1955,978,619,54,LUK:17:11,LUK,Luke,R0,REVIEW_CANDIDATE,0.1932235812078584,0.2425750004264786,0.1904093970791806,WORK,-0.049351419218620185,0.0028141841286778158,0.7965519153587388,1.0147796493862515,False,False
1956,978,619,54,LUK:17:11,LUK,Luke,R1,REVIEW_CANDIDATE,0.1932235812078584,0.2425750004264786,0.1904093970791806,WORK,-0.049351419218620185,0.0028141841286778158,0.7965519153587388,1.0147796493862515,False,False
1957,979,620,5,ZEC:12:10,ZEC,Zechariah,R0,REVIEW_CANDIDATE,0.1931411727944122,0.1979117914121707,0.1701784058121591,WORK,-0.0047706186177584875,0.022962766982253108,0.9758952279512078,1.1349334944857759,False,False
1958,979,620,5,ZEC:12:10,ZEC,Zechariah,R1,REVIEW_CANDIDATE,0.1931411727944122,0.1979117914121707,0.1701784058121591,WORK,-0.0047706186177584875,0.022962766982253108,0.9758952279512078,1.1349334944857759,False,False
1959,980,621,85,PSA:136:5,PSA,Psalms,R0,REVIEW_CANDIDATE,0.1930875648109926,0.2517472342683223,0.1720894079000068,WORK,-0.0586596694573297,0.020998156910985805,0.7669898156862852,1.1220188805762343,False,False
1960,980,621,85,PSA:136:5,PSA,Psalms,R1,REVIEW_CANDIDATE,0.1930875648109926,0.2517472342683223,0.1720894079000068,WORK,-0.0586596694573297,0.020998156910985805,0.7669898156862852,1.1220188805762343,False,False
1961,981,622,86,PSA:44:26,PSA,Psalms,R0,REVIEW_CANDIDATE,0.1930746901462084,0.2517472342683223,0.1720894079000068,WORK,-0.058672544122113895,0.02098528224620161,0.7669386744500305,1.121944066763221,False,False
1962,981,622,86,PSA:44:26,PSA,Psalms,R1,REVIEW_CANDIDATE,0.1930746901462084,0.2517472342683223,0.1720894079000068,WORK,-0.058672544122113895,0.02098528224620161,0.7669386744500305,1.121944066763221,False,False
1963,982,623,20,DEU:32:34,DEU,Deuteronomy,R0,REVIEW_CANDIDATE,0.1930546785438927,0.2277736606676687,0.158268997269363,WORK,-0.034718982123776,0.03478568127452969,0.8475724452862333,1.2197883468947923,False,False
1964,982,623,20,DEU:32:34,DEU,Deuteronomy,R1,REVIEW_CANDIDATE,0.1930546785438927,0.2277736606676687,0.158268997269363,WORK,-0.034718982123776,0.03478568127452969,0.8475724452862333,1.2197883468947923,False,False
1965,983,624,50,MAT:20:28,MAT,Matthew,R0,REVIEW_CANDIDATE,0.1930417625782083,0.2574919331800241,0.1896752365333116,WORK,-0.06445017060181582,0.003366526044896706,0.7497002340777961,1.0177488959888839,False,False
1966,983,624,50,MAT:20:28,MAT,Matthew,R1,REVIEW_CANDIDATE,0.1930417625782083,0.2574919331800241,0.1896752365333116,WORK,-0.06445017060181582,0.003366526044896706,0.7497002340777961,1.0177488959888839,False,False
1967,984,625,18,NUM:24:9,NUM,Numbers,R0,REVIEW_CANDIDATE,0.1930318837503744,0.2060272335177108,0.1521304504522337,WORK,-0.012995349767336406,0.040901433298140694,0.9369241165575362,1.2688576361704984,False,False
1968,984,625,18,NUM:24:9,NUM,Numbers,R1,REVIEW_CANDIDATE,0.1930318837503744,0.2060272335177108,0.1521304504522337,WORK,-0.012995349767336406,0.040901433298140694,0.9369241165575362,1.2688576361704984,False,False
1969,985,626,13,2CO:8:10,2CO,2Corinthians,R0,REVIEW_CANDIDATE,0.1930260002027707,0.2574882529560191,0.1765156917175364,WORK,-0.06446225275324843,0.0165103084852343,0.7496497334802336,1.0935345086013906,False,False
1970,985,626,13,2CO:8:10,2CO,2Corinthians,R1,REVIEW_CANDIDATE,0.1930260002027707,0.2574882529560191,0.1765156917175364,WORK,-0.06446225275324843,0.0165103084852343,0.7496497334802336,1.0935345086013906,False,False
1971,986,627,31,ISA:57:14,ISA,Isaiah,R0,REVIEW_CANDIDATE,0.1929748935665196,0.2203930443072171,0.1556613590945488,WORK,-0.027418150740697506,0.03731353447197078,0.875594300959526,1.239709679325789,False,False
1972,986,627,31,ISA:57:14,ISA,Isaiah,R1,REVIEW_CANDIDATE,0.1929748935665196,0.2203930443072171,0.1556613590945488,WORK,-0.027418150740697506,0.03731353447197078,0.875594300959526,1.239709679325789,False,False
1973,987,628,55,LUK:8:51,LUK,Luke,R0,REVIEW_CANDIDATE,0.1929156093695159,0.2425750004264786,0.1904093970791806,WORK,-0.04965939105696268,0.002506212290335319,0.7952823210567661,1.0131622300620653,False,False
1974,987,628,55,LUK:8:51,LUK,Luke,R1,REVIEW_CANDIDATE,0.1929156093695159,0.2425750004264786,0.1904093970791806,WORK,-0.04965939105696268,0.002506212290335319,0.7952823210567661,1.0131622300620653,False,False
1975,988,629,23,JER:1:3,JER,Jeremiah,R0,REVIEW_CANDIDATE,0.1928839395346976,0.203825573325914,0.1595710794486916,WORK,-0.010941633791216404,0.03331286008600601,0.9463186409208775,1.2087650230925298,False,False
1976,988,629,23,JER:1:3,JER,Jeremiah,R1,REVIEW_CANDIDATE,0.1928839395346976,0.203825573325914,0.1595710794486916,WORK,-0.010941633791216404,0.03331286008600601,0.9463186409208775,1.2087650230925298,False,False
1977,989,630,51,MAT:9:12,MAT,Matthew,R0,REVIEW_CANDIDATE,0.1926654236509738,0.2574919331800241,0.1896752365333116,WORK,-0.06482650952905031,0.0029901871176622186,0.7482386778939315,1.0157647733690163,False,False
1978,989,630,51,MAT:9:12,MAT,Matthew,R1,REVIEW_CANDIDATE,0.1926654236509738,0.2574919331800241,0.1896752365333116,WORK,-0.06482650952905031,0.0029901871176622186,0.7482386778939315,1.0157647733690163,False,False
1979,990,631,16,EZE:48:15,EZE,Ezekiel,R0,REVIEW_CANDIDATE,0.1925756452572343,0.1977293149575067,0.1466200453576744,WORK,-0.005153669700272395,0.04595559989955991,0.9739357327901533,1.3134332675143625,False,False
1980,990,631,16,EZE:48:15,EZE,Ezekiel,R1,REVIEW_CANDIDATE,0.1925756452572343,0.1977293149575067,0.1466200453576744,WORK,-0.005153669700272395,0.04595559989955991,0.9739357327901533,1.3134332675143625,False,False
1981,991,632,17,EZE:45:2,EZE,Ezekiel,R0,REVIEW_CANDIDATE,0.1924104210470396,0.1977293149575067,0.1466200453576744,WORK,-0.00531889391046711,0.0457903756893652,0.9731001247255109,1.3123063806020603,False,False
1982,991,632,17,EZE:45:2,EZE,Ezekiel,R1,REVIEW_CANDIDATE,0.1924104210470396,0.1977293149575067,0.1466200453576744,WORK,-0.00531889391046711,0.0457903756893652,0.9731001247255109,1.3123063806020603,False,False
1983,992,633,14,1KI:7:30,1KI,1Kings,R0,REVIEW_CANDIDATE,0.1923092709147393,0.2134238491198039,0.1471697863256086,WORK,-0.0211145782050646,0.045139484589130696,0.9010673910523838,1.3067170627621962,False,False
1984,992,633,14,1KI:7:30,1KI,1Kings,R1,REVIEW_CANDIDATE,0.1923092709147393,0.2134238491198039,0.1471697863256086,WORK,-0.0211145782050646,0.045139484589130696,0.9010673910523838,1.3067170627621962,False,False
1985,993,634,9,HEB:11:14,HEB,Hebrews,R0,REVIEW_CANDIDATE,0.192275981067738,0.214279535005857,0.1704570020425162,WORK,-0.022003553938119008,0.021818979025221785,0.8973137871634939,1.128002832173357,False,False
1986,993,634,9,HEB:11:14,HEB,Hebrews,R1,REVIEW_CANDIDATE,0.192275981067738,0.214279535005857,0.1704570020425162,WORK,-0.022003553938119008,0.021818979025221785,0.8973137871634939,1.128002832173357,False,False
1987,994,635,19,EXO:22:2,EXO,Exodus,R0,REVIEW_CANDIDATE,0.1921368683796965,0.2061688329235183,0.1458137712888438,WORK,-0.014031964543821801,0.04632309709085272,0.9319394481462328,1.317686708747769,False,False
1988,994,635,19,EXO:22:2,EXO,Exodus,R1,REVIEW_CANDIDATE,0.1921368683796965,0.2061688329235183,0.1458137712888438,WORK,-0.014031964543821801,0.04632309709085272,0.9319394481462328,1.317686708747769,False,False
1989,995,636,18,EZE:48:19,EZE,Ezekiel,R0,REVIEW_CANDIDATE,0.1918335664087698,0.1977293149575067,0.1466200453576744,WORK,-0.0058957485487368955,0.04521352105109541,0.9701827291011252,1.3083720301736277,False,False
1990,995,636,18,EZE:48:19,EZE,Ezekiel,R1,REVIEW_CANDIDATE,0.1918335664087698,0.1977293149575067,0.1466200453576744,WORK,-0.0058957485487368955,0.04521352105109541,0.9701827291011252,1.3083720301736277,False,False
1991,996,637,21,DEU:31:25,DEU,Deuteronomy,R0,REVIEW_CANDIDATE,0.1917110968241401,0.2277736606676687,0.158268997269363,WORK,-0.0360625638435286,0.03344209955477709,0.8416736872129154,1.2112991181580617,False,False
1992,996,637,21,DEU:31:25,DEU,Deuteronomy,R1,REVIEW_CANDIDATE,0.1917110968241401,0.2277736606676687,0.158268997269363,WORK,-0.0360625638435286,0.03344209955477709,0.8416736872129154,1.2112991181580617,False,False
1993,997,638,32,ISA:66:7,ISA,Isaiah,R0,REVIEW_CANDIDATE,0.1916563696928315,0.2203930443072171,0.1556613590945488,WORK,-0.028736674614385588,0.035995010598282695,0.8696116989321674,1.2312392157415206,False,False
1994,997,638,32,ISA:66:7,ISA,Isaiah,R1,REVIEW_CANDIDATE,0.1916563696928315,0.2203930443072171,0.1556613590945488,WORK,-0.028736674614385588,0.035995010598282695,0.8696116989321674,1.2312392157415206,False,False
1995,998,639,52,MAT:12:25,MAT,Matthew,R0,REVIEW_CANDIDATE,0.1916337627653068,0.2574919331800241,0.1896752365333116,WORK,-0.06585817041471731,0.001958526231995217,0.7442321023366859,1.0103256822967044,False,False
1996,998,639,52,MAT:12:25,MAT,Matthew,R1,REVIEW_CANDIDATE,0.1916337627653068,0.2574919331800241,0.1896752365333116,WORK,-0.06585817041471731,0.001958526231995217,0.7442321023366859,1.0103256822967044,False,False
1997,999,640,4,EST:8:17,EST,Esther,R0,REVIEW_CANDIDATE,0.1916163683760015,0.2106098417089447,0.155955053094019,WORK,-0.01899347333294321,0.03566131528198249,0.909816781690613,1.2286640578454597,False,False
1998,999,640,4,EST:8:17,EST,Esther,R1,REVIEW_CANDIDATE,0.1916163683760015,0.2106098417089447,0.155955053094019,WORK,-0.01899347333294321,0.03566131528198249,0.909816781690613,1.2286640578454597,False,False
1999,1000,641,20,EXO:1:6,EXO,Exodus,R0,REVIEW_CANDIDATE,0.1915195049681696,0.2061688329235183,0.1458137712888438,WORK,-0.014649327955348707,0.045705733679325816,0.9289449925693516,1.3134527917036514,False,False
2000,1000,641,20,EXO:1:6,EXO,Exodus,R1,REVIEW_CANDIDATE,0.1915195049681696,0.2061688329235183,0.1458137712888438,WORK,-0.014649327955348707,0.045705733679325816,0.9289449925693516,1.3134527917036514,False,False
2001,1001,642,87,PSA:59:14,PSA,Psalms,R0,REVIEW_CANDIDATE,0.1914880205979954,0.2517472342683223,0.1720894079000068,WORK,-0.06025921367032688,0.01939861269798862,0.7606360449382328,1.112724036503515,False,False
2002,1001,642,87,PSA:59:14,PSA,Psalms,R1,REVIEW_CANDIDATE,0.1914880205979954,0.2517472342683223,0.1720894079000068,WORK,-0.06025921367032688,0.01939861269798862,0.7606360449382328,1.112724036503515,False,False
2003,1002,643,56,LUK:4:44,LUK,Luke,R0,REVIEW_CANDIDATE,0.191354714962342,0.2425750004264786,0.1904093970791806,WORK,-0.051220285464136595,0.0009453178831614062,0.7888476332099984,1.0049646598206932,False,False
2004,1002,643,56,LUK:4:44,LUK,Luke,R1,REVIEW_CANDIDATE,0.191354714962342,0.2425750004264786,0.1904093970791806,WORK,-0.051220285464136595,0.0009453178831614062,0.7888476332099984,1.0049646598206932,False,False
2005,1003,644,53,MAT:5:38,MAT,Matthew,R0,REVIEW_CANDIDATE,0.1913116894007105,0.2574919331800241,0.1896752365333116,WORK,-0.06618024377931361,0.0016364528673989132,0.7429812928040582,1.0086276569219488,False,False
2006,1003,644,53,MAT:5:38,MAT,Matthew,R1,REVIEW_CANDIDATE,0.1913116894007105,0.2574919331800241,0.1896752365333116,WORK,-0.06618024377931361,0.0016364528673989132,0.7429812928040582,1.0086276569219488,False,False
2007,1004,645,19,NUM:26:41,NUM,Numbers,R0,REVIEW_CANDIDATE,0.1912925143716375,0.2060272335177108,0.1521304504522337,WORK,-0.0147347191460733,0.0391620639194038,0.9284816919856052,1.2574242290283628,False,False
2008,1004,645,19,NUM:26:41,NUM,Numbers,R1,REVIEW_CANDIDATE,0.1912925143716375,0.2060272335177108,0.1521304504522337,WORK,-0.0147347191460733,0.0391620639194038,0.9284816919856052,1.2574242290283628,False,False
2009,1005,646,33,ISA:62:10,ISA,Isaiah,R0,REVIEW_CANDIDATE,0.1912695874135633,0.2203930443072171,0.1556613590945488,WORK,-0.029123456893653782,0.0356082283190145,0.8678567330234928,1.2287544482853066,False,False
2010,1005,646,33,ISA:62:10,ISA,Isaiah,R1,REVIEW_CANDIDATE,0.1912695874135633,0.2203930443072171,0.1556613590945488,WORK,-0.029123456893653782,0.0356082283190145,0.8678567330234928,1.2287544482853066,False,False
2011,1006,647,12,NEH:2:17,NEH,Nehemiah,R0,REVIEW_CANDIDATE,0.1910219375246197,0.249097416043593,0.1712008590080952,WORK,-0.058075478518973295,0.01982107851652451,0.7668563590847933,1.1157767468654305,False,False
2012,1006,647,12,NEH:2:17,NEH,Nehemiah,R1,REVIEW_CANDIDATE,0.1910219375246197,0.249097416043593,0.1712008590080952,WORK,-0.058075478518973295,0.01982107851652451,0.7668563590847933,1.1157767468654305,False,False
2013,1007,648,57,LUK:17:10,LUK,Luke,R0,REVIEW_CANDIDATE,0.1909814404622175,0.2425750004264786,0.1904093970791806,WORK,-0.0515935599642611,0.000572043383036902,0.7873088328411713,1.0030042812582356,False,False
2014,1007,648,57,LUK:17:10,LUK,Luke,R1,REVIEW_CANDIDATE,0.1909814404622175,0.2425750004264786,0.1904093970791806,WORK,-0.0515935599642611,0.000572043383036902,0.7873088328411713,1.0030042812582356,False,False
2015,1008,649,34,ISA:55:3,ISA,Isaiah,R0,REVIEW_CANDIDATE,0.1909019533545665,0.2203930443072171,0.1556613590945488,WORK,-0.029491090952650595,0.03524059426001769,0.866188649259087,1.2263926928622828,False,False
2016,1008,649,34,ISA:55:3,ISA,Isaiah,R1,REVIEW_CANDIDATE,0.1909019533545665,0.2203930443072171,0.1556613590945488,WORK,-0.029491090952650595,0.03524059426001769,0.866188649259087,1.2263926928622828,False,False
2017,1009,650,24,JER:37:16,JER,Jeremiah,R0,REVIEW_CANDIDATE,0.1908845559450902,0.203825573325914,0.1595710794486916,WORK,-0.012941017380823788,0.03131347649639862,0.936509353710335,1.1962352865230015,False,False
2018,1009,650,24,JER:37:16,JER,Jeremiah,R1,REVIEW_CANDIDATE,0.1908845559450902,0.203825573325914,0.1595710794486916,WORK,-0.012941017380823788,0.03131347649639862,0.936509353710335,1.1962352865230015,False,False
2019,1010,651,29,ACT:12:2,ACT,Acts,R0,REVIEW_CANDIDATE,0.190864837781987,0.2407747958049971,0.1622007514290091,WORK,-0.0499099580230101,0.028664086352977902,0.792711035820244,1.1767198123340594,False,False
2020,1010,651,29,ACT:12:2,ACT,Acts,R1,REVIEW_CANDIDATE,0.190864837781987,0.2407747958049971,0.1622007514290091,WORK,-0.0499099580230101,0.028664086352977902,0.792711035820244,1.1767198123340594,False,False
2021,1011,652,88,PSA:80:2,PSA,Psalms,R0,REVIEW_CANDIDATE,0.1908623943738082,0.2517472342683223,0.1720894079000068,WORK,-0.0608848398945141,0.018772986473801406,0.7581509085036438,1.109088564501945,False,False
2022,1011,652,88,PSA:80:2,PSA,Psalms,R1,REVIEW_CANDIDATE,0.1908623943738082,0.2517472342683223,0.1720894079000068,WORK,-0.0608848398945141,0.018772986473801406,0.7581509085036438,1.109088564501945,False,False
2023,1012,653,35,ISA:6:5,ISA,Isaiah,R0,REVIEW_CANDIDATE,0.1907998561928584,0.2203930443072171,0.1556613590945488,WORK,-0.02959318811435868,0.0351384970983096,0.8657253988782548,1.2257368000812998,False,False
2024,1012,653,35,ISA:6:5,ISA,Isaiah,R1,REVIEW_CANDIDATE,0.1907998561928584,0.2203930443072171,0.1556613590945488,WORK,-0.02959318811435868,0.0351384970983096,0.8657253988782548,1.2257368000812998,False,False
2025,1013,654,89,PSA:89:29,PSA,Psalms,R0,REVIEW_CANDIDATE,0.1907644876245303,0.2517472342683223,0.1720894079000068,WORK,-0.060982746643791996,0.018675079724523508,0.7577619995666203,1.1085196349526332,False,False
2026,1013,654,89,PSA:89:29,PSA,Psalms,R1,REVIEW_CANDIDATE,0.1907644876245303,0.2517472342683223,0.1720894079000068,WORK,-0.060982746643791996,0.018675079724523508,0.7577619995666203,1.1085196349526332,False,False
2027,1014,655,58,LUK:22:1,LUK,Luke,R0,REVIEW_CANDIDATE,0.1906763548279134,0.2425750004264786,0.1904093970791806,WORK,-0.05189864559856519,0.0002669577487328101,0.7860511367316476,1.0014020198205964,False,False
2028,1014,655,58,LUK:22:1,LUK,Luke,R1,REVIEW_CANDIDATE,0.1906763548279134,0.2425750004264786,0.1904093970791806,WORK,-0.05189864559856519,0.0002669577487328101,0.7860511367316476,1.0014020198205964,False,False
2029,1015,656,50,JOB:42:17,JOB,Job,R0,REVIEW_CANDIDATE,0.1906083143989578,0.2593421210617336,0.1879247125578857,WORK,-0.06873380666277579,0.0026836018410721085,0.7349685952232401,1.0142801965986539,False,False
2030,1015,656,50,JOB:42:17,JOB,Job,R1,REVIEW_CANDIDATE,0.1906083143989578,0.2593421210617336,0.1879247125578857,WORK,-0.06873380666277579,0.0026836018410721085,0.7349685952232401,1.0142801965986539,False,False
2031,1016,657,13,NEH:12:37,NEH,Nehemiah,R0,REVIEW_CANDIDATE,0.1905703639556943,0.249097416043593,0.1712008590080952,WORK,-0.05852705208789871,0.019369504947599092,0.7650435198506585,1.1131390640200187,False,False
2032,1016,657,13,NEH:12:37,NEH,Nehemiah,R1,REVIEW_CANDIDATE,0.1905703639556943,0.249097416043593,0.1712008590080952,WORK,-0.05852705208789871,0.019369504947599092,0.7650435198506585,1.1131390640200187,False,False
2033,1017,658,20,NUM:31:22,NUM,Numbers,R0,REVIEW_CANDIDATE,0.1904406524337882,0.2060272335177108,0.1521304504522337,WORK,-0.015586581083922607,0.03831020198155449,0.9243469864745685,1.2518246798564712,False,False
2034,1017,658,20,NUM:31:22,NUM,Numbers,R1,REVIEW_CANDIDATE,0.1904406524337882,0.2060272335177108,0.1521304504522337,WORK,-0.015586581083922607,0.03831020198155449,0.9243469864745685,1.2518246798564712,False,False
2035,1018,659,10,HEB:1:14,HEB,Hebrews,R0,REVIEW_CANDIDATE,0.1903605060466501,0.214279535005857,0.1704570020425162,WORK,-0.02391902895920689,0.019903504004133904,0.8883746459569595,1.1167655406679595,False,False
2036,1018,659,10,HEB:1:14,HEB,Hebrews,R1,REVIEW_CANDIDATE,0.1903605060466501,0.214279535005857,0.1704570020425162,WORK,-0.02391902895920689,0.019903504004133904,0.8883746459569595,1.1167655406679595,False,False
2037,1019,660,30,ACT:9:28,ACT,Acts,R0,REVIEW_CANDIDATE,0.1902963232620275,0.2407747958049971,0.1622007514290091,WORK,-0.05047847254296961,0.02809557183301839,0.7903498479805503,1.1732148068704544,False,False
2038,1019,660,30,ACT:9:28,ACT,Acts,R1,REVIEW_CANDIDATE,0.1902963232620275,0.2407747958049971,0.1622007514290091,WORK,-0.05047847254296961,0.02809557183301839,0.7903498479805503,1.1732148068704544,False,False
2039,1020,661,21,EXO:21:2,EXO,Exodus,R0,REVIEW_CANDIDATE,0.190281378441283,0.2061688329235183,0.1458137712888438,WORK,-0.015887454482235303,0.04446760715243922,0.9229395915136746,1.3049616422330437,False,False
2040,1020,661,21,EXO:21:2,EXO,Exodus,R1,REVIEW_CANDIDATE,0.190281378441283,0.2061688329235183,0.1458137712888438,WORK,-0.015887454482235303,0.04446760715243922,0.9229395915136746,1.3049616422330437,False,False
2041,1021,662,12,JDG:9:12,JDG,Judges,R0,REVIEW_CANDIDATE,0.1902578453663668,0.2109212600391261,0.1517173137608478,WORK,-0.020663414672759284,0.03854053160551901,0.9020325657597238,1.2540285656933692,False,False
2042,1021,662,12,JDG:9:12,JDG,Judges,R1,REVIEW_CANDIDATE,0.1902578453663668,0.2109212600391261,0.1517173137608478,WORK,-0.020663414672759284,0.03854053160551901,0.9020325657597238,1.2540285656933692,False,False
2043,1022,663,15,1KI:2:33,1KI,1Kings,R0,REVIEW_CANDIDATE,0.1902489295462262,0.2134238491198039,0.1471697863256086,WORK,-0.0231749195735777,0.043079143220617594,0.8914136369053646,1.2927173049317766,False,False
2044,1022,663,15,1KI:2:33,1KI,1Kings,R1,REVIEW_CANDIDATE,0.1902489295462262,0.2134238491198039,0.1471697863256086,WORK,-0.0231749195735777,0.043079143220617594,0.8914136369053646,1.2927173049317766,False,False
2045,1023,664,36,ISA:56:1,ISA,Isaiah,R0,REVIEW_CANDIDATE,0.190245446076031,0.2203930443072171,0.1556613590945488,WORK,-0.030147598231186096,0.03458408698148219,0.8632098470895396,1.2221751575513085,False,False
2046,1023,664,36,ISA:56:1,ISA,Isaiah,R1,REVIEW_CANDIDATE,0.190245446076031,0.2203930443072171,0.1556613590945488,WORK,-0.030147598231186096,0.03458408698148219,0.8632098470895396,1.2221751575513085,False,False
2047,1024,665,90,PSA:94:16,PSA,Psalms,R0,REVIEW_CANDIDATE,0.190185853230568,0.2517472342683223,0.1720894079000068,WORK,-0.0615613810377543,0.018096445330561206,0.7554635258787403,1.1051572293227727,False,False
2048,1024,665,90,PSA:94:16,PSA,Psalms,R1,REVIEW_CANDIDATE,0.190185853230568,0.2517472342683223,0.1720894079000068,WORK,-0.0615613810377543,0.018096445330561206,0.7554635258787403,1.1051572293227727,False,False
2049,1025,666,17,2CH:20:31,2CH,2Chronicles,R0,REVIEW_CANDIDATE,0.1901567194330886,0.2156992211395015,0.1608023572188025,WORK,-0.025542501706412896,0.029354362214286084,0.8815827819336746,1.182549327771009,False,False
2050,1025,666,17,2CH:20:31,2CH,2Chronicles,R1,REVIEW_CANDIDATE,0.1901567194330886,0.2156992211395015,0.1608023572188025,WORK,-0.025542501706412896,0.029354362214286084,0.8815827819336746,1.182549327771009,False,False
2051,1026,667,91,PSA:38:11,PSA,Psalms,R0,REVIEW_CANDIDATE,0.1900649231650401,0.2517472342683223,0.1720894079000068,WORK,-0.061682311103282206,0.0179755152650333,0.7549831628436532,1.1044545128278787,False,False
2052,1026,667,91,PSA:38:11,PSA,Psalms,R1,REVIEW_CANDIDATE,0.1900649231650401,0.2517472342683223,0.1720894079000068,WORK,-0.061682311103282206,0.0179755152650333,0.7549831628436532,1.1044545128278787,False,False
2053,1027,668,92,PSA:71:6,PSA,Psalms,R0,REVIEW_CANDIDATE,0.1900208888291212,0.2517472342683223,0.1720894079000068,WORK,-0.06172634543920111,0.017931480929114396,0.7548082479690296,1.1041986322570971,False,False
2054,1027,668,92,PSA:71:6,PSA,Psalms,R1,REVIEW_CANDIDATE,0.1900208888291212,0.2517472342683223,0.1720894079000068,WORK,-0.06172634543920111,0.017931480929114396,0.7548082479690296,1.1041986322570971,False,False
2055,1028,669,21,NUM:35:7,NUM,Numbers,R0,REVIEW_CANDIDATE,0.1899519566033557,0.2060272335177108,0.1521304504522337,WORK,-0.01607527691435509,0.03782150615112201,0.921974990199666,1.2486123326309173,False,False
2056,1028,669,21,NUM:35:7,NUM,Numbers,R1,REVIEW_CANDIDATE,0.1899519566033557,0.2060272335177108,0.1521304504522337,WORK,-0.01607527691435509,0.03782150615112201,0.921974990199666,1.2486123326309173,False,False
2057,1029,670,54,MAT:5:46,MAT,Matthew,R0,REVIEW_CANDIDATE,0.1898656128507342,0.2574919331800241,0.1896752365333116,WORK,-0.06762632032928992,0.00019037631742260808,0.7373652856067948,1.0010036962172928,False,False
2058,1029,670,54,MAT:5:46,MAT,Matthew,R1,REVIEW_CANDIDATE,0.1898656128507342,0.2574919331800241,0.1896752365333116,WORK,-0.06762632032928992,0.00019037631742260808,0.7373652856067948,1.0010036962172928,False,False
2059,1030,671,11,HEB:13:23,HEB,Hebrews,R0,REVIEW_CANDIDATE,0.1897315473663927,0.214279535005857,0.1704570020425162,WORK,-0.024547987639464308,0.019274545323876485,0.8854394208070625,1.1130757029216607,False,False
2060,1030,671,11,HEB:13:23,HEB,Hebrews,R1,REVIEW_CANDIDATE,0.1897315473663927,0.214279535005857,0.1704570020425162,WORK,-0.024547987639464308,0.019274545323876485,0.8854394208070625,1.1130757029216607,False,False
2061,1031,672,4,COL:3:14,COL,Colossians,R0,REVIEW_CANDIDATE,0.189717060146307,0.2730871053769968,0.138006481036082,WORK,-0.08337004523068983,0.051710579110224975,0.6947126261578793,1.374696744109468,False,False
2062,1031,672,4,COL:3:14,COL,Colossians,R1,REVIEW_CANDIDATE,0.189717060146307,0.2730871053769968,0.138006481036082,WORK,-0.08337004523068983,0.051710579110224975,0.6947126261578793,1.374696744109468,False,False
2063,1032,673,5,GAL:4:10,GAL,Galatians,R0,REVIEW_CANDIDATE,0.1896952349460111,0.2616443134323326,0.1651665865211423,WORK,-0.07194907848632148,0.024528648424868793,0.7250118776041,1.1485085388122918,False,False
2064,1032,673,5,GAL:4:10,GAL,Galatians,R1,REVIEW_CANDIDATE,0.1896952349460111,0.2616443134323326,0.1651665865211423,WORK,-0.07194907848632148,0.024528648424868793,0.7250118776041,1.1485085388122918,False,False
2065,1033,674,22,NUM:28:14,NUM,Numbers,R0,REVIEW_CANDIDATE,0.1896170001711797,0.2060272335177108,0.1521304504522337,WORK,-0.016410233346531106,0.037486549718945994,0.9203492030332949,1.2464105615115897,False,False
2066,1033,674,22,NUM:28:14,NUM,Numbers,R1,REVIEW_CANDIDATE,0.1896170001711797,0.2060272335177108,0.1521304504522337,WORK,-0.016410233346531106,0.037486549718945994,0.9203492030332949,1.2464105615115897,False,False
2067,1034,675,93,PSA:80:19,PSA,Psalms,R0,REVIEW_CANDIDATE,0.189594306228867,0.2517472342683223,0.1720894079000068,WORK,-0.062152928039455296,0.017504898328860208,0.7531137602361494,1.1017197893959372,False,False
2068,1034,675,93,PSA:80:19,PSA,Psalms,R1,REVIEW_CANDIDATE,0.189594306228867,0.2517472342683223,0.1720894079000068,WORK,-0.062152928039455296,0.017504898328860208,0.7531137602361494,1.1017197893959372,False,False
2069,1035,676,94,PSA:18:50,PSA,Psalms,R0,REVIEW_CANDIDATE,0.1895343685189497,0.2517472342683223,0.1720894079000068,WORK,-0.0622128657493726,0.017444960618942906,0.7528756733706015,1.1013714953861622,False,False
2070,1035,676,94,PSA:18:50,PSA,Psalms,R1,REVIEW_CANDIDATE,0.1895343685189497,0.2517472342683223,0.1720894079000068,WORK,-0.0622128657493726,0.017444960618942906,0.7528756733706015,1.1013714953861622,False,False
2071,1036,677,16,1KI:22:36,1KI,1Kings,R0,REVIEW_CANDIDATE,0.1895077038733654,0.2134238491198039,0.1471697863256086,WORK,-0.02391614524643848,0.042337917547756815,0.8879406151417815,1.2876807706582212,False,False
2072,1036,677,16,1KI:22:36,1KI,1Kings,R1,REVIEW_CANDIDATE,0.1895077038733654,0.2134238491198039,0.1471697863256086,WORK,-0.02391614524643848,0.042337917547756815,0.8879406151417815,1.2876807706582212,False,False
2073,1037,678,26,MRK:6:38,MRK,Mark,R0,REVIEW_CANDIDATE,0.189339614250977,0.2485395579355932,0.180716099125319,WORK,-0.0591999436846162,0.00862351512565801,0.7618087672789805,1.0477185771903916,False,False
2074,1037,678,26,MRK:6:38,MRK,Mark,R1,REVIEW_CANDIDATE,0.189339614250977,0.2485395579355932,0.180716099125319,WORK,-0.0591999436846162,0.00862351512565801,0.7618087672789805,1.0477185771903916,False,False
2075,1038,679,13,JDG:14:15,JDG,Judges,R0,REVIEW_CANDIDATE,0.1892681876317917,0.2109212600391261,0.1517173137608478,WORK,-0.021653072407334384,0.03755087387094391,0.8973404937780207,1.2475055281438439,False,False
2076,1038,679,13,JDG:14:15,JDG,Judges,R1,REVIEW_CANDIDATE,0.1892681876317917,0.2109212600391261,0.1517173137608478,WORK,-0.021653072407334384,0.03755087387094391,0.8973404937780207,1.2475055281438439,False,False
2077,1039,680,51,JOB:35:13,JOB,Job,R0,REVIEW_CANDIDATE,0.1892557912060921,0.2593421210617336,0.1879247125578857,WORK,-0.0700863298556415,0.0013310786482063908,0.7297533868825026,1.0070830420868484,False,False
2078,1039,680,51,JOB:35:13,JOB,Job,R1,REVIEW_CANDIDATE,0.1892557912060921,0.2593421210617336,0.1879247125578857,WORK,-0.0700863298556415,0.0013310786482063908,0.7297533868825026,1.0070830420868484,False,False
2079,1040,681,2,2JN:1:6,2JN,2John,R0,REVIEW_CANDIDATE,0.1890896761913129,0.2073149615025356,0.1880616562524957,WORK,-0.018225285311222694,0.0010280199388171818,0.9120889048280301,1.0054663984105134,True,False
2080,1040,681,2,2JN:1:6,2JN,2John,R1,REVIEW_CANDIDATE,0.1890896761913129,0.2073149615025356,0.1880616562524957,WORK,-0.018225285311222694,0.0010280199388171818,0.9120889048280301,1.0054663984105134,True,False
2081,1041,682,18,2CH:31:4,2CH,2Chronicles,R0,REVIEW_CANDIDATE,0.1889800163693741,0.2156992211395015,0.1608023572188025,WORK,-0.026719204770127403,0.028177659150571577,0.8761274860939484,1.1752316299208876,False,False
2082,1041,682,18,2CH:31:4,2CH,2Chronicles,R1,REVIEW_CANDIDATE,0.1889800163693741,0.2156992211395015,0.1608023572188025,WORK,-0.026719204770127403,0.028177659150571577,0.8761274860939484,1.1752316299208876,False,False
2083,1042,683,25,JER:8:20,JER,Jeremiah,R0,REVIEW_CANDIDATE,0.1889690195310273,0.203825573325914,0.1595710794486916,WORK,-0.014856553794886707,0.029397940082335705,0.9271114337986858,1.1842310034117949,False,False
2084,1042,683,25,JER:8:20,JER,Jeremiah,R1,REVIEW_CANDIDATE,0.1889690195310273,0.203825573325914,0.1595710794486916,WORK,-0.014856553794886707,0.029397940082335705,0.9271114337986858,1.1842310034117949,False,False
2085,1043,684,6,ZEC:12:12,ZEC,Zechariah,R0,REVIEW_CANDIDATE,0.18885619426983,0.1979117914121707,0.1701784058121591,WORK,-0.009055597142340693,0.018677788457670902,0.9542442768178399,1.109754162806574,False,False
2086,1043,684,6,ZEC:12:12,ZEC,Zechariah,R1,REVIEW_CANDIDATE,0.18885619426983,0.1979117914121707,0.1701784058121591,WORK,-0.009055597142340693,0.018677788457670902,0.9542442768178399,1.109754162806574,False,False
2087,1044,685,22,DEU:26:6,DEU,Deuteronomy,R0,REVIEW_CANDIDATE,0.1888405191501755,0.2277736606676687,0.158268997269363,WORK,-0.03893314151749319,0.030571521880812497,0.8290709232868753,1.1931617841034392,False,False
2088,1044,685,22,DEU:26:6,DEU,Deuteronomy,R1,REVIEW_CANDIDATE,0.1888405191501755,0.2277736606676687,0.158268997269363,WORK,-0.03893314151749319,0.030571521880812497,0.8290709232868753,1.1931617841034392,False,False
2089,1045,686,20,LEV:14:46,LEV,Leviticus,R0,REVIEW_CANDIDATE,0.1886087739987928,0.2536937138059426,0.1520578598094974,WORK,-0.06508493980714977,0.0365509141892954,0.7434507192522118,1.2403750403635003,False,False
2090,1045,686,20,LEV:14:46,LEV,Leviticus,R1,REVIEW_CANDIDATE,0.1886087739987928,0.2536937138059426,0.1520578598094974,WORK,-0.06508493980714977,0.0365509141892954,0.7434507192522118,1.2403750403635003,False,False
2091,1046,687,26,JER:52:28,JER,Jeremiah,R0,REVIEW_CANDIDATE,0.1885987887184033,0.203825573325914,0.1595710794486916,WORK,-0.015226784607510702,0.02902770926971171,0.92529502378407,1.1819108410496482,False,False
2092,1046,687,26,JER:52:28,JER,Jeremiah,R1,REVIEW_CANDIDATE,0.1885987887184033,0.203825573325914,0.1595710794486916,WORK,-0.015226784607510702,0.02902770926971171,0.92529502378407,1.1819108410496482,False,False
2093,1047,688,19,EZE:45:10,EZE,Ezekiel,R0,REVIEW_CANDIDATE,0.1885171679321474,0.1977293149575067,0.1466200453576744,WORK,-0.009212147025359302,0.041897122574473006,0.9534103123386684,1.2857530324197244,False,False
2094,1047,688,19,EZE:45:10,EZE,Ezekiel,R1,REVIEW_CANDIDATE,0.1885171679321474,0.1977293149575067,0.1466200453576744,WORK,-0.009212147025359302,0.041897122574473006,0.9534103123386684,1.2857530324197244,False,False
2095,1048,689,95,PSA:48:11,PSA,Psalms,R0,REVIEW_CANDIDATE,0.1885071310909016,0.2517472342683223,0.1720894079000068,WORK,-0.06324010317742071,0.016417723190894795,0.748795241539707,1.095402287631987,False,False
2096,1048,689,95,PSA:48:11,PSA,Psalms,R1,REVIEW_CANDIDATE,0.1885071310909016,0.2517472342683223,0.1720894079000068,WORK,-0.06324010317742071,0.016417723190894795,0.748795241539707,1.095402287631987,False,False
2097,1049,690,23,NUM:8:24,NUM,Numbers,R0,REVIEW_CANDIDATE,0.188464596392702,0.2060272335177108,0.1521304504522337,WORK,-0.0175626371250088,0.0363341459404683,0.9147557493970861,1.2388354588608583,False,False
2098,1049,690,23,NUM:8:24,NUM,Numbers,R1,REVIEW_CANDIDATE,0.188464596392702,0.2060272335177108,0.1521304504522337,WORK,-0.0175626371250088,0.0363341459404683,0.9147557493970861,1.2388354588608583,False,False
2099,1050,691,52,JOB:11:19,JOB,Job,R0,REVIEW_CANDIDATE,0.1883715136010225,0.2593421210617336,0.1879247125578857,WORK,-0.0709706074607111,0.00044680104313679636,0.7263436916064347,1.002377553420491,False,False
2100,1050,691,52,JOB:11:19,JOB,Job,R1,REVIEW_CANDIDATE,0.1883715136010225,0.2593421210617336,0.1879247125578857,WORK,-0.0709706074607111,0.00044680104313679636,0.7263436916064347,1.002377553420491,False,False
2101,1051,692,96,PSA:140:7,PSA,Psalms,R0,REVIEW_CANDIDATE,0.1883045256731331,0.2517472342683223,0.1720894079000068,WORK,-0.06344270859518919,0.016215117773126314,0.7479904445441915,1.0942249611466395,False,False
2102,1051,692,96,PSA:140:7,PSA,Psalms,R1,REVIEW_CANDIDATE,0.1883045256731331,0.2517472342683223,0.1720894079000068,WORK,-0.06344270859518919,0.016215117773126314,0.7479904445441915,1.0942249611466395,False,False
2103,1052,693,19,2CH:13:1,2CH,2Chronicles,R0,REVIEW_CANDIDATE,0.1882715163206917,0.2156992211395015,0.1608023572188025,WORK,-0.027427704818809795,0.027469159101889185,0.8728428193949241,1.1708255996801844,False,False
2104,1052,693,19,2CH:13:1,2CH,2Chronicles,R1,REVIEW_CANDIDATE,0.1882715163206917,0.2156992211395015,0.1608023572188025,WORK,-0.027427704818809795,0.027469159101889185,0.8728428193949241,1.1708255996801844,False,False
2105,1053,694,27,MRK:7:14,MRK,Mark,R0,REVIEW_CANDIDATE,0.1882639927259197,0.2485395579355932,0.180716099125319,WORK,-0.060275565209673504,0.007547893600600708,0.7574809993615046,1.0417665810469192,False,False
2106,1053,694,27,MRK:7:14,MRK,Mark,R1,REVIEW_CANDIDATE,0.1882639927259197,0.2485395579355932,0.180716099125319,WORK,-0.060275565209673504,0.007547893600600708,0.7574809993615046,1.0417665810469192,False,False
2107,1054,695,6,GAL:6:5,GAL,Galatians,R0,REVIEW_CANDIDATE,0.1881892204412998,0.2616443134323326,0.1651665865211423,WORK,-0.07345509299103278,0.023022633920157493,0.7192559164484573,1.1393903840060924,False,False
2108,1054,695,6,GAL:6:5,GAL,Galatians,R1,REVIEW_CANDIDATE,0.1881892204412998,0.2616443134323326,0.1651665865211423,WORK,-0.07345509299103278,0.023022633920157493,0.7192559164484573,1.1393903840060924,False,False
2109,1055,696,17,1KI:17:4,1KI,1Kings,R0,REVIEW_CANDIDATE,0.188173386334587,0.2134238491198039,0.1471697863256086,WORK,-0.025250462785216893,0.0410036000089784,0.8816886543403931,1.2786142525087263,False,False
2110,1055,696,17,1KI:17:4,1KI,1Kings,R1,REVIEW_CANDIDATE,0.188173386334587,0.2134238491198039,0.1471697863256086,WORK,-0.025250462785216893,0.0410036000089784,0.8816886543403931,1.2786142525087263,False,False
2111,1056,697,12,ECC:10:5,ECC,Ecclesiastes,R0,REVIEW_CANDIDATE,0.1879925778553216,0.2462926441161754,0.1879518236166134,WORK,-0.058300066260853795,4.075423870822381e-05,0.7632894540149,1.0002168334306314,False,False
2112,1056,697,12,ECC:10:5,ECC,Ecclesiastes,R1,REVIEW_CANDIDATE,0.1879925778553216,0.2462926441161754,0.1879518236166134,WORK,-0.058300066260853795,4.075423870822381e-05,0.7632894540149,1.0002168334306314,False,False
2113,1057,698,53,JOB:36:17,JOB,Job,R0,REVIEW_CANDIDATE,0.1879922670452037,0.2593421210617336,0.1879247125578857,WORK,-0.0713498540165299,6.755448731798896e-05,0.7248813508410158,1.0003594763370847,False,False
2114,1057,698,53,JOB:36:17,JOB,Job,R1,REVIEW_CANDIDATE,0.1879922670452037,0.2593421210617336,0.1879247125578857,WORK,-0.0713498540165299,6.755448731798896e-05,0.7248813508410158,1.0003594763370847,False,False
2115,1058,699,54,JOB:28:1,JOB,Job,R0,REVIEW_CANDIDATE,0.1879540206087474,0.2593421210617336,0.1879247125578857,WORK,-0.07138810045298619,2.93080508617094e-05,0.7247338760062311,1.0001559563426374,False,False
2116,1058,699,54,JOB:28:1,JOB,Job,R1,REVIEW_CANDIDATE,0.1879540206087474,0.2593421210617336,0.1879247125578857,WORK,-0.07138810045298619,2.93080508617094e-05,0.7247338760062311,1.0001559563426374,False,False
2117,1059,700,25,PRO:10:30,PRO,Proverbs,R0,REVIEW_CANDIDATE,0.1879429373040249,0.2365615998472131,0.1658406971808283,WORK,-0.048618662543188196,0.022102240123196587,0.794477791092936,1.1332739218956425,False,False
2118,1059,700,25,PRO:10:30,PRO,Proverbs,R1,REVIEW_CANDIDATE,0.1879429373040249,0.2365615998472131,0.1658406971808283,WORK,-0.048618662543188196,0.022102240123196587,0.794477791092936,1.1332739218956425,False,False
2119,1060,701,7,ZEC:3:10,ZEC,Zechariah,R0,REVIEW_CANDIDATE,0.1879190503044198,0.1979117914121707,0.1701784058121591,WORK,-0.009992741107750891,0.017740644492260704,0.9495091169836363,1.1042473303683584,False,False
2120,1060,701,7,ZEC:3:10,ZEC,Zechariah,R1,REVIEW_CANDIDATE,0.1879190503044198,0.1979117914121707,0.1701784058121591,WORK,-0.009992741107750891,0.017740644492260704,0.9495091169836363,1.1042473303683584,False,False
2121,1061,702,20,EZE:31:13,EZE,Ezekiel,R0,REVIEW_CANDIDATE,0.1877824186483676,0.1977293149575067,0.1466200453576744,WORK,-0.009946896309139114,0.041162373290693194,0.9496943773295489,1.2807417852741694,False,False
2122,1061,702,20,EZE:31:13,EZE,Ezekiel,R1,REVIEW_CANDIDATE,0.1877824186483676,0.1977293149575067,0.1466200453576744,WORK,-0.009946896309139114,0.041162373290693194,0.9496943773295489,1.2807417852741694,False,False
2123,1062,703,28,MRK:6:7,MRK,Mark,R0,REVIEW_CANDIDATE,0.1877371784099405,0.2485395579355932,0.180716099125319,WORK,-0.060802379525652706,0.007021079284621506,0.7553613596536246,1.038851432266434,False,False
2124,1062,703,28,MRK:6:7,MRK,Mark,R1,REVIEW_CANDIDATE,0.1877371784099405,0.2485395579355932,0.180716099125319,WORK,-0.060802379525652706,0.007021079284621506,0.7553613596536246,1.038851432266434,False,False
2125,1063,704,31,ACT:27:8,ACT,Acts,R0,REVIEW_CANDIDATE,0.1877265531385998,0.2407747958049971,0.1622007514290091,WORK,-0.05304824266639732,0.02552580170959068,0.7796769280229773,1.157371661257455,False,False
2126,1063,704,31,ACT:27:8,ACT,Acts,R1,REVIEW_CANDIDATE,0.1877265531385998,0.2407747958049971,0.1622007514290091,WORK,-0.05304824266639732,0.02552580170959068,0.7796769280229773,1.157371661257455,False,False
2127,1064,705,24,NUM:26:63,NUM,Numbers,R0,REVIEW_CANDIDATE,0.1876273401679232,0.2060272335177108,0.1521304504522337,WORK,-0.01839989334978759,0.03549688971568951,0.910691936033758,1.2333319175100643,False,False
2128,1064,705,24,NUM:26:63,NUM,Numbers,R1,REVIEW_CANDIDATE,0.1876273401679232,0.2060272335177108,0.1521304504522337,WORK,-0.01839989334978759,0.03549688971568951,0.910691936033758,1.2333319175100643,False,False
2129,1065,706,97,PSA:37:27,PSA,Psalms,R0,REVIEW_CANDIDATE,0.1875583637727406,0.2517472342683223,0.1720894079000068,WORK,-0.0641888704955817,0.015468955872733808,0.7450265116828786,1.0898890644200607,False,False
2130,1065,706,97,PSA:37:27,PSA,Psalms,R1,REVIEW_CANDIDATE,0.1875583637727406,0.2517472342683223,0.1720894079000068,WORK,-0.0641888704955817,0.015468955872733808,0.7450265116828786,1.0898890644200607,False,False
2131,1066,707,27,JER:36:1,JER,Jeremiah,R0,REVIEW_CANDIDATE,0.1873588173712355,0.203825573325914,0.1595710794486916,WORK,-0.016466755954678503,0.02778773792254391,0.9192115312814628,1.1741401889273975,False,False
2132,1066,707,27,JER:36:1,JER,Jeremiah,R1,REVIEW_CANDIDATE,0.1873588173712355,0.203825573325914,0.1595710794486916,WORK,-0.016466755954678503,0.02778773792254391,0.9192115312814628,1.1741401889273975,False,False
2133,1067,708,28,JER:42:7,JER,Jeremiah,R0,REVIEW_CANDIDATE,0.1873449055406053,0.203825573325914,0.1595710794486916,WORK,-0.01648066778530871,0.0277738260919137,0.9191432776742083,1.1740530062707515,False,False
2134,1067,708,28,JER:42:7,JER,Jeremiah,R1,REVIEW_CANDIDATE,0.1873449055406053,0.203825573325914,0.1595710794486916,WORK,-0.01648066778530871,0.0277738260919137,0.9191432776742083,1.1740530062707515,False,False
2135,1068,709,20,2CH:9:30,2CH,2Chronicles,R0,REVIEW_CANDIDATE,0.1872981433554357,0.2156992211395015,0.1608023572188025,WORK,-0.02840107778406578,0.026495786136633198,0.8683301792466944,1.1647723739558158,False,False
2136,1068,709,20,2CH:9:30,2CH,2Chronicles,R1,REVIEW_CANDIDATE,0.1872981433554357,0.2156992211395015,0.1608023572188025,WORK,-0.02840107778406578,0.026495786136633198,0.8683301792466944,1.1647723739558158,False,False
2137,1069,710,3,1PE:2:18,1PE,1Peter,R0,REVIEW_CANDIDATE,0.1870521692097402,0.1950868502873471,0.1508743635188615,WORK,-0.008034681077606909,0.036177805690878695,0.9588148505869438,1.2397876275803208,False,False
2138,1069,710,3,1PE:2:18,1PE,1Peter,R1,REVIEW_CANDIDATE,0.1870521692097402,0.1950868502873471,0.1508743635188615,WORK,-0.008034681077606909,0.036177805690878695,0.9588148505869438,1.2397876275803208,False,False
2139,1070,711,29,JER:35:1,JER,Jeremiah,R0,REVIEW_CANDIDATE,0.1869562378382117,0.203825573325914,0.1595710794486916,WORK,-0.01686933548770231,0.027385158389520103,0.9172364134076125,1.1716173036124977,False,False
2140,1070,711,29,JER:35:1,JER,Jeremiah,R1,REVIEW_CANDIDATE,0.1869562378382117,0.203825573325914,0.1595710794486916,WORK,-0.01686933548770231,0.027385158389520103,0.9172364134076125,1.1716173036124977,False,False
2141,1071,712,6,LAM:3:19,LAM,Lamentations,R0,REVIEW_CANDIDATE,0.186931881372713,0.2938539035754291,0.1679356922785318,WORK,-0.10692202220271613,0.018996189094181187,0.6361388400774796,1.1131158530771101,False,False
2142,1071,712,6,LAM:3:19,LAM,Lamentations,R1,REVIEW_CANDIDATE,0.186931881372713,0.2938539035754291,0.1679356922785318,WORK,-0.10692202220271613,0.018996189094181187,0.6361388400774796,1.1131158530771101,False,False
2143,1072,713,21,LEV:23:8,LEV,Leviticus,R0,REVIEW_CANDIDATE,0.1868537438289855,0.2536937138059426,0.1520578598094974,WORK,-0.06683996997695707,0.034795884019488105,0.7365328096852851,1.2288331827311092,False,False
2144,1072,713,21,LEV:23:8,LEV,Leviticus,R1,REVIEW_CANDIDATE,0.1868537438289855,0.2536937138059426,0.1520578598094974,WORK,-0.06683996997695707,0.034795884019488105,0.7365328096852851,1.2288331827311092,False,False
2145,1073,714,14,JDG:8:13,JDG,Judges,R0,REVIEW_CANDIDATE,0.18663856495226,0.2109212600391261,0.1517173137608478,WORK,-0.02428269508686609,0.034921251191412206,0.884873174556412,1.2301731445526292,False,False
2146,1073,714,14,JDG:8:13,JDG,Judges,R1,REVIEW_CANDIDATE,0.18663856495226,0.2109212600391261,0.1517173137608478,WORK,-0.02428269508686609,0.034921251191412206,0.884873174556412,1.2301731445526292,False,False
2147,1074,715,22,LEV:11:31,LEV,Leviticus,R0,REVIEW_CANDIDATE,0.1865689195200185,0.2536937138059426,0.1520578598094974,WORK,-0.06712479428592408,0.0345110597105211,0.7354101003177804,1.2269600516129688,False,False
2148,1074,715,22,LEV:11:31,LEV,Leviticus,R1,REVIEW_CANDIDATE,0.1865689195200185,0.2536937138059426,0.1520578598094974,WORK,-0.06712479428592408,0.0345110597105211,0.7354101003177804,1.2269600516129688,False,False
2149,1075,716,14,ROM:8:32,ROM,Romans,R0,REVIEW_CANDIDATE,0.1865527792373005,0.2309266196192162,0.1560124813251275,WORK,-0.04437384038191572,0.030540297912172998,0.807844411982103,1.1957554783615518,False,False
2150,1075,716,14,ROM:8:32,ROM,Romans,R1,REVIEW_CANDIDATE,0.1865527792373005,0.2309266196192162,0.1560124813251275,WORK,-0.04437384038191572,0.030540297912172998,0.807844411982103,1.1957554783615518,False,False
2151,1076,717,32,ACT:1:10,ACT,Acts,R0,REVIEW_CANDIDATE,0.1865248564602981,0.2407747958049971,0.1622007514290091,WORK,-0.054249939344699016,0.024324105031288984,0.7746859709160094,1.1499629614350768,False,False
2152,1076,717,32,ACT:1:10,ACT,Acts,R1,REVIEW_CANDIDATE,0.1865248564602981,0.2407747958049971,0.1622007514290091,WORK,-0.054249939344699016,0.024324105031288984,0.7746859709160094,1.1499629614350768,False,False
2153,1077,718,98,PSA:15:5,PSA,Psalms,R0,REVIEW_CANDIDATE,0.1864525591079763,0.2517472342683223,0.1720894079000068,WORK,-0.06529467516034598,0.014363151207969521,0.74063399206701,1.0834633077261517,False,False
2154,1077,718,98,PSA:15:5,PSA,Psalms,R1,REVIEW_CANDIDATE,0.1864525591079763,0.2517472342683223,0.1720894079000068,WORK,-0.06529467516034598,0.014363151207969521,0.74063399206701,1.0834633077261517,False,False
2155,1078,719,29,MRK:8:20,MRK,Mark,R0,REVIEW_CANDIDATE,0.1863787713319477,0.2485395579355932,0.180716099125319,WORK,-0.06216078660364552,0.005662672206628694,0.7498958028252632,1.0313346305837527,False,False
2156,1078,719,29,MRK:8:20,MRK,Mark,R1,REVIEW_CANDIDATE,0.1863787713319477,0.2485395579355932,0.180716099125319,WORK,-0.06216078660364552,0.005662672206628694,0.7498958028252632,1.0313346305837527,False,False
2157,1079,720,30,MRK:1:9,MRK,Mark,R0,REVIEW_CANDIDATE,0.186374305567863,0.2485395579355932,0.180716099125319,WORK,-0.06216525236773021,0.005658206442544,0.7498778348039077,1.0313099190937065,False,False
2158,1079,720,30,MRK:1:9,MRK,Mark,R1,REVIEW_CANDIDATE,0.186374305567863,0.2485395579355932,0.180716099125319,WORK,-0.06216525236773021,0.005658206442544,0.7498778348039077,1.0313099190937065,False,False
2159,1080,721,25,NUM:28:21,NUM,Numbers,R0,REVIEW_CANDIDATE,0.1862784368702392,0.2060272335177108,0.1521304504522337,WORK,-0.01974879664747159,0.03414798641800551,0.9041447273242451,1.2244651633942765,False,False
2160,1080,721,25,NUM:28:21,NUM,Numbers,R1,REVIEW_CANDIDATE,0.1862784368702392,0.2060272335177108,0.1521304504522337,WORK,-0.01974879664747159,0.03414798641800551,0.9041447273242451,1.2244651633942765,False,False
2161,1081,722,12,HEB:13:18,HEB,Hebrews,R0,REVIEW_CANDIDATE,0.186164764973387,0.214279535005857,0.1704570020425162,WORK,-0.02811477003247001,0.015707762930870783,0.8687939563071129,1.0921508811175318,False,False
2162,1081,722,12,HEB:13:18,HEB,Hebrews,R1,REVIEW_CANDIDATE,0.186164764973387,0.214279535005857,0.1704570020425162,WORK,-0.02811477003247001,0.015707762930870783,0.8687939563071129,1.0921508811175318,False,False
2163,1082,723,31,MRK:14:16,MRK,Mark,R0,REVIEW_CANDIDATE,0.186064630303458,0.2485395579355932,0.180716099125319,WORK,-0.06247492763213522,0.005348531178138993,0.748631855021143,1.0295963182252512,False,False
2164,1082,723,31,MRK:14:16,MRK,Mark,R1,REVIEW_CANDIDATE,0.186064630303458,0.2485395579355932,0.180716099125319,WORK,-0.06247492763213522,0.005348531178138993,0.748631855021143,1.0295963182252512,False,False
2165,1083,724,21,2CH:23:16,2CH,2Chronicles,R0,REVIEW_CANDIDATE,0.1859705482216888,0.2156992211395015,0.1608023572188025,WORK,-0.0297286729178127,0.02516819100288628,0.862175334891052,1.1565163063414556,False,False
2166,1083,724,21,2CH:23:16,2CH,2Chronicles,R1,REVIEW_CANDIDATE,0.1859705482216888,0.2156992211395015,0.1608023572188025,WORK,-0.0297286729178127,0.02516819100288628,0.862175334891052,1.1565163063414556,False,False
2167,1084,725,30,JER:37:8,JER,Jeremiah,R0,REVIEW_CANDIDATE,0.1859563110031112,0.203825573325914,0.1595710794486916,WORK,-0.01786926232280281,0.026385231554419603,0.9123306166580475,1.1653509623772615,False,False
2168,1084,725,30,JER:37:8,JER,Jeremiah,R1,REVIEW_CANDIDATE,0.1859563110031112,0.203825573325914,0.1595710794486916,WORK,-0.01786926232280281,0.026385231554419603,0.9123306166580475,1.1653509623772615,False,False
2169,1085,726,32,MRK:14:30,MRK,Mark,R0,REVIEW_CANDIDATE,0.1858963585562453,0.2485395579355932,0.180716099125319,WORK,-0.0626431993793479,0.005180259430926315,0.7479548129091735,1.0286651795606434,False,False
2170,1085,726,32,MRK:14:30,MRK,Mark,R1,REVIEW_CANDIDATE,0.1858963585562453,0.2485395579355932,0.180716099125319,WORK,-0.0626431993793479,0.005180259430926315,0.7479548129091735,1.0286651795606434,False,False
2171,1086,727,31,JER:22:20,JER,Jeremiah,R0,REVIEW_CANDIDATE,0.1857842481143126,0.203825573325914,0.1595710794486916,WORK,-0.0180413252116014,0.02621316866562101,0.9114864493340411,1.1642726787096127,False,False
2172,1086,727,31,JER:22:20,JER,Jeremiah,R1,REVIEW_CANDIDATE,0.1857842481143126,0.203825573325914,0.1595710794486916,WORK,-0.0180413252116014,0.02621316866562101,0.9114864493340411,1.1642726787096127,False,False
2173,1087,728,3,HOS:12:2,HOS,Hosea,R0,REVIEW_CANDIDATE,0.1857243720379335,0.1864811853428518,0.1389984160707465,WORK,-0.0007568133049183079,0.04672595596718698,0.9959416103907379,1.3361617872206883,False,False
2174,1087,728,3,HOS:12:2,HOS,Hosea,R1,REVIEW_CANDIDATE,0.1857243720379335,0.1864811853428518,0.1389984160707465,WORK,-0.0007568133049183079,0.04672595596718698,0.9959416103907379,1.3361617872206883,False,False
2175,1088,729,26,NUM:23:23,NUM,Numbers,R0,REVIEW_CANDIDATE,0.1856951323634724,0.2060272335177108,0.1521304504522337,WORK,-0.02033210115423839,0.03356468191123871,0.901313526337815,1.2206309243906264,False,False
2176,1088,729,26,NUM:23:23,NUM,Numbers,R1,REVIEW_CANDIDATE,0.1856951323634724,0.2060272335177108,0.1521304504522337,WORK,-0.02033210115423839,0.03356468191123871,0.901313526337815,1.2206309243906264,False,False
2177,1089,730,32,JER:13:9,JER,Jeremiah,R0,REVIEW_CANDIDATE,0.1854148241740271,0.203825573325914,0.1595710794486916,WORK,-0.018410749151886896,0.025843744725335516,0.9096739979607544,1.161957572854831,False,False
2178,1089,730,32,JER:13:9,JER,Jeremiah,R1,REVIEW_CANDIDATE,0.1854148241740271,0.203825573325914,0.1595710794486916,WORK,-0.018410749151886896,0.025843744725335516,0.9096739979607544,1.161957572854831,False,False
2179,1090,731,27,NUM:8:25,NUM,Numbers,R0,REVIEW_CANDIDATE,0.1852050802145372,0.2060272335177108,0.1521304504522337,WORK,-0.020822153303173607,0.03307462976230349,0.8989349468628202,1.217409661668545,False,False
2180,1090,731,27,NUM:8:25,NUM,Numbers,R1,REVIEW_CANDIDATE,0.1852050802145372,0.2060272335177108,0.1521304504522337,WORK,-0.020822153303173607,0.03307462976230349,0.8989349468628202,1.217409661668545,False,False
2181,1091,732,28,NUM:29:17,NUM,Numbers,R0,REVIEW_CANDIDATE,0.1850640024341799,0.2060272335177108,0.1521304504522337,WORK,-0.020963231083530903,0.032933551981946196,0.8982501937942644,1.216482314250997,False,False
2182,1091,732,28,NUM:29:17,NUM,Numbers,R1,REVIEW_CANDIDATE,0.1850640024341799,0.2060272335177108,0.1521304504522337,WORK,-0.020963231083530903,0.032933551981946196,0.8982501937942644,1.216482314250997,False,False
2183,1092,733,23,DEU:28:23,DEU,Deuteronomy,R0,REVIEW_CANDIDATE,0.1849988915965006,0.2277736606676687,0.158268997269363,WORK,-0.04277476907116809,0.0267298943271376,0.8122049364892182,1.168889010408306,False,False
2184,1092,733,23,DEU:28:23,DEU,Deuteronomy,R1,REVIEW_CANDIDATE,0.1849988915965006,0.2277736606676687,0.158268997269363,WORK,-0.04277476907116809,0.0267298943271376,0.8122049364892182,1.168889010408306,False,False
2185,1093,734,37,ISA:9:5,ISA,Isaiah,R0,REVIEW_CANDIDATE,0.1849866960696001,0.2203930443072171,0.1556613590945488,WORK,-0.035406348237616986,0.029325336975051297,0.8393490668051108,1.1883918857295797,False,False
2186,1093,734,37,ISA:9:5,ISA,Isaiah,R1,REVIEW_CANDIDATE,0.1849866960696001,0.2203930443072171,0.1556613590945488,WORK,-0.035406348237616986,0.029325336975051297,0.8393490668051108,1.1883918857295797,False,False
2187,1094,735,22,EXO:28:31,EXO,Exodus,R0,REVIEW_CANDIDATE,0.1849169497286829,0.2061688329235183,0.1458137712888438,WORK,-0.021251883194835425,0.0391031784398391,0.8969200004992066,1.2681720532581198,False,False
2188,1094,735,22,EXO:28:31,EXO,Exodus,R1,REVIEW_CANDIDATE,0.1849169497286829,0.2061688329235183,0.1458137712888438,WORK,-0.021251883194835425,0.0391031784398391,0.8969200004992066,1.2681720532581198,False,False
2189,1095,736,14,NEH:9:33,NEH,Nehemiah,R0,REVIEW_CANDIDATE,0.1848444529648432,0.249097416043593,0.1712008590080952,WORK,-0.06425296307874981,0.013643593956747996,0.7420568864210727,1.079693490066559,False,False
2190,1095,736,14,NEH:9:33,NEH,Nehemiah,R1,REVIEW_CANDIDATE,0.1848444529648432,0.249097416043593,0.1712008590080952,WORK,-0.06425296307874981,0.013643593956747996,0.7420568864210727,1.079693490066559,False,False
2191,1096,737,6,DAN:5:30,DAN,Daniel,R0,REVIEW_CANDIDATE,0.1846816656055506,0.2230599517621362,0.1564706148641274,WORK,-0.03837828615658559,0.028211050741423216,0.8279463173312664,1.1802961582653748,False,False
2192,1096,737,6,DAN:5:30,DAN,Daniel,R1,REVIEW_CANDIDATE,0.1846816656055506,0.2230599517621362,0.1564706148641274,WORK,-0.03837828615658559,0.028211050741423216,0.8279463173312664,1.1802961582653748,False,False
2193,1097,738,15,JDG:10:4,JDG,Judges,R0,REVIEW_CANDIDATE,0.1846564332256921,0.2109212600391261,0.1517173137608478,WORK,-0.026264826813433978,0.03293911946484432,0.875475678418753,1.2171085069220662,False,False
2194,1097,738,15,JDG:10:4,JDG,Judges,R1,REVIEW_CANDIDATE,0.1846564332256921,0.2109212600391261,0.1517173137608478,WORK,-0.026264826813433978,0.03293911946484432,0.875475678418753,1.2171085069220662,False,False
2195,1098,739,26,PRO:24:8,PRO,Proverbs,R0,REVIEW_CANDIDATE,0.1846477941771203,0.2365615998472131,0.1658406971808283,WORK,-0.051913805670092794,0.01880709699629199,0.7805484672760832,1.1134045943848465,False,False
2196,1098,739,26,PRO:24:8,PRO,Proverbs,R1,REVIEW_CANDIDATE,0.1846477941771203,0.2365615998472131,0.1658406971808283,WORK,-0.051913805670092794,0.01880709699629199,0.7805484672760832,1.1134045943848465,False,False
2197,1099,740,21,EZE:30:20,EZE,Ezekiel,R0,REVIEW_CANDIDATE,0.1845592403705463,0.1977293149575067,0.1466200453576744,WORK,-0.0131700745869604,0.03793919501287191,0.9333934141743689,1.2587585818864029,False,False
2198,1099,740,21,EZE:30:20,EZE,Ezekiel,R1,REVIEW_CANDIDATE,0.1845592403705463,0.1977293149575067,0.1466200453576744,WORK,-0.0131700745869604,0.03793919501287191,0.9333934141743689,1.2587585818864029,False,False
2199,1100,741,8,ZEC:6:2,ZEC,Zechariah,R0,REVIEW_CANDIDATE,0.1845546908484817,0.1979117914121707,0.1701784058121591,WORK,-0.013357100563688995,0.0143762850363226,0.9325098294124804,1.0844777277570161,False,False
2200,1100,741,8,ZEC:6:2,ZEC,Zechariah,R1,REVIEW_CANDIDATE,0.1845546908484817,0.1979117914121707,0.1701784058121591,WORK,-0.013357100563688995,0.0143762850363226,0.9325098294124804,1.0844777277570161,False,False
2201,1101,742,38,ISA:23:7,ISA,Isaiah,R0,REVIEW_CANDIDATE,0.1843394799284783,0.2203930443072171,0.1556613590945488,WORK,-0.0360535643787388,0.028678120833929482,0.8364124217619051,1.1842340385613002,False,False
2202,1101,742,38,ISA:23:7,ISA,Isaiah,R1,REVIEW_CANDIDATE,0.1843394799284783,0.2203930443072171,0.1556613590945488,WORK,-0.0360535643787388,0.028678120833929482,0.8364124217619051,1.1842340385613002,False,False
2203,1102,743,24,DEU:16:1,DEU,Deuteronomy,R0,REVIEW_CANDIDATE,0.1842147514649916,0.2277736606676687,0.158268997269363,WORK,-0.043558909202677076,0.025945754195628612,0.8087623078322855,1.1639345332520854,False,False
2204,1102,743,24,DEU:16:1,DEU,Deuteronomy,R1,REVIEW_CANDIDATE,0.1842147514649916,0.2277736606676687,0.158268997269363,WORK,-0.043558909202677076,0.025945754195628612,0.8087623078322855,1.1639345332520854,False,False
2205,1103,744,23,EXO:33:15,EXO,Exodus,R0,REVIEW_CANDIDATE,0.1841494977132783,0.2061688329235183,0.1458137712888438,WORK,-0.02201933521024002,0.0383357264244345,0.893197556109713,1.262908819143666,False,False
2206,1103,744,23,EXO:33:15,EXO,Exodus,R1,REVIEW_CANDIDATE,0.1841494977132783,0.2061688329235183,0.1458137712888438,WORK,-0.02201933521024002,0.0383357264244345,0.893197556109713,1.262908819143666,False,False
2207,1104,745,99,PSA:145:2,PSA,Psalms,R0,REVIEW_CANDIDATE,0.1840861622527594,0.2517472342683223,0.1720894079000068,WORK,-0.0676610720155629,0.011996754352752603,0.7312340999009863,1.0697123344146977,False,False
2208,1104,745,99,PSA:145:2,PSA,Psalms,R1,REVIEW_CANDIDATE,0.1840861622527594,0.2517472342683223,0.1720894079000068,WORK,-0.0676610720155629,0.011996754352752603,0.7312340999009863,1.0697123344146977,False,False
2209,1105,746,22,EZE:41:24,EZE,Ezekiel,R0,REVIEW_CANDIDATE,0.1840378315977183,0.1977293149575067,0.1466200453576744,WORK,-0.013691483359788398,0.03741778624004391,0.930756431524932,1.2552023916563697,False,False
2210,1105,746,22,EZE:41:24,EZE,Ezekiel,R1,REVIEW_CANDIDATE,0.1840378315977183,0.1977293149575067,0.1466200453576744,WORK,-0.013691483359788398,0.03741778624004391,0.930756431524932,1.2552023916563697,False,False
2211,1106,747,100,PSA:80:3,PSA,Psalms,R0,REVIEW_CANDIDATE,0.1839880354291728,0.2517472342683223,0.1720894079000068,WORK,-0.06775919883914949,0.011898627529166012,0.7308443167763702,1.0691421260283478,False,False
2212,1106,747,100,PSA:80:3,PSA,Psalms,R1,REVIEW_CANDIDATE,0.1839880354291728,0.2517472342683223,0.1720894079000068,WORK,-0.06775919883914949,0.011898627529166012,0.7308443167763702,1.0691421260283478,False,False
2213,1107,748,25,DEU:30:11,DEU,Deuteronomy,R0,REVIEW_CANDIDATE,0.1839678634488528,0.2277736606676687,0.158268997269363,WORK,-0.04380579721881589,0.0256988661794898,0.807678389632898,1.1623746066688734,False,False
2214,1107,748,25,DEU:30:11,DEU,Deuteronomy,R1,REVIEW_CANDIDATE,0.1839678634488528,0.2277736606676687,0.158268997269363,WORK,-0.04380579721881589,0.0256988661794898,0.807678389632898,1.1623746066688734,False,False
2215,1108,749,33,ACT:3:4,ACT,Acts,R0,REVIEW_CANDIDATE,0.1839128277323776,0.2407747958049971,0.1622007514290091,WORK,-0.056861968072619506,0.021712076303368494,0.763837540044383,1.133859283092602,False,False
2216,1108,749,33,ACT:3:4,ACT,Acts,R1,REVIEW_CANDIDATE,0.1839128277323776,0.2407747958049971,0.1622007514290091,WORK,-0.056861968072619506,0.021712076303368494,0.763837540044383,1.133859283092602,False,False
2217,1109,750,22,2CH:33:1,2CH,2Chronicles,R0,REVIEW_CANDIDATE,0.1838848925292714,0.2156992211395015,0.1608023572188025,WORK,-0.03181432861023009,0.023082535310468888,0.8525060570818915,1.1435460008777152,False,False
2218,1109,750,22,2CH:33:1,2CH,2Chronicles,R1,REVIEW_CANDIDATE,0.1838848925292714,0.2156992211395015,0.1608023572188025,WORK,-0.03181432861023009,0.023082535310468888,0.8525060570818915,1.1435460008777152,False,False
2219,1110,751,23,LEV:11:27,LEV,Leviticus,R0,REVIEW_CANDIDATE,0.1838466885163472,0.2536937138059426,0.1520578598094974,WORK,-0.06984702528959538,0.03178882870684979,0.7246797161752958,1.2090574518586266,False,False
2220,1110,751,23,LEV:11:27,LEV,Leviticus,R1,REVIEW_CANDIDATE,0.1838466885163472,0.2536937138059426,0.1520578598094974,WORK,-0.06984702528959538,0.03178882870684979,0.7246797161752958,1.2090574518586266,False,False
2221,1111,752,23,EZE:3:15,EZE,Ezekiel,R0,REVIEW_CANDIDATE,0.1837933263050195,0.1977293149575067,0.1466200453576744,WORK,-0.013935988652487213,0.037173280947345094,0.9295198658050166,1.2535347800272616,False,False
2222,1111,752,23,EZE:3:15,EZE,Ezekiel,R1,REVIEW_CANDIDATE,0.1837933263050195,0.1977293149575067,0.1466200453576744,WORK,-0.013935988652487213,0.037173280947345094,0.9295198658050166,1.2535347800272616,False,False
2223,1112,753,33,JER:18:18,JER,Jeremiah,R0,REVIEW_CANDIDATE,0.1836558587041451,0.203825573325914,0.1595710794486916,WORK,-0.02016971462176889,0.02408477925545352,0.9010442394805983,1.1509344884966937,False,False
2224,1112,753,33,JER:18:18,JER,Jeremiah,R1,REVIEW_CANDIDATE,0.1836558587041451,0.203825573325914,0.1595710794486916,WORK,-0.02016971462176889,0.02408477925545352,0.9010442394805983,1.1509344884966937,False,False
2225,1113,754,5,1TH:5:22,1TH,1Thessalonians,R0,REVIEW_CANDIDATE,0.1834747538780399,0.3114588778178616,0.1777962178538115,WORK,-0.12798412393982167,0.005678536024228409,0.5890817919960989,1.0319384523066595,False,False
2226,1113,754,5,1TH:5:22,1TH,1Thessalonians,R1,REVIEW_CANDIDATE,0.1834747538780399,0.3114588778178616,0.1777962178538115,WORK,-0.12798412393982167,0.005678536024228409,0.5890817919960989,1.0319384523066595,False,False
2227,1114,755,24,EXO:5:18,EXO,Exodus,R0,REVIEW_CANDIDATE,0.1831998873593158,0.2061688329235183,0.1458137712888438,WORK,-0.02296894556420251,0.037386116070472014,0.8885915720698521,1.2563963317045928,False,False
2228,1114,755,24,EXO:5:18,EXO,Exodus,R1,REVIEW_CANDIDATE,0.1831998873593158,0.2061688329235183,0.1458137712888438,WORK,-0.02296894556420251,0.037386116070472014,0.8885915720698521,1.2563963317045928,False,False
2229,1115,756,18,2KI:22:1,2KI,2Kings,R0,REVIEW_CANDIDATE,0.1831827973346418,0.2042283105495926,0.1574881551780614,WORK,-0.021045513214950795,0.025694642156580405,0.8969510487634361,1.1631528550672854,False,False
2230,1115,756,18,2KI:22:1,2KI,2Kings,R1,REVIEW_CANDIDATE,0.1831827973346418,0.2042283105495926,0.1574881551780614,WORK,-0.021045513214950795,0.025694642156580405,0.8969510487634361,1.1631528550672854,False,False
2231,1116,757,34,ACT:7:51,ACT,Acts,R0,REVIEW_CANDIDATE,0.1829932886188654,0.2407747958049971,0.1622007514290091,WORK,-0.0577815071861317,0.020792537189856297,0.7600184562800801,1.1281901409621806,False,False
2232,1116,757,34,ACT:7:51,ACT,Acts,R1,REVIEW_CANDIDATE,0.1829932886188654,0.2407747958049971,0.1622007514290091,WORK,-0.0577815071861317,0.020792537189856297,0.7600184562800801,1.1281901409621806,False,False
2233,1117,758,19,2KI:9:11,2KI,2Kings,R0,REVIEW_CANDIDATE,0.182932177499581,0.2042283105495926,0.1574881551780614,WORK,-0.0212961330500116,0.0254440223215196,0.8957238935547074,1.1615614983409497,False,False
2234,1117,758,19,2KI:9:11,2KI,2Kings,R1,REVIEW_CANDIDATE,0.182932177499581,0.2042283105495926,0.1574881551780614,WORK,-0.0212961330500116,0.0254440223215196,0.8957238935547074,1.1615614983409497,False,False
2235,1118,759,33,MRK:1:10,MRK,Mark,R0,REVIEW_CANDIDATE,0.1829297119859784,0.2485395579355932,0.180716099125319,WORK,-0.0656098459496148,0.0022136128606594085,0.7360184974392808,1.012249118210129,False,False
2236,1118,759,33,MRK:1:10,MRK,Mark,R1,REVIEW_CANDIDATE,0.1829297119859784,0.2485395579355932,0.180716099125319,WORK,-0.0656098459496148,0.0022136128606594085,0.7360184974392808,1.012249118210129,False,False
2237,1119,760,25,EXO:39:35,EXO,Exodus,R0,REVIEW_CANDIDATE,0.1828168203044876,0.2061688329235183,0.1458137712888438,WORK,-0.02335201261903072,0.0370030490156438,0.8867335460559476,1.253769233787556,False,False
2238,1119,760,25,EXO:39:35,EXO,Exodus,R1,REVIEW_CANDIDATE,0.1828168203044876,0.2061688329235183,0.1458137712888438,WORK,-0.02335201261903072,0.0370030490156438,0.8867335460559476,1.253769233787556,False,False
2239,1120,761,101,PSA:107:22,PSA,Psalms,R0,REVIEW_CANDIDATE,0.1824899400912686,0.2517472342683223,0.1720894079000068,WORK,-0.0692572941770537,0.010400532191261802,0.7248935251330845,1.0604367945603315,False,False
2240,1120,761,101,PSA:107:22,PSA,Psalms,R1,REVIEW_CANDIDATE,0.1824899400912686,0.2517472342683223,0.1720894079000068,WORK,-0.0692572941770537,0.010400532191261802,0.7248935251330845,1.0604367945603315,False,False
2241,1121,762,15,NEH:13:23,NEH,Nehemiah,R0,REVIEW_CANDIDATE,0.182421445261343,0.249097416043593,0.1712008590080952,WORK,-0.06667597078225002,0.011220586253247788,0.7323297373322353,1.065540478700035,False,False
2242,1121,762,15,NEH:13:23,NEH,Nehemiah,R1,REVIEW_CANDIDATE,0.182421445261343,0.249097416043593,0.1712008590080952,WORK,-0.06667597078225002,0.011220586253247788,0.7323297373322353,1.065540478700035,False,False
2243,1122,763,9,ZEC:13:1,ZEC,Zechariah,R0,REVIEW_CANDIDATE,0.1823717030859798,0.1979117914121707,0.1701784058121591,WORK,-0.015540088326190887,0.012193297273820708,0.9214797248041319,1.0716500851893014,False,False
2244,1122,763,9,ZEC:13:1,ZEC,Zechariah,R1,REVIEW_CANDIDATE,0.1823717030859798,0.1979117914121707,0.1701784058121591,WORK,-0.015540088326190887,0.012193297273820708,0.9214797248041319,1.0716500851893014,False,False
2245,1123,764,102,PSA:107:14,PSA,Psalms,R0,REVIEW_CANDIDATE,0.1822094033193078,0.2517472342683223,0.1720894079000068,WORK,-0.0695378309490145,0.010119995419301003,0.7237791662294956,1.0588066142059207,False,False
2246,1123,764,102,PSA:107:14,PSA,Psalms,R1,REVIEW_CANDIDATE,0.1822094033193078,0.2517472342683223,0.1720894079000068,WORK,-0.0695378309490145,0.010119995419301003,0.7237791662294956,1.0588066142059207,False,False
2247,1124,765,39,ISA:29:1,ISA,Isaiah,R0,REVIEW_CANDIDATE,0.1821848857515237,0.2203930443072171,0.1556613590945488,WORK,-0.0382081585556934,0.026523526656974883,0.8266362775840008,1.1703924905400862,False,False
2248,1124,765,39,ISA:29:1,ISA,Isaiah,R1,REVIEW_CANDIDATE,0.1821848857515237,0.2203930443072171,0.1556613590945488,WORK,-0.0382081585556934,0.026523526656974883,0.8266362775840008,1.1703924905400862,False,False
2249,1125,766,5,EST:3:11,EST,Esther,R0,REVIEW_CANDIDATE,0.182183430303004,0.2106098417089447,0.155955053094019,WORK,-0.02842641140594071,0.026228377208984993,0.8650280956707379,1.1681790790912876,False,False
2250,1125,766,5,EST:3:11,EST,Esther,R1,REVIEW_CANDIDATE,0.182183430303004,0.2106098417089447,0.155955053094019,WORK,-0.02842641140594071,0.026228377208984993,0.8650280956707379,1.1681790790912876,False,False
2251,1126,767,29,NUM:29:10,NUM,Numbers,R0,REVIEW_CANDIDATE,0.1821550477804373,0.2060272335177108,0.1521304504522337,WORK,-0.023872185737273482,0.030024597328203617,0.884130921288028,1.197360865224223,False,False
2252,1126,767,29,NUM:29:10,NUM,Numbers,R1,REVIEW_CANDIDATE,0.1821550477804373,0.2060272335177108,0.1521304504522337,WORK,-0.023872185737273482,0.030024597328203617,0.884130921288028,1.197360865224223,False,False
2253,1127,768,24,EZE:27:36,EZE,Ezekiel,R0,REVIEW_CANDIDATE,0.1821352002693556,0.1977293149575067,0.1466200453576744,WORK,-0.015594114688151112,0.035515154911681196,0.9211340276402495,1.2422257804179724,False,False
2254,1127,768,24,EZE:27:36,EZE,Ezekiel,R1,REVIEW_CANDIDATE,0.1821352002693556,0.1977293149575067,0.1466200453576744,WORK,-0.015594114688151112,0.035515154911681196,0.9211340276402495,1.2422257804179724,False,False
2255,1128,769,25,EZE:16:63,EZE,Ezekiel,R0,REVIEW_CANDIDATE,0.1820231277035525,0.1977293149575067,0.1466200453576744,WORK,-0.0157061872539542,0.035403082345878106,0.9205672297133606,1.2414614063139426,False,False
2256,1128,769,25,EZE:16:63,EZE,Ezekiel,R1,REVIEW_CANDIDATE,0.1820231277035525,0.1977293149575067,0.1466200453576744,WORK,-0.0157061872539542,0.035403082345878106,0.9205672297133606,1.2414614063139426,False,False
2257,1129,770,103,PSA:60:1,PSA,Psalms,R0,REVIEW_CANDIDATE,0.1820130480696213,0.2517472342683223,0.1720894079000068,WORK,-0.069734186198701,0.0099236401696145,0.7229991963908707,1.0576656070278345,False,False
2258,1129,770,103,PSA:60:1,PSA,Psalms,R1,REVIEW_CANDIDATE,0.1820130480696213,0.2517472342683223,0.1720894079000068,WORK,-0.069734186198701,0.0099236401696145,0.7229991963908707,1.0576656070278345,False,False
2259,1130,771,7,GAL:3:20,GAL,Galatians,R0,REVIEW_CANDIDATE,0.1818806596339641,0.2616443134323326,0.1651665865211423,WORK,-0.07976365379836847,0.016714073112821803,0.6951447071331163,1.1011952445398652,False,False
2260,1130,771,7,GAL:3:20,GAL,Galatians,R1,REVIEW_CANDIDATE,0.1818806596339641,0.2616443134323326,0.1651665865211423,WORK,-0.07976365379836847,0.016714073112821803,0.6951447071331163,1.1011952445398652,False,False
2261,1131,772,104,PSA:42:7,PSA,Psalms,R0,REVIEW_CANDIDATE,0.1818271347079135,0.2517472342683223,0.1720894079000068,WORK,-0.06992009956040879,0.009737726807906716,0.7222607042193554,1.0565852769600141,False,False
2262,1131,772,104,PSA:42:7,PSA,Psalms,R1,REVIEW_CANDIDATE,0.1818271347079135,0.2517472342683223,0.1720894079000068,WORK,-0.06992009956040879,0.009737726807906716,0.7222607042193554,1.0565852769600141,False,False
2263,1132,773,34,MRK:15:30,MRK,Mark,R0,REVIEW_CANDIDATE,0.1818231108355139,0.2485395579355932,0.180716099125319,WORK,-0.06671644710007932,0.001107011710194894,0.731566082863283,1.0061256950296786,False,False
2264,1132,773,34,MRK:15:30,MRK,Mark,R1,REVIEW_CANDIDATE,0.1818231108355139,0.2485395579355932,0.180716099125319,WORK,-0.06671644710007932,0.001107011710194894,0.731566082863283,1.0061256950296786,False,False
2265,1133,774,10,ZEC:11:12,ZEC,Zechariah,R0,REVIEW_CANDIDATE,0.1816843734456624,0.1979117914121707,0.1701784058121591,WORK,-0.016227417966508284,0.011505967633503311,0.9180068158106199,1.0676112082410942,False,False
2266,1133,774,10,ZEC:11:12,ZEC,Zechariah,R1,REVIEW_CANDIDATE,0.1816843734456624,0.1979117914121707,0.1701784058121591,WORK,-0.016227417966508284,0.011505967633503311,0.9180068158106199,1.0676112082410942,False,False
2267,1134,775,105,PSA:44:19,PSA,Psalms,R0,REVIEW_CANDIDATE,0.181678637028483,0.2517472342683223,0.1720894079000068,WORK,-0.0700685972398393,0.009589229128476207,0.7216708360531287,1.0557223669108564,False,False
2268,1134,775,105,PSA:44:19,PSA,Psalms,R1,REVIEW_CANDIDATE,0.181678637028483,0.2517472342683223,0.1720894079000068,WORK,-0.0700685972398393,0.009589229128476207,0.7216708360531287,1.0557223669108564,False,False
2269,1135,776,13,1CO:15:35,1CO,1Corinthians,R0,REVIEW_CANDIDATE,0.1816597147993949,0.2749938527419566,0.1602659200966021,WORK,-0.09333413794256168,0.021393794702792818,0.6605955478206897,1.1334893574996947,False,False
2270,1135,776,13,1CO:15:35,1CO,1Corinthians,R1,REVIEW_CANDIDATE,0.1816597147993949,0.2749938527419566,0.1602659200966021,WORK,-0.09333413794256168,0.021393794702792818,0.6605955478206897,1.1334893574996947,False,False
2271,1136,777,35,ACT:20:12,ACT,Acts,R0,REVIEW_CANDIDATE,0.1816387485578865,0.2407747958049971,0.1622007514290091,WORK,-0.05913604724711061,0.019437997128877393,0.7543927010740579,1.1198391311854365,False,False
2272,1136,777,35,ACT:20:12,ACT,Acts,R1,REVIEW_CANDIDATE,0.1816387485578865,0.2407747958049971,0.1622007514290091,WORK,-0.05913604724711061,0.019437997128877393,0.7543927010740579,1.1198391311854365,False,False
2273,1137,778,7,DAN:12:1,DAN,Daniel,R0,REVIEW_CANDIDATE,0.1815898472912327,0.2230599517621362,0.1564706148641274,WORK,-0.04147010447090349,0.025119232427105315,0.8140853876130761,1.1605364205216284,False,False
2274,1137,778,7,DAN:12:1,DAN,Daniel,R1,REVIEW_CANDIDATE,0.1815898472912327,0.2230599517621362,0.1564706148641274,WORK,-0.04147010447090349,0.025119232427105315,0.8140853876130761,1.1605364205216284,False,False
2275,1138,779,16,JDG:2:21,JDG,Judges,R0,REVIEW_CANDIDATE,0.1814464934562158,0.2109212600391261,0.1517173137608478,WORK,-0.02947476658291029,0.029729179695368008,0.860257014501797,1.195951134108729,False,False
2276,1138,779,16,JDG:2:21,JDG,Judges,R1,REVIEW_CANDIDATE,0.1814464934562158,0.2109212600391261,0.1517173137608478,WORK,-0.02947476658291029,0.029729179695368008,0.860257014501797,1.195951134108729,False,False
2277,1139,780,6,EST:9:16,EST,Esther,R0,REVIEW_CANDIDATE,0.1813866665765269,0.2106098417089447,0.155955053094019,WORK,-0.02922317513241779,0.025431613482507914,0.861244968918389,1.1630701473146638,False,False
2278,1139,780,6,EST:9:16,EST,Esther,R1,REVIEW_CANDIDATE,0.1813866665765269,0.2106098417089447,0.155955053094019,WORK,-0.02922317513241779,0.025431613482507914,0.861244968918389,1.1630701473146638,False,False
2279,1140,781,30,NUM:32:12,NUM,Numbers,R0,REVIEW_CANDIDATE,0.1813377701841438,0.2060272335177108,0.1521304504522337,WORK,-0.024689463333567002,0.029207319731910097,0.8801640787384324,1.191988649511563,False,False
2280,1140,781,30,NUM:32:12,NUM,Numbers,R1,REVIEW_CANDIDATE,0.1813377701841438,0.2060272335177108,0.1521304504522337,WORK,-0.024689463333567002,0.029207319731910097,0.8801640787384324,1.191988649511563,False,False
2281,1141,782,34,JER:52:8,JER,Jeremiah,R0,REVIEW_CANDIDATE,0.1812927606489726,0.203825573325914,0.1595710794486916,WORK,-0.022532812676941405,0.021721681200281007,0.8894505124687578,1.1361254262071052,False,False
2282,1141,782,34,JER:52:8,JER,Jeremiah,R1,REVIEW_CANDIDATE,0.1812927606489726,0.203825573325914,0.1595710794486916,WORK,-0.022532812676941405,0.021721681200281007,0.8894505124687578,1.1361254262071052,False,False
2283,1142,783,106,PSA:137:3,PSA,Psalms,R0,REVIEW_CANDIDATE,0.1810611083686191,0.2517472342683223,0.1720894079000068,WORK,-0.07068612589970319,0.008971700468612315,0.7192178650734924,1.0521339493121236,False,False
2284,1142,783,106,PSA:137:3,PSA,Psalms,R1,REVIEW_CANDIDATE,0.1810611083686191,0.2517472342683223,0.1720894079000068,WORK,-0.07068612589970319,0.008971700468612315,0.7192178650734924,1.0521339493121236,False,False
2285,1143,784,31,NUM:2:23,NUM,Numbers,R0,REVIEW_CANDIDATE,0.1809015953801841,0.2060272335177108,0.1521304504522337,WORK,-0.02512563813752669,0.02877114492795041,0.878047005201539,1.1891215390635028,False,False
2286,1143,784,31,NUM:2:23,NUM,Numbers,R1,REVIEW_CANDIDATE,0.1809015953801841,0.2060272335177108,0.1521304504522337,WORK,-0.02512563813752669,0.02877114492795041,0.878047005201539,1.1891215390635028,False,False
2287,1144,785,6,JAS:3:16,JAS,James,R0,REVIEW_CANDIDATE,0.1808917853433608,0.229866855888857,0.1781802858365281,WORK,-0.048975070545496185,0.002711499506832721,0.7869415738249096,1.0152177301439531,False,False
2288,1144,785,6,JAS:3:16,JAS,James,R1,REVIEW_CANDIDATE,0.1808917853433608,0.229866855888857,0.1781802858365281,WORK,-0.048975070545496185,0.002711499506832721,0.7869415738249096,1.0152177301439531,False,False
2289,1145,786,23,2CH:11:14,2CH,2Chronicles,R0,REVIEW_CANDIDATE,0.1808797662772772,0.2156992211395015,0.1608023572188025,WORK,-0.03481945486222429,0.020077409058474688,0.8385740352780174,1.1248576787413354,False,False
2290,1145,786,23,2CH:11:14,2CH,2Chronicles,R1,REVIEW_CANDIDATE,0.1808797662772772,0.2156992211395015,0.1608023572188025,WORK,-0.03481945486222429,0.020077409058474688,0.8385740352780174,1.1248576787413354,False,False
2291,1146,787,32,NUM:29:4,NUM,Numbers,R0,REVIEW_CANDIDATE,0.1808461405806106,0.2060272335177108,0.1521304504522337,WORK,-0.02518109293710019,0.02871569012837691,0.877777842729051,1.1887570176977365,False,False
2292,1146,787,32,NUM:29:4,NUM,Numbers,R1,REVIEW_CANDIDATE,0.1808461405806106,0.2060272335177108,0.1521304504522337,WORK,-0.02518109293710019,0.02871569012837691,0.877777842729051,1.1887570176977365,False,False
2293,1147,788,35,JER:10:4,JER,Jeremiah,R0,REVIEW_CANDIDATE,0.1808313989676715,0.203825573325914,0.1595710794486916,WORK,-0.022994174358242497,0.021260319518979914,0.8871870002226111,1.1332341649403703,False,False
2294,1147,788,35,JER:10:4,JER,Jeremiah,R1,REVIEW_CANDIDATE,0.1808313989676715,0.203825573325914,0.1595710794486916,WORK,-0.022994174358242497,0.021260319518979914,0.8871870002226111,1.1332341649403703,False,False
2295,1148,789,26,EZE:34:7,EZE,Ezekiel,R0,REVIEW_CANDIDATE,0.180622962302551,0.1977293149575067,0.1466200453576744,WORK,-0.017106352654955692,0.034002916944876616,0.9134860065709935,1.2319117884729043,False,False
2296,1148,789,26,EZE:34:7,EZE,Ezekiel,R1,REVIEW_CANDIDATE,0.180622962302551,0.1977293149575067,0.1466200453576744,WORK,-0.017106352654955692,0.034002916944876616,0.9134860065709935,1.2319117884729043,False,False
2297,1149,790,20,2KI:25:10,2KI,2Kings,R0,REVIEW_CANDIDATE,0.1806143218167779,0.2042283105495926,0.1574881551780614,WORK,-0.0236139887328147,0.0231261666387165,0.8843745577228357,1.146843847479001,False,False
2298,1149,790,20,2KI:25:10,2KI,2Kings,R1,REVIEW_CANDIDATE,0.1806143218167779,0.2042283105495926,0.1574881551780614,WORK,-0.0236139887328147,0.0231261666387165,0.8843745577228357,1.146843847479001,False,False
2299,1150,791,26,EXO:21:20,EXO,Exodus,R0,REVIEW_CANDIDATE,0.1805771256083025,0.2061688329235183,0.1458137712888438,WORK,-0.025591707315215817,0.034763354319458706,0.8758701451023421,1.2384092669175648,False,False
2300,1150,791,26,EXO:21:20,EXO,Exodus,R1,REVIEW_CANDIDATE,0.1805771256083025,0.2061688329235183,0.1458137712888438,WORK,-0.025591707315215817,0.034763354319458706,0.8758701451023421,1.2384092669175648,False,False
2301,1151,792,107,PSA:22:28,PSA,Psalms,R0,REVIEW_CANDIDATE,0.1804671582200866,0.2517472342683223,0.1720894079000068,WORK,-0.07128007604823569,0.008377750320079813,0.7168585535590729,1.0486825448603305,False,False
2302,1151,792,107,PSA:22:28,PSA,Psalms,R1,REVIEW_CANDIDATE,0.1804671582200866,0.2517472342683223,0.1720894079000068,WORK,-0.07128007604823569,0.008377750320079813,0.7168585535590729,1.0486825448603305,False,False
2303,1152,793,36,JER:18:11,JER,Jeremiah,R0,REVIEW_CANDIDATE,0.1802952514549294,0.203825573325914,0.1595710794486916,WORK,-0.02353032187098461,0.0207241720062378,0.8845565770426659,1.1298742358442304,False,False
2304,1152,793,36,JER:18:11,JER,Jeremiah,R1,REVIEW_CANDIDATE,0.1802952514549294,0.203825573325914,0.1595710794486916,WORK,-0.02353032187098461,0.0207241720062378,0.8845565770426659,1.1298742358442304,False,False
2305,1153,794,37,JER:11:12,JER,Jeremiah,R0,REVIEW_CANDIDATE,0.1802201953912435,0.203825573325914,0.1595710794486916,WORK,-0.02360537793467049,0.02064911594255192,0.8841883403073968,1.1294038745234622,False,False
2306,1153,794,37,JER:11:12,JER,Jeremiah,R1,REVIEW_CANDIDATE,0.1802201953912435,0.203825573325914,0.1595710794486916,WORK,-0.02360537793467049,0.02064911594255192,0.8841883403073968,1.1294038745234622,False,False
2307,1154,795,18,1KI:13:25,1KI,1Kings,R0,REVIEW_CANDIDATE,0.1802080131359313,0.2134238491198039,0.1471697863256086,WORK,-0.033215835983872594,0.0330382268103227,0.8443668028626589,1.2244905536332482,False,False
2308,1154,795,18,1KI:13:25,1KI,1Kings,R1,REVIEW_CANDIDATE,0.1802080131359313,0.2134238491198039,0.1471697863256086,WORK,-0.033215835983872594,0.0330382268103227,0.8443668028626589,1.2244905536332482,False,False
2309,1155,796,24,LEV:15:9,LEV,Leviticus,R0,REVIEW_CANDIDATE,0.1801319720906888,0.2536937138059426,0.1520578598094974,WORK,-0.07356174171525379,0.028074112281191388,0.7100371916525956,1.184627827304445,False,False
2310,1155,796,24,LEV:15:9,LEV,Leviticus,R1,REVIEW_CANDIDATE,0.1801319720906888,0.2536937138059426,0.1520578598094974,WORK,-0.07356174171525379,0.028074112281191388,0.7100371916525956,1.184627827304445,False,False
2311,1156,797,26,DEU:18:13,DEU,Deuteronomy,R0,REVIEW_CANDIDATE,0.1800752419842695,0.2277736606676687,0.158268997269363,WORK,-0.04769841868339919,0.021806244714906498,0.790588523082161,1.137779635248423,False,False
2312,1156,797,26,DEU:18:13,DEU,Deuteronomy,R1,REVIEW_CANDIDATE,0.1800752419842695,0.2277736606676687,0.158268997269363,WORK,-0.04769841868339919,0.021806244714906498,0.790588523082161,1.137779635248423,False,False
2313,1157,798,27,DEU:3:15,DEU,Deuteronomy,R0,REVIEW_CANDIDATE,0.1799792543222995,0.2277736606676687,0.158268997269363,WORK,-0.04779440634536919,0.0217102570529365,0.7901671062173284,1.1371731509487428,False,False
2314,1157,798,27,DEU:3:15,DEU,Deuteronomy,R1,REVIEW_CANDIDATE,0.1799792543222995,0.2277736606676687,0.158268997269363,WORK,-0.04779440634536919,0.0217102570529365,0.7901671062173284,1.1371731509487428,False,False
2315,1158,799,27,EXO:2:2,EXO,Exodus,R0,REVIEW_CANDIDATE,0.1798892512983874,0.2061688329235183,0.1458137712888438,WORK,-0.026279581625130916,0.03407548000954361,0.8725336839109927,1.2336917817045085,False,False
2316,1158,799,27,EXO:2:2,EXO,Exodus,R1,REVIEW_CANDIDATE,0.1798892512983874,0.2061688329235183,0.1458137712888438,WORK,-0.026279581625130916,0.03407548000954361,0.8725336839109927,1.2336917817045085,False,False
2317,1159,800,8,DAN:2:44,DAN,Daniel,R0,REVIEW_CANDIDATE,0.1797997328399524,0.2230599517621362,0.1564706148641274,WORK,-0.04326021892218379,0.023329117975825014,0.8060601260762619,1.1490958413890242,False,False
2318,1159,800,8,DAN:2:44,DAN,Daniel,R1,REVIEW_CANDIDATE,0.1797997328399524,0.2230599517621362,0.1564706148641274,WORK,-0.04326021892218379,0.023329117975825014,0.8060601260762619,1.1490958413890242,False,False
2319,1160,801,24,2CH:36:9,2CH,2Chronicles,R0,REVIEW_CANDIDATE,0.1797705860658921,0.2156992211395015,0.1608023572188025,WORK,-0.03592863507360938,0.018968228847089597,0.8334317811450378,1.1179598929714674,False,False
2320,1160,801,24,2CH:36:9,2CH,2Chronicles,R1,REVIEW_CANDIDATE,0.1797705860658921,0.2156992211395015,0.1608023572188025,WORK,-0.03592863507360938,0.018968228847089597,0.8334317811450378,1.1179598929714674,False,False
2321,1161,802,4,1TI:3:11,1TI,1Timothy,R0,REVIEW_CANDIDATE,0.1797700199776937,0.2439872446320028,0.1381268719093453,WORK,-0.0642172246543091,0.0416431480683484,0.7368008940337614,1.3014847689860045,False,False
2322,1161,802,4,1TI:3:11,1TI,1Timothy,R1,REVIEW_CANDIDATE,0.1797700199776937,0.2439872446320028,0.1381268719093453,WORK,-0.0642172246543091,0.0416431480683484,0.7368008940337614,1.3014847689860045,False,False
2323,1162,803,108,PSA:132:1,PSA,Psalms,R0,REVIEW_CANDIDATE,0.1797686956326665,0.2517472342683223,0.1720894079000068,WORK,-0.07197853863565579,0.0076792877326597175,0.7140840937345188,1.0446238256402265,False,False
2324,1162,803,108,PSA:132:1,PSA,Psalms,R1,REVIEW_CANDIDATE,0.1797686956326665,0.2517472342683223,0.1720894079000068,WORK,-0.07197853863565579,0.0076792877326597175,0.7140840937345188,1.0446238256402265,False,False
2325,1163,804,19,1KI:4:18,1KI,1Kings,R0,REVIEW_CANDIDATE,0.1797162492530379,0.2134238491198039,0.1471697863256086,WORK,-0.033707599866766,0.0325464629274293,0.842062637302336,1.2211490805281273,False,False
2326,1163,804,19,1KI:4:18,1KI,1Kings,R1,REVIEW_CANDIDATE,0.1797162492530379,0.2134238491198039,0.1471697863256086,WORK,-0.033707599866766,0.0325464629274293,0.842062637302336,1.2211490805281273,False,False
2327,1164,805,25,2CH:20:27,2CH,2Chronicles,R0,REVIEW_CANDIDATE,0.1795784072644648,0.2156992211395015,0.1608023572188025,WORK,-0.036120813875036684,0.018776050045662296,0.8325408238183861,1.1167647686912567,False,False
2328,1164,805,25,2CH:20:27,2CH,2Chronicles,R1,REVIEW_CANDIDATE,0.1795784072644648,0.2156992211395015,0.1608023572188025,WORK,-0.036120813875036684,0.018776050045662296,0.8325408238183861,1.1167647686912567,False,False
2329,1165,806,28,DEU:9:11,DEU,Deuteronomy,R0,REVIEW_CANDIDATE,0.1794517105030865,0.2277736606676687,0.158268997269363,WORK,-0.048321950164582184,0.021182713233723505,0.7878510183181981,1.1338399408550746,False,False
2330,1165,806,28,DEU:9:11,DEU,Deuteronomy,R1,REVIEW_CANDIDATE,0.1794517105030865,0.2277736606676687,0.158268997269363,WORK,-0.048321950164582184,0.021182713233723505,0.7878510183181981,1.1338399408550746,False,False
2331,1166,807,40,ISA:25:9,ISA,Isaiah,R0,REVIEW_CANDIDATE,0.1793238916920557,0.2203930443072171,0.1556613590945488,WORK,-0.04106915261516139,0.02366253259750689,0.813654951115821,1.1520128870462596,False,False
2332,1166,807,40,ISA:25:9,ISA,Isaiah,R1,REVIEW_CANDIDATE,0.1793238916920557,0.2203930443072171,0.1556613590945488,WORK,-0.04106915261516139,0.02366253259750689,0.813654951115821,1.1520128870462596,False,False
2333,1167,808,27,PRO:23:23,PRO,Proverbs,R0,REVIEW_CANDIDATE,0.1793098728314642,0.2365615998472131,0.1658406971808283,WORK,-0.05725172701574888,0.013469175650635906,0.757983852608683,1.0812175532278996,False,False
2334,1167,808,27,PRO:23:23,PRO,Proverbs,R1,REVIEW_CANDIDATE,0.1793098728314642,0.2365615998472131,0.1658406971808283,WORK,-0.05725172701574888,0.013469175650635906,0.757983852608683,1.0812175532278996,False,False
2335,1168,809,41,ISA:63:8,ISA,Isaiah,R0,REVIEW_CANDIDATE,0.1792641385514856,0.2203930443072171,0.1556613590945488,WORK,-0.0411289057557315,0.023602779456936784,0.8133838303063693,1.1516290208066373,False,False
2336,1168,809,41,ISA:63:8,ISA,Isaiah,R1,REVIEW_CANDIDATE,0.1792641385514856,0.2203930443072171,0.1556613590945488,WORK,-0.0411289057557315,0.023602779456936784,0.8133838303063693,1.1516290208066373,False,False
2337,1169,810,38,JER:52:2,JER,Jeremiah,R0,REVIEW_CANDIDATE,0.1791641086529847,0.203825573325914,0.1595710794486916,WORK,-0.02466146467292929,0.019593029204293122,0.8790070143283936,1.1227855904214339,False,False
2338,1169,810,38,JER:52:2,JER,Jeremiah,R1,REVIEW_CANDIDATE,0.1791641086529847,0.203825573325914,0.1595710794486916,WORK,-0.02466146467292929,0.019593029204293122,0.8790070143283936,1.1227855904214339,False,False
2339,1170,811,27,EZE:31:1,EZE,Ezekiel,R0,REVIEW_CANDIDATE,0.179142557702895,0.1977293149575067,0.1466200453576744,WORK,-0.018586757254611702,0.032522512345220606,0.9059989801785026,1.2218149112277459,False,False
2340,1170,811,27,EZE:31:1,EZE,Ezekiel,R1,REVIEW_CANDIDATE,0.179142557702895,0.1977293149575067,0.1466200453576744,WORK,-0.018586757254611702,0.032522512345220606,0.9059989801785026,1.2218149112277459,False,False
2341,1171,812,109,PSA:12:6,PSA,Psalms,R0,REVIEW_CANDIDATE,0.1790083634416631,0.2517472342683223,0.1720894079000068,WORK,-0.0727388708266592,0.0069189555416563076,0.7110638731024501,1.0402055863059079,False,False
2342,1171,812,109,PSA:12:6,PSA,Psalms,R1,REVIEW_CANDIDATE,0.1790083634416631,0.2517472342683223,0.1720894079000068,WORK,-0.0727388708266592,0.0069189555416563076,0.7110638731024501,1.0402055863059079,False,False
2343,1172,813,33,NUM:2:19,NUM,Numbers,R0,REVIEW_CANDIDATE,0.1790067951040108,0.2060272335177108,0.1521304504522337,WORK,-0.0270204384137,0.0268763446517771,0.8688501614453934,1.1766664370734627,False,False
2344,1172,813,33,NUM:2:19,NUM,Numbers,R1,REVIEW_CANDIDATE,0.1790067951040108,0.2060272335177108,0.1521304504522337,WORK,-0.0270204384137,0.0268763446517771,0.8688501614453934,1.1766664370734627,False,False
2345,1173,814,16,NEH:12:10,NEH,Nehemiah,R0,REVIEW_CANDIDATE,0.178861341481849,0.249097416043593,0.1712008590080952,WORK,-0.070236074561744,0.00766048247375381,0.7180377232437753,1.0447455843278892,False,False
2346,1173,814,16,NEH:12:10,NEH,Nehemiah,R1,REVIEW_CANDIDATE,0.178861341481849,0.249097416043593,0.1712008590080952,WORK,-0.070236074561744,0.00766048247375381,0.7180377232437753,1.0447455843278892,False,False
2347,1174,815,28,EXO:12:18,EXO,Exodus,R0,REVIEW_CANDIDATE,0.1787636111638473,0.2061688329235183,0.1458137712888438,WORK,-0.027405221759671,0.03294983987500352,0.867073886139534,1.2259720709762927,False,False
2348,1174,815,28,EXO:12:18,EXO,Exodus,R1,REVIEW_CANDIDATE,0.1787636111638473,0.2061688329235183,0.1458137712888438,WORK,-0.027405221759671,0.03294983987500352,0.867073886139534,1.2259720709762927,False,False
2349,1175,816,14,1CO:1:22,1CO,1Corinthians,R0,REVIEW_CANDIDATE,0.1786116031521385,0.2749938527419566,0.1602659200966021,WORK,-0.09638224958981809,0.01834568305553641,0.649511257692515,1.11447026944018,False,False
2350,1175,816,14,1CO:1:22,1CO,1Corinthians,R1,REVIEW_CANDIDATE,0.1786116031521385,0.2749938527419566,0.1602659200966021,WORK,-0.09638224958981809,0.01834568305553641,0.649511257692515,1.11447026944018,False,False
2351,1176,817,17,NEH:5:1,NEH,Nehemiah,R0,REVIEW_CANDIDATE,0.1785560834991244,0.249097416043593,0.1712008590080952,WORK,-0.0705413325444686,0.007355224491029211,0.7168122670043129,1.0429625443099058,False,False
2352,1176,817,17,NEH:5:1,NEH,Nehemiah,R1,REVIEW_CANDIDATE,0.1785560834991244,0.249097416043593,0.1712008590080952,WORK,-0.0705413325444686,0.007355224491029211,0.7168122670043129,1.0429625443099058,False,False
2353,1177,818,110,PSA:85:4,PSA,Psalms,R0,REVIEW_CANDIDATE,0.1785014902771216,0.2517472342683223,0.1720894079000068,WORK,-0.0732457439912007,0.006412082377114797,0.7090504521168545,1.0372601803641543,False,False
2354,1177,818,110,PSA:85:4,PSA,Psalms,R1,REVIEW_CANDIDATE,0.1785014902771216,0.2517472342683223,0.1720894079000068,WORK,-0.0732457439912007,0.006412082377114797,0.7090504521168545,1.0372601803641543,False,False
2355,1178,819,26,2CH:14:7,2CH,2Chronicles,R0,REVIEW_CANDIDATE,0.1784431311437172,0.2156992211395015,0.1608023572188025,WORK,-0.03725608999578428,0.0176407739249147,0.8272775868222109,1.1097046973068376,False,False
2356,1178,819,26,2CH:14:7,2CH,2Chronicles,R1,REVIEW_CANDIDATE,0.1784431311437172,0.2156992211395015,0.1608023572188025,WORK,-0.03725608999578428,0.0176407739249147,0.8272775868222109,1.1097046973068376,False,False
2357,1179,820,3,MAL:1:9,MAL,Malachi,R0,REVIEW_CANDIDATE,0.1784195928948604,0.2285586825897554,0.1622817772666177,WORK,-0.050139089694895,0.016137815628242708,0.7806292496667446,1.099443177786557,False,False
2358,1179,820,3,MAL:1:9,MAL,Malachi,R1,REVIEW_CANDIDATE,0.1784195928948604,0.2285586825897554,0.1622817772666177,WORK,-0.050139089694895,0.016137815628242708,0.7806292496667446,1.099443177786557,False,False
2359,1180,821,27,2CH:30:26,2CH,2Chronicles,R0,REVIEW_CANDIDATE,0.1783054454944889,0.2156992211395015,0.1608023572188025,WORK,-0.03739377564501259,0.01750308827568639,0.8266392644003637,1.1088484558212668,False,False
2360,1180,821,27,2CH:30:26,2CH,2Chronicles,R1,REVIEW_CANDIDATE,0.1783054454944889,0.2156992211395015,0.1608023572188025,WORK,-0.03739377564501259,0.01750308827568639,0.8266392644003637,1.1088484558212668,False,False
2361,1181,822,111,PSA:107:4,PSA,Psalms,R0,REVIEW_CANDIDATE,0.178295528278934,0.2517472342683223,0.1720894079000068,WORK,-0.0734517059893883,0.006206120378927205,0.7082323219841195,1.0360633490152589,False,False
2362,1181,822,111,PSA:107:4,PSA,Psalms,R1,REVIEW_CANDIDATE,0.178295528278934,0.2517472342683223,0.1720894079000068,WORK,-0.0734517059893883,0.006206120378927205,0.7082323219841195,1.0360633490152589,False,False
2363,1182,823,17,JDG:2:8,JDG,Judges,R0,REVIEW_CANDIDATE,0.1781631983355226,0.2109212600391261,0.1517173137608478,WORK,-0.032758061703603486,0.02644588457467481,0.8446905651069654,1.1743102610975666,False,False
2364,1182,823,17,JDG:2:8,JDG,Judges,R1,REVIEW_CANDIDATE,0.1781631983355226,0.2109212600391261,0.1517173137608478,WORK,-0.032758061703603486,0.02644588457467481,0.8446905651069654,1.1743102610975666,False,False
2365,1183,824,20,1KI:12:26,1KI,1Kings,R0,REVIEW_CANDIDATE,0.1781216574211994,0.2134238491198039,0.1471697863256086,WORK,-0.03530219169860449,0.030951871095590805,0.8345911581850074,1.210314031625423,False,False
2366,1183,824,20,1KI:12:26,1KI,1Kings,R1,REVIEW_CANDIDATE,0.1781216574211994,0.2134238491198039,0.1471697863256086,WORK,-0.03530219169860449,0.030951871095590805,0.8345911581850074,1.210314031625423,False,False
2367,1184,825,4,HOS:9:14,HOS,Hosea,R0,REVIEW_CANDIDATE,0.1780845218635394,0.1864811853428518,0.1389984160707465,WORK,-0.008396663479312394,0.0390861057927929,0.9549731332741431,1.281198210006214,False,False
2368,1184,825,4,HOS:9:14,HOS,Hosea,R1,REVIEW_CANDIDATE,0.1780845218635394,0.1864811853428518,0.1389984160707465,WORK,-0.008396663479312394,0.0390861057927929,0.9549731332741431,1.281198210006214,False,False
2369,1185,826,28,PRO:10:31,PRO,Proverbs,R0,REVIEW_CANDIDATE,0.1780666789162112,0.2365615998472131,0.1658406971808283,WORK,-0.05849492093100189,0.01222598173538289,0.7527285875273851,1.073721239377401,False,False
2370,1185,826,28,PRO:10:31,PRO,Proverbs,R1,REVIEW_CANDIDATE,0.1780666789162112,0.2365615998472131,0.1658406971808283,WORK,-0.05849492093100189,0.01222598173538289,0.7527285875273851,1.073721239377401,False,False
2371,1186,827,18,NEH:2:11,NEH,Nehemiah,R0,REVIEW_CANDIDATE,0.1777177721830045,0.249097416043593,0.1712008590080952,WORK,-0.07137964386058851,0.0065169131749092946,0.7134468715319922,1.0380658906308475,False,False
2372,1186,827,18,NEH:2:11,NEH,Nehemiah,R1,REVIEW_CANDIDATE,0.1777177721830045,0.249097416043593,0.1712008590080952,WORK,-0.07137964386058851,0.0065169131749092946,0.7134468715319922,1.0380658906308475,False,False
2373,1187,828,9,DAN:2:43,DAN,Daniel,R0,REVIEW_CANDIDATE,0.1776560392844441,0.2230599517621362,0.1564706148641274,WORK,-0.0454039124776921,0.021185424420316706,0.7964497341678378,1.1353955465613352,False,False
2374,1187,828,9,DAN:2:43,DAN,Daniel,R1,REVIEW_CANDIDATE,0.1776560392844441,0.2230599517621362,0.1564706148641274,WORK,-0.0454039124776921,0.021185424420316706,0.7964497341678378,1.1353955465613352,False,False
2375,1188,829,29,EXO:22:20,EXO,Exodus,R0,REVIEW_CANDIDATE,0.1775130288570533,0.2061688329235183,0.1458137712888438,WORK,-0.028655804066465007,0.031699257568209516,0.8610080696479698,1.2173954989849085,False,False
2376,1188,829,29,EXO:22:20,EXO,Exodus,R1,REVIEW_CANDIDATE,0.1775130288570533,0.2061688329235183,0.1458137712888438,WORK,-0.028655804066465007,0.031699257568209516,0.8610080696479698,1.2173954989849085,False,False
2377,1189,830,25,LEV:19:35,LEV,Leviticus,R0,REVIEW_CANDIDATE,0.1773628616325362,0.2536937138059426,0.1520578598094974,WORK,-0.07633085217340638,0.025305001823038797,0.6991220199023379,1.1664169274428935,False,False
2378,1189,830,25,LEV:19:35,LEV,Leviticus,R1,REVIEW_CANDIDATE,0.1773628616325362,0.2536937138059426,0.1520578598094974,WORK,-0.07633085217340638,0.025305001823038797,0.6991220199023379,1.1664169274428935,False,False
2379,1190,831,42,ISA:23:6,ISA,Isaiah,R0,REVIEW_CANDIDATE,0.1772721672821567,0.2203930443072171,0.1556613590945488,WORK,-0.0431208770250604,0.021610808187607883,0.8043455628982917,1.1388321951787757,False,False
2380,1190,831,42,ISA:23:6,ISA,Isaiah,R1,REVIEW_CANDIDATE,0.1772721672821567,0.2203930443072171,0.1556613590945488,WORK,-0.0431208770250604,0.021610808187607883,0.8043455628982917,1.1388321951787757,False,False
2381,1191,832,18,JDG:21:9,JDG,Judges,R0,REVIEW_CANDIDATE,0.1771760900446809,0.2109212600391261,0.1517173137608478,WORK,-0.033745169994445184,0.025458776283833112,0.8400105803076209,1.1678040274557182,False,False
2382,1191,832,18,JDG:21:9,JDG,Judges,R1,REVIEW_CANDIDATE,0.1771760900446809,0.2109212600391261,0.1517173137608478,WORK,-0.033745169994445184,0.025458776283833112,0.8400105803076209,1.1678040274557182,False,False
2383,1192,833,19,NEH:11:10,NEH,Nehemiah,R0,REVIEW_CANDIDATE,0.1771382979356607,0.249097416043593,0.1712008590080952,WORK,-0.07195911810793232,0.005937438927565486,0.7111205758339172,1.034681128131984,False,False
2384,1192,833,19,NEH:11:10,NEH,Nehemiah,R1,REVIEW_CANDIDATE,0.1771382979356607,0.249097416043593,0.1712008590080952,WORK,-0.07195911810793232,0.005937438927565486,0.7111205758339172,1.034681128131984,False,False
2385,1193,834,28,EZE:7:5,EZE,Ezekiel,R0,REVIEW_CANDIDATE,0.176936949985667,0.1977293149575067,0.1466200453576744,WORK,-0.0207923649718397,0.030316904627992608,0.8948442977395228,1.2067718950300117,False,False
2386,1193,834,28,EZE:7:5,EZE,Ezekiel,R1,REVIEW_CANDIDATE,0.176936949985667,0.1977293149575067,0.1466200453576744,WORK,-0.0207923649718397,0.030316904627992608,0.8948442977395228,1.2067718950300117,False,False
2387,1194,835,34,NUM:1:26,NUM,Numbers,R0,REVIEW_CANDIDATE,0.1768961363049707,0.2060272335177108,0.1521304504522337,WORK,-0.029131097212740098,0.024765685852737,0.8586055992921154,1.1627924309637996,False,False
2388,1194,835,34,NUM:1:26,NUM,Numbers,R1,REVIEW_CANDIDATE,0.1768961363049707,0.2060272335177108,0.1521304504522337,WORK,-0.029131097212740098,0.024765685852737,0.8586055992921154,1.1627924309637996,False,False
2389,1195,836,29,PRO:16:11,PRO,Proverbs,R0,REVIEW_CANDIDATE,0.1768793297471266,0.2365615998472131,0.1658406971808283,WORK,-0.059682270100086476,0.011038632566298306,0.7477093909635665,1.0665616628122474,False,False
2390,1195,836,29,PRO:16:11,PRO,Proverbs,R1,REVIEW_CANDIDATE,0.1768793297471266,0.2365615998472131,0.1658406971808283,WORK,-0.059682270100086476,0.011038632566298306,0.7477093909635665,1.0665616628122474,False,False
2391,1196,837,2,2TI:2:26,2TI,2Timothy,R0,REVIEW_CANDIDATE,0.1768084335746771,0.2290126881330892,0.146743089583669,WORK,-0.0522042545584121,0.030065343991008103,0.7720464530416151,1.2048842236885413,False,False
2392,1196,837,2,2TI:2:26,2TI,2Timothy,R1,REVIEW_CANDIDATE,0.1768084335746771,0.2290126881330892,0.146743089583669,WORK,-0.0522042545584121,0.030065343991008103,0.7720464530416151,1.2048842236885413,False,False
2393,1197,838,35,NUM:24:22,NUM,Numbers,R0,REVIEW_CANDIDATE,0.1766444603286813,0.2060272335177108,0.1521304504522337,WORK,-0.029382773189029487,0.024514009876447612,0.8573840327448573,1.1611380877633344,False,False
2394,1197,838,35,NUM:24:22,NUM,Numbers,R1,REVIEW_CANDIDATE,0.1766444603286813,0.2060272335177108,0.1521304504522337,WORK,-0.029382773189029487,0.024514009876447612,0.8573840327448573,1.1611380877633344,False,False
2395,1198,839,112,PSA:72:4,PSA,Psalms,R0,REVIEW_CANDIDATE,0.1764292822621566,0.2517472342683223,0.1720894079000068,WORK,-0.0753179520061657,0.004339874362149804,0.7008191481226411,1.0252187186597301,False,False
2396,1198,839,112,PSA:72:4,PSA,Psalms,R1,REVIEW_CANDIDATE,0.1764292822621566,0.2517472342683223,0.1720894079000068,WORK,-0.0753179520061657,0.004339874362149804,0.7008191481226411,1.0252187186597301,False,False
2397,1199,840,113,PSA:27:7,PSA,Psalms,R0,REVIEW_CANDIDATE,0.1764048953160431,0.2517472342683223,0.1720894079000068,WORK,-0.07534233895227921,0.0043154874160362955,0.7007222773618386,1.0250770077525273,False,False
2398,1199,840,113,PSA:27:7,PSA,Psalms,R1,REVIEW_CANDIDATE,0.1764048953160431,0.2517472342683223,0.1720894079000068,WORK,-0.07534233895227921,0.0043154874160362955,0.7007222773618386,1.0250770077525273,False,False
2399,1200,841,114,PSA:97:8,PSA,Psalms,R0,REVIEW_CANDIDATE,0.1763671785643285,0.2517472342683223,0.1720894079000068,WORK,-0.07538005570399381,0.004277770664321695,0.7005724574370071,1.0248578382395697,False,False
2400,1200,841,114,PSA:97:8,PSA,Psalms,R1,REVIEW_CANDIDATE,0.1763671785643285,0.2517472342683223,0.1720894079000068,WORK,-0.07538005570399381,0.004277770664321695,0.7005724574370071,1.0248578382395697,False,False
2401,1201,842,115,PSA:69:21,PSA,Psalms,R0,REVIEW_CANDIDATE,0.176303579888653,0.2517472342683223,0.1720894079000068,WORK,-0.0754436543796693,0.004214171988646209,0.7003198283431451,1.0244882706034695,False,False
2402,1201,842,115,PSA:69:21,PSA,Psalms,R1,REVIEW_CANDIDATE,0.176303579888653,0.2517472342683223,0.1720894079000068,WORK,-0.0754436543796693,0.004214171988646209,0.7003198283431451,1.0244882706034695,False,False
2403,1202,843,36,ACT:24:9,ACT,Acts,R0,REVIEW_CANDIDATE,0.1762031260525319,0.2407747958049971,0.1622007514290091,WORK,-0.0645716697524652,0.0140023746235228,0.731817154961844,1.086327433752064,False,False
2404,1202,843,36,ACT:24:9,ACT,Acts,R1,REVIEW_CANDIDATE,0.1762031260525319,0.2407747958049971,0.1622007514290091,WORK,-0.0645716697524652,0.0140023746235228,0.731817154961844,1.086327433752064,False,False
2405,1203,844,39,JER:51:18,JER,Jeremiah,R0,REVIEW_CANDIDATE,0.1761676132782347,0.203825573325914,0.1595710794486916,WORK,-0.027657960047679286,0.016596533829543125,0.864305741441705,1.1040071539710274,False,False
2406,1203,844,39,JER:51:18,JER,Jeremiah,R1,REVIEW_CANDIDATE,0.1761676132782347,0.203825573325914,0.1595710794486916,WORK,-0.027657960047679286,0.016596533829543125,0.864305741441705,1.1040071539710274,False,False
2407,1204,845,26,LEV:23:29,LEV,Leviticus,R0,REVIEW_CANDIDATE,0.176120987827126,0.2536937138059426,0.1520578598094974,WORK,-0.07757272597881656,0.02406312801762861,0.6942268501057377,1.1582498139048887,False,False
2408,1204,845,26,LEV:23:29,LEV,Leviticus,R1,REVIEW_CANDIDATE,0.176120987827126,0.2536937138059426,0.1520578598094974,WORK,-0.07757272597881656,0.02406312801762861,0.6942268501057377,1.1582498139048887,False,False
2409,1205,846,30,PRO:11:3,PRO,Proverbs,R0,REVIEW_CANDIDATE,0.1760704040946507,0.2365615998472131,0.1658406971808283,WORK,-0.0604911957525624,0.010229706913822384,0.7442898771751986,1.0616839357752348,False,False
2410,1205,846,30,PRO:11:3,PRO,Proverbs,R1,REVIEW_CANDIDATE,0.1760704040946507,0.2365615998472131,0.1658406971808283,WORK,-0.0604911957525624,0.010229706913822384,0.7442898771751986,1.0616839357752348,False,False
2411,1206,847,37,ACT:26:4,ACT,Acts,R0,REVIEW_CANDIDATE,0.1760462201591338,0.2407747958049971,0.1622007514290091,WORK,-0.06472857564586332,0.013845468730124683,0.7311654842050543,1.0853600776084227,False,False
2412,1206,847,37,ACT:26:4,ACT,Acts,R1,REVIEW_CANDIDATE,0.1760462201591338,0.2407747958049971,0.1622007514290091,WORK,-0.06472857564586332,0.013845468730124683,0.7311654842050543,1.0853600776084227,False,False
2413,1207,848,29,DEU:17:2,DEU,Deuteronomy,R0,REVIEW_CANDIDATE,0.1759832638136301,0.2277736606676687,0.158268997269363,WORK,-0.05179039685403858,0.01771426654426711,0.7726234161481782,1.1119250570224986,False,False
2414,1207,848,29,DEU:17:2,DEU,Deuteronomy,R1,REVIEW_CANDIDATE,0.1759832638136301,0.2277736606676687,0.158268997269363,WORK,-0.05179039685403858,0.01771426654426711,0.7726234161481782,1.1119250570224986,False,False
2415,1208,849,40,JER:18:1,JER,Jeremiah,R0,REVIEW_CANDIDATE,0.1759787720893848,0.203825573325914,0.1595710794486916,WORK,-0.02784680123652919,0.016407692640693222,0.8633792571651322,1.1028237240568957,False,False
2416,1208,849,40,JER:18:1,JER,Jeremiah,R1,REVIEW_CANDIDATE,0.1759787720893848,0.203825573325914,0.1595710794486916,WORK,-0.02784680123652919,0.016407692640693222,0.8633792571651322,1.1028237240568957,False,False
2417,1209,850,28,2CH:24:15,2CH,2Chronicles,R0,REVIEW_CANDIDATE,0.1759345914913335,0.2156992211395015,0.1608023572188025,WORK,-0.03976462964816799,0.015132234272530992,0.8156477828797973,1.094104555021794,False,False
2418,1209,850,28,2CH:24:15,2CH,2Chronicles,R1,REVIEW_CANDIDATE,0.1759345914913335,0.2156992211395015,0.1608023572188025,WORK,-0.03976462964816799,0.015132234272530992,0.8156477828797973,1.094104555021794,False,False
2419,1210,851,21,1KI:17:6,1KI,1Kings,R0,REVIEW_CANDIDATE,0.1758657320768898,0.2134238491198039,0.1471697863256086,WORK,-0.03755811704291409,0.028695945751281204,0.82402099297801,1.1949853055286246,False,False
2420,1210,851,21,1KI:17:6,1KI,1Kings,R1,REVIEW_CANDIDATE,0.1758657320768898,0.2134238491198039,0.1471697863256086,WORK,-0.03755811704291409,0.028695945751281204,0.82402099297801,1.1949853055286246,False,False
2421,1211,852,27,LEV:25:40,LEV,Leviticus,R0,REVIEW_CANDIDATE,0.1757607122879468,0.2536937138059426,0.1520578598094974,WORK,-0.07793300151799579,0.023702852478449388,0.6928067300177216,1.1558804819964257,False,False
2422,1211,852,27,LEV:25:40,LEV,Leviticus,R1,REVIEW_CANDIDATE,0.1757607122879468,0.2536937138059426,0.1520578598094974,WORK,-0.07793300151799579,0.023702852478449388,0.6928067300177216,1.1558804819964257,False,False
2423,1212,853,2,RUT:2:18,RUT,Ruth,R0,REVIEW_CANDIDATE,0.1756769676582481,0.1897595273236972,0.1190568111917592,WORK,-0.01408255966544908,0.05662015646648891,0.9257873379847398,1.4755725934511508,False,False
2424,1212,853,2,RUT:2:18,RUT,Ruth,R1,REVIEW_CANDIDATE,0.1756769676582481,0.1897595273236972,0.1190568111917592,WORK,-0.01408255966544908,0.05662015646648891,0.9257873379847398,1.4755725934511508,False,False
2425,1213,854,116,PSA:89:33,PSA,Psalms,R0,REVIEW_CANDIDATE,0.1756624001367235,0.2517472342683223,0.1720894079000068,WORK,-0.0760848341315988,0.003572992236716699,0.6977729095903213,1.0207624180960213,False,False
2426,1213,854,116,PSA:89:33,PSA,Psalms,R1,REVIEW_CANDIDATE,0.1756624001367235,0.2517472342683223,0.1720894079000068,WORK,-0.0760848341315988,0.003572992236716699,0.6977729095903213,1.0207624180960213,False,False
2427,1214,855,31,PRO:4:10,PRO,Proverbs,R0,REVIEW_CANDIDATE,0.175646431177274,0.2365615998472131,0.1658406971808283,WORK,-0.060915168669939096,0.009805733996445687,0.7424976466625095,1.059127428689918,False,False
2428,1214,855,31,PRO:4:10,PRO,Proverbs,R1,REVIEW_CANDIDATE,0.175646431177274,0.2365615998472131,0.1658406971808283,WORK,-0.060915168669939096,0.009805733996445687,0.7424976466625095,1.059127428689918,False,False
2429,1215,856,30,DEU:8:1,DEU,Deuteronomy,R0,REVIEW_CANDIDATE,0.1756335822486259,0.2277736606676687,0.158268997269363,WORK,-0.05214007841904278,0.01736458497926291,0.7710882010404296,1.109715644117651,False,False
2430,1215,856,30,DEU:8:1,DEU,Deuteronomy,R1,REVIEW_CANDIDATE,0.1756335822486259,0.2277736606676687,0.158268997269363,WORK,-0.05214007841904278,0.01736458497926291,0.7710882010404296,1.109715644117651,False,False
2431,1216,857,29,EZE:39:14,EZE,Ezekiel,R0,REVIEW_CANDIDATE,0.1754367004278361,0.1977293149575067,0.1466200453576744,WORK,-0.0222926145296706,0.028816655070161706,0.8872569070779341,1.1965396682279323,False,False
2432,1216,857,29,EZE:39:14,EZE,Ezekiel,R1,REVIEW_CANDIDATE,0.1754367004278361,0.1977293149575067,0.1466200453576744,WORK,-0.0222926145296706,0.028816655070161706,0.8872569070779341,1.1965396682279323,False,False
2433,1217,858,117,PSA:78:33,PSA,Psalms,R0,REVIEW_CANDIDATE,0.1754084030293426,0.2517472342683223,0.1720894079000068,WORK,-0.07633883123897969,0.003318995129335811,0.696763972558226,1.0192864579513476,False,False
2434,1217,858,117,PSA:78:33,PSA,Psalms,R1,REVIEW_CANDIDATE,0.1754084030293426,0.2517472342683223,0.1720894079000068,WORK,-0.07633883123897969,0.003318995129335811,0.696763972558226,1.0192864579513476,False,False
2435,1218,859,118,PSA:103:12,PSA,Psalms,R0,REVIEW_CANDIDATE,0.1753401701975512,0.2517472342683223,0.1720894079000068,WORK,-0.07640706407077111,0.003250762297544396,0.6964929354920603,1.0188899615450666,False,False
2436,1218,859,118,PSA:103:12,PSA,Psalms,R1,REVIEW_CANDIDATE,0.1753401701975512,0.2517472342683223,0.1720894079000068,WORK,-0.07640706407077111,0.003250762297544396,0.6964929354920603,1.0188899615450666,False,False
2437,1219,860,30,EXO:40:3,EXO,Exodus,R0,REVIEW_CANDIDATE,0.1753077471504416,0.2061688329235183,0.1458137712888438,WORK,-0.030861085773076724,0.0294939758615978,0.8503115852407956,1.2022715385584049,False,False
2438,1219,860,30,EXO:40:3,EXO,Exodus,R1,REVIEW_CANDIDATE,0.1753077471504416,0.2061688329235183,0.1458137712888438,WORK,-0.030861085773076724,0.0294939758615978,0.8503115852407956,1.2022715385584049,False,False
2439,1220,861,119,PSA:72:2,PSA,Psalms,R0,REVIEW_CANDIDATE,0.1752593784809675,0.2517472342683223,0.1720894079000068,WORK,-0.07648785578735479,0.003169970580960718,0.6961720115430108,1.0184204863021125,False,False
2440,1220,861,119,PSA:72:2,PSA,Psalms,R1,REVIEW_CANDIDATE,0.1752593784809675,0.2517472342683223,0.1720894079000068,WORK,-0.07648785578735479,0.003169970580960718,0.6961720115430108,1.0184204863021125,False,False
2441,1221,862,120,PSA:9:19,PSA,Psalms,R0,REVIEW_CANDIDATE,0.1750207226564872,0.2517472342683223,0.1720894079000068,WORK,-0.07672651161183511,0.0029313147564803965,0.6952240137420659,1.017033673322786,False,False
2442,1221,862,120,PSA:9:19,PSA,Psalms,R1,REVIEW_CANDIDATE,0.1750207226564872,0.2517472342683223,0.1720894079000068,WORK,-0.07672651161183511,0.0029313147564803965,0.6952240137420659,1.017033673322786,False,False
2443,1222,863,10,DAN:3:9,DAN,Daniel,R0,REVIEW_CANDIDATE,0.1749952416457032,0.2230599517621362,0.1564706148641274,WORK,-0.048064710116432985,0.01852462678157582,0.7845211131055582,1.1183904517641337,False,False
2444,1222,863,10,DAN:3:9,DAN,Daniel,R1,REVIEW_CANDIDATE,0.1749952416457032,0.2230599517621362,0.1564706148641274,WORK,-0.048064710116432985,0.01852462678157582,0.7845211131055582,1.1183904517641337,False,False
2445,1223,864,36,NUM:1:46,NUM,Numbers,R0,REVIEW_CANDIDATE,0.1748926682870831,0.2060272335177108,0.1521304504522337,WORK,-0.031134565230627687,0.022762217834849413,0.8488813119555321,1.1496230226571,False,False
2446,1223,864,36,NUM:1:46,NUM,Numbers,R1,REVIEW_CANDIDATE,0.1748926682870831,0.2060272335177108,0.1521304504522337,WORK,-0.031134565230627687,0.022762217834849413,0.8488813119555321,1.1496230226571,False,False
2447,1224,865,4,1PE:2:14,1PE,1Peter,R0,REVIEW_CANDIDATE,0.1747499000637572,0.1950868502873471,0.1508743635188615,WORK,-0.02033695022358989,0.023875536544895715,0.8957543771215989,1.1582478029271748,False,False
2448,1224,865,4,1PE:2:14,1PE,1Peter,R1,REVIEW_CANDIDATE,0.1747499000637572,0.1950868502873471,0.1508743635188615,WORK,-0.02033695022358989,0.023875536544895715,0.8957543771215989,1.1582478029271748,False,False
2449,1225,866,21,2KI:25:5,2KI,2Kings,R0,REVIEW_CANDIDATE,0.1746544187897772,0.2042283105495926,0.1574881551780614,WORK,-0.029573891759815396,0.017166263611715804,0.8551920070227776,1.1090003473106091,False,False
2450,1225,866,21,2KI:25:5,2KI,2Kings,R1,REVIEW_CANDIDATE,0.1746544187897772,0.2042283105495926,0.1574881551780614,WORK,-0.029573891759815396,0.017166263611715804,0.8551920070227776,1.1090003473106091,False,False
2451,1226,867,13,HEB:10:24,HEB,Hebrews,R0,REVIEW_CANDIDATE,0.1746177388553272,0.214279535005857,0.1704570020425162,WORK,-0.03966179615052981,0.004160736812810983,0.8149062804833616,1.02440930418202,False,False
2452,1226,867,13,HEB:10:24,HEB,Hebrews,R1,REVIEW_CANDIDATE,0.1746177388553272,0.214279535005857,0.1704570020425162,WORK,-0.03966179615052981,0.004160736812810983,0.8149062804833616,1.02440930418202,False,False
2453,1227,868,31,DEU:34:3,DEU,Deuteronomy,R0,REVIEW_CANDIDATE,0.1745885185608443,0.2277736606676687,0.158268997269363,WORK,-0.053185142106824373,0.016319521291481315,0.7665000336258206,1.10311255882734,False,False
2454,1227,868,31,DEU:34:3,DEU,Deuteronomy,R1,REVIEW_CANDIDATE,0.1745885185608443,0.2277736606676687,0.158268997269363,WORK,-0.053185142106824373,0.016319521291481315,0.7665000336258206,1.10311255882734,False,False
2455,1228,869,5,HOS:10:4,HOS,Hosea,R0,REVIEW_CANDIDATE,0.174568360168618,0.1864811853428518,0.1389984160707465,WORK,-0.01191282517423381,0.03556994409787148,0.9361178171817619,1.255901794447552,False,False
2456,1228,869,5,HOS:10:4,HOS,Hosea,R1,REVIEW_CANDIDATE,0.174568360168618,0.1864811853428518,0.1389984160707465,WORK,-0.01191282517423381,0.03556994409787148,0.9361178171817619,1.255901794447552,False,False
2457,1229,870,41,JER:25:5,JER,Jeremiah,R0,REVIEW_CANDIDATE,0.1743943888797813,0.203825573325914,0.1595710794486916,WORK,-0.029431184446132713,0.014823309431089698,0.8556060264377489,1.0928947117629544,False,False
2458,1229,870,41,JER:25:5,JER,Jeremiah,R1,REVIEW_CANDIDATE,0.1743943888797813,0.203825573325914,0.1595710794486916,WORK,-0.029431184446132713,0.014823309431089698,0.8556060264377489,1.0928947117629544,False,False
2459,1230,871,38,ACT:27:12,ACT,Acts,R0,REVIEW_CANDIDATE,0.1743011886304116,0.2407747958049971,0.1622007514290091,WORK,-0.0664736071745855,0.012100437201402497,0.7239179169383564,1.0746016100097942,False,False
2460,1230,871,38,ACT:27:12,ACT,Acts,R1,REVIEW_CANDIDATE,0.1743011886304116,0.2407747958049971,0.1622007514290091,WORK,-0.0664736071745855,0.012100437201402497,0.7239179169383564,1.0746016100097942,False,False
2461,1231,872,7,LAM:4:12,LAM,Lamentations,R0,REVIEW_CANDIDATE,0.1742494268334631,0.2938539035754291,0.1679356922785318,WORK,-0.11960447674196603,0.006313734554931283,0.5929797927245678,1.0375961445078605,False,False
2462,1231,872,7,LAM:4:12,LAM,Lamentations,R1,REVIEW_CANDIDATE,0.1742494268334631,0.2938539035754291,0.1679356922785318,WORK,-0.11960447674196603,0.006313734554931283,0.5929797927245678,1.0375961445078605,False,False
2463,1232,873,22,2KI:23:6,2KI,2Kings,R0,REVIEW_CANDIDATE,0.1742437976977144,0.2042283105495926,0.1574881551780614,WORK,-0.029984512851878198,0.016755642519653002,0.8531814087322772,1.1063930331821368,False,False
2464,1232,873,22,2KI:23:6,2KI,2Kings,R1,REVIEW_CANDIDATE,0.1742437976977144,0.2042283105495926,0.1574881551780614,WORK,-0.029984512851878198,0.016755642519653002,0.8531814087322772,1.1063930331821368,False,False
2465,1233,874,121,PSA:81:16,PSA,Psalms,R0,REVIEW_CANDIDATE,0.1742300975580122,0.2517472342683223,0.1720894079000068,WORK,-0.0775171367103101,0.0021406896580054013,0.6920834624634278,1.0124394039361753,False,False
2466,1233,874,121,PSA:81:16,PSA,Psalms,R1,REVIEW_CANDIDATE,0.1742300975580122,0.2517472342683223,0.1720894079000068,WORK,-0.0775171367103101,0.0021406896580054013,0.6920834624634278,1.0124394039361753,False,False
2467,1234,875,122,PSA:139:2,PSA,Psalms,R0,REVIEW_CANDIDATE,0.174225729912845,0.2517472342683223,0.1720894079000068,WORK,-0.0775215043554773,0.0021363220128381988,0.6920661131361158,1.012414023843231,False,False
2468,1234,875,122,PSA:139:2,PSA,Psalms,R1,REVIEW_CANDIDATE,0.174225729912845,0.2517472342683223,0.1720894079000068,WORK,-0.0775215043554773,0.0021363220128381988,0.6920661131361158,1.012414023843231,False,False
2469,1235,876,32,PRO:2:13,PRO,Proverbs,R0,REVIEW_CANDIDATE,0.1741415581927137,0.2365615998472131,0.1658406971808283,WORK,-0.06242004165449938,0.008300861011885402,0.7361362042917603,1.0500532206689555,False,False
2470,1235,876,32,PRO:2:13,PRO,Proverbs,R1,REVIEW_CANDIDATE,0.1741415581927137,0.2365615998472131,0.1658406971808283,WORK,-0.06242004165449938,0.008300861011885402,0.7361362042917603,1.0500532206689555,False,False
2471,1236,877,32,DEU:22:20,DEU,Deuteronomy,R0,REVIEW_CANDIDATE,0.1741123652818923,0.2277736606676687,0.158268997269363,WORK,-0.05366129538577638,0.015843368012529307,0.7644095668108418,1.100104052504768,False,False
2472,1236,877,32,DEU:22:20,DEU,Deuteronomy,R1,REVIEW_CANDIDATE,0.1741123652818923,0.2277736606676687,0.158268997269363,WORK,-0.05366129538577638,0.015843368012529307,0.7644095668108418,1.100104052504768,False,False
2473,1237,878,22,1KI:11:42,1KI,1Kings,R0,REVIEW_CANDIDATE,0.1741032829173974,0.2134238491198039,0.1471697863256086,WORK,-0.03932056620240648,0.026933496591788814,0.815763016342498,1.1830096874109697,False,False
2474,1237,878,22,1KI:11:42,1KI,1Kings,R1,REVIEW_CANDIDATE,0.1741032829173974,0.2134238491198039,0.1471697863256086,WORK,-0.03932056620240648,0.026933496591788814,0.815763016342498,1.1830096874109697,False,False
2475,1238,879,20,NEH:12:34,NEH,Nehemiah,R0,REVIEW_CANDIDATE,0.1739262335297158,0.249097416043593,0.1712008590080952,WORK,-0.0751711825138772,0.0027253745216206104,0.6982257636075921,1.0159191638255258,False,False
2476,1238,879,20,NEH:12:34,NEH,Nehemiah,R1,REVIEW_CANDIDATE,0.1739262335297158,0.249097416043593,0.1712008590080952,WORK,-0.0751711825138772,0.0027253745216206104,0.6982257636075921,1.0159191638255258,False,False
2477,1239,880,33,DEU:28:6,DEU,Deuteronomy,R0,REVIEW_CANDIDATE,0.1739059678851441,0.2277736606676687,0.158268997269363,WORK,-0.053867692782524595,0.015636970615781093,0.7635034155194976,1.0987999601031657,False,False
2478,1239,880,33,DEU:28:6,DEU,Deuteronomy,R1,REVIEW_CANDIDATE,0.1739059678851441,0.2277736606676687,0.158268997269363,WORK,-0.053867692782524595,0.015636970615781093,0.7635034155194976,1.0987999601031657,False,False
2479,1240,881,23,2KI:25:2,2KI,2Kings,R0,REVIEW_CANDIDATE,0.1738840852472937,0.2042283105495926,0.1574881551780614,WORK,-0.030344225302298883,0.016395930069232317,0.8514200836277769,1.1041089728347795,False,False
2480,1240,881,23,2KI:25:2,2KI,2Kings,R1,REVIEW_CANDIDATE,0.1738840852472937,0.2042283105495926,0.1574881551780614,WORK,-0.030344225302298883,0.016395930069232317,0.8514200836277769,1.1041089728347795,False,False
2481,1241,882,4,SNG:1:10,SNG,SongofSolomon,R0,REVIEW_CANDIDATE,0.1737020712486209,0.2217445237246225,0.1631926633448978,WORK,-0.04804245247600161,0.010509407903723095,0.7833432290951906,1.0643987768096663,False,False
2482,1241,882,4,SNG:1:10,SNG,SongofSolomon,R1,REVIEW_CANDIDATE,0.1737020712486209,0.2217445237246225,0.1631926633448978,WORK,-0.04804245247600161,0.010509407903723095,0.7833432290951906,1.0643987768096663,False,False
2483,1242,883,34,DEU:5:3,DEU,Deuteronomy,R0,REVIEW_CANDIDATE,0.1736796936467266,0.2277736606676687,0.158268997269363,WORK,-0.054093967020942074,0.015410696377363614,0.7625099984678763,1.0973702787232276,False,False
2484,1242,883,34,DEU:5:3,DEU,Deuteronomy,R1,REVIEW_CANDIDATE,0.1736796936467266,0.2277736606676687,0.158268997269363,WORK,-0.054093967020942074,0.015410696377363614,0.7625099984678763,1.0973702787232276,False,False
2485,1243,884,42,JER:52:5,JER,Jeremiah,R0,REVIEW_CANDIDATE,0.1736479889766489,0.203825573325914,0.1595710794486916,WORK,-0.030177584349265096,0.014076909527957315,0.8519440722925793,1.088217173040329,False,False
2486,1243,884,42,JER:52:5,JER,Jeremiah,R1,REVIEW_CANDIDATE,0.1736479889766489,0.203825573325914,0.1595710794486916,WORK,-0.030177584349265096,0.014076909527957315,0.8519440722925793,1.088217173040329,False,False
2487,1244,885,29,2CH:20:11,2CH,2Chronicles,R0,REVIEW_CANDIDATE,0.1734779264644224,0.2156992211395015,0.1608023572188025,WORK,-0.042221294675079096,0.012675569245619883,0.8042584741287829,1.0788270113999159,False,False
2488,1244,885,29,2CH:20:11,2CH,2Chronicles,R1,REVIEW_CANDIDATE,0.1734779264644224,0.2156992211395015,0.1608023572188025,WORK,-0.042221294675079096,0.012675569245619883,0.8042584741287829,1.0788270113999159,False,False
2489,1245,886,123,PSA:89:42,PSA,Psalms,R0,REVIEW_CANDIDATE,0.1733982188236821,0.2517472342683223,0.1720894079000068,WORK,-0.07834901544464021,0.0013088109236752965,0.6887790419133952,1.0076054124402345,False,False
2490,1245,886,123,PSA:89:42,PSA,Psalms,R1,REVIEW_CANDIDATE,0.1733982188236821,0.2517472342683223,0.1720894079000068,WORK,-0.07834901544464021,0.0013088109236752965,0.6887790419133952,1.0076054124402345,False,False
2491,1246,887,37,NUM:4:2,NUM,Numbers,R0,REVIEW_CANDIDATE,0.1733712152166941,0.2060272335177108,0.1521304504522337,WORK,-0.03265601830101669,0.021240764764460407,0.8414965937102219,1.1396220460882,False,False
2492,1246,887,37,NUM:4:2,NUM,Numbers,R1,REVIEW_CANDIDATE,0.1733712152166941,0.2060272335177108,0.1521304504522337,WORK,-0.03265601830101669,0.021240764764460407,0.8414965937102219,1.1396220460882,False,False
2493,1247,888,43,ISA:22:2,ISA,Isaiah,R0,REVIEW_CANDIDATE,0.1733620877054195,0.2203930443072171,0.1556613590945488,WORK,-0.0470309566017976,0.017700728610870686,0.7866041700651916,1.1137130545039071,False,False
2494,1247,888,43,ISA:22:2,ISA,Isaiah,R1,REVIEW_CANDIDATE,0.1733620877054195,0.2203930443072171,0.1556613590945488,WORK,-0.0470309566017976,0.017700728610870686,0.7866041700651916,1.1137130545039071,False,False
2495,1248,889,33,PRO:23:16,PRO,Proverbs,R0,REVIEW_CANDIDATE,0.1733530608172603,0.2365615998472131,0.1658406971808283,WORK,-0.0632085390299528,0.007512363636431985,0.7328030455036786,1.0452986737522014,False,False
2496,1248,889,33,PRO:23:16,PRO,Proverbs,R1,REVIEW_CANDIDATE,0.1733530608172603,0.2365615998472131,0.1658406971808283,WORK,-0.0632085390299528,0.007512363636431985,0.7328030455036786,1.0452986737522014,False,False
2497,1249,890,43,JER:5:20,JER,Jeremiah,R0,REVIEW_CANDIDATE,0.1732648116412898,0.203825573325914,0.1595710794486916,WORK,-0.03056076168462421,0.013693732192598201,0.8500641446215484,1.085815877412807,False,False
2498,1249,890,43,JER:5:20,JER,Jeremiah,R1,REVIEW_CANDIDATE,0.1732648116412898,0.203825573325914,0.1595710794486916,WORK,-0.03056076168462421,0.013693732192598201,0.8500641446215484,1.085815877412807,False,False
2499,1250,891,24,2KI:9:5,2KI,2Kings,R0,REVIEW_CANDIDATE,0.1732599438499528,0.2042283105495926,0.1574881551780614,WORK,-0.030968366699639788,0.015771788671891412,0.8483639872635593,1.1001458722661352,False,False
2500,1250,891,24,2KI:9:5,2KI,2Kings,R1,REVIEW_CANDIDATE,0.1732599438499528,0.2042283105495926,0.1574881551780614,WORK,-0.030968366699639788,0.015771788671891412,0.8483639872635593,1.1001458722661352,False,False
2501,1251,892,25,2KI:2:23,2KI,2Kings,R0,REVIEW_CANDIDATE,0.1732121779482978,0.2042283105495926,0.1574881551780614,WORK,-0.031016132601294794,0.015724022770236407,0.8481301024435436,1.099842573890451,False,False
2502,1251,892,25,2KI:2:23,2KI,2Kings,R1,REVIEW_CANDIDATE,0.1732121779482978,0.2042283105495926,0.1574881551780614,WORK,-0.031016132601294794,0.015724022770236407,0.8481301024435436,1.099842573890451,False,False
2503,1252,893,39,ACT:27:7,ACT,Acts,R0,REVIEW_CANDIDATE,0.1731857477388459,0.2407747958049971,0.1622007514290091,WORK,-0.06758904806615121,0.010984996309836792,0.7192852024225517,1.0677246943251346,False,False
2504,1252,893,39,ACT:27:7,ACT,Acts,R1,REVIEW_CANDIDATE,0.1731857477388459,0.2407747958049971,0.1622007514290091,WORK,-0.06758904806615121,0.010984996309836792,0.7192852024225517,1.0677246943251346,False,False
2505,1253,894,26,2KI:16:1,2KI,2Kings,R0,REVIEW_CANDIDATE,0.1731829896053957,0.2042283105495926,0.1574881551780614,WORK,-0.031045320944196902,0.015694834427334298,0.8479871822831428,1.0996572371400832,False,False
2506,1253,894,26,2KI:16:1,2KI,2Kings,R1,REVIEW_CANDIDATE,0.1731829896053957,0.2042283105495926,0.1574881551780614,WORK,-0.031045320944196902,0.015694834427334298,0.8479871822831428,1.0996572371400832,False,False
2507,1254,895,34,PRO:10:13,PRO,Proverbs,R0,REVIEW_CANDIDATE,0.173160131128671,0.2365615998472131,0.1658406971808283,WORK,-0.06340146871854208,0.007319433947842707,0.7319874875740996,1.0441353303035248,False,False
2508,1254,895,34,PRO:10:13,PRO,Proverbs,R1,REVIEW_CANDIDATE,0.173160131128671,0.2365615998472131,0.1658406971808283,WORK,-0.06340146871854208,0.007319433947842707,0.7319874875740996,1.0441353303035248,False,False
2509,1255,896,30,2CH:34:32,2CH,2Chronicles,R0,REVIEW_CANDIDATE,0.1731584531071877,0.2156992211395015,0.1608023572188025,WORK,-0.0425407680323138,0.012356095888385182,0.8027773683763051,1.076840265914587,False,False
2510,1255,896,30,2CH:34:32,2CH,2Chronicles,R1,REVIEW_CANDIDATE,0.1731584531071877,0.2156992211395015,0.1608023572188025,WORK,-0.0425407680323138,0.012356095888385182,0.8027773683763051,1.076840265914587,False,False
2511,1256,897,30,EZE:11:15,EZE,Ezekiel,R0,REVIEW_CANDIDATE,0.1730805308386129,0.1977293149575067,0.1466200453576744,WORK,-0.02464878411889379,0.026460485480938517,0.8753407701625276,1.1804697673935995,False,False
2512,1256,897,30,EZE:11:15,EZE,Ezekiel,R1,REVIEW_CANDIDATE,0.1730805308386129,0.1977293149575067,0.1466200453576744,WORK,-0.02464878411889379,0.026460485480938517,0.8753407701625276,1.1804697673935995,False,False
2513,1257,898,44,ISA:40:8,ISA,Isaiah,R0,REVIEW_CANDIDATE,0.1730356713677777,0.2203930443072171,0.1556613590945488,WORK,-0.047357372939439396,0.017374312273228887,0.785123105457786,1.1116160900450298,False,False
2514,1257,898,44,ISA:40:8,ISA,Isaiah,R1,REVIEW_CANDIDATE,0.1730356713677777,0.2203930443072171,0.1556613590945488,WORK,-0.047357372939439396,0.017374312273228887,0.785123105457786,1.1116160900450298,False,False
2515,1258,899,5,SNG:7:11,SNG,SongofSolomon,R0,REVIEW_CANDIDATE,0.1727291636272987,0.2217445237246225,0.1631926633448978,WORK,-0.049015360097323796,0.009536500282400912,0.7789557132053714,1.0584370650428452,False,False
2516,1258,899,5,SNG:7:11,SNG,SongofSolomon,R1,REVIEW_CANDIDATE,0.1727291636272987,0.2217445237246225,0.1631926633448978,WORK,-0.049015360097323796,0.009536500282400912,0.7789557132053714,1.0584370650428452,False,False
2517,1259,900,27,2KI:18:2,2KI,2Kings,R0,REVIEW_CANDIDATE,0.1726686630555928,0.2042283105495926,0.1574881551780614,WORK,-0.03155964749399978,0.015180507877531418,0.8454687922106853,1.096391426138479,False,False
2518,1259,900,27,2KI:18:2,2KI,2Kings,R1,REVIEW_CANDIDATE,0.1726686630555928,0.2042283105495926,0.1574881551780614,WORK,-0.03155964749399978,0.015180507877531418,0.8454687922106853,1.096391426138479,False,False
2519,1260,901,40,ACT:18:28,ACT,Acts,R0,REVIEW_CANDIDATE,0.1726062456567473,0.2407747958049971,0.1622007514290091,WORK,-0.06816855014824982,0.010405494227738177,0.7168783803955155,1.064151948348355,False,False
2520,1260,901,40,ACT:18:28,ACT,Acts,R1,REVIEW_CANDIDATE,0.1726062456567473,0.2407747958049971,0.1622007514290091,WORK,-0.06816855014824982,0.010405494227738177,0.7168783803955155,1.064151948348355,False,False
2521,1261,902,45,ISA:7:13,ISA,Isaiah,R0,REVIEW_CANDIDATE,0.1725882169853384,0.2203930443072171,0.1556613590945488,WORK,-0.047804827321878685,0.0169268578907896,0.7830928490862847,1.1087415527478994,False,False
2522,1261,902,45,ISA:7:13,ISA,Isaiah,R1,REVIEW_CANDIDATE,0.1725882169853384,0.2203930443072171,0.1556613590945488,WORK,-0.047804827321878685,0.0169268578907896,0.7830928490862847,1.1087415527478994,False,False
2523,1262,903,15,1CO:11:6,1CO,1Corinthians,R0,REVIEW_CANDIDATE,0.1725848368741078,0.2749938527419566,0.1602659200966021,WORK,-0.10240901586784878,0.012318916777505712,0.6275952540512046,1.0768654793862622,False,False
2524,1262,903,15,1CO:11:6,1CO,1Corinthians,R1,REVIEW_CANDIDATE,0.1725848368741078,0.2749938527419566,0.1602659200966021,WORK,-0.10240901586784878,0.012318916777505712,0.6275952540512046,1.0768654793862622,False,False
2525,1263,904,35,PRO:9:1,PRO,Proverbs,R0,REVIEW_CANDIDATE,0.17255912489415,0.2365615998472131,0.1658406971808283,WORK,-0.06400247495306308,0.006718427713321706,0.729446896730492,1.0405113330294078,False,False
2526,1263,904,35,PRO:9:1,PRO,Proverbs,R1,REVIEW_CANDIDATE,0.17255912489415,0.2365615998472131,0.1658406971808283,WORK,-0.06400247495306308,0.006718427713321706,0.729446896730492,1.0405113330294078,False,False
2527,1264,905,6,PHP:4:4,PHP,Philippians,R0,REVIEW_CANDIDATE,0.172476206570002,0.2439662099883969,0.171683262334117,WORK,-0.0714900034183949,0.0007929442358850236,0.7069676025143196,1.0046186461341924,False,False
2528,1264,905,6,PHP:4:4,PHP,Philippians,R1,REVIEW_CANDIDATE,0.172476206570002,0.2439662099883969,0.171683262334117,WORK,-0.0714900034183949,0.0007929442358850236,0.7069676025143196,1.0046186461341924,False,False
2529,1265,906,38,NUM:1:32,NUM,Numbers,R0,REVIEW_CANDIDATE,0.1724659469518288,0.2060272335177108,0.1521304504522337,WORK,-0.033561286565882004,0.020335496499595096,0.8371026684537947,1.1336714407874582,False,False
2530,1265,906,38,NUM:1:32,NUM,Numbers,R1,REVIEW_CANDIDATE,0.1724659469518288,0.2060272335177108,0.1521304504522337,WORK,-0.033561286565882004,0.020335496499595096,0.8371026684537947,1.1336714407874582,False,False
2531,1266,907,31,2CH:8:14,2CH,2Chronicles,R0,REVIEW_CANDIDATE,0.1724511906792392,0.2156992211395015,0.1608023572188025,WORK,-0.04324803046026229,0.011648833460436686,0.7994984393926391,1.072441932207413,False,False
2532,1266,907,31,2CH:8:14,2CH,2Chronicles,R1,REVIEW_CANDIDATE,0.1724511906792392,0.2156992211395015,0.1608023572188025,WORK,-0.04324803046026229,0.011648833460436686,0.7994984393926391,1.072441932207413,False,False
2533,1267,908,14,HEB:13:5,HEB,Hebrews,R0,REVIEW_CANDIDATE,0.1724206498974645,0.214279535005857,0.1704570020425162,WORK,-0.0418588851083925,0.0019636478549482916,0.804652903007054,1.0115199013910763,False,False
2534,1267,908,14,HEB:13:5,HEB,Hebrews,R1,REVIEW_CANDIDATE,0.1724206498974645,0.214279535005857,0.1704570020425162,WORK,-0.0418588851083925,0.0019636478549482916,0.804652903007054,1.0115199013910763,False,False
2535,1268,909,44,JER:7:17,JER,Jeremiah,R0,REVIEW_CANDIDATE,0.172404087416517,0.203825573325914,0.1595710794486916,WORK,-0.031421485909397,0.01283300796782541,0.8458412975532048,1.080421891060477,False,False
2536,1268,909,44,JER:7:17,JER,Jeremiah,R1,REVIEW_CANDIDATE,0.172404087416517,0.203825573325914,0.1595710794486916,WORK,-0.031421485909397,0.01283300796782541,0.8458412975532048,1.080421891060477,False,False
2537,1269,910,32,2CH:13:4,2CH,2Chronicles,R0,REVIEW_CANDIDATE,0.1723931298642618,0.2156992211395015,0.1608023572188025,WORK,-0.04330609127523968,0.011590772645459296,0.7992292644986796,1.0720808627804368,False,False
2538,1269,910,32,2CH:13:4,2CH,2Chronicles,R1,REVIEW_CANDIDATE,0.1723931298642618,0.2156992211395015,0.1608023572188025,WORK,-0.04330609127523968,0.011590772645459296,0.7992292644986796,1.0720808627804368,False,False
2539,1270,911,16,1CO:15:57,1CO,1Corinthians,R0,REVIEW_CANDIDATE,0.172163605976728,0.2749938527419566,0.1602659200966021,WORK,-0.10283024676522859,0.011897685880125908,0.6260634710924958,1.0742371545550946,False,False
2540,1270,911,16,1CO:15:57,1CO,1Corinthians,R1,REVIEW_CANDIDATE,0.172163605976728,0.2749938527419566,0.1602659200966021,WORK,-0.10283024676522859,0.011897685880125908,0.6260634710924958,1.0742371545550946,False,False
2541,1271,912,5,1TI:1:6,1TI,1Timothy,R0,REVIEW_CANDIDATE,0.1721268765034583,0.2439872446320028,0.1381268719093453,WORK,-0.07186036812854452,0.03400000459411298,0.7054748979319434,1.2461505435121103,False,False
2542,1271,912,5,1TI:1:6,1TI,1Timothy,R1,REVIEW_CANDIDATE,0.1721268765034583,0.2439872446320028,0.1381268719093453,WORK,-0.07186036812854452,0.03400000459411298,0.7054748979319434,1.2461505435121103,False,False
2543,1272,913,36,PRO:11:11,PRO,Proverbs,R0,REVIEW_CANDIDATE,0.1721040055109097,0.2365615998472131,0.1658406971808283,WORK,-0.06445759433630338,0.006263308330081402,0.7275230029813194,1.0377670163991897,False,False
2544,1272,913,36,PRO:11:11,PRO,Proverbs,R1,REVIEW_CANDIDATE,0.1721040055109097,0.2365615998472131,0.1658406971808283,WORK,-0.06445759433630338,0.006263308330081402,0.7275230029813194,1.0377670163991897,False,False
2545,1273,914,124,PSA:116:11,PSA,Psalms,R0,REVIEW_CANDIDATE,0.1720894079000068,0.2517472342683223,0.1720894079000068,WORK,-0.0796578263683155,0.0,0.6835801330654818,1.0,False,False
2546,1273,914,124,PSA:116:11,PSA,Psalms,R1,REVIEW_CANDIDATE,0.1720894079000068,0.2517472342683223,0.1720894079000068,WORK,-0.0796578263683155,0.0,0.6835801330654818,1.0,False,False
2547,1274,915,15,HEB:12:9,HEB,Hebrews,R0,REVIEW_CANDIDATE,0.1720465400362496,0.214279535005857,0.1704570020425162,WORK,-0.04223299496960739,0.001589537993733403,0.8029070066422674,1.0093251551692604,False,False
2548,1274,915,15,HEB:12:9,HEB,Hebrews,R1,REVIEW_CANDIDATE,0.1720465400362496,0.214279535005857,0.1704570020425162,WORK,-0.04223299496960739,0.001589537993733403,0.8029070066422674,1.0093251551692604,False,False
2549,1275,916,28,LEV:27:25,LEV,Leviticus,R0,REVIEW_CANDIDATE,0.1720382836995859,0.2536937138059426,0.1520578598094974,WORK,-0.08165543010635667,0.0199804238900885,0.6781338059924606,1.1314001388361021,False,False
2550,1275,916,28,LEV:27:25,LEV,Leviticus,R1,REVIEW_CANDIDATE,0.1720382836995859,0.2536937138059426,0.1520578598094974,WORK,-0.08165543010635667,0.0199804238900885,0.6781338059924606,1.1314001388361021,False,False
2551,1276,917,11,DAN:7:10,DAN,Daniel,R0,REVIEW_CANDIDATE,0.1720102551373609,0.2230599517621362,0.1564706148641274,WORK,-0.05104969662477529,0.015539640273233513,0.7711391210233336,1.0993134735664425,False,False
2552,1276,917,11,DAN:7:10,DAN,Daniel,R1,REVIEW_CANDIDATE,0.1720102551373609,0.2230599517621362,0.1564706148641274,WORK,-0.05104969662477529,0.015539640273233513,0.7711391210233336,1.0993134735664425,False,False
2553,1277,918,28,2KI:8:22,2KI,2Kings,R0,REVIEW_CANDIDATE,0.1719991956569782,0.2042283105495926,0.1574881551780614,WORK,-0.0322291148926144,0.014511040478916798,0.842190757951806,1.092140519790267,False,False
2554,1277,918,28,2KI:8:22,2KI,2Kings,R1,REVIEW_CANDIDATE,0.1719991956569782,0.2042283105495926,0.1574881551780614,WORK,-0.0322291148926144,0.014511040478916798,0.842190757951806,1.092140519790267,False,False
2555,1278,919,17,1CO:15:5,1CO,1Corinthians,R0,REVIEW_CANDIDATE,0.1719668355996696,0.2749938527419566,0.1602659200966021,WORK,-0.10302701714228699,0.01170091550306751,0.6253479264536016,1.0730093802600993,False,False
2556,1278,919,17,1CO:15:5,1CO,1Corinthians,R1,REVIEW_CANDIDATE,0.1719668355996696,0.2749938527419566,0.1602659200966021,WORK,-0.10302701714228699,0.01170091550306751,0.6253479264536016,1.0730093802600993,False,False
2557,1279,920,39,NUM:31:38,NUM,Numbers,R0,REVIEW_CANDIDATE,0.1719506501216839,0.2060272335177108,0.1521304504522337,WORK,-0.0340765833960269,0.0198201996694502,0.8346015581813966,1.130284237051368,False,False
2558,1279,920,39,NUM:31:38,NUM,Numbers,R1,REVIEW_CANDIDATE,0.1719506501216839,0.2060272335177108,0.1521304504522337,WORK,-0.0340765833960269,0.0198201996694502,0.8346015581813966,1.130284237051368,False,False
2559,1280,921,46,ISA:28:10,ISA,Isaiah,R0,REVIEW_CANDIDATE,0.1718871467127931,0.2203930443072171,0.1556613590945488,WORK,-0.048505897594424,0.01622578761824428,0.7799118490926186,1.1042377357658089,False,False
2560,1280,921,46,ISA:28:10,ISA,Isaiah,R1,REVIEW_CANDIDATE,0.1718871467127931,0.2203930443072171,0.1556613590945488,WORK,-0.048505897594424,0.01622578761824428,0.7799118490926186,1.1042377357658089,False,False
2561,1281,922,35,DEU:7:12,DEU,Deuteronomy,R0,REVIEW_CANDIDATE,0.1718564768468787,0.2277736606676687,0.158268997269363,WORK,-0.05591718382079,0.013587479577515688,0.75450548734704,1.0858505444018878,False,False
2562,1281,922,35,DEU:7:12,DEU,Deuteronomy,R1,REVIEW_CANDIDATE,0.1718564768468787,0.2277736606676687,0.158268997269363,WORK,-0.05591718382079,0.013587479577515688,0.75450548734704,1.0858505444018878,False,False
2563,1282,923,41,ACT:17:7,ACT,Acts,R0,REVIEW_CANDIDATE,0.1717108277493275,0.2407747958049971,0.1622007514290091,WORK,-0.06906396805566961,0.009510076320318389,0.7131594782387258,1.0586315182669217,False,False
2564,1282,923,41,ACT:17:7,ACT,Acts,R1,REVIEW_CANDIDATE,0.1717108277493275,0.2407747958049971,0.1622007514290091,WORK,-0.06906396805566961,0.009510076320318389,0.7131594782387258,1.0586315182669217,False,False
2565,1283,924,1,HAG:1:6,HAG,Haggai,R0,REVIEW_CANDIDATE,0.1716187443378752,0.1724677826674717,0.1554664937862369,WORK,-0.0008490383295965132,0.016152250551638297,0.9950771192366199,1.1038953806589817,True,False
2566,1283,924,1,HAG:1:6,HAG,Haggai,R1,REVIEW_CANDIDATE,0.1716187443378752,0.1724677826674717,0.1554664937862369,WORK,-0.0008490383295965132,0.016152250551638297,0.9950771192366199,1.1038953806589817,True,False
2567,1284,925,23,1KI:14:16,1KI,1Kings,R0,REVIEW_CANDIDATE,0.1715415448618773,0.2134238491198039,0.1471697863256086,WORK,-0.04188230425792658,0.024371758536268717,0.8037599620161651,1.1656030027953357,False,False
2568,1284,925,23,1KI:14:16,1KI,1Kings,R1,REVIEW_CANDIDATE,0.1715415448618773,0.2134238491198039,0.1471697863256086,WORK,-0.04188230425792658,0.024371758536268717,0.8037599620161651,1.1656030027953357,False,False
2569,1285,926,6,HOS:6:1,HOS,Hosea,R0,REVIEW_CANDIDATE,0.17147114308124,0.1864811853428518,0.1389984160707465,WORK,-0.015010042261611789,0.0324727270104935,0.9195090795137572,1.23361940321655,False,False
2570,1285,926,6,HOS:6:1,HOS,Hosea,R1,REVIEW_CANDIDATE,0.17147114308124,0.1864811853428518,0.1389984160707465,WORK,-0.015010042261611789,0.0324727270104935,0.9195090795137572,1.23361940321655,False,False
2571,1286,927,42,ACT:10:14,ACT,Acts,R0,REVIEW_CANDIDATE,0.1714265325924445,0.2407747958049971,0.1622007514290091,WORK,-0.06934826321255261,0.009225781163435393,0.7119787269232383,1.0568787818931484,False,False
2572,1286,927,42,ACT:10:14,ACT,Acts,R1,REVIEW_CANDIDATE,0.1714265325924445,0.2407747958049971,0.1622007514290091,WORK,-0.06934826321255261,0.009225781163435393,0.7119787269232383,1.0568787818931484,False,False
2573,1287,928,3,MIC:6:9,MIC,Micah,R0,REVIEW_CANDIDATE,0.1714211056974753,0.1769578990912698,0.1560606344008212,WORK,-0.005536793393794509,0.015360471296654077,0.9687112391013482,1.0984263030560464,False,False
2574,1287,928,3,MIC:6:9,MIC,Micah,R1,REVIEW_CANDIDATE,0.1714211056974753,0.1769578990912698,0.1560606344008212,WORK,-0.005536793393794509,0.015360471296654077,0.9687112391013482,1.0984263030560464,False,False
2575,1288,929,21,NEH:11:22,NEH,Nehemiah,R0,REVIEW_CANDIDATE,0.1713595407278461,0.249097416043593,0.1712008590080952,WORK,-0.07773787531574691,0.00015868171975089163,0.687921791600831,1.0009268745534938,False,False
2576,1288,929,21,NEH:11:22,NEH,Nehemiah,R1,REVIEW_CANDIDATE,0.1713595407278461,0.249097416043593,0.1712008590080952,WORK,-0.07773787531574691,0.00015868171975089163,0.687921791600831,1.0009268745534938,False,False
2577,1289,930,45,JER:1:17,JER,Jeremiah,R0,REVIEW_CANDIDATE,0.1713540397651528,0.203825573325914,0.1595710794486916,WORK,-0.03247153356076121,0.0117829603164612,0.8406896002748403,1.0738414527066598,False,False
2578,1289,930,45,JER:1:17,JER,Jeremiah,R1,REVIEW_CANDIDATE,0.1713540397651528,0.203825573325914,0.1595710794486916,WORK,-0.03247153356076121,0.0117829603164612,0.8406896002748403,1.0738414527066598,False,False
2579,1290,931,31,EZE:37:25,EZE,Ezekiel,R0,REVIEW_CANDIDATE,0.1713360921709984,0.1977293149575067,0.1466200453576744,WORK,-0.026393222786508297,0.02471604681332401,0.8665184128505156,1.1685720854405008,False,False
2580,1290,931,31,EZE:37:25,EZE,Ezekiel,R1,REVIEW_CANDIDATE,0.1713360921709984,0.1977293149575067,0.1466200453576744,WORK,-0.026393222786508297,0.02471604681332401,0.8665184128505156,1.1685720854405008,False,False
2581,1291,932,36,DEU:17:9,DEU,Deuteronomy,R0,REVIEW_CANDIDATE,0.1712321066997124,0.2277736606676687,0.158268997269363,WORK,-0.05654155396795629,0.012963109430349395,0.751764300568305,1.0819055510175948,False,False
2582,1291,932,36,DEU:17:9,DEU,Deuteronomy,R1,REVIEW_CANDIDATE,0.1712321066997124,0.2277736606676687,0.158268997269363,WORK,-0.05654155396795629,0.012963109430349395,0.751764300568305,1.0819055510175948,False,False
2583,1292,933,43,ACT:23:33,ACT,Acts,R0,REVIEW_CANDIDATE,0.1712041666381003,0.2407747958049971,0.1622007514290091,WORK,-0.0695706291668968,0.009003415209091203,0.7110551836030136,1.0555078514111063,False,False
2584,1292,933,43,ACT:23:33,ACT,Acts,R1,REVIEW_CANDIDATE,0.1712041666381003,0.2407747958049971,0.1622007514290091,WORK,-0.0695706291668968,0.009003415209091203,0.7110551836030136,1.0555078514111063,False,False
2585,1293,934,31,EXO:14:7,EXO,Exodus,R0,REVIEW_CANDIDATE,0.1711814597327972,0.2061688329235183,0.1458137712888438,WORK,-0.03498737319072112,0.0253676884439534,0.8302974669129536,1.1739732003344343,False,False
2586,1293,934,31,EXO:14:7,EXO,Exodus,R1,REVIEW_CANDIDATE,0.1711814597327972,0.2061688329235183,0.1458137712888438,WORK,-0.03498737319072112,0.0253676884439534,0.8302974669129536,1.1739732003344343,False,False
2587,1294,935,32,EXO:39:13,EXO,Exodus,R0,REVIEW_CANDIDATE,0.171106858873934,0.2061688329235183,0.1458137712888438,WORK,-0.035061974049584305,0.025293087585090218,0.8299356233801298,1.1734615829597255,False,False
2588,1294,935,32,EXO:39:13,EXO,Exodus,R1,REVIEW_CANDIDATE,0.171106858873934,0.2061688329235183,0.1458137712888438,WORK,-0.035061974049584305,0.025293087585090218,0.8299356233801298,1.1734615829597255,False,False
2589,1295,936,7,EST:8:16,EST,Esther,R0,REVIEW_CANDIDATE,0.1710780657994165,0.2106098417089447,0.155955053094019,WORK,-0.039531775909528194,0.01512301270539751,0.8122985346327751,1.0969703283437726,False,False
2590,1295,936,7,EST:8:16,EST,Esther,R1,REVIEW_CANDIDATE,0.1710780657994165,0.2106098417089447,0.155955053094019,WORK,-0.039531775909528194,0.01512301270539751,0.8122985346327751,1.0969703283437726,False,False
2591,1296,937,32,EZE:45:21,EZE,Ezekiel,R0,REVIEW_CANDIDATE,0.1710090232091816,0.1977293149575067,0.1466200453576744,WORK,-0.026720291748325103,0.024388977851507204,0.8648642880593226,1.1663413607055648,False,False
2592,1296,937,32,EZE:45:21,EZE,Ezekiel,R1,REVIEW_CANDIDATE,0.1710090232091816,0.1977293149575067,0.1466200453576744,WORK,-0.026720291748325103,0.024388977851507204,0.8648642880593226,1.1663413607055648,False,False
2593,1297,938,37,PRO:1:11,PRO,Proverbs,R0,REVIEW_CANDIDATE,0.170998979993157,0.2365615998472131,0.1658406971808283,WORK,-0.06556261985405609,0.005158282812328691,0.7228518073246009,1.031103841819383,False,False
2594,1297,938,37,PRO:1:11,PRO,Proverbs,R1,REVIEW_CANDIDATE,0.170998979993157,0.2365615998472131,0.1658406971808283,WORK,-0.06556261985405609,0.005158282812328691,0.7228518073246009,1.031103841819383,False,False
2595,1298,939,44,ACT:2:14,ACT,Acts,R0,REVIEW_CANDIDATE,0.1709583280737665,0.2407747958049971,0.1622007514290091,WORK,-0.0698164677312306,0.008757576644757403,0.7100341524626408,1.053992207604478,False,False
2596,1298,939,44,ACT:2:14,ACT,Acts,R1,REVIEW_CANDIDATE,0.1709583280737665,0.2407747958049971,0.1622007514290091,WORK,-0.0698164677312306,0.008757576644757403,0.7100341524626408,1.053992207604478,False,False
2597,1299,940,47,ISA:27:7,ISA,Isaiah,R0,REVIEW_CANDIDATE,0.1709389438667139,0.2203930443072171,0.1556613590945488,WORK,-0.04945410044050319,0.015277584772165093,0.7756095225420699,1.0981462892334473,False,False
2598,1299,940,47,ISA:27:7,ISA,Isaiah,R1,REVIEW_CANDIDATE,0.1709389438667139,0.2203930443072171,0.1556613590945488,WORK,-0.04945410044050319,0.015277584772165093,0.7756095225420699,1.0981462892334473,False,False
2599,1300,941,33,EXO:24:14,EXO,Exodus,R0,REVIEW_CANDIDATE,0.1709232114804026,0.2061688329235183,0.1458137712888438,WORK,-0.035245621443115716,0.025109440191558807,0.8290448612269603,1.1722021176025912,False,False
2600,1300,941,33,EXO:24:14,EXO,Exodus,R1,REVIEW_CANDIDATE,0.1709232114804026,0.2061688329235183,0.1458137712888438,WORK,-0.035245621443115716,0.025109440191558807,0.8290448612269603,1.1722021176025912,False,False
2601,1301,942,8,LAM:3:62,LAM,Lamentations,R0,REVIEW_CANDIDATE,0.1708201672592986,0.2938539035754291,0.1679356922785318,WORK,-0.12303373631613052,0.002884474980766799,0.5813098454057151,1.017176068658369,False,False
2602,1301,942,8,LAM:3:62,LAM,Lamentations,R1,REVIEW_CANDIDATE,0.1708201672592986,0.2938539035754291,0.1679356922785318,WORK,-0.12303373631613052,0.002884474980766799,0.5813098454057151,1.017176068658369,False,False
2603,1302,943,29,LEV:11:18,LEV,Leviticus,R0,REVIEW_CANDIDATE,0.1707884282498944,0.2536937138059426,0.1520578598094974,WORK,-0.08290528555604817,0.018730568440397,0.6732071744613083,1.1231805344614425,False,False
2604,1302,943,29,LEV:11:18,LEV,Leviticus,R1,REVIEW_CANDIDATE,0.1707884282498944,0.2536937138059426,0.1520578598094974,WORK,-0.08290528555604817,0.018730568440397,0.6732071744613083,1.1231805344614425,False,False
2605,1303,944,24,1KI:18:43,1KI,1Kings,R0,REVIEW_CANDIDATE,0.1706649895355696,0.2134238491198039,0.1471697863256086,WORK,-0.04275885958423428,0.023495203209961013,0.7996528515412918,1.159646920720389,False,False
2606,1303,944,24,1KI:18:43,1KI,1Kings,R1,REVIEW_CANDIDATE,0.1706649895355696,0.2134238491198039,0.1471697863256086,WORK,-0.04275885958423428,0.023495203209961013,0.7996528515412918,1.159646920720389,False,False
2607,1304,945,33,2CH:30:11,2CH,2Chronicles,R0,REVIEW_CANDIDATE,0.170655501673552,0.2156992211395015,0.1608023572188025,WORK,-0.04504371946594948,0.009853144454749496,0.7911734718929844,1.0612748757242556,False,False
2608,1304,945,33,2CH:30:11,2CH,2Chronicles,R1,REVIEW_CANDIDATE,0.170655501673552,0.2156992211395015,0.1608023572188025,WORK,-0.04504371946594948,0.009853144454749496,0.7911734718929844,1.0612748757242556,False,False
2609,1305,946,16,HEB:7:18,HEB,Hebrews,R0,REVIEW_CANDIDATE,0.170560943771837,0.214279535005857,0.1704570020425162,WORK,-0.04371859123402,0.00010394172932079448,0.795974024151093,1.0006097826905043,False,False
2610,1305,946,16,HEB:7:18,HEB,Hebrews,R1,REVIEW_CANDIDATE,0.170560943771837,0.214279535005857,0.1704570020425162,WORK,-0.04371859123402,0.00010394172932079448,0.795974024151093,1.0006097826905043,False,False
2611,1306,947,11,ZEC:14:16,ZEC,Zechariah,R0,REVIEW_CANDIDATE,0.1704777200948173,0.1979117914121707,0.1701784058121591,WORK,-0.027434071317353398,0.00029931428265819737,0.8613823303725281,1.0017588264576212,False,False
2612,1306,947,11,ZEC:14:16,ZEC,Zechariah,R1,REVIEW_CANDIDATE,0.1704777200948173,0.1979117914121707,0.1701784058121591,WORK,-0.027434071317353398,0.00029931428265819737,0.8613823303725281,1.0017588264576212,False,False
2613,1307,948,38,PRO:29:14,PRO,Proverbs,R0,REVIEW_CANDIDATE,0.1704667036258254,0.2365615998472131,0.1658406971808283,WORK,-0.0660948962213877,0.004626006444997083,0.7206017533527161,1.0278942776027589,False,False
2614,1307,948,38,PRO:29:14,PRO,Proverbs,R1,REVIEW_CANDIDATE,0.1704667036258254,0.2365615998472131,0.1658406971808283,WORK,-0.0660948962213877,0.004626006444997083,0.7206017533527161,1.0278942776027589,False,False
2615,1308,949,34,EXO:32:23,EXO,Exodus,R0,REVIEW_CANDIDATE,0.1704510725979861,0.2061688329235183,0.1458137712888438,WORK,-0.03571776032553223,0.024637301309142295,0.8267548017852809,1.1689641594986118,False,False
2616,1308,949,34,EXO:32:23,EXO,Exodus,R1,REVIEW_CANDIDATE,0.1704510725979861,0.2061688329235183,0.1458137712888438,WORK,-0.03571776032553223,0.024637301309142295,0.8267548017852809,1.1689641594986118,False,False
2617,1309,950,34,2CH:23:9,2CH,2Chronicles,R0,REVIEW_CANDIDATE,0.1704380874281552,0.2156992211395015,0.1608023572188025,WORK,-0.045261133711346296,0.009635730209352683,0.7901655208941433,1.0599228169039925,False,False
2618,1309,950,34,2CH:23:9,2CH,2Chronicles,R1,REVIEW_CANDIDATE,0.1704380874281552,0.2156992211395015,0.1608023572188025,WORK,-0.045261133711346296,0.009635730209352683,0.7901655208941433,1.0599228169039925,False,False
2619,1310,951,33,EZE:16:60,EZE,Ezekiel,R0,REVIEW_CANDIDATE,0.1704258037225438,0.1977293149575067,0.1466200453576744,WORK,-0.027303511234962913,0.023805758364869395,0.8619147027296857,1.1623635997847095,False,False
2620,1310,951,33,EZE:16:60,EZE,Ezekiel,R1,REVIEW_CANDIDATE,0.1704258037225438,0.1977293149575067,0.1466200453576744,WORK,-0.027303511234962913,0.023805758364869395,0.8619147027296857,1.1623635997847095,False,False
2621,1311,952,34,EZE:32:22,EZE,Ezekiel,R0,REVIEW_CANDIDATE,0.170379504456802,0.1977293149575067,0.1466200453576744,WORK,-0.027349810500704702,0.023759459099127606,0.8616805479421079,1.1620478225959299,False,False
2622,1311,952,34,EZE:32:22,EZE,Ezekiel,R1,REVIEW_CANDIDATE,0.170379504456802,0.1977293149575067,0.1466200453576744,WORK,-0.027349810500704702,0.023759459099127606,0.8616805479421079,1.1620478225959299,False,False
2623,1312,953,45,ACT:25:1,ACT,Acts,R0,REVIEW_CANDIDATE,0.1702367160001916,0.2407747958049971,0.1622007514290091,WORK,-0.0705380798048055,0.008035964571182497,0.7070371108862487,1.0495433251719528,False,False
2624,1312,953,45,ACT:25:1,ACT,Acts,R1,REVIEW_CANDIDATE,0.1702367160001916,0.2407747958049971,0.1622007514290091,WORK,-0.0705380798048055,0.008035964571182497,0.7070371108862487,1.0495433251719528,False,False
2625,1313,954,35,2CH:29:12,2CH,2Chronicles,R0,REVIEW_CANDIDATE,0.1701432620704179,0.2156992211395015,0.1608023572188025,WORK,-0.04555595906908358,0.0093409048516154,0.7887986853711415,1.0580893527506272,False,False
2626,1313,954,35,2CH:29:12,2CH,2Chronicles,R1,REVIEW_CANDIDATE,0.1701432620704179,0.2156992211395015,0.1608023572188025,WORK,-0.04555595906908358,0.0093409048516154,0.7887986853711415,1.0580893527506272,False,False
2627,1314,955,35,EXO:35:24,EXO,Exodus,R0,REVIEW_CANDIDATE,0.1700880178193514,0.2061688329235183,0.1458137712888438,WORK,-0.03608081510416691,0.02427424653050761,0.8249938431889379,1.166474307028398,False,False
2628,1314,955,35,EXO:35:24,EXO,Exodus,R1,REVIEW_CANDIDATE,0.1700880178193514,0.2061688329235183,0.1458137712888438,WORK,-0.03608081510416691,0.02427424653050761,0.8249938431889379,1.166474307028398,False,False
2629,1315,956,39,PRO:29:8,PRO,Proverbs,R0,REVIEW_CANDIDATE,0.1699779458889507,0.2365615998472131,0.1658406971808283,WORK,-0.06658365395826238,0.004137248708122404,0.7185356625873919,1.0249471256359424,False,False
2630,1315,956,39,PRO:29:8,PRO,Proverbs,R1,REVIEW_CANDIDATE,0.1699779458889507,0.2365615998472131,0.1658406971808283,WORK,-0.06658365395826238,0.004137248708122404,0.7185356625873919,1.0249471256359424,False,False
2631,1316,957,46,JER:39:8,JER,Jeremiah,R0,REVIEW_CANDIDATE,0.1699624820249921,0.203825573325914,0.1595710794486916,WORK,-0.03386309130092191,0.010391402576300501,0.8338624013250028,1.0651208390154543,False,False
2632,1316,957,46,JER:39:8,JER,Jeremiah,R1,REVIEW_CANDIDATE,0.1699624820249921,0.203825573325914,0.1595710794486916,WORK,-0.03386309130092191,0.010391402576300501,0.8338624013250028,1.0651208390154543,False,False
2633,1317,958,47,JER:5:24,JER,Jeremiah,R0,REVIEW_CANDIDATE,0.1697523336198529,0.203825573325914,0.1595710794486916,WORK,-0.034073239706061104,0.010181254171161308,0.8328313805276116,1.0638038810437138,False,False
2634,1317,958,47,JER:5:24,JER,Jeremiah,R1,REVIEW_CANDIDATE,0.1697523336198529,0.203825573325914,0.1595710794486916,WORK,-0.034073239706061104,0.010181254171161308,0.8328313805276116,1.0638038810437138,False,False
2635,1318,959,25,1KI:15:1,1KI,1Kings,R0,REVIEW_CANDIDATE,0.1697150834293965,0.2134238491198039,0.1471697863256086,WORK,-0.04370876569040738,0.022545297103787915,0.7952020551092592,1.1531924294155538,False,False
2636,1318,959,25,1KI:15:1,1KI,1Kings,R1,REVIEW_CANDIDATE,0.1697150834293965,0.2134238491198039,0.1471697863256086,WORK,-0.04370876569040738,0.022545297103787915,0.7952020551092592,1.1531924294155538,False,False
2637,1319,960,40,PRO:19:28,PRO,Proverbs,R0,REVIEW_CANDIDATE,0.1696676435923246,0.2365615998472131,0.1658406971808283,WORK,-0.06689395625488848,0.003826946411496307,0.7172239437926825,1.0230760390938511,False,False
2638,1319,960,40,PRO:19:28,PRO,Proverbs,R1,REVIEW_CANDIDATE,0.1696676435923246,0.2365615998472131,0.1658406971808283,WORK,-0.06689395625488848,0.003826946411496307,0.7172239437926825,1.0230760390938511,False,False
2639,1320,961,41,PRO:17:13,PRO,Proverbs,R0,REVIEW_CANDIDATE,0.1695436576679928,0.2365615998472131,0.1658406971808283,WORK,-0.0670179421792203,0.0037029604871644806,0.7166998269266658,1.022328418476961,False,False
2640,1320,961,41,PRO:17:13,PRO,Proverbs,R1,REVIEW_CANDIDATE,0.1695436576679928,0.2365615998472131,0.1658406971808283,WORK,-0.0670179421792203,0.0037029604871644806,0.7166998269266658,1.022328418476961,False,False
2641,1321,962,40,NUM:35:24,NUM,Numbers,R0,REVIEW_CANDIDATE,0.1695260024660591,0.2060272335177108,0.1521304504522337,WORK,-0.036501231051651706,0.017395552013825394,0.8228329797550092,1.1143462861124394,False,False
2642,1321,962,40,NUM:35:24,NUM,Numbers,R1,REVIEW_CANDIDATE,0.1695260024660591,0.2060272335177108,0.1521304504522337,WORK,-0.036501231051651706,0.017395552013825394,0.8228329797550092,1.1143462861124394,False,False
2643,1322,963,41,NUM:1:44,NUM,Numbers,R0,REVIEW_CANDIDATE,0.1693419298183986,0.2060272335177108,0.1521304504522337,WORK,-0.036685303699312194,0.017211479366164906,0.8219395413269062,1.1131363202764526,False,False
2644,1322,963,41,NUM:1:44,NUM,Numbers,R1,REVIEW_CANDIDATE,0.1693419298183986,0.2060272335177108,0.1521304504522337,WORK,-0.036685303699312194,0.017211479366164906,0.8219395413269062,1.1131363202764526,False,False
2645,1323,964,26,1KI:14:22,1KI,1Kings,R0,REVIEW_CANDIDATE,0.1692875205510564,0.2134238491198039,0.1471697863256086,WORK,-0.044136328568747496,0.0221177342254478,0.7931987041243367,1.1502871939795645,False,False
2646,1323,964,26,1KI:14:22,1KI,1Kings,R1,REVIEW_CANDIDATE,0.1692875205510564,0.2134238491198039,0.1471697863256086,WORK,-0.044136328568747496,0.0221177342254478,0.7931987041243367,1.1502871939795645,False,False
2647,1324,965,42,PRO:24:34,PRO,Proverbs,R0,REVIEW_CANDIDATE,0.1692743762663736,0.2365615998472131,0.1658406971808283,WORK,-0.0672872235808395,0.003433679085545288,0.7155615128393705,1.0207046831321585,False,False
2648,1324,965,42,PRO:24:34,PRO,Proverbs,R1,REVIEW_CANDIDATE,0.1692743762663736,0.2365615998472131,0.1658406971808283,WORK,-0.0672872235808395,0.003433679085545288,0.7155615128393705,1.0207046831321585,False,False
2649,1325,966,37,DEU:6:23,DEU,Deuteronomy,R0,REVIEW_CANDIDATE,0.1692071848559314,0.2277736606676687,0.158268997269363,WORK,-0.058566475811737295,0.010938187586568393,0.7428742391018238,1.0691113722541146,False,False
2650,1325,966,37,DEU:6:23,DEU,Deuteronomy,R1,REVIEW_CANDIDATE,0.1692071848559314,0.2277736606676687,0.158268997269363,WORK,-0.058566475811737295,0.010938187586568393,0.7428742391018238,1.0691113722541146,False,False
2651,1326,967,36,2CH:23:2,2CH,2Chronicles,R0,REVIEW_CANDIDATE,0.1691784657320937,0.2156992211395015,0.1608023572188025,WORK,-0.0465207554074078,0.00837610851329118,0.7843258071974172,1.0520894634765452,False,False
2652,1326,967,36,2CH:23:2,2CH,2Chronicles,R1,REVIEW_CANDIDATE,0.1691784657320937,0.2156992211395015,0.1608023572188025,WORK,-0.0465207554074078,0.00837610851329118,0.7843258071974172,1.0520894634765452,False,False
2653,1327,968,4,MIC:2:8,MIC,Micah,R0,REVIEW_CANDIDATE,0.1691673248481209,0.1769578990912698,0.1560606344008212,WORK,-0.007790574243148912,0.013106690447299674,0.9559749845406406,1.0839846031487792,False,False
2654,1327,968,4,MIC:2:8,MIC,Micah,R1,REVIEW_CANDIDATE,0.1691673248481209,0.1769578990912698,0.1560606344008212,WORK,-0.007790574243148912,0.013106690447299674,0.9559749845406406,1.0839846031487792,False,False
2655,1328,969,18,1CO:15:43,1CO,1Corinthians,R0,REVIEW_CANDIDATE,0.16905645822852,0.2749938527419566,0.1602659200966021,WORK,-0.10593739451343659,0.008790538131917908,0.6147644994346689,1.0548497030848436,False,False
2656,1328,969,18,1CO:15:43,1CO,1Corinthians,R1,REVIEW_CANDIDATE,0.16905645822852,0.2749938527419566,0.1602659200966021,WORK,-0.10593739451343659,0.008790538131917908,0.6147644994346689,1.0548497030848436,False,False
2657,1329,970,36,EXO:25:4,EXO,Exodus,R0,REVIEW_CANDIDATE,0.1689609802928651,0.2061688329235183,0.1458137712888438,WORK,-0.03720785263065321,0.023147209004021313,0.8195272675164433,1.1587450128984649,False,False
2658,1329,970,36,EXO:25:4,EXO,Exodus,R1,REVIEW_CANDIDATE,0.1689609802928651,0.2061688329235183,0.1458137712888438,WORK,-0.03720785263065321,0.023147209004021313,0.8195272675164433,1.1587450128984649,False,False
2659,1330,971,43,PRO:2:6,PRO,Proverbs,R0,REVIEW_CANDIDATE,0.1688750928069187,0.2365615998472131,0.1658406971808283,WORK,-0.06768650704029439,0.003034395626090397,0.7138736503134459,1.0182970505893483,False,False
2660,1330,971,43,PRO:2:6,PRO,Proverbs,R1,REVIEW_CANDIDATE,0.1688750928069187,0.2365615998472131,0.1658406971808283,WORK,-0.06768650704029439,0.003034395626090397,0.7138736503134459,1.0182970505893483,False,False
2661,1331,972,48,JER:25:1,JER,Jeremiah,R0,REVIEW_CANDIDATE,0.1688489431932738,0.203825573325914,0.1595710794486916,WORK,-0.03497663013264021,0.009277863744582199,0.8283992064297393,1.0581425141487835,False,False
2662,1331,972,48,JER:25:1,JER,Jeremiah,R1,REVIEW_CANDIDATE,0.1688489431932738,0.203825573325914,0.1595710794486916,WORK,-0.03497663013264021,0.009277863744582199,0.8283992064297393,1.0581425141487835,False,False
2663,1332,973,46,ACT:18:4,ACT,Acts,R0,REVIEW_CANDIDATE,0.1688339872832761,0.2407747958049971,0.1622007514290091,WORK,-0.07194080852172102,0.006633235854266978,0.7012112157288021,1.04089522271523,False,False
2664,1332,973,46,ACT:18:4,ACT,Acts,R1,REVIEW_CANDIDATE,0.1688339872832761,0.2407747958049971,0.1622007514290091,WORK,-0.07194080852172102,0.006633235854266978,0.7012112157288021,1.04089522271523,False,False
2665,1333,974,44,PRO:14:29,PRO,Proverbs,R0,REVIEW_CANDIDATE,0.1687095212975639,0.2365615998472131,0.1658406971808283,WORK,-0.0678520785496492,0.0028688241167355855,0.7131737416661348,1.017298673760443,False,False
2666,1333,974,44,PRO:14:29,PRO,Proverbs,R1,REVIEW_CANDIDATE,0.1687095212975639,0.2365615998472131,0.1658406971808283,WORK,-0.0678520785496492,0.0028688241167355855,0.7131737416661348,1.017298673760443,False,False
2667,1334,975,38,DEU:1:28,DEU,Deuteronomy,R0,REVIEW_CANDIDATE,0.1686847825687012,0.2277736606676687,0.158268997269363,WORK,-0.059088878098967484,0.010415785299338204,0.7405807241901396,1.0658106481941707,False,False
2668,1334,975,38,DEU:1:28,DEU,Deuteronomy,R1,REVIEW_CANDIDATE,0.1686847825687012,0.2277736606676687,0.158268997269363,WORK,-0.059088878098967484,0.010415785299338204,0.7405807241901396,1.0658106481941707,False,False
2669,1335,976,49,JER:37:9,JER,Jeremiah,R0,REVIEW_CANDIDATE,0.1686163383392908,0.203825573325914,0.1595710794486916,WORK,-0.035209234986623206,0.009045258890599206,0.8272580107976727,1.0566848261091548,False,False
2670,1335,976,49,JER:37:9,JER,Jeremiah,R1,REVIEW_CANDIDATE,0.1686163383392908,0.203825573325914,0.1595710794486916,WORK,-0.035209234986623206,0.009045258890599206,0.8272580107976727,1.0566848261091548,False,False
2671,1336,977,15,ROM:14:19,ROM,Romans,R0,REVIEW_CANDIDATE,0.1685760918592952,0.2309266196192162,0.1560124813251275,WORK,-0.062350527759921004,0.012563610534167713,0.7299985256670141,1.0805295219168096,False,False
2672,1336,977,15,ROM:14:19,ROM,Romans,R1,REVIEW_CANDIDATE,0.1685760918592952,0.2309266196192162,0.1560124813251275,WORK,-0.062350527759921004,0.012563610534167713,0.7299985256670141,1.0805295219168096,False,False
2673,1337,978,50,JER:48:8,JER,Jeremiah,R0,REVIEW_CANDIDATE,0.1685255144248351,0.203825573325914,0.1595710794486916,WORK,-0.0353000589010789,0.00895443497614351,0.8268124145313471,1.056115650825203,False,False
2674,1337,978,50,JER:48:8,JER,Jeremiah,R1,REVIEW_CANDIDATE,0.1685255144248351,0.203825573325914,0.1595710794486916,WORK,-0.0353000589010789,0.00895443497614351,0.8268124145313471,1.056115650825203,False,False
2675,1338,979,29,2KI:8:1,2KI,2Kings,R0,REVIEW_CANDIDATE,0.1683764645534362,0.2042283105495926,0.1574881551780614,WORK,-0.0358518459961564,0.0108883093753748,0.8244521246849833,1.0691373225057093,False,False
2676,1338,979,29,2KI:8:1,2KI,2Kings,R1,REVIEW_CANDIDATE,0.1683764645534362,0.2042283105495926,0.1574881551780614,WORK,-0.0358518459961564,0.0108883093753748,0.8244521246849833,1.0691373225057093,False,False
2677,1339,980,35,EZE:44:26,EZE,Ezekiel,R0,REVIEW_CANDIDATE,0.1683652105110882,0.1977293149575067,0.1466200453576744,WORK,-0.029364104446418515,0.021745165153413792,0.8514934194116384,1.1483096332453535,False,False
2678,1339,980,35,EZE:44:26,EZE,Ezekiel,R1,REVIEW_CANDIDATE,0.1683652105110882,0.1977293149575067,0.1466200453576744,WORK,-0.029364104446418515,0.021745165153413792,0.8514934194116384,1.1483096332453535,False,False
2679,1340,981,48,ISA:5:5,ISA,Isaiah,R0,REVIEW_CANDIDATE,0.1683350401908133,0.2203930443072171,0.1556613590945488,WORK,-0.052058004116403794,0.012673681096264489,0.7637947046829777,1.0814182862721022,False,False
2680,1340,981,48,ISA:5:5,ISA,Isaiah,R1,REVIEW_CANDIDATE,0.1683350401908133,0.2203930443072171,0.1556613590945488,WORK,-0.052058004116403794,0.012673681096264489,0.7637947046829777,1.0814182862721022,False,False
2681,1341,982,49,ISA:1:22,ISA,Isaiah,R0,REVIEW_CANDIDATE,0.1683019481649103,0.2203930443072171,0.1556613590945488,WORK,-0.05209109614230681,0.012640589070361474,0.7636445546362417,1.0812056964161771,False,False
2682,1341,982,49,ISA:1:22,ISA,Isaiah,R1,REVIEW_CANDIDATE,0.1683019481649103,0.2203930443072171,0.1556613590945488,WORK,-0.05209109614230681,0.012640589070361474,0.7636445546362417,1.0812056964161771,False,False
2683,1342,983,36,EZE:11:6,EZE,Ezekiel,R0,REVIEW_CANDIDATE,0.1682953199030908,0.1977293149575067,0.1466200453576744,WORK,-0.029433995054415907,0.0216752745454164,0.8511399533208241,1.1478329548496615,False,False
2684,1342,983,36,EZE:11:6,EZE,Ezekiel,R1,REVIEW_CANDIDATE,0.1682953199030908,0.1977293149575067,0.1466200453576744,WORK,-0.029433995054415907,0.0216752745454164,0.8511399533208241,1.1478329548496615,False,False
2685,1343,984,37,EXO:29:40,EXO,Exodus,R0,REVIEW_CANDIDATE,0.1682421105576238,0.2061688329235183,0.1458137712888438,WORK,-0.037926722365894505,0.022428339268780018,0.8160404663106181,1.1538149591121372,False,False
2686,1343,984,37,EXO:29:40,EXO,Exodus,R1,REVIEW_CANDIDATE,0.1682421105576238,0.2061688329235183,0.1458137712888438,WORK,-0.037926722365894505,0.022428339268780018,0.8160404663106181,1.1538149591121372,False,False
2687,1344,985,37,EZE:33:21,EZE,Ezekiel,R0,REVIEW_CANDIDATE,0.1681275322410281,0.1977293149575067,0.1466200453576744,WORK,-0.029601782716478592,0.021507486883353716,0.8502913808059255,1.1466885842988723,False,False
2688,1344,985,37,EZE:33:21,EZE,Ezekiel,R1,REVIEW_CANDIDATE,0.1681275322410281,0.1977293149575067,0.1466200453576744,WORK,-0.029601782716478592,0.021507486883353716,0.8502913808059255,1.1466885842988723,False,False
2689,1345,986,30,LEV:8:22,LEV,Leviticus,R0,REVIEW_CANDIDATE,0.1681043990231691,0.2536937138059426,0.1520578598094974,WORK,-0.08558931478277348,0.01604653921367169,0.6626273725952739,1.1055291665539373,False,False
2690,1345,986,30,LEV:8:22,LEV,Leviticus,R1,REVIEW_CANDIDATE,0.1681043990231691,0.2536937138059426,0.1520578598094974,WORK,-0.08558931478277348,0.01604653921367169,0.6626273725952739,1.1055291665539373,False,False
2691,1346,987,37,2CH:35:24,2CH,2Chronicles,R0,REVIEW_CANDIDATE,0.1680810642138434,0.2156992211395015,0.1608023572188025,WORK,-0.0476181569256581,0.007278706995040879,0.7792381600911693,1.0452649272120855,False,False
2692,1346,987,37,2CH:35:24,2CH,2Chronicles,R1,REVIEW_CANDIDATE,0.1680810642138434,0.2156992211395015,0.1608023572188025,WORK,-0.0476181569256581,0.007278706995040879,0.7792381600911693,1.0452649272120855,False,False
2693,1347,988,38,EZE:9:1,EZE,Ezekiel,R0,REVIEW_CANDIDATE,0.1679695464356246,0.1977293149575067,0.1466200453576744,WORK,-0.029759768521882113,0.021349501077950195,0.8494923803874116,1.1456110658393868,False,False
2694,1347,988,38,EZE:9:1,EZE,Ezekiel,R1,REVIEW_CANDIDATE,0.1679695464356246,0.1977293149575067,0.1466200453576744,WORK,-0.029759768521882113,0.021349501077950195,0.8494923803874116,1.1456110658393868,False,False
2695,1348,989,51,JER:6:28,JER,Jeremiah,R0,REVIEW_CANDIDATE,0.1678606781709296,0.203825573325914,0.1595710794486916,WORK,-0.03596489515498441,0.008289598722238,0.8235506243493936,1.0519492551587548,False,False
2696,1348,989,51,JER:6:28,JER,Jeremiah,R1,REVIEW_CANDIDATE,0.1678606781709296,0.203825573325914,0.1595710794486916,WORK,-0.03596489515498441,0.008289598722238,0.8235506243493936,1.0519492551587548,False,False
2697,1349,990,42,NUM:4:48,NUM,Numbers,R0,REVIEW_CANDIDATE,0.167390102163358,0.2060272335177108,0.1521304504522337,WORK,-0.03863713135435279,0.015259651711124311,0.8124659022272829,1.1003063598757672,False,False
2698,1349,990,42,NUM:4:48,NUM,Numbers,R1,REVIEW_CANDIDATE,0.167390102163358,0.2060272335177108,0.1521304504522337,WORK,-0.03863713135435279,0.015259651711124311,0.8124659022272829,1.1003063598757672,False,False
2699,1350,991,50,ISA:66:10,ISA,Isaiah,R0,REVIEW_CANDIDATE,0.1673558567863897,0.2203930443072171,0.1556613590945488,WORK,-0.053037187520827395,0.011694497691840888,0.7593518085493834,1.075127814377733,False,False
2700,1350,991,50,ISA:66:10,ISA,Isaiah,R1,REVIEW_CANDIDATE,0.1673558567863897,0.2203930443072171,0.1556613590945488,WORK,-0.053037187520827395,0.011694497691840888,0.7593518085493834,1.075127814377733,False,False
2701,1351,992,8,GAL:5:9,GAL,Galatians,R0,REVIEW_CANDIDATE,0.1673454168269306,0.2616443134323326,0.1651665865211423,WORK,-0.09429889660540197,0.002178830305788304,0.6395912627782376,1.0131917136006767,False,False
2702,1351,992,8,GAL:5:9,GAL,Galatians,R1,REVIEW_CANDIDATE,0.1673454168269306,0.2616443134323326,0.1651665865211423,WORK,-0.09429889660540197,0.002178830305788304,0.6395912627782376,1.0131917136006767,False,False
2703,1352,993,3,2TI:1:16,2TI,2Timothy,R0,REVIEW_CANDIDATE,0.1672317493761796,0.2290126881330892,0.146743089583669,WORK,-0.0617809387569096,0.020488659792510605,0.7302291883452063,1.139622655149485,False,False
2704,1352,993,3,2TI:1:16,2TI,2Timothy,R1,REVIEW_CANDIDATE,0.1672317493761796,0.2290126881330892,0.146743089583669,WORK,-0.0617809387569096,0.020488659792510605,0.7302291883452063,1.139622655149485,False,False
2705,1353,994,12,DAN:4:16,DAN,Daniel,R0,REVIEW_CANDIDATE,0.1671675591694711,0.2230599517621362,0.1564706148641274,WORK,-0.0558923925926651,0.010696944305343709,0.7494288322438672,1.0683639181365299,False,False
2706,1353,994,12,DAN:4:16,DAN,Daniel,R1,REVIEW_CANDIDATE,0.1671675591694711,0.2230599517621362,0.1564706148641274,WORK,-0.0558923925926651,0.010696944305343709,0.7494288322438672,1.0683639181365299,False,False
2707,1354,995,27,1KI:18:41,1KI,1Kings,R0,REVIEW_CANDIDATE,0.1670837940062902,0.2134238491198039,0.1471697863256086,WORK,-0.04634005511351369,0.019914007680681606,0.7828731170174845,1.135313152093749,False,False
2708,1354,995,27,1KI:18:41,1KI,1Kings,R1,REVIEW_CANDIDATE,0.1670837940062902,0.2134238491198039,0.1471697863256086,WORK,-0.04634005511351369,0.019914007680681606,0.7828731170174845,1.135313152093749,False,False
2709,1355,996,38,2CH:25:1,2CH,2Chronicles,R0,REVIEW_CANDIDATE,0.1670621182337792,0.2156992211395015,0.1608023572188025,WORK,-0.04863710290572229,0.006259761014976689,0.7745142395564484,1.0389282913711213,False,False
2710,1355,996,38,2CH:25:1,2CH,2Chronicles,R1,REVIEW_CANDIDATE,0.1670621182337792,0.2156992211395015,0.1608023572188025,WORK,-0.04863710290572229,0.006259761014976689,0.7745142395564484,1.0389282913711213,False,False
2711,1356,997,52,JER:21:3,JER,Jeremiah,R0,REVIEW_CANDIDATE,0.1670397614132035,0.203825573325914,0.1595710794486916,WORK,-0.03678581191271049,0.00746868196451192,0.8195230789127205,1.0468047342307627,False,False
2712,1356,997,52,JER:21:3,JER,Jeremiah,R1,REVIEW_CANDIDATE,0.1670397614132035,0.203825573325914,0.1595710794486916,WORK,-0.03678581191271049,0.00746868196451192,0.8195230789127205,1.0468047342307627,False,False
2713,1357,998,45,PRO:22:13,PRO,Proverbs,R0,REVIEW_CANDIDATE,0.1670342910534213,0.2365615998472131,0.1658406971808283,WORK,-0.06952730879379179,0.0011935938725929907,0.7060921601870419,1.0071972313966548,False,False
2714,1357,998,45,PRO:22:13,PRO,Proverbs,R1,REVIEW_CANDIDATE,0.1670342910534213,0.2365615998472131,0.1658406971808283,WORK,-0.06952730879379179,0.0011935938725929907,0.7060921601870419,1.0071972313966548,False,False
2715,1358,999,51,ISA:62:5,ISA,Isaiah,R0,REVIEW_CANDIDATE,0.1670199098308418,0.2203930443072171,0.1556613590945488,WORK,-0.05337313447637529,0.011358550736292994,0.7578275002092364,1.072969623305125,False,False
2716,1358,999,51,ISA:62:5,ISA,Isaiah,R1,REVIEW_CANDIDATE,0.1670199098308418,0.2203930443072171,0.1556613590945488,WORK,-0.05337313447637529,0.011358550736292994,0.7578275002092364,1.072969623305125,False,False
2717,1359,1000,52,ISA:52:9,ISA,Isaiah,R0,REVIEW_CANDIDATE,0.1669284472367814,0.2203930443072171,0.1556613590945488,WORK,-0.05346459707043569,0.011267088142232595,0.7574125025656043,1.0723820491339084,False,False
2718,1359,1000,52,ISA:52:9,ISA,Isaiah,R1,REVIEW_CANDIDATE,0.1669284472367814,0.2203930443072171,0.1556613590945488,WORK,-0.05346459707043569,0.011267088142232595,0.7574125025656043,1.0723820491339084,False,False
2719,1360,1001,53,JER:32:26,JER,Jeremiah,R0,REVIEW_CANDIDATE,0.1668924971072023,0.203825573325914,0.1595710794486916,WORK,-0.0369330762187117,0.007321417658510715,0.8188005772972548,1.0458818583154652,False,False
2720,1361,1002,54,JER:35:12,JER,Jeremiah,R0,REVIEW_CANDIDATE,0.1668924971072023,0.203825573325914,0.1595710794486916,WORK,-0.0369330762187117,0.007321417658510715,0.8188005772972548,1.0458818583154652,False,False
2721,1360,1001,53,JER:32:26,JER,Jeremiah,R1,REVIEW_CANDIDATE,0.1668924971072023,0.203825573325914,0.1595710794486916,WORK,-0.0369330762187117,0.007321417658510715,0.8188005772972548,1.0458818583154652,False,False
2722,1361,1002,54,JER:35:12,JER,Jeremiah,R1,REVIEW_CANDIDATE,0.1668924971072023,0.203825573325914,0.1595710794486916,WORK,-0.0369330762187117,0.007321417658510715,0.8188005772972548,1.0458818583154652,False,False
2723,1362,1003,55,JER:35:16,JER,Jeremiah,R0,REVIEW_CANDIDATE,0.1668225900547727,0.203825573325914,0.1595710794486916,WORK,-0.03700298327114129,0.0072515106060811185,0.818457602412951,1.045443764817125,False,False
2724,1362,1003,55,JER:35:16,JER,Jeremiah,R1,REVIEW_CANDIDATE,0.1668225900547727,0.203825573325914,0.1595710794486916,WORK,-0.03700298327114129,0.0072515106060811185,0.818457602412951,1.045443764817125,False,False
2725,1363,1004,2,HAB:1:6,HAB,Habakkuk,R0,REVIEW_CANDIDATE,0.1668216944316723,0.1781731462477294,0.1570031566278392,WORK,-0.011351451816057095,0.0098185378038331,0.9362897717466683,1.0625371999819533,False,False
2726,1363,1004,2,HAB:1:6,HAB,Habakkuk,R1,REVIEW_CANDIDATE,0.1668216944316723,0.1781731462477294,0.1570031566278392,WORK,-0.011351451816057095,0.0098185378038331,0.9362897717466683,1.0625371999819533,False,False
2727,1364,1005,39,DEU:13:6,DEU,Deuteronomy,R0,REVIEW_CANDIDATE,0.1667336568214782,0.2277736606676687,0.158268997269363,WORK,-0.06104000384619049,0.0084646595521152,0.7320146514427301,1.0534827395014636,False,False
2728,1364,1005,39,DEU:13:6,DEU,Deuteronomy,R1,REVIEW_CANDIDATE,0.1667336568214782,0.2277736606676687,0.158268997269363,WORK,-0.06104000384619049,0.0084646595521152,0.7320146514427301,1.0534827395014636,False,False
2729,1365,1006,53,ISA:38:21,ISA,Isaiah,R0,REVIEW_CANDIDATE,0.1667165906921314,0.2203930443072171,0.1556613590945488,WORK,-0.05367645361508569,0.011055231597582593,0.7564512356376214,1.0710210399156777,False,False
2730,1365,1006,53,ISA:38:21,ISA,Isaiah,R1,REVIEW_CANDIDATE,0.1667165906921314,0.2203930443072171,0.1556613590945488,WORK,-0.05367645361508569,0.011055231597582593,0.7564512356376214,1.0710210399156777,False,False
2731,1366,1007,56,JER:46:27,JER,Jeremiah,R0,REVIEW_CANDIDATE,0.1666411181742947,0.203825573325914,0.1595710794486916,WORK,-0.037184455151619306,0.007070038725603106,0.8175672731107105,1.044306516882819,False,False
2732,1366,1007,56,JER:46:27,JER,Jeremiah,R1,REVIEW_CANDIDATE,0.1666411181742947,0.203825573325914,0.1595710794486916,WORK,-0.037184455151619306,0.007070038725603106,0.8175672731107105,1.044306516882819,False,False
2733,1367,1008,46,PRO:23:21,PRO,Proverbs,R0,REVIEW_CANDIDATE,0.1664021467619393,0.2365615998472131,0.1658406971808283,WORK,-0.0701594530852738,0.0005614495811109843,0.7034199416533058,1.0033854752823355,False,False
2734,1367,1008,46,PRO:23:21,PRO,Proverbs,R1,REVIEW_CANDIDATE,0.1664021467619393,0.2365615998472131,0.1658406971808283,WORK,-0.0701594530852738,0.0005614495811109843,0.7034199416533058,1.0033854752823355,False,False
2735,1368,1009,19,1CO:15:33,1CO,1Corinthians,R0,REVIEW_CANDIDATE,0.1664016739792648,0.2749938527419566,0.1602659200966021,WORK,-0.10859217876269178,0.0061357538826627145,0.6051105227265192,1.0382848323521576,False,False
2736,1368,1009,19,1CO:15:33,1CO,1Corinthians,R1,REVIEW_CANDIDATE,0.1664016739792648,0.2749938527419566,0.1602659200966021,WORK,-0.10859217876269178,0.0061357538826627145,0.6051105227265192,1.0382848323521576,False,False
2737,1369,1010,39,EZE:13:5,EZE,Ezekiel,R0,REVIEW_CANDIDATE,0.1663788512273096,0.1977293149575067,0.1466200453576744,WORK,-0.03135046373019709,0.019758805869635215,0.8414475681720006,1.134761968061286,False,False
2738,1369,1010,39,EZE:13:5,EZE,Ezekiel,R1,REVIEW_CANDIDATE,0.1663788512273096,0.1977293149575067,0.1466200453576744,WORK,-0.03135046373019709,0.019758805869635215,0.8414475681720006,1.134761968061286,False,False
2739,1370,1011,40,EZE:17:14,EZE,Ezekiel,R0,REVIEW_CANDIDATE,0.1663451361773975,0.1977293149575067,0.1466200453576744,WORK,-0.03138417878010921,0.019725090819723096,0.8412770570370212,1.1345320196266782,False,False
2740,1370,1011,40,EZE:17:14,EZE,Ezekiel,R1,REVIEW_CANDIDATE,0.1663451361773975,0.1977293149575067,0.1466200453576744,WORK,-0.03138417878010921,0.019725090819723096,0.8412770570370212,1.1345320196266782,False,False
2741,1371,1012,47,ACT:17:9,ACT,Acts,R0,REVIEW_CANDIDATE,0.1663353002880018,0.2407747958049971,0.1622007514290091,WORK,-0.0744394955169953,0.004134548858992698,0.6908335223871037,1.0254903187720574,False,False
2742,1371,1012,47,ACT:17:9,ACT,Acts,R1,REVIEW_CANDIDATE,0.1663353002880018,0.2407747958049971,0.1622007514290091,WORK,-0.0744394955169953,0.004134548858992698,0.6908335223871037,1.0254903187720574,False,False
2743,1372,1013,39,2CH:36:12,2CH,2Chronicles,R0,REVIEW_CANDIDATE,0.1663268571676482,0.2156992211395015,0.1608023572188025,WORK,-0.049372363971853295,0.005524499948845685,0.7711055064963718,1.0343558393321843,False,False
2744,1372,1013,39,2CH:36:12,2CH,2Chronicles,R1,REVIEW_CANDIDATE,0.1663268571676482,0.2156992211395015,0.1608023572188025,WORK,-0.049372363971853295,0.005524499948845685,0.7711055064963718,1.0343558393321843,False,False
2745,1373,1014,30,2KI:23:21,2KI,2Kings,R0,REVIEW_CANDIDATE,0.1662295110449209,0.2042283105495926,0.1574881551780614,WORK,-0.03799879950467169,0.008741355866859507,0.8139396080669997,1.0555048464246486,False,False
2746,1373,1014,30,2KI:23:21,2KI,2Kings,R1,REVIEW_CANDIDATE,0.1662295110449209,0.2042283105495926,0.1574881551780614,WORK,-0.03799879950467169,0.008741355866859507,0.8139396080669997,1.0555048464246486,False,False
2747,1374,1015,16,ROM:4:6,ROM,Romans,R0,REVIEW_CANDIDATE,0.166169204215785,0.2309266196192162,0.1560124813251275,WORK,-0.06475741540343122,0.010156722890657499,0.7195757877103462,1.065101989304888,False,False
2748,1374,1015,16,ROM:4:6,ROM,Romans,R1,REVIEW_CANDIDATE,0.166169204215785,0.2309266196192162,0.1560124813251275,WORK,-0.06475741540343122,0.010156722890657499,0.7195757877103462,1.065101989304888,False,False
2749,1375,1016,57,JER:3:3,JER,Jeremiah,R0,REVIEW_CANDIDATE,0.1660840813539752,0.203825573325914,0.1595710794486916,WORK,-0.037741491971938795,0.006513001905283616,0.8148343637351594,1.0408156786792797,False,False
2750,1375,1016,57,JER:3:3,JER,Jeremiah,R1,REVIEW_CANDIDATE,0.1660840813539752,0.203825573325914,0.1595710794486916,WORK,-0.037741491971938795,0.006513001905283616,0.8148343637351594,1.0408156786792797,False,False
2751,1376,1017,43,NUM:31:33,NUM,Numbers,R0,REVIEW_CANDIDATE,0.1660673496635744,0.2060272335177108,0.1521304504522337,WORK,-0.0399598838541364,0.013936899211340698,0.8060456223584572,1.0916115029562516,False,False
2752,1376,1017,43,NUM:31:33,NUM,Numbers,R1,REVIEW_CANDIDATE,0.1660673496635744,0.2060272335177108,0.1521304504522337,WORK,-0.0399598838541364,0.013936899211340698,0.8060456223584572,1.0916115029562516,False,False
2753,1377,1018,6,SNG:1:15,SNG,SongofSolomon,R0,REVIEW_CANDIDATE,0.1659778087595982,0.2217445237246225,0.1631926633448978,WORK,-0.055766714965024305,0.0027851454147004018,0.7485091670887024,1.0170666092311649,False,False
2754,1377,1018,6,SNG:1:15,SNG,SongofSolomon,R1,REVIEW_CANDIDATE,0.1659778087595982,0.2217445237246225,0.1631926633448978,WORK,-0.055766714965024305,0.0027851454147004018,0.7485091670887024,1.0170666092311649,False,False
2755,1378,1019,31,2KI:24:14,2KI,2Kings,R0,REVIEW_CANDIDATE,0.1658715760336473,0.2042283105495926,0.1574881551780614,WORK,-0.03835673451594529,0.00838342085558591,0.8121869861591439,1.0532320722539885,False,False
2756,1378,1019,31,2KI:24:14,2KI,2Kings,R1,REVIEW_CANDIDATE,0.1658715760336473,0.2042283105495926,0.1574881551780614,WORK,-0.03835673451594529,0.00838342085558591,0.8121869861591439,1.0532320722539885,False,False
2757,1379,1020,44,NUM:33:49,NUM,Numbers,R0,REVIEW_CANDIDATE,0.1657530862307042,0.2060272335177108,0.1521304504522337,WORK,-0.040274147287006595,0.013622635778470504,0.8045202733669454,1.0895457532530464,False,False
2758,1379,1020,44,NUM:33:49,NUM,Numbers,R1,REVIEW_CANDIDATE,0.1657530862307042,0.2060272335177108,0.1521304504522337,WORK,-0.040274147287006595,0.013622635778470504,0.8045202733669454,1.0895457532530464,False,False
2759,1380,1021,31,LEV:27:6,LEV,Leviticus,R0,REVIEW_CANDIDATE,0.1656533391065917,0.2536937138059426,0.1520578598094974,WORK,-0.08804037469935089,0.013595479297094287,0.6529658800820921,1.0894099082686493,False,False
2760,1380,1021,31,LEV:27:6,LEV,Leviticus,R1,REVIEW_CANDIDATE,0.1656533391065917,0.2536937138059426,0.1520578598094974,WORK,-0.08804037469935089,0.013595479297094287,0.6529658800820921,1.0894099082686493,False,False
2761,1381,1022,13,DAN:9:13,DAN,Daniel,R0,REVIEW_CANDIDATE,0.1655520724449271,0.2230599517621362,0.1564706148641274,WORK,-0.057507879317209104,0.009081457580799701,0.7421864442141832,1.0580393806765933,False,False
2762,1381,1022,13,DAN:9:13,DAN,Daniel,R1,REVIEW_CANDIDATE,0.1655520724449271,0.2230599517621362,0.1564706148641274,WORK,-0.057507879317209104,0.009081457580799701,0.7421864442141832,1.0580393806765933,False,False
2763,1382,1023,32,LEV:8:8,LEV,Leviticus,R0,REVIEW_CANDIDATE,0.1654794169286141,0.2536937138059426,0.1520578598094974,WORK,-0.08821429687732849,0.01342155711911669,0.65228032041501,1.0882661188045895,False,False
2764,1382,1023,32,LEV:8:8,LEV,Leviticus,R1,REVIEW_CANDIDATE,0.1654794169286141,0.2536937138059426,0.1520578598094974,WORK,-0.08821429687732849,0.01342155711911669,0.65228032041501,1.0882661188045895,False,False
2765,1383,1024,14,DAN:9:24,DAN,Daniel,R0,REVIEW_CANDIDATE,0.165400429046717,0.2230599517621362,0.1564706148641274,WORK,-0.05765952271541919,0.008929814182589618,0.7415066117430824,1.0570702313040943,False,False
2766,1383,1024,14,DAN:9:24,DAN,Daniel,R1,REVIEW_CANDIDATE,0.165400429046717,0.2230599517621362,0.1564706148641274,WORK,-0.05765952271541919,0.008929814182589618,0.7415066117430824,1.0570702313040943,False,False
2767,1384,1025,41,EZE:22:22,EZE,Ezekiel,R0,REVIEW_CANDIDATE,0.1653906462418989,0.1977293149575067,0.1466200453576744,WORK,-0.03233866871560781,0.018770600884224498,0.8364498014745179,1.1280220643666716,False,False
2768,1384,1025,41,EZE:22:22,EZE,Ezekiel,R1,REVIEW_CANDIDATE,0.1653906462418989,0.1977293149575067,0.1466200453576744,WORK,-0.03233866871560781,0.018770600884224498,0.8364498014745179,1.1280220643666716,False,False
2769,1385,1026,40,DEU:1:3,DEU,Deuteronomy,R0,REVIEW_CANDIDATE,0.1653832425511349,0.2277736606676687,0.158268997269363,WORK,-0.062390418116533786,0.007114245281771903,0.7260858962636421,1.0449503402720366,False,False
2770,1385,1026,40,DEU:1:3,DEU,Deuteronomy,R1,REVIEW_CANDIDATE,0.1653832425511349,0.2277736606676687,0.158268997269363,WORK,-0.062390418116533786,0.007114245281771903,0.7260858962636421,1.0449503402720366,False,False
2771,1386,1027,42,EZE:11:7,EZE,Ezekiel,R0,REVIEW_CANDIDATE,0.165377016108368,0.1977293149575067,0.1466200453576744,WORK,-0.032352298849138705,0.018756970750693602,0.8363808681778349,1.127929102087894,False,False
2772,1386,1027,42,EZE:11:7,EZE,Ezekiel,R1,REVIEW_CANDIDATE,0.165377016108368,0.1977293149575067,0.1466200453576744,WORK,-0.032352298849138705,0.018756970750693602,0.8363808681778349,1.127929102087894,False,False
2773,1387,1028,54,ISA:5:20,ISA,Isaiah,R0,REVIEW_CANDIDATE,0.1653554640646556,0.2203930443072171,0.1556613590945488,WORK,-0.0550375802425615,0.009694104970106782,0.7502753300787396,1.0622768876392668,False,False
2774,1387,1028,54,ISA:5:20,ISA,Isaiah,R1,REVIEW_CANDIDATE,0.1653554640646556,0.2203930443072171,0.1556613590945488,WORK,-0.0550375802425615,0.009694104970106782,0.7502753300787396,1.0622768876392668,False,False
2775,1388,1029,40,2CH:31:7,2CH,2Chronicles,R0,REVIEW_CANDIDATE,0.1653406155296759,0.2156992211395015,0.1608023572188025,WORK,-0.05035860560982558,0.0045382583108734,0.7665332060830363,1.028222585721789,False,False
2776,1388,1029,40,2CH:31:7,2CH,2Chronicles,R1,REVIEW_CANDIDATE,0.1653406155296759,0.2156992211395015,0.1608023572188025,WORK,-0.05035860560982558,0.0045382583108734,0.7665332060830363,1.028222585721789,False,False
2777,1389,1030,58,JER:10:14,JER,Jeremiah,R0,REVIEW_CANDIDATE,0.165333616148067,0.203825573325914,0.1595710794486916,WORK,-0.03849195717784701,0.0057625366993754035,0.8111524645815716,1.0361126635182554,False,False
2778,1389,1030,58,JER:10:14,JER,Jeremiah,R1,REVIEW_CANDIDATE,0.165333616148067,0.203825573325914,0.1595710794486916,WORK,-0.03849195717784701,0.0057625366993754035,0.8111524645815716,1.0361126635182554,False,False
2779,1390,1031,41,DEU:34:9,DEU,Deuteronomy,R0,REVIEW_CANDIDATE,0.1652581129272765,0.2277736606676687,0.158268997269363,WORK,-0.0625155477403922,0.006989115657913492,0.7255365367657457,1.044159726658396,False,False
2780,1390,1031,41,DEU:34:9,DEU,Deuteronomy,R1,REVIEW_CANDIDATE,0.1652581129272765,0.2277736606676687,0.158268997269363,WORK,-0.0625155477403922,0.006989115657913492,0.7255365367657457,1.044159726658396,False,False
2781,1391,1032,59,JER:30:10,JER,Jeremiah,R0,REVIEW_CANDIDATE,0.1652354333270612,0.203825573325914,0.1595710794486916,WORK,-0.0385901399988528,0.00566435387836961,0.810670764373871,1.035497371440612,False,False
2782,1391,1032,59,JER:30:10,JER,Jeremiah,R1,REVIEW_CANDIDATE,0.1652354333270612,0.203825573325914,0.1595710794486916,WORK,-0.0385901399988528,0.00566435387836961,0.810670764373871,1.035497371440612,False,False
2783,1392,1033,20,1CO:5:7,1CO,1Corinthians,R0,REVIEW_CANDIDATE,0.1652283439371855,0.2749938527419566,0.1602659200966021,WORK,-0.1097655088047711,0.004962423840583402,0.6008437726505446,1.0309636873365982,False,False
2784,1392,1033,20,1CO:5:7,1CO,1Corinthians,R1,REVIEW_CANDIDATE,0.1652283439371855,0.2749938527419566,0.1602659200966021,WORK,-0.1097655088047711,0.004962423840583402,0.6008437726505446,1.0309636873365982,False,False
2785,1393,1034,43,EZE:11:24,EZE,Ezekiel,R0,REVIEW_CANDIDATE,0.1651640980548022,0.1977293149575067,0.1466200453576744,WORK,-0.0325652169027045,0.018544052697127805,0.8353040523621752,1.1264769264795291,False,False
2786,1393,1034,43,EZE:11:24,EZE,Ezekiel,R1,REVIEW_CANDIDATE,0.1651640980548022,0.1977293149575067,0.1466200453576744,WORK,-0.0325652169027045,0.018544052697127805,0.8353040523621752,1.1264769264795291,False,False
2787,1394,1035,21,1CO:2:7,1CO,1Corinthians,R0,REVIEW_CANDIDATE,0.1651573061228959,0.2749938527419566,0.1602659200966021,WORK,-0.1098365466190607,0.004891386026293798,0.6005854475513422,1.0305204376784876,False,False
2788,1394,1035,21,1CO:2:7,1CO,1Corinthians,R1,REVIEW_CANDIDATE,0.1651573061228959,0.2749938527419566,0.1602659200966021,WORK,-0.1098365466190607,0.004891386026293798,0.6005854475513422,1.0305204376784876,False,False
2789,1395,1036,8,AMO:7:13,AMO,Amos,R0,REVIEW_CANDIDATE,0.1651527185934299,0.2309942136095671,0.1634155251031349,WORK,-0.0658414950161372,0.001737193490294997,0.7149647431107329,1.0106305290712043,False,False
2790,1395,1036,8,AMO:7:13,AMO,Amos,R1,REVIEW_CANDIDATE,0.1651527185934299,0.2309942136095671,0.1634155251031349,WORK,-0.0658414950161372,0.001737193490294997,0.7149647431107329,1.0106305290712043,False,False
2791,1396,1037,48,ACT:27:27,ACT,Acts,R0,REVIEW_CANDIDATE,0.1651157584328674,0.2407747958049971,0.1622007514290091,WORK,-0.0756590373721297,0.0029150070038583,0.6857684496453451,1.01797159987347,False,False
2792,1396,1037,48,ACT:27:27,ACT,Acts,R1,REVIEW_CANDIDATE,0.1651157584328674,0.2407747958049971,0.1622007514290091,WORK,-0.0756590373721297,0.0029150070038583,0.6857684496453451,1.01797159987347,False,False
2793,1397,1038,55,ISA:22:10,ISA,Isaiah,R0,REVIEW_CANDIDATE,0.1649586176532737,0.2203930443072171,0.1556613590945488,WORK,-0.05543442665394341,0.009297258558724875,0.7484746996975524,1.0597274661663316,False,False
2794,1397,1038,55,ISA:22:10,ISA,Isaiah,R1,REVIEW_CANDIDATE,0.1649586176532737,0.2203930443072171,0.1556613590945488,WORK,-0.05543442665394341,0.009297258558724875,0.7484746996975524,1.0597274661663316,False,False
2795,1398,1039,17,ROM:14:7,ROM,Romans,R0,REVIEW_CANDIDATE,0.1647585506164853,0.2309266196192162,0.1560124813251275,WORK,-0.0661680690027309,0.008746069291357822,0.713467121669048,1.0560600614583595,False,False
2796,1398,1039,17,ROM:14:7,ROM,Romans,R1,REVIEW_CANDIDATE,0.1647585506164853,0.2309266196192162,0.1560124813251275,WORK,-0.0661680690027309,0.008746069291357822,0.713467121669048,1.0560600614583595,False,False
2797,1399,1040,45,NUM:29:15,NUM,Numbers,R0,REVIEW_CANDIDATE,0.1647247850526767,0.2060272335177108,0.1521304504522337,WORK,-0.041302448465034086,0.012594334600443013,0.7995291799058032,1.0827864149682342,False,False
2798,1399,1040,45,NUM:29:15,NUM,Numbers,R1,REVIEW_CANDIDATE,0.1647247850526767,0.2060272335177108,0.1521304504522337,WORK,-0.041302448465034086,0.012594334600443013,0.7995291799058032,1.0827864149682342,False,False
2799,1400,1041,56,ISA:22:17,ISA,Isaiah,R0,REVIEW_CANDIDATE,0.1646899496005023,0.2203930443072171,0.1556613590945488,WORK,-0.055703094706714806,0.009028590505953477,0.7472556591710425,1.0580014883492666,False,False
2800,1400,1041,56,ISA:22:17,ISA,Isaiah,R1,REVIEW_CANDIDATE,0.1646899496005023,0.2203930443072171,0.1556613590945488,WORK,-0.055703094706714806,0.009028590505953477,0.7472556591710425,1.0580014883492666,False,False
2801,1401,1042,44,EZE:15:2,EZE,Ezekiel,R0,REVIEW_CANDIDATE,0.1646722949454219,0.1977293149575067,0.1466200453576744,WORK,-0.0330570200120848,0.01805224958774751,0.8328167979584162,1.1231226572308697,False,False
2802,1401,1042,44,EZE:15:2,EZE,Ezekiel,R1,REVIEW_CANDIDATE,0.1646722949454219,0.1977293149575067,0.1466200453576744,WORK,-0.0330570200120848,0.01805224958774751,0.8328167979584162,1.1231226572308697,False,False
2803,1402,1043,6,REV:16:20,REV,Revelation,R0,REVIEW_CANDIDATE,0.1645365808826976,0.1680160935170368,0.134798252815794,WORK,-0.00347951263433921,0.029738328066903602,0.9792905991235513,1.2206136017767377,False,False
2804,1402,1043,6,REV:16:20,REV,Revelation,R1,REVIEW_CANDIDATE,0.1645365808826976,0.1680160935170368,0.134798252815794,WORK,-0.00347951263433921,0.029738328066903602,0.9792905991235513,1.2206136017767377,False,False
2805,1403,1044,46,NUM:10:32,NUM,Numbers,R0,REVIEW_CANDIDATE,0.1645274684395462,0.2060272335177108,0.1521304504522337,WORK,-0.04149976507816461,0.012397017987312492,0.7985714588814438,1.081489392494798,False,False
2806,1403,1044,46,NUM:10:32,NUM,Numbers,R1,REVIEW_CANDIDATE,0.1645274684395462,0.2060272335177108,0.1521304504522337,WORK,-0.04149976507816461,0.012397017987312492,0.7985714588814438,1.081489392494798,False,False
2807,1404,1045,32,2KI:9:35,2KI,2Kings,R0,REVIEW_CANDIDATE,0.1643709730347656,0.2042283105495926,0.1574881551780614,WORK,-0.03985733751482698,0.006882817856704221,0.8048393123971495,1.0437037175838544,False,False
2808,1404,1045,32,2KI:9:35,2KI,2Kings,R1,REVIEW_CANDIDATE,0.1643709730347656,0.2042283105495926,0.1574881551780614,WORK,-0.03985733751482698,0.006882817856704221,0.8048393123971495,1.0437037175838544,False,False
2809,1405,1046,47,NUM:1:25,NUM,Numbers,R0,REVIEW_CANDIDATE,0.1641910346617585,0.2060272335177108,0.1521304504522337,WORK,-0.0418361988559523,0.0120605842095248,0.7969385010824022,1.0792779103307237,False,False
2810,1405,1046,47,NUM:1:25,NUM,Numbers,R1,REVIEW_CANDIDATE,0.1641910346617585,0.2060272335177108,0.1521304504522337,WORK,-0.0418361988559523,0.0120605842095248,0.7969385010824022,1.0792779103307237,False,False
2811,1406,1047,4,2TI:4:18,2TI,2Timothy,R0,REVIEW_CANDIDATE,0.1640635749634881,0.2290126881330892,0.146743089583669,WORK,-0.06494911316960109,0.017320485379819117,0.7163951320816935,1.1180327157412304,False,False
2812,1406,1047,4,2TI:4:18,2TI,2Timothy,R1,REVIEW_CANDIDATE,0.1640635749634881,0.2290126881330892,0.146743089583669,WORK,-0.06494911316960109,0.017320485379819117,0.7163951320816935,1.1180327157412304,False,False
2813,1407,1048,60,JER:30:7,JER,Jeremiah,R0,REVIEW_CANDIDATE,0.1640367037882641,0.203825573325914,0.1595710794486916,WORK,-0.0397888695376499,0.00446562433957251,0.8047896106048081,1.0279851734725427,False,False
2814,1407,1048,60,JER:30:7,JER,Jeremiah,R1,REVIEW_CANDIDATE,0.1640367037882641,0.203825573325914,0.1595710794486916,WORK,-0.0397888695376499,0.00446562433957251,0.8047896106048081,1.0279851734725427,False,False
2815,1408,1049,4,2PE:1:3,2PE,2Peter,R0,REVIEW_CANDIDATE,0.1640285042271768,0.2335590167723484,0.1640285042271768,WORK,-0.06953051254517159,0.0,0.702300028891869,1.0,False,False
2816,1408,1049,4,2PE:1:3,2PE,2Peter,R1,REVIEW_CANDIDATE,0.1640285042271768,0.2335590167723484,0.1640285042271768,WORK,-0.06953051254517159,0.0,0.702300028891869,1.0,False,False
2817,1409,1050,38,EXO:30:24,EXO,Exodus,R0,REVIEW_CANDIDATE,0.163942942628387,0.2061688329235183,0.1458137712888438,WORK,-0.042225890295131324,0.0181291713395432,0.795187809445496,1.1243309954834853,False,False
2818,1409,1050,38,EXO:30:24,EXO,Exodus,R1,REVIEW_CANDIDATE,0.163942942628387,0.2061688329235183,0.1458137712888438,WORK,-0.042225890295131324,0.0181291713395432,0.795187809445496,1.1243309954834853,False,False
2819,1410,1051,39,EXO:18:22,EXO,Exodus,R0,REVIEW_CANDIDATE,0.1637843762995634,0.2061688329235183,0.1458137712888438,WORK,-0.0423844566239549,0.01797060501071962,0.794418700329559,1.1232435376431043,False,False
2820,1410,1051,39,EXO:18:22,EXO,Exodus,R1,REVIEW_CANDIDATE,0.1637843762995634,0.2061688329235183,0.1458137712888438,WORK,-0.0423844566239549,0.01797060501071962,0.794418700329559,1.1232435376431043,False,False
2821,1411,1052,15,DAN:2:33,DAN,Daniel,R0,REVIEW_CANDIDATE,0.1637728682092731,0.2230599517621362,0.1564706148641274,WORK,-0.05928708355286311,0.007302253345145698,0.734210094261632,1.046668528474095,False,False
2822,1411,1052,15,DAN:2:33,DAN,Daniel,R1,REVIEW_CANDIDATE,0.1637728682092731,0.2230599517621362,0.1564706148641274,WORK,-0.05928708355286311,0.007302253345145698,0.734210094261632,1.046668528474095,False,False
2823,1412,1053,57,ISA:66:6,ISA,Isaiah,R0,REVIEW_CANDIDATE,0.1637620495438462,0.2203930443072171,0.1556613590945488,WORK,-0.056630994763370884,0.008100690449297399,0.7430454534471149,1.052040471035442,False,False
2824,1412,1053,57,ISA:66:6,ISA,Isaiah,R1,REVIEW_CANDIDATE,0.1637620495438462,0.2203930443072171,0.1556613590945488,WORK,-0.056630994763370884,0.008100690449297399,0.7430454534471149,1.052040471035442,False,False
2825,1413,1054,45,EZE:32:23,EZE,Ezekiel,R0,REVIEW_CANDIDATE,0.163693344487753,0.1977293149575067,0.1466200453576744,WORK,-0.03403597046975371,0.0170732991300786,0.8278658352856365,1.1164458726528756,False,False
2826,1413,1054,45,EZE:32:23,EZE,Ezekiel,R1,REVIEW_CANDIDATE,0.163693344487753,0.1977293149575067,0.1466200453576744,WORK,-0.03403597046975371,0.0170732991300786,0.8278658352856365,1.1164458726528756,False,False
2827,1414,1055,19,JDG:5:6,JDG,Judges,R0,REVIEW_CANDIDATE,0.1636599832407695,0.2109212600391261,0.1517173137608478,WORK,-0.047261276798356594,0.011942669479921703,0.775929288543082,1.0787165893191792,False,False
2828,1414,1055,19,JDG:5:6,JDG,Judges,R1,REVIEW_CANDIDATE,0.1636599832407695,0.2109212600391261,0.1517173137608478,WORK,-0.047261276798356594,0.011942669479921703,0.775929288543082,1.0787165893191792,False,False
2829,1415,1056,46,EZE:39:16,EZE,Ezekiel,R0,REVIEW_CANDIDATE,0.163593417444215,0.1977293149575067,0.1466200453576744,WORK,-0.03413589751329171,0.016973372086540595,0.8273604623541646,1.1157643352594433,False,False
2830,1415,1056,46,EZE:39:16,EZE,Ezekiel,R1,REVIEW_CANDIDATE,0.163593417444215,0.1977293149575067,0.1466200453576744,WORK,-0.03413589751329171,0.016973372086540595,0.8273604623541646,1.1157643352594433,False,False
2831,1416,1057,40,EXO:13:7,EXO,Exodus,R0,REVIEW_CANDIDATE,0.1635467018576709,0.2061688329235183,0.1458137712888438,WORK,-0.04262213106584742,0.017732930568827104,0.7932658857235769,1.1216135513956345,False,False
2832,1416,1057,40,EXO:13:7,EXO,Exodus,R1,REVIEW_CANDIDATE,0.1635467018576709,0.2061688329235183,0.1458137712888438,WORK,-0.04262213106584742,0.017732930568827104,0.7932658857235769,1.1216135513956345,False,False
2833,1417,1058,28,1KI:11:36,1KI,1Kings,R0,REVIEW_CANDIDATE,0.1634274841796096,0.2134238491198039,0.1471697863256086,WORK,-0.0499963649401943,0.016257697854000996,0.7657414335539923,1.1104689913596215,False,False
2834,1417,1058,28,1KI:11:36,1KI,1Kings,R1,REVIEW_CANDIDATE,0.1634274841796096,0.2134238491198039,0.1471697863256086,WORK,-0.0499963649401943,0.016257697854000996,0.7657414335539923,1.1104689913596215,False,False
2835,1418,1059,49,ACT:3:5,ACT,Acts,R0,REVIEW_CANDIDATE,0.1632788069925589,0.2407747958049971,0.1622007514290091,WORK,-0.07749598881243822,0.0010780555635497846,0.678139115212034,1.0066464276771345,False,False
2836,1418,1059,49,ACT:3:5,ACT,Acts,R1,REVIEW_CANDIDATE,0.1632788069925589,0.2407747958049971,0.1622007514290091,WORK,-0.07749598881243822,0.0010780555635497846,0.678139115212034,1.0066464276771345,False,False
2837,1419,1060,20,JDG:12:11,JDG,Judges,R0,REVIEW_CANDIDATE,0.1632389255786228,0.2109212600391261,0.1517173137608478,WORK,-0.047682334460503295,0.011521611817775002,0.7739330096375387,1.075941311720932,False,False
2838,1419,1060,20,JDG:12:11,JDG,Judges,R1,REVIEW_CANDIDATE,0.1632389255786228,0.2109212600391261,0.1517173137608478,WORK,-0.047682334460503295,0.011521611817775002,0.7739330096375387,1.075941311720932,False,False
2839,1420,1061,5,1PE:5:11,1PE,1Peter,R0,REVIEW_CANDIDATE,0.1631202470594112,0.1950868502873471,0.1508743635188615,WORK,-0.0319666032279359,0.012245883540549701,0.8361416816107714,1.081166099096874,False,False
2840,1420,1061,5,1PE:5:11,1PE,1Peter,R1,REVIEW_CANDIDATE,0.1631202470594112,0.1950868502873471,0.1508743635188615,WORK,-0.0319666032279359,0.012245883540549701,0.8361416816107714,1.081166099096874,False,False
2841,1421,1062,48,NUM:10:31,NUM,Numbers,R0,REVIEW_CANDIDATE,0.1630651190184407,0.2060272335177108,0.1521304504522337,WORK,-0.04296211449927009,0.010934668566207006,0.7914736136299334,1.0718769222972906,False,False
2842,1421,1062,48,NUM:10:31,NUM,Numbers,R1,REVIEW_CANDIDATE,0.1630651190184407,0.2060272335177108,0.1521304504522337,WORK,-0.04296211449927009,0.010934668566207006,0.7914736136299334,1.0718769222972906,False,False
2843,1422,1063,47,EZE:37:2,EZE,Ezekiel,R0,REVIEW_CANDIDATE,0.1628909939089864,0.1977293149575067,0.1466200453576744,WORK,-0.034838321048520304,0.016270948551312003,0.8238080122008854,1.110973561027209,False,False
2844,1422,1063,47,EZE:37:2,EZE,Ezekiel,R1,REVIEW_CANDIDATE,0.1628909939089864,0.1977293149575067,0.1466200453576744,WORK,-0.034838321048520304,0.016270948551312003,0.8238080122008854,1.110973561027209,False,False
2845,1423,1064,33,2KI:4:6,2KI,2Kings,R0,REVIEW_CANDIDATE,0.162865765556159,0.2042283105495926,0.1574881551780614,WORK,-0.041362544993433586,0.005377610378097614,0.7974690928886201,1.0341461259230418,False,False
2846,1423,1064,33,2KI:4:6,2KI,2Kings,R1,REVIEW_CANDIDATE,0.162865765556159,0.2042283105495926,0.1574881551780614,WORK,-0.041362544993433586,0.005377610378097614,0.7974690928886201,1.0341461259230418,False,False
2847,1424,1065,61,JER:29:30,JER,Jeremiah,R0,REVIEW_CANDIDATE,0.162770462539927,0.203825573325914,0.1595710794486916,WORK,-0.041055110785987003,0.003199383091235408,0.7985772338766318,1.0200498931403428,False,False
2848,1424,1065,61,JER:29:30,JER,Jeremiah,R1,REVIEW_CANDIDATE,0.162770462539927,0.203825573325914,0.1595710794486916,WORK,-0.041055110785987003,0.003199383091235408,0.7985772338766318,1.0200498931403428,False,False
2849,1425,1066,42,DEU:20:6,DEU,Deuteronomy,R0,REVIEW_CANDIDATE,0.1627539388533656,0.2277736606676687,0.158268997269363,WORK,-0.0650197218143031,0.004484941584002589,0.7145424030868538,1.0283374612930005,False,False
2850,1425,1066,42,DEU:20:6,DEU,Deuteronomy,R1,REVIEW_CANDIDATE,0.1627539388533656,0.2277736606676687,0.158268997269363,WORK,-0.0650197218143031,0.004484941584002589,0.7145424030868538,1.0283374612930005,False,False
2851,1426,1067,21,JDG:10:15,JDG,Judges,R0,REVIEW_CANDIDATE,0.1626715996299574,0.2109212600391261,0.1517173137608478,WORK,-0.0482496604091687,0.010954285869109598,0.7712432573168853,1.0722019497812678,False,False
2852,1426,1067,21,JDG:10:15,JDG,Judges,R1,REVIEW_CANDIDATE,0.1626715996299574,0.2109212600391261,0.1517173137608478,WORK,-0.0482496604091687,0.010954285869109598,0.7712432573168853,1.0722019497812678,False,False
2853,1427,1068,62,JER:37:10,JER,Jeremiah,R0,REVIEW_CANDIDATE,0.162585931849356,0.203825573325914,0.1595710794486916,WORK,-0.04123964147655801,0.003014852400664403,0.7976718975757942,1.0188934762557258,False,False
2854,1427,1068,62,JER:37:10,JER,Jeremiah,R1,REVIEW_CANDIDATE,0.162585931849356,0.203825573325914,0.1595710794486916,WORK,-0.04123964147655801,0.003014852400664403,0.7976718975757942,1.0188934762557258,False,False
2855,1428,1069,63,JER:24:3,JER,Jeremiah,R0,REVIEW_CANDIDATE,0.1625398019543147,0.203825573325914,0.1595710794486916,WORK,-0.041285771371599306,0.002968722505623106,0.79744557712793,1.0186043894412438,False,False
2856,1428,1069,63,JER:24:3,JER,Jeremiah,R1,REVIEW_CANDIDATE,0.1625398019543147,0.203825573325914,0.1595710794486916,WORK,-0.041285771371599306,0.002968722505623106,0.79744557712793,1.0186043894412438,False,False
2857,1429,1070,7,REV:7:5,REV,Revelation,R0,REVIEW_CANDIDATE,0.1624997828497922,0.1680160935170368,0.134798252815794,WORK,-0.005516310667244617,0.027701530033998195,0.9671679625935043,1.2055036282395528,False,False
2858,1429,1070,7,REV:7:5,REV,Revelation,R1,REVIEW_CANDIDATE,0.1624997828497922,0.1680160935170368,0.134798252815794,WORK,-0.005516310667244617,0.027701530033998195,0.9671679625935043,1.2055036282395528,False,False
2859,1430,1071,43,DEU:22:15,DEU,Deuteronomy,R0,REVIEW_CANDIDATE,0.1624482059685552,0.2277736606676687,0.158268997269363,WORK,-0.0653254546991135,0.004179208699192194,0.7132001368919206,1.02640573183186,False,False
2860,1430,1071,43,DEU:22:15,DEU,Deuteronomy,R1,REVIEW_CANDIDATE,0.1624482059685552,0.2277736606676687,0.158268997269363,WORK,-0.0653254546991135,0.004179208699192194,0.7132001368919206,1.02640573183186,False,False
2861,1431,1072,64,JER:37:12,JER,Jeremiah,R0,REVIEW_CANDIDATE,0.1624175919173859,0.203825573325914,0.1595710794486916,WORK,-0.04140798140852811,0.002846512468694301,0.7968459956576824,1.0178385236129808,False,False
2862,1431,1072,64,JER:37:12,JER,Jeremiah,R1,REVIEW_CANDIDATE,0.1624175919173859,0.203825573325914,0.1595710794486916,WORK,-0.04140798140852811,0.002846512468694301,0.7968459956576824,1.0178385236129808,False,False
2863,1432,1073,58,ISA:51:17,ISA,Isaiah,R0,REVIEW_CANDIDATE,0.1623816035937011,0.2203930443072171,0.1556613590945488,WORK,-0.058011440713515994,0.006720244499152289,0.7367818893927937,1.0431722075294898,False,False
2864,1432,1073,58,ISA:51:17,ISA,Isaiah,R1,REVIEW_CANDIDATE,0.1623816035937011,0.2203930443072171,0.1556613590945488,WORK,-0.058011440713515994,0.006720244499152289,0.7367818893927937,1.0431722075294898,False,False
2865,1433,1074,49,NUM:4:39,NUM,Numbers,R0,REVIEW_CANDIDATE,0.1623632336778722,0.2060272335177108,0.1521304504522337,WORK,-0.043663999839838596,0.010232783225638503,0.788066853617752,1.0672632151894628,False,False
2866,1434,1075,50,NUM:4:43,NUM,Numbers,R0,REVIEW_CANDIDATE,0.1623632336778722,0.2060272335177108,0.1521304504522337,WORK,-0.043663999839838596,0.010232783225638503,0.788066853617752,1.0672632151894628,False,False
2867,1433,1074,49,NUM:4:39,NUM,Numbers,R1,REVIEW_CANDIDATE,0.1623632336778722,0.2060272335177108,0.1521304504522337,WORK,-0.043663999839838596,0.010232783225638503,0.788066853617752,1.0672632151894628,False,False
2868,1434,1075,50,NUM:4:43,NUM,Numbers,R1,REVIEW_CANDIDATE,0.1623632336778722,0.2060272335177108,0.1521304504522337,WORK,-0.043663999839838596,0.010232783225638503,0.788066853617752,1.0672632151894628,False,False
2869,1435,1076,50,ACT:10:24,ACT,Acts,R0,REVIEW_CANDIDATE,0.1623127497550179,0.2407747958049971,0.1622007514290091,WORK,-0.07846204604997922,0.00011199832600877757,0.6741268296473796,1.0006904920293036,False,False
2870,1435,1076,50,ACT:10:24,ACT,Acts,R1,REVIEW_CANDIDATE,0.1623127497550179,0.2407747958049971,0.1622007514290091,WORK,-0.07846204604997922,0.00011199832600877757,0.6741268296473796,1.0006904920293036,False,False
2871,1436,1077,51,ACT:23:13,ACT,Acts,R0,REVIEW_CANDIDATE,0.1622162532400605,0.2407747958049971,0.1622007514290091,WORK,-0.0785585425649366,1.550181105139381e-05,0.6737260546632922,1.000095571758545,False,False
2872,1436,1077,51,ACT:23:13,ACT,Acts,R1,REVIEW_CANDIDATE,0.1622162532400605,0.2407747958049971,0.1622007514290091,WORK,-0.0785585425649366,1.550181105139381e-05,0.6737260546632922,1.000095571758545,False,False
2873,1437,1078,41,EXO:2:1,EXO,Exodus,R0,REVIEW_CANDIDATE,0.1620815131396713,0.2061688329235183,0.1458137712888438,WORK,-0.044087319783847,0.016267741850827522,0.7861591436558119,1.1115651951598085,False,False
2874,1437,1078,41,EXO:2:1,EXO,Exodus,R1,REVIEW_CANDIDATE,0.1620815131396713,0.2061688329235183,0.1458137712888438,WORK,-0.044087319783847,0.016267741850827522,0.7861591436558119,1.1115651951598085,False,False
2875,1438,1079,18,ROM:15:7,ROM,Romans,R0,REVIEW_CANDIDATE,0.1620494732951678,0.2309266196192162,0.1560124813251275,WORK,-0.0688771463240484,0.006036991970040317,0.7017357875951132,1.0386955705002814,False,False
2876,1438,1079,18,ROM:15:7,ROM,Romans,R1,REVIEW_CANDIDATE,0.1620494732951678,0.2309266196192162,0.1560124813251275,WORK,-0.0688771463240484,0.006036991970040317,0.7017357875951132,1.0386955705002814,False,False
2877,1439,1080,2,JOE:2:27,JOE,Joel,R0,REVIEW_CANDIDATE,0.1619966196559211,0.1953566744675042,0.1475193186155204,WORK,-0.033360054811583106,0.014477301040400709,0.8292351418116904,1.0981383399562257,False,False
2878,1439,1080,2,JOE:2:27,JOE,Joel,R1,REVIEW_CANDIDATE,0.1619966196559211,0.1953566744675042,0.1475193186155204,WORK,-0.033360054811583106,0.014477301040400709,0.8292351418116904,1.0981383399562257,False,False
2879,1440,1081,48,EZE:14:22,EZE,Ezekiel,R0,REVIEW_CANDIDATE,0.1618757457551765,0.1977293149575067,0.1466200453576744,WORK,-0.03585356920233021,0.015255700397502098,0.818673476868944,1.104049213463864,False,False
2880,1440,1081,48,EZE:14:22,EZE,Ezekiel,R1,REVIEW_CANDIDATE,0.1618757457551765,0.1977293149575067,0.1466200453576744,WORK,-0.03585356920233021,0.015255700397502098,0.818673476868944,1.104049213463864,False,False
2881,1441,1082,42,EXO:27:17,EXO,Exodus,R0,REVIEW_CANDIDATE,0.1614449130331111,0.2061688329235183,0.1458137712888438,WORK,-0.04472391989040722,0.015631141744267302,0.7830713825353113,1.1071993516531675,False,False
2882,1441,1082,42,EXO:27:17,EXO,Exodus,R1,REVIEW_CANDIDATE,0.1614449130331111,0.2061688329235183,0.1458137712888438,WORK,-0.04472391989040722,0.015631141744267302,0.7830713825353113,1.1071993516531675,False,False
2883,1442,1083,51,NUM:26:44,NUM,Numbers,R0,REVIEW_CANDIDATE,0.1613375778581813,0.2060272335177108,0.1521304504522337,WORK,-0.04468965565952948,0.009207127405947618,0.7830886000044853,1.0605212656544292,False,False
2884,1442,1083,51,NUM:26:44,NUM,Numbers,R1,REVIEW_CANDIDATE,0.1613375778581813,0.2060272335177108,0.1521304504522337,WORK,-0.04468965565952948,0.009207127405947618,0.7830886000044853,1.0605212656544292,False,False
2885,1443,1084,41,2CH:35:9,2CH,2Chronicles,R0,REVIEW_CANDIDATE,0.1613247270254446,0.2156992211395015,0.1608023572188025,WORK,-0.0543744941140569,0.0005223698066420812,0.7479152042051617,1.0032485208281574,False,False
2886,1443,1084,41,2CH:35:9,2CH,2Chronicles,R1,REVIEW_CANDIDATE,0.1613247270254446,0.2156992211395015,0.1608023572188025,WORK,-0.0543744941140569,0.0005223698066420812,0.7479152042051617,1.0032485208281574,False,False
2887,1444,1085,44,DEU:22:26,DEU,Deuteronomy,R0,REVIEW_CANDIDATE,0.1613215042080462,0.2277736606676687,0.158268997269363,WORK,-0.06645215645962249,0.003052506938683197,0.7082535519478744,1.019286828067079,False,False
2888,1444,1085,44,DEU:22:26,DEU,Deuteronomy,R1,REVIEW_CANDIDATE,0.1613215042080462,0.2277736606676687,0.158268997269363,WORK,-0.06645215645962249,0.003052506938683197,0.7082535519478744,1.019286828067079,False,False
2889,1445,1086,65,JER:8:5,JER,Jeremiah,R0,REVIEW_CANDIDATE,0.1612208177013294,0.203825573325914,0.1595710794486916,WORK,-0.0426047556245846,0.0016497382526378113,0.7909744350064443,1.0103385792609636,False,False
2890,1445,1086,65,JER:8:5,JER,Jeremiah,R1,REVIEW_CANDIDATE,0.1612208177013294,0.203825573325914,0.1595710794486916,WORK,-0.0426047556245846,0.0016497382526378113,0.7909744350064443,1.0103385792609636,False,False
2891,1446,1087,29,1KI:11:13,1KI,1Kings,R0,REVIEW_CANDIDATE,0.1612101830134197,0.2134238491198039,0.1471697863256086,WORK,-0.0522136661063842,0.014040396687811096,0.7553522423959543,1.0954027116459024,False,False
2892,1446,1087,29,1KI:11:13,1KI,1Kings,R1,REVIEW_CANDIDATE,0.1612101830134197,0.2134238491198039,0.1471697863256086,WORK,-0.0522136661063842,0.014040396687811096,0.7553522423959543,1.0954027116459024,False,False
2893,1447,1088,52,NUM:21:7,NUM,Numbers,R0,REVIEW_CANDIDATE,0.1611463356599035,0.2060272335177108,0.1521304504522337,WORK,-0.0448808978578073,0.0090158852076698,0.782160362533096,1.0592641721684815,False,False
2894,1447,1088,52,NUM:21:7,NUM,Numbers,R1,REVIEW_CANDIDATE,0.1611463356599035,0.2060272335177108,0.1521304504522337,WORK,-0.0448808978578073,0.0090158852076698,0.782160362533096,1.0592641721684815,False,False
2895,1448,1089,66,JER:49:39,JER,Jeremiah,R0,REVIEW_CANDIDATE,0.1609013882168086,0.203825573325914,0.1595710794486916,WORK,-0.042924185109105395,0.0013303087681170167,0.7894072642176736,1.00833677864882,False,False
2896,1448,1089,66,JER:49:39,JER,Jeremiah,R1,REVIEW_CANDIDATE,0.1609013882168086,0.203825573325914,0.1595710794486916,WORK,-0.042924185109105395,0.0013303087681170167,0.7894072642176736,1.00833677864882,False,False
2897,1449,1090,42,2CH:13:20,2CH,2Chronicles,R0,REVIEW_CANDIDATE,0.1608773137641002,0.2156992211395015,0.1608023572188025,WORK,-0.054821907375401296,7.495654529768303e-05,0.7458409581370452,1.0004661408364537,False,False
2898,1449,1090,42,2CH:13:20,2CH,2Chronicles,R1,REVIEW_CANDIDATE,0.1608773137641002,0.2156992211395015,0.1608023572188025,WORK,-0.054821907375401296,7.495654529768303e-05,0.7458409581370452,1.0004661408364537,False,False
2899,1450,1091,16,DAN:9:14,DAN,Daniel,R0,REVIEW_CANDIDATE,0.1608368649506174,0.2230599517621362,0.1564706148641274,WORK,-0.06222308681151881,0.004366250086489998,0.7210476989707616,1.0279046010669892,False,False
2900,1450,1091,16,DAN:9:14,DAN,Daniel,R1,REVIEW_CANDIDATE,0.1608368649506174,0.2230599517621362,0.1564706148641274,WORK,-0.06222308681151881,0.004366250086489998,0.7210476989707616,1.0279046010669892,False,False
2901,1451,1092,8,REV:12:12,REV,Revelation,R0,REVIEW_CANDIDATE,0.1608003315035531,0.1680160935170368,0.134798252815794,WORK,-0.007215762013483701,0.02600207868775911,0.9570531497165655,1.1928962589989334,False,False
2902,1451,1092,8,REV:12:12,REV,Revelation,R1,REVIEW_CANDIDATE,0.1608003315035531,0.1680160935170368,0.134798252815794,WORK,-0.007215762013483701,0.02600207868775911,0.9570531497165655,1.1928962589989334,False,False
2903,1452,1093,59,ISA:14:11,ISA,Isaiah,R0,REVIEW_CANDIDATE,0.1606824754695809,0.2203930443072171,0.1556613590945488,WORK,-0.0597105688376362,0.005021116375032081,0.7290723533252592,1.0322566653936398,False,False
2904,1452,1093,59,ISA:14:11,ISA,Isaiah,R1,REVIEW_CANDIDATE,0.1606824754695809,0.2203930443072171,0.1556613590945488,WORK,-0.0597105688376362,0.005021116375032081,0.7290723533252592,1.0322566653936398,False,False
2905,1453,1094,53,NUM:2:8,NUM,Numbers,R0,REVIEW_CANDIDATE,0.1606397244206144,0.2060272335177108,0.1521304504522337,WORK,-0.04538750909709641,0.008509273968380693,0.7797014097498196,1.0559340614787205,False,False
2906,1453,1094,53,NUM:2:8,NUM,Numbers,R1,REVIEW_CANDIDATE,0.1606397244206144,0.2060272335177108,0.1521304504522337,WORK,-0.04538750909709641,0.008509273968380693,0.7797014097498196,1.0559340614787205,False,False
2907,1454,1095,49,EZE:26:21,EZE,Ezekiel,R0,REVIEW_CANDIDATE,0.1606226320632797,0.1977293149575067,0.1466200453576744,WORK,-0.037106682894227,0.014002586705605308,0.8123359558384073,1.0955025397205853,False,False
2908,1454,1095,49,EZE:26:21,EZE,Ezekiel,R1,REVIEW_CANDIDATE,0.1606226320632797,0.1977293149575067,0.1466200453576744,WORK,-0.037106682894227,0.014002586705605308,0.8123359558384073,1.0955025397205853,False,False
2909,1455,1096,33,LEV:26:14,LEV,Leviticus,R0,REVIEW_CANDIDATE,0.1605934872741881,0.2536937138059426,0.1520578598094974,WORK,-0.09310022653175448,0.008535627464690693,0.6330211532045708,1.0561340760377949,False,False
2910,1455,1096,33,LEV:26:14,LEV,Leviticus,R1,REVIEW_CANDIDATE,0.1605934872741881,0.2536937138059426,0.1520578598094974,WORK,-0.09310022653175448,0.008535627464690693,0.6330211532045708,1.0561340760377949,False,False
2911,1456,1097,30,1KI:15:5,1KI,1Kings,R0,REVIEW_CANDIDATE,0.160518501030062,0.2134238491198039,0.1471697863256086,WORK,-0.0529053480897419,0.013348714704453396,0.7521113581826374,1.09070282044794,False,False
2912,1456,1097,30,1KI:15:5,1KI,1Kings,R1,REVIEW_CANDIDATE,0.160518501030062,0.2134238491198039,0.1471697863256086,WORK,-0.0529053480897419,0.013348714704453396,0.7521113581826374,1.09070282044794,False,False
2913,1457,1098,60,ISA:22:8,ISA,Isaiah,R0,REVIEW_CANDIDATE,0.1604673233710024,0.2203930443072171,0.1556613590945488,WORK,-0.059925720936214705,0.004805964276453578,0.7280961333213348,1.0308744848715758,False,False
2914,1457,1098,60,ISA:22:8,ISA,Isaiah,R1,REVIEW_CANDIDATE,0.1604673233710024,0.2203930443072171,0.1556613590945488,WORK,-0.059925720936214705,0.004805964276453578,0.7280961333213348,1.0308744848715758,False,False
2915,1458,1099,22,1CO:10:22,1CO,1Corinthians,R0,REVIEW_CANDIDATE,0.16044280394675,0.2749938527419566,0.1602659200966021,WORK,-0.11455104879520658,0.00017688385014791308,0.5834414200425899,1.0011036897304262,False,False
2916,1458,1099,22,1CO:10:22,1CO,1Corinthians,R1,REVIEW_CANDIDATE,0.16044280394675,0.2749938527419566,0.1602659200966021,WORK,-0.11455104879520658,0.00017688385014791308,0.5834414200425899,1.0011036897304262,False,False
2917,1459,1100,34,2KI:3:6,2KI,2Kings,R0,REVIEW_CANDIDATE,0.1601874074020988,0.2042283105495926,0.1574881551780614,WORK,-0.04404090314749379,0.002699252224037413,0.7843545636303966,1.017139398331167,False,False
2918,1459,1100,34,2KI:3:6,2KI,2Kings,R1,REVIEW_CANDIDATE,0.1601874074020988,0.2042283105495926,0.1574881551780614,WORK,-0.04404090314749379,0.002699252224037413,0.7843545636303966,1.017139398331167,False,False
2919,1460,1101,67,JER:51:17,JER,Jeremiah,R0,REVIEW_CANDIDATE,0.1600088999561177,0.203825573325914,0.1595710794486916,WORK,-0.043816673369796305,0.00043782050742610656,0.7850285778432027,1.002743733444298,False,False
2920,1460,1101,67,JER:51:17,JER,Jeremiah,R1,REVIEW_CANDIDATE,0.1600088999561177,0.203825573325914,0.1595710794486916,WORK,-0.043816673369796305,0.00043782050742610656,0.7850285778432027,1.002743733444298,False,False
2921,1461,1102,17,DAN:11:4,DAN,Daniel,R0,REVIEW_CANDIDATE,0.1599743774932398,0.2230599517621362,0.1564706148641274,WORK,-0.06308557426889638,0.0035037626291124224,0.7171810817202687,1.0223924641195725,False,False
2922,1461,1102,17,DAN:11:4,DAN,Daniel,R1,REVIEW_CANDIDATE,0.1599743774932398,0.2230599517621362,0.1564706148641274,WORK,-0.06308557426889638,0.0035037626291124224,0.7171810817202687,1.0223924641195725,False,False
2923,1462,1103,19,ROM:8:12,ROM,Romans,R0,REVIEW_CANDIDATE,0.1599143662722436,0.2309266196192162,0.1560124813251275,WORK,-0.07101225334697261,0.003901884947116102,0.6924899629844864,1.02501008197533,False,False
2924,1462,1103,19,ROM:8:12,ROM,Romans,R1,REVIEW_CANDIDATE,0.1599143662722436,0.2309266196192162,0.1560124813251275,WORK,-0.07101225334697261,0.003901884947116102,0.6924899629844864,1.02501008197533,False,False
2925,1463,1104,68,JER:33:19,JER,Jeremiah,R0,REVIEW_CANDIDATE,0.1598692158858879,0.203825573325914,0.1595710794486916,WORK,-0.0439563574400261,0.00029813643719631133,0.7843432660447345,1.0018683613486,False,False
2926,1463,1104,68,JER:33:19,JER,Jeremiah,R1,REVIEW_CANDIDATE,0.1598692158858879,0.203825573325914,0.1595710794486916,WORK,-0.0439563574400261,0.00029813643719631133,0.7843432660447345,1.0018683613486,False,False
2927,1464,1105,20,ROM:3:1,ROM,Romans,R0,REVIEW_CANDIDATE,0.1598358823208282,0.2309266196192162,0.1560124813251275,WORK,-0.071090737298388,0.003823400995700721,0.6921500976560768,1.0245070199719009,False,False
2928,1464,1105,20,ROM:3:1,ROM,Romans,R1,REVIEW_CANDIDATE,0.1598358823208282,0.2309266196192162,0.1560124813251275,WORK,-0.071090737298388,0.003823400995700721,0.6921500976560768,1.0245070199719009,False,False
2929,1465,1106,21,ROM:5:9,ROM,Romans,R0,REVIEW_CANDIDATE,0.1598006429580659,0.2309266196192162,0.1560124813251275,WORK,-0.07112597666115031,0.0037881616329384082,0.6919974978266573,1.0242811446928015,False,False
2930,1465,1106,21,ROM:5:9,ROM,Romans,R1,REVIEW_CANDIDATE,0.1598006429580659,0.2309266196192162,0.1560124813251275,WORK,-0.07112597666115031,0.0037881616329384082,0.6919974978266573,1.0242811446928015,False,False
2931,1466,1107,54,NUM:2:28,NUM,Numbers,R0,REVIEW_CANDIDATE,0.1596880640190741,0.2060272335177108,0.1521304504522337,WORK,-0.0463391694986367,0.007557613566840399,0.7750823097148793,1.049678506468456,False,False
2932,1466,1107,54,NUM:2:28,NUM,Numbers,R1,REVIEW_CANDIDATE,0.1596880640190741,0.2060272335177108,0.1521304504522337,WORK,-0.0463391694986367,0.007557613566840399,0.7750823097148793,1.049678506468456,False,False
2933,1467,1108,45,DEU:5:2,DEU,Deuteronomy,R0,REVIEW_CANDIDATE,0.1596877629309102,0.2277736606676687,0.158268997269363,WORK,-0.0680858977367585,0.0014187656615471944,0.7010808996212311,1.0089642677089345,False,False
2934,1467,1108,45,DEU:5:2,DEU,Deuteronomy,R1,REVIEW_CANDIDATE,0.1596877629309102,0.2277736606676687,0.158268997269363,WORK,-0.0680858977367585,0.0014187656615471944,0.7010808996212311,1.0089642677089345,False,False
2935,1468,1109,69,JER:6:13,JER,Jeremiah,R0,REVIEW_CANDIDATE,0.1596512797824403,0.203825573325914,0.1595710794486916,WORK,-0.044174293543473714,8.020033374869784e-05,0.7832740375868357,1.000502599431086,False,False
2936,1468,1109,69,JER:6:13,JER,Jeremiah,R1,REVIEW_CANDIDATE,0.1596512797824403,0.203825573325914,0.1595710794486916,WORK,-0.044174293543473714,8.020033374869784e-05,0.7832740375868357,1.000502599431086,False,False
2937,1469,1110,55,NUM:29:1,NUM,Numbers,R0,REVIEW_CANDIDATE,0.1595422763112749,0.2060272335177108,0.1521304504522337,WORK,-0.04648495720643589,0.00741182585904121,0.7743746959430978,1.0487201992566793,False,False
2938,1469,1110,55,NUM:29:1,NUM,Numbers,R1,REVIEW_CANDIDATE,0.1595422763112749,0.2060272335177108,0.1521304504522337,WORK,-0.04648495720643589,0.00741182585904121,0.7743746959430978,1.0487201992566793,False,False
2939,1470,1111,61,ISA:65:19,ISA,Isaiah,R0,REVIEW_CANDIDATE,0.159350619977787,0.2203930443072171,0.1556613590945488,WORK,-0.061042424329430106,0.003689260883238177,0.7230292611034496,1.0237005568029078,False,False
2940,1470,1111,61,ISA:65:19,ISA,Isaiah,R1,REVIEW_CANDIDATE,0.159350619977787,0.2203930443072171,0.1556613590945488,WORK,-0.061042424329430106,0.003689260883238177,0.7230292611034496,1.0237005568029078,False,False
2941,1471,1112,34,LEV:14:26,LEV,Leviticus,R0,REVIEW_CANDIDATE,0.159309179424649,0.2536937138059426,0.1520578598094974,WORK,-0.09438453438129357,0.007251319615151602,0.6279587185455807,1.0476878973848263,False,False
2942,1471,1112,34,LEV:14:26,LEV,Leviticus,R1,REVIEW_CANDIDATE,0.159309179424649,0.2536937138059426,0.1520578598094974,WORK,-0.09438453438129357,0.007251319615151602,0.6279587185455807,1.0476878973848263,False,False
2943,1472,1113,35,LEV:11:14,LEV,Leviticus,R0,REVIEW_CANDIDATE,0.1592880445896595,0.2536937138059426,0.1520578598094974,WORK,-0.09440566921628307,0.007230184780162102,0.6278754100761968,1.0475489053260403,False,False
2944,1472,1113,35,LEV:11:14,LEV,Leviticus,R1,REVIEW_CANDIDATE,0.1592880445896595,0.2536937138059426,0.1520578598094974,WORK,-0.09440566921628307,0.007230184780162102,0.6278754100761968,1.0475489053260403,False,False
2945,1473,1114,50,EZE:42:2,EZE,Ezekiel,R0,REVIEW_CANDIDATE,0.159167295491074,0.1977293149575067,0.1466200453576744,WORK,-0.0385620194664327,0.012547250133399607,0.8049757089649558,1.0855766351919414,False,False
2946,1473,1114,50,EZE:42:2,EZE,Ezekiel,R1,REVIEW_CANDIDATE,0.159167295491074,0.1977293149575067,0.1466200453576744,WORK,-0.0385620194664327,0.012547250133399607,0.8049757089649558,1.0855766351919414,False,False
2947,1474,1115,46,DEU:28:19,DEU,Deuteronomy,R0,REVIEW_CANDIDATE,0.159161095413958,0.2277736606676687,0.158268997269363,WORK,-0.06861256525371068,0.0008920981445950105,0.6987686589722976,1.0056365944056418,False,False
2948,1474,1115,46,DEU:28:19,DEU,Deuteronomy,R1,REVIEW_CANDIDATE,0.159161095413958,0.2277736606676687,0.158268997269363,WORK,-0.06861256525371068,0.0008920981445950105,0.6987686589722976,1.0056365944056418,False,False
2949,1475,1116,22,JDG:6:1,JDG,Judges,R0,REVIEW_CANDIDATE,0.1590391765562194,0.2109212600391261,0.1517173137608478,WORK,-0.05188208348290668,0.007321862795371614,0.7540215553743491,1.0482599026694677,False,False
2950,1475,1116,22,JDG:6:1,JDG,Judges,R1,REVIEW_CANDIDATE,0.1590391765562194,0.2109212600391261,0.1517173137608478,WORK,-0.05188208348290668,0.007321862795371614,0.7540215553743491,1.0482599026694677,False,False
2951,1476,1117,9,REV:5:12,REV,Revelation,R0,REVIEW_CANDIDATE,0.158865921632285,0.1680160935170368,0.134798252815794,WORK,-0.009150171884751812,0.024067668816491,0.9455399081527628,1.1785458514019482,False,False
2952,1476,1117,9,REV:5:12,REV,Revelation,R1,REVIEW_CANDIDATE,0.158865921632285,0.1680160935170368,0.134798252815794,WORK,-0.009150171884751812,0.024067668816491,0.9455399081527628,1.1785458514019482,False,False
2953,1477,1118,10,REV:1:1,REV,Revelation,R0,REVIEW_CANDIDATE,0.1588401127216796,0.1680160935170368,0.134798252815794,WORK,-0.009175980795357197,0.024041859905885615,0.9453862983998806,1.1783543881591667,False,False
2954,1477,1118,10,REV:1:1,REV,Revelation,R1,REVIEW_CANDIDATE,0.1588401127216796,0.1680160935170368,0.134798252815794,WORK,-0.009175980795357197,0.024041859905885615,0.9453862983998806,1.1783543881591667,False,False
2955,1478,1119,5,MIC:3:10,MIC,Micah,R0,REVIEW_CANDIDATE,0.1587806456891509,0.1769578990912698,0.1560606344008212,WORK,-0.018177253402118898,0.002720011288329688,0.8972792201113126,1.0174291953814805,False,False
2956,1478,1119,5,MIC:3:10,MIC,Micah,R1,REVIEW_CANDIDATE,0.1587806456891509,0.1769578990912698,0.1560606344008212,WORK,-0.018177253402118898,0.002720011288329688,0.8972792201113126,1.0174291953814805,False,False
2957,1479,1120,35,2KI:22:16,2KI,2Kings,R0,REVIEW_CANDIDATE,0.1586978193537529,0.2042283105495926,0.1574881551780614,WORK,-0.045530491195839684,0.001209664175691516,0.7770608243621369,1.0076809851148731,False,False
2958,1479,1120,35,2KI:22:16,2KI,2Kings,R1,REVIEW_CANDIDATE,0.1586978193537529,0.2042283105495926,0.1574881551780614,WORK,-0.045530491195839684,0.001209664175691516,0.7770608243621369,1.0076809851148731,False,False
2959,1480,1121,31,1KI:5:11,1KI,1Kings,R0,REVIEW_CANDIDATE,0.158697348073347,0.2134238491198039,0.1471697863256086,WORK,-0.05472650104645688,0.011527561747738418,0.7435783242024814,1.0783283174865392,False,False
2960,1480,1121,31,1KI:5:11,1KI,1Kings,R1,REVIEW_CANDIDATE,0.158697348073347,0.2134238491198039,0.1471697863256086,WORK,-0.05472650104645688,0.011527561747738418,0.7435783242024814,1.0783283174865392,False,False
2961,1481,1122,43,EXO:35:6,EXO,Exodus,R0,REVIEW_CANDIDATE,0.1586958222514772,0.2061688329235183,0.1458137712888438,WORK,-0.04747301067204113,0.012882050962633396,0.7697372100386676,1.0883459144412033,False,False
2962,1481,1122,43,EXO:35:6,EXO,Exodus,R1,REVIEW_CANDIDATE,0.1586958222514772,0.2061688329235183,0.1458137712888438,WORK,-0.04747301067204113,0.012882050962633396,0.7697372100386676,1.0883459144412033,False,False
2963,1482,1123,56,NUM:32:5,NUM,Numbers,R0,REVIEW_CANDIDATE,0.1585868069870886,0.2060272335177108,0.1521304504522337,WORK,-0.04744042653062219,0.006456356534854907,0.7697371084364726,1.0424396070324007,False,False
2964,1482,1123,56,NUM:32:5,NUM,Numbers,R1,REVIEW_CANDIDATE,0.1585868069870886,0.2060272335177108,0.1521304504522337,WORK,-0.04744042653062219,0.006456356534854907,0.7697371084364726,1.0424396070324007,False,False
2965,1483,1124,47,DEU:2:36,DEU,Deuteronomy,R0,REVIEW_CANDIDATE,0.1585850797098853,0.2277736606676687,0.158268997269363,WORK,-0.06918858095778338,0.0003160824405223084,0.6962397638297063,1.0019971216471686,False,False
2966,1483,1124,47,DEU:2:36,DEU,Deuteronomy,R1,REVIEW_CANDIDATE,0.1585850797098853,0.2277736606676687,0.158268997269363,WORK,-0.06918858095778338,0.0003160824405223084,0.6962397638297063,1.0019971216471686,False,False
2967,1484,1125,36,2KI:9:21,2KI,2Kings,R0,REVIEW_CANDIDATE,0.1585692407516311,0.2042283105495926,0.1574881551780614,WORK,-0.0456590697979615,0.0010810855735697011,0.7764312417064522,1.0068645516378512,False,False
2968,1484,1125,36,2KI:9:21,2KI,2Kings,R1,REVIEW_CANDIDATE,0.1585692407516311,0.2042283105495926,0.1574881551780614,WORK,-0.0456590697979615,0.0010810855735697011,0.7764312417064522,1.0068645516378512,False,False
2969,1485,1126,51,EZE:15:6,EZE,Ezekiel,R0,REVIEW_CANDIDATE,0.1585099728718579,0.1977293149575067,0.1466200453576744,WORK,-0.03921934208564881,0.011889927514183496,0.8016513530425304,1.0810934649841257,False,False
2970,1485,1126,51,EZE:15:6,EZE,Ezekiel,R1,REVIEW_CANDIDATE,0.1585099728718579,0.1977293149575067,0.1466200453576744,WORK,-0.03921934208564881,0.011889927514183496,0.8016513530425304,1.0810934649841257,False,False
2971,1486,1127,23,JDG:13:15,JDG,Judges,R0,REVIEW_CANDIDATE,0.1584381946024562,0.2109212600391261,0.1517173137608478,WORK,-0.05248306543666989,0.0067208808416084065,0.7511722363742079,1.044298707082321,False,False
2972,1486,1127,23,JDG:13:15,JDG,Judges,R1,REVIEW_CANDIDATE,0.1584381946024562,0.2109212600391261,0.1517173137608478,WORK,-0.05248306543666989,0.0067208808416084065,0.7511722363742079,1.044298707082321,False,False
2973,1487,1128,48,DEU:14:20,DEU,Deuteronomy,R0,REVIEW_CANDIDATE,0.1584211283078949,0.2277736606676687,0.158268997269363,WORK,-0.06935253235977379,0.0001521310385318997,0.6955199641763582,1.000961218186484,False,False
2974,1487,1128,48,DEU:14:20,DEU,Deuteronomy,R1,REVIEW_CANDIDATE,0.1584211283078949,0.2277736606676687,0.158268997269363,WORK,-0.06935253235977379,0.0001521310385318997,0.6955199641763582,1.000961218186484,False,False
2975,1488,1129,3,HAB:3:17,HAB,Habakkuk,R0,REVIEW_CANDIDATE,0.1583808042547453,0.1781731462477294,0.1570031566278392,WORK,-0.019792341992984103,0.0013776476269060922,0.8889151232393623,1.0087746492267775,False,False
2976,1488,1129,3,HAB:3:17,HAB,Habakkuk,R1,REVIEW_CANDIDATE,0.1583808042547453,0.1781731462477294,0.1570031566278392,WORK,-0.019792341992984103,0.0013776476269060922,0.8889151232393623,1.0087746492267775,False,False
2977,1489,1130,36,LEV:25:8,LEV,Leviticus,R0,REVIEW_CANDIDATE,0.1583589343801381,0.2536937138059426,0.1520578598094974,WORK,-0.09533477942580448,0.006301074570640691,0.6242130796400863,1.041438664062054,False,False
2978,1489,1130,36,LEV:25:8,LEV,Leviticus,R1,REVIEW_CANDIDATE,0.1583589343801381,0.2536937138059426,0.1520578598094974,WORK,-0.09533477942580448,0.006301074570640691,0.6242130796400863,1.041438664062054,False,False
2979,1490,1131,11,REV:10:4,REV,Revelation,R0,REVIEW_CANDIDATE,0.1577486663948998,0.1680160935170368,0.134798252815794,WORK,-0.010267427122137018,0.022950413579105794,0.9388902163643276,1.1702575003733042,False,False
2980,1490,1131,11,REV:10:4,REV,Revelation,R1,REVIEW_CANDIDATE,0.1577486663948998,0.1680160935170368,0.134798252815794,WORK,-0.010267427122137018,0.022950413579105794,0.9388902163643276,1.1702575003733042,False,False
2981,1491,1132,62,ISA:9:7,ISA,Isaiah,R0,REVIEW_CANDIDATE,0.1576929160121543,0.2203930443072171,0.1556613590945488,WORK,-0.0627001282950628,0.0020315569176054815,0.7155076808700828,1.0130511318250248,False,False
2982,1491,1132,62,ISA:9:7,ISA,Isaiah,R1,REVIEW_CANDIDATE,0.1576929160121543,0.2203930443072171,0.1556613590945488,WORK,-0.0627001282950628,0.0020315569176054815,0.7155076808700828,1.0130511318250248,False,False
2983,1492,1133,63,ISA:26:4,ISA,Isaiah,R0,REVIEW_CANDIDATE,0.1576416994777197,0.2203930443072171,0.1556613590945488,WORK,-0.0627513448294974,0.001980340383170881,0.7152752936157771,1.0127221064668208,False,False
2984,1492,1133,63,ISA:26:4,ISA,Isaiah,R1,REVIEW_CANDIDATE,0.1576416994777197,0.2203930443072171,0.1556613590945488,WORK,-0.0627513448294974,0.001980340383170881,0.7152752936157771,1.0127221064668208,False,False
2985,1493,1134,22,ROM:7:21,ROM,Romans,R0,REVIEW_CANDIDATE,0.1576249425661235,0.2309266196192162,0.1560124813251275,WORK,-0.0733016770530927,0.0016124612409960104,0.68257588850535,1.0103354630815444,False,False
2986,1493,1134,22,ROM:7:21,ROM,Romans,R1,REVIEW_CANDIDATE,0.1576249425661235,0.2309266196192162,0.1560124813251275,WORK,-0.0733016770530927,0.0016124612409960104,0.68257588850535,1.0103354630815444,False,False
2987,1494,1135,32,1KI:5:13,1KI,1Kings,R0,REVIEW_CANDIDATE,0.1575948776684466,0.2134238491198039,0.1471697863256086,WORK,-0.05582897145135729,0.010425091342838005,0.7384126859223773,1.070837171155313,False,False
2988,1494,1135,32,1KI:5:13,1KI,1Kings,R1,REVIEW_CANDIDATE,0.1575948776684466,0.2134238491198039,0.1471697863256086,WORK,-0.05582897145135729,0.010425091342838005,0.7384126859223773,1.070837171155313,False,False
2989,1495,1136,8,EST:3:10,EST,Esther,R0,REVIEW_CANDIDATE,0.1575758362131715,0.2106098417089447,0.155955053094019,WORK,-0.053034005495773195,0.001620783119152508,0.7481883796814002,1.0103926297160464,False,False
2990,1495,1136,8,EST:3:10,EST,Esther,R1,REVIEW_CANDIDATE,0.1575758362131715,0.2106098417089447,0.155955053094019,WORK,-0.053034005495773195,0.001620783119152508,0.7481883796814002,1.0103926297160464,False,False
2991,1496,1137,18,DAN:8:20,DAN,Daniel,R0,REVIEW_CANDIDATE,0.1574598223141758,0.2230599517621362,0.1564706148641274,WORK,-0.0656001294479604,0.0009892074500484072,0.7059080801832405,1.006322001424404,False,False
2992,1496,1137,18,DAN:8:20,DAN,Daniel,R1,REVIEW_CANDIDATE,0.1574598223141758,0.2230599517621362,0.1564706148641274,WORK,-0.0656001294479604,0.0009892074500484072,0.7059080801832405,1.006322001424404,False,False
2993,1497,1138,6,1TI:2:4,1TI,1Timothy,R0,REVIEW_CANDIDATE,0.157071295852005,0.2439872446320028,0.1381268719093453,WORK,-0.08691594877999781,0.01894442394265969,0.6437684727695908,1.13715234176224,False,False
2994,1497,1138,6,1TI:2:4,1TI,1Timothy,R1,REVIEW_CANDIDATE,0.157071295852005,0.2439872446320028,0.1381268719093453,WORK,-0.08691594877999781,0.01894442394265969,0.6437684727695908,1.13715234176224,False,False
2995,1498,1139,52,EZE:3:21,EZE,Ezekiel,R0,REVIEW_CANDIDATE,0.1569938363066374,0.1977293149575067,0.1466200453576744,WORK,-0.040735478650869295,0.010373790948963013,0.7939836151274604,1.0707528832340525,False,False
2996,1498,1139,52,EZE:3:21,EZE,Ezekiel,R1,REVIEW_CANDIDATE,0.1569938363066374,0.1977293149575067,0.1466200453576744,WORK,-0.040735478650869295,0.010373790948963013,0.7939836151274604,1.0707528832340525,False,False
2997,1499,1140,57,NUM:24:19,NUM,Numbers,R0,REVIEW_CANDIDATE,0.156934524966876,0.2060272335177108,0.1521304504522337,WORK,-0.04909270855083481,0.0048040745146422925,0.7617173821507698,1.031578651745008,False,False
2998,1499,1140,57,NUM:24:19,NUM,Numbers,R1,REVIEW_CANDIDATE,0.156934524966876,0.2060272335177108,0.1521304504522337,WORK,-0.04909270855083481,0.0048040745146422925,0.7617173821507698,1.031578651745008,False,False
2999,1500,1141,24,JDG:19:28,JDG,Judges,R0,REVIEW_CANDIDATE,0.1568483967284689,0.2109212600391261,0.1517173137608478,WORK,-0.05407286331065719,0.005131082967621103,0.7436348365232285,1.033820022517069,False,False
3000,1500,1141,24,JDG:19:28,JDG,Judges,R1,REVIEW_CANDIDATE,0.1568483967284689,0.2109212600391261,0.1517173137608478,WORK,-0.05407286331065719,0.005131082967621103,0.7436348365232285,1.033820022517069,False,False
3001,1501,1142,58,NUM:32:27,NUM,Numbers,R0,REVIEW_CANDIDATE,0.156817536422814,0.2060272335177108,0.1521304504522337,WORK,-0.04920969709489678,0.004687085970580318,0.7611495516651368,1.0308096502485016,False,False
3002,1501,1142,58,NUM:32:27,NUM,Numbers,R1,REVIEW_CANDIDATE,0.156817536422814,0.2060272335177108,0.1521304504522337,WORK,-0.04920969709489678,0.004687085970580318,0.7611495516651368,1.0308096502485016,False,False
3003,1502,1143,64,ISA:59:15,ISA,Isaiah,R0,REVIEW_CANDIDATE,0.1568100950526132,0.2203930443072171,0.1556613590945488,WORK,-0.0635829492546039,0.0011487359580643897,0.7115020147098091,1.007379711732869,False,False
3004,1502,1143,64,ISA:59:15,ISA,Isaiah,R1,REVIEW_CANDIDATE,0.1568100950526132,0.2203930443072171,0.1556613590945488,WORK,-0.0635829492546039,0.0011487359580643897,0.7115020147098091,1.007379711732869,False,False
3005,1503,1144,9,EST:4:10,EST,Esther,R0,REVIEW_CANDIDATE,0.156752897323814,0.2106098417089447,0.155955053094019,WORK,-0.053856944385130695,0.0007978442297950084,0.7442809702143024,1.0051158600761336,False,False
3006,1503,1144,9,EST:4:10,EST,Esther,R1,REVIEW_CANDIDATE,0.156752897323814,0.2106098417089447,0.155955053094019,WORK,-0.053856944385130695,0.0007978442297950084,0.7442809702143024,1.0051158600761336,False,False
3007,1504,1145,25,JDG:21:14,JDG,Judges,R0,REVIEW_CANDIDATE,0.1567048723936094,0.2109212600391261,0.1517173137608478,WORK,-0.0542163876455167,0.004987558632761596,0.7429543724731233,1.032874024125048,False,False
3008,1504,1145,25,JDG:21:14,JDG,Judges,R1,REVIEW_CANDIDATE,0.1567048723936094,0.2109212600391261,0.1517173137608478,WORK,-0.0542163876455167,0.004987558632761596,0.7429543724731233,1.032874024125048,False,False
3009,1505,1146,59,NUM:29:32,NUM,Numbers,R0,REVIEW_CANDIDATE,0.1565898498972279,0.2060272335177108,0.1521304504522337,WORK,-0.04943738362048289,0.004459399444994211,0.7600444233687529,1.0293129970478487,False,False
3010,1505,1146,59,NUM:29:32,NUM,Numbers,R1,REVIEW_CANDIDATE,0.1565898498972279,0.2060272335177108,0.1521304504522337,WORK,-0.04943738362048289,0.004459399444994211,0.7600444233687529,1.0293129970478487,False,False
3011,1506,1147,65,ISA:48:20,ISA,Isaiah,R0,REVIEW_CANDIDATE,0.1563317311518284,0.2203930443072171,0.1556613590945488,WORK,-0.06406131315538868,0.0006703720572796001,0.709331511088479,1.0043066054490275,False,False
3012,1506,1147,65,ISA:48:20,ISA,Isaiah,R1,REVIEW_CANDIDATE,0.1563317311518284,0.2203930443072171,0.1556613590945488,WORK,-0.06406131315538868,0.0006703720572796001,0.709331511088479,1.0043066054490275,False,False
3013,1507,1148,37,LEV:13:35,LEV,Leviticus,R0,REVIEW_CANDIDATE,0.1562530296653228,0.2536937138059426,0.1520578598094974,WORK,-0.09744068414061977,0.004195169855825409,0.6159121064578097,1.0275892996329241,False,False
3014,1507,1148,37,LEV:13:35,LEV,Leviticus,R1,REVIEW_CANDIDATE,0.1562530296653228,0.2536937138059426,0.1520578598094974,WORK,-0.09744068414061977,0.004195169855825409,0.6159121064578097,1.0275892996329241,False,False
3015,1508,1149,6,MIC:7:3,MIC,Micah,R0,REVIEW_CANDIDATE,0.1561520850736936,0.1769578990912698,0.1560606344008212,WORK,-0.020805814017576196,9.145067287238962e-05,0.8824250619812956,1.0005859944964566,False,False
3016,1508,1149,6,MIC:7:3,MIC,Micah,R1,REVIEW_CANDIDATE,0.1561520850736936,0.1769578990912698,0.1560606344008212,WORK,-0.020805814017576196,9.145067287238962e-05,0.8824250619812956,1.0005859944964566,False,False
3017,1509,1150,38,LEV:11:33,LEV,Leviticus,R0,REVIEW_CANDIDATE,0.1560420626120212,0.2536937138059426,0.1520578598094974,WORK,-0.09765165119392138,0.00398420280252379,0.6150805247440311,1.0262018866207594,False,False
3018,1509,1150,38,LEV:11:33,LEV,Leviticus,R1,REVIEW_CANDIDATE,0.1560420626120212,0.2536937138059426,0.1520578598094974,WORK,-0.09765165119392138,0.00398420280252379,0.6150805247440311,1.0262018866207594,False,False
3019,1510,1151,26,JDG:16:5,JDG,Judges,R0,REVIEW_CANDIDATE,0.1557127700946213,0.2109212600391261,0.1517173137608478,WORK,-0.05520848994450478,0.003995456333773517,0.7382507105530113,1.0263348739490046,False,False
3020,1510,1151,26,JDG:16:5,JDG,Judges,R1,REVIEW_CANDIDATE,0.1557127700946213,0.2109212600391261,0.1517173137608478,WORK,-0.05520848994450478,0.003995456333773517,0.7382507105530113,1.0263348739490046,False,False
3021,1511,1152,33,1KI:15:2,1KI,1Kings,R0,REVIEW_CANDIDATE,0.1555625023995119,0.2134238491198039,0.1471697863256086,WORK,-0.057861346720292,0.008392716073903295,0.7288899672697218,1.0570274394184054,False,False
3022,1511,1152,33,1KI:15:2,1KI,1Kings,R1,REVIEW_CANDIDATE,0.1555625023995119,0.2134238491198039,0.1471697863256086,WORK,-0.057861346720292,0.008392716073903295,0.7288899672697218,1.0570274394184054,False,False
3023,1512,1153,53,EZE:20:17,EZE,Ezekiel,R0,REVIEW_CANDIDATE,0.1555589954309676,0.1977293149575067,0.1466200453576744,WORK,-0.0421703195265391,0.008938950073293206,0.7867270235796762,1.060966766525593,False,False
3024,1512,1153,53,EZE:20:17,EZE,Ezekiel,R1,REVIEW_CANDIDATE,0.1555589954309676,0.1977293149575067,0.1466200453576744,WORK,-0.0421703195265391,0.008938950073293206,0.7867270235796762,1.060966766525593,False,False
3025,1513,1154,39,LEV:23:35,LEV,Leviticus,R0,REVIEW_CANDIDATE,0.1554141700080751,0.2536937138059426,0.1520578598094974,WORK,-0.09827954379786749,0.0033563101985776833,0.6126055221334957,1.0220725860720554,False,False
3026,1513,1154,39,LEV:23:35,LEV,Leviticus,R1,REVIEW_CANDIDATE,0.1554141700080751,0.2536937138059426,0.1520578598094974,WORK,-0.09827954379786749,0.0033563101985776833,0.6126055221334957,1.0220725860720554,False,False
3027,1514,1155,12,REV:21:14,REV,Revelation,R0,REVIEW_CANDIDATE,0.1551680133106526,0.1680160935170368,0.134798252815794,WORK,-0.0128480802063842,0.020369760494858613,0.9235306574659683,1.1511129415207964,False,False
3028,1514,1155,12,REV:21:14,REV,Revelation,R1,REVIEW_CANDIDATE,0.1551680133106526,0.1680160935170368,0.134798252815794,WORK,-0.0128480802063842,0.020369760494858613,0.9235306574659683,1.1511129415207964,False,False
3029,1515,1156,44,EXO:35:18,EXO,Exodus,R0,REVIEW_CANDIDATE,0.1551339188400148,0.2061688329235183,0.1458137712888438,WORK,-0.051034914083503524,0.009320147551170999,0.7524605763159373,1.0639181571726077,False,False
3030,1515,1156,44,EXO:35:18,EXO,Exodus,R1,REVIEW_CANDIDATE,0.1551339188400148,0.2061688329235183,0.1458137712888438,WORK,-0.051034914083503524,0.009320147551170999,0.7524605763159373,1.0639181571726077,False,False
3031,1516,1157,13,REV:7:7,REV,Revelation,R0,REVIEW_CANDIDATE,0.1551328741142205,0.1680160935170368,0.134798252815794,WORK,-0.01288321940281631,0.020334621298426503,0.9233215156171337,1.1508522616106487,False,False
3032,1516,1157,13,REV:7:7,REV,Revelation,R1,REVIEW_CANDIDATE,0.1551328741142205,0.1680160935170368,0.134798252815794,WORK,-0.01288321940281631,0.020334621298426503,0.9233215156171337,1.1508522616106487,False,False
3033,1517,1158,45,EXO:2:24,EXO,Exodus,R0,REVIEW_CANDIDATE,0.1550923903197758,0.2061688329235183,0.1458137712888438,WORK,-0.0510764426037425,0.009278619030932023,0.7522591466446815,1.0636333519729897,False,False
3034,1517,1158,45,EXO:2:24,EXO,Exodus,R1,REVIEW_CANDIDATE,0.1550923903197758,0.2061688329235183,0.1458137712888438,WORK,-0.0510764426037425,0.009278619030932023,0.7522591466446815,1.0636333519729897,False,False
3035,1518,1159,40,LEV:27:17,LEV,Leviticus,R0,REVIEW_CANDIDATE,0.1548382608208446,0.2536937138059426,0.1520578598094974,WORK,-0.09885545298509799,0.002780401011347189,0.6103354257302753,1.0182851515523799,False,False
3036,1518,1159,40,LEV:27:17,LEV,Leviticus,R1,REVIEW_CANDIDATE,0.1548382608208446,0.2536937138059426,0.1520578598094974,WORK,-0.09885545298509799,0.002780401011347189,0.6103354257302753,1.0182851515523799,False,False
3037,1519,1160,60,NUM:32:18,NUM,Numbers,R0,REVIEW_CANDIDATE,0.1548274173399156,0.2060272335177108,0.1521304504522337,WORK,-0.051199816177795204,0.0026969668876818953,0.7514900564182264,1.0177279885760195,False,False
3038,1519,1160,60,NUM:32:18,NUM,Numbers,R1,REVIEW_CANDIDATE,0.1548274173399156,0.2060272335177108,0.1521304504522337,WORK,-0.051199816177795204,0.0026969668876818953,0.7514900564182264,1.0177279885760195,False,False
3039,1520,1161,41,LEV:8:18,LEV,Leviticus,R0,REVIEW_CANDIDATE,0.154712004046017,0.2536937138059426,0.1520578598094974,WORK,-0.09898170975992557,0.0026541442365196066,0.6098377516928171,1.0174548309429372,False,False
3040,1520,1161,41,LEV:8:18,LEV,Leviticus,R1,REVIEW_CANDIDATE,0.154712004046017,0.2536937138059426,0.1520578598094974,WORK,-0.09898170975992557,0.0026541442365196066,0.6098377516928171,1.0174548309429372,False,False
3041,1521,1162,27,JDG:8:16,JDG,Judges,R0,REVIEW_CANDIDATE,0.1547088275438408,0.2109212600391261,0.1517173137608478,WORK,-0.05621243249528529,0.002991513782993005,0.7334909127469756,1.0197176822396719,False,False
3042,1521,1162,27,JDG:8:16,JDG,Judges,R1,REVIEW_CANDIDATE,0.1547088275438408,0.2109212600391261,0.1517173137608478,WORK,-0.05621243249528529,0.002991513782993005,0.7334909127469756,1.0197176822396719,False,False
3043,1522,1163,28,JDG:1:19,JDG,Judges,R0,REVIEW_CANDIDATE,0.154571694143085,0.2109212600391261,0.1517173137608478,WORK,-0.05634956589604109,0.002854380382237204,0.7328407487913348,1.0188138078079643,False,False
3044,1522,1163,28,JDG:1:19,JDG,Judges,R1,REVIEW_CANDIDATE,0.154571694143085,0.2109212600391261,0.1517173137608478,WORK,-0.05634956589604109,0.002854380382237204,0.7328407487913348,1.0188138078079643,False,False
3045,1523,1164,7,HOS:1:8,HOS,Hosea,R0,REVIEW_CANDIDATE,0.1545232685685484,0.1864811853428518,0.1389984160707465,WORK,-0.0319579167743034,0.015524852497801889,0.8286265892425141,1.1116908590519488,False,False
3046,1523,1164,7,HOS:1:8,HOS,Hosea,R1,REVIEW_CANDIDATE,0.1545232685685484,0.1864811853428518,0.1389984160707465,WORK,-0.0319579167743034,0.015524852497801889,0.8286265892425141,1.1116908590519488,False,False
3047,1524,1165,54,EZE:26:1,EZE,Ezekiel,R0,REVIEW_CANDIDATE,0.1542158498292207,0.1977293149575067,0.1466200453576744,WORK,-0.043513465128285994,0.0075958044715463136,0.7799341734550725,1.0518060436621515,False,False
3048,1524,1165,54,EZE:26:1,EZE,Ezekiel,R1,REVIEW_CANDIDATE,0.1542158498292207,0.1977293149575067,0.1466200453576744,WORK,-0.043513465128285994,0.0075958044715463136,0.7799341734550725,1.0518060436621515,False,False
3049,1525,1166,61,NUM:3:45,NUM,Numbers,R0,REVIEW_CANDIDATE,0.154118013177846,0.2060272335177108,0.1521304504522337,WORK,-0.05190922033986478,0.0019875627256123185,0.7480468020971486,1.0130648579538413,False,False
3050,1525,1166,61,NUM:3:45,NUM,Numbers,R1,REVIEW_CANDIDATE,0.154118013177846,0.2060272335177108,0.1521304504522337,WORK,-0.05190922033986478,0.0019875627256123185,0.7480468020971486,1.0130648579538413,False,False
3051,1526,1167,29,JDG:2:11,JDG,Judges,R0,REVIEW_CANDIDATE,0.1539936013183862,0.2109212600391261,0.1517173137608478,WORK,-0.056927658720739904,0.0022762875575383923,0.7300999495727468,1.0150034791752673,False,False
3052,1526,1167,29,JDG:2:11,JDG,Judges,R1,REVIEW_CANDIDATE,0.1539936013183862,0.2109212600391261,0.1517173137608478,WORK,-0.056927658720739904,0.0022762875575383923,0.7300999495727468,1.0150034791752673,False,False
3053,1527,1168,62,NUM:8:14,NUM,Numbers,R0,REVIEW_CANDIDATE,0.1539895783473148,0.2060272335177108,0.1521304504522337,WORK,-0.05203765517039599,0.0018591278950811085,0.7474234144588334,1.012220616514015,False,False
3054,1527,1168,62,NUM:8:14,NUM,Numbers,R1,REVIEW_CANDIDATE,0.1539895783473148,0.2060272335177108,0.1521304504522337,WORK,-0.05203765517039599,0.0018591278950811085,0.7474234144588334,1.012220616514015,False,False
3055,1528,1169,30,JDG:20:4,JDG,Judges,R0,REVIEW_CANDIDATE,0.1539698557682164,0.2109212600391261,0.1517173137608478,WORK,-0.056951404270909695,0.002252542007368602,0.7299873694081613,1.0148469673732774,False,False
3056,1528,1169,30,JDG:20:4,JDG,Judges,R1,REVIEW_CANDIDATE,0.1539698557682164,0.2109212600391261,0.1517173137608478,WORK,-0.056951404270909695,0.002252542007368602,0.7299873694081613,1.0148469673732774,False,False
3057,1529,1170,55,EZE:21:22,EZE,Ezekiel,R0,REVIEW_CANDIDATE,0.1538866936815519,0.1977293149575067,0.1466200453576744,WORK,-0.04384262127595481,0.007266648323877495,0.7782694928904352,1.0495610835895648,False,False
3058,1529,1170,55,EZE:21:22,EZE,Ezekiel,R1,REVIEW_CANDIDATE,0.1538866936815519,0.1977293149575067,0.1466200453576744,WORK,-0.04384262127595481,0.007266648323877495,0.7782694928904352,1.0495610835895648,False,False
3059,1530,1171,63,NUM:31:12,NUM,Numbers,R0,REVIEW_CANDIDATE,0.1538589961529511,0.2060272335177108,0.1521304504522337,WORK,-0.0521682373647597,0.0017285457007173988,0.7467896041021435,1.011362259794663,False,False
3060,1530,1171,63,NUM:31:12,NUM,Numbers,R1,REVIEW_CANDIDATE,0.1538589961529511,0.2060272335177108,0.1521304504522337,WORK,-0.0521682373647597,0.0017285457007173988,0.7467896041021435,1.011362259794663,False,False
3061,1531,1172,56,EZE:27:7,EZE,Ezekiel,R0,REVIEW_CANDIDATE,0.1538301117016934,0.1977293149575067,0.1466200453576744,WORK,-0.04389920325581331,0.007210066344018995,0.7779833341088167,1.0491751746934077,False,False
3062,1531,1172,56,EZE:27:7,EZE,Ezekiel,R1,REVIEW_CANDIDATE,0.1538301117016934,0.1977293149575067,0.1466200453576744,WORK,-0.04389920325581331,0.007210066344018995,0.7779833341088167,1.0491751746934077,False,False
3063,1532,1173,31,JDG:12:8,JDG,Judges,R0,REVIEW_CANDIDATE,0.1536808451204679,0.2109212600391261,0.1517173137608478,WORK,-0.057240414918658195,0.001963531359620102,0.7286171393626226,1.0129420387887649,False,False
3064,1532,1173,31,JDG:12:8,JDG,Judges,R1,REVIEW_CANDIDATE,0.1536808451204679,0.2109212600391261,0.1517173137608478,WORK,-0.057240414918658195,0.001963531359620102,0.7286171393626226,1.0129420387887649,False,False
3065,1533,1174,46,EXO:12:11,EXO,Exodus,R0,REVIEW_CANDIDATE,0.1536564156299323,0.2061688329235183,0.1458137712888438,WORK,-0.05251241729358602,0.0078426443410885,0.7452941041138533,1.0537853473767778,False,False
3066,1533,1174,46,EXO:12:11,EXO,Exodus,R1,REVIEW_CANDIDATE,0.1536564156299323,0.2061688329235183,0.1458137712888438,WORK,-0.05251241729358602,0.0078426443410885,0.7452941041138533,1.0537853473767778,False,False
3067,1534,1175,47,EXO:1:21,EXO,Exodus,R0,REVIEW_CANDIDATE,0.1533030332847945,0.2061688329235183,0.1458137712888438,WORK,-0.052865799638723815,0.007489261995950708,0.7435800606276156,1.0513618290628748,False,False
3068,1534,1175,47,EXO:1:21,EXO,Exodus,R1,REVIEW_CANDIDATE,0.1533030332847945,0.2061688329235183,0.1458137712888438,WORK,-0.052865799638723815,0.007489261995950708,0.7435800606276156,1.0513618290628748,False,False
3069,1535,1176,34,1KI:19:9,1KI,1Kings,R0,REVIEW_CANDIDATE,0.1530858870434527,0.2134238491198039,0.1471697863256086,WORK,-0.0603379620763512,0.005916100717844097,0.7172857563707375,1.040199152730676,False,False
3070,1535,1176,34,1KI:19:9,1KI,1Kings,R1,REVIEW_CANDIDATE,0.1530858870434527,0.2134238491198039,0.1471697863256086,WORK,-0.0603379620763512,0.005916100717844097,0.7172857563707375,1.040199152730676,False,False
3071,1536,1177,42,LEV:23:17,LEV,Leviticus,R0,REVIEW_CANDIDATE,0.1530850126510242,0.2536937138059426,0.1520578598094974,WORK,-0.10060870115491838,0.001027152841526796,0.6034245403814902,1.006755013143113,False,False
3072,1536,1177,42,LEV:23:17,LEV,Leviticus,R1,REVIEW_CANDIDATE,0.1530850126510242,0.2536937138059426,0.1520578598094974,WORK,-0.10060870115491838,0.001027152841526796,0.6034245403814902,1.006755013143113,False,False
3073,1537,1178,64,NUM:21:11,NUM,Numbers,R0,REVIEW_CANDIDATE,0.1529696733338755,0.2060272335177108,0.1521304504522337,WORK,-0.053057560183835284,0.0008392228816418157,0.7424730736906474,1.0055164687881162,False,False
3074,1537,1178,64,NUM:21:11,NUM,Numbers,R1,REVIEW_CANDIDATE,0.1529696733338755,0.2060272335177108,0.1521304504522337,WORK,-0.053057560183835284,0.0008392228816418157,0.7424730736906474,1.0055164687881162,False,False
3075,1538,1179,57,EZE:27:11,EZE,Ezekiel,R0,REVIEW_CANDIDATE,0.1528816428580365,0.1977293149575067,0.1466200453576744,WORK,-0.044847672099470215,0.006261597500362093,0.7731865297307672,1.0427062853860614,False,False
3076,1538,1179,57,EZE:27:11,EZE,Ezekiel,R1,REVIEW_CANDIDATE,0.1528816428580365,0.1977293149575067,0.1466200453576744,WORK,-0.044847672099470215,0.006261597500362093,0.7731865297307672,1.0427062853860614,False,False
3077,1539,1180,35,1KI:22:42,1KI,1Kings,R0,REVIEW_CANDIDATE,0.1527127318275157,0.2134238491198039,0.1471697863256086,WORK,-0.060711117292288175,0.0055429455019071205,0.7155373331393323,1.0376636104481631,False,False
3078,1539,1180,35,1KI:22:42,1KI,1Kings,R1,REVIEW_CANDIDATE,0.1527127318275157,0.2134238491198039,0.1471697863256086,WORK,-0.060711117292288175,0.0055429455019071205,0.7155373331393323,1.0376636104481631,False,False
3079,1540,1181,36,1KI:17:3,1KI,1Kings,R0,REVIEW_CANDIDATE,0.1525803649306037,0.2134238491198039,0.1471697863256086,WORK,-0.060843484189200187,0.005410578604995109,0.7149171264592545,1.036764194201005,False,False
3080,1540,1181,36,1KI:17:3,1KI,1Kings,R1,REVIEW_CANDIDATE,0.1525803649306037,0.2134238491198039,0.1471697863256086,WORK,-0.060843484189200187,0.005410578604995109,0.7149171264592545,1.036764194201005,False,False
3081,1541,1182,65,NUM:28:18,NUM,Numbers,R0,REVIEW_CANDIDATE,0.1522264595673517,0.2060272335177108,0.1521304504522337,WORK,-0.05380077395035909,9.600911511800647e-05,0.7388657167707191,1.0006310972907304,False,False
3082,1541,1182,65,NUM:28:18,NUM,Numbers,R1,REVIEW_CANDIDATE,0.1522264595673517,0.2060272335177108,0.1521304504522337,WORK,-0.05380077395035909,9.600911511800647e-05,0.7388657167707191,1.0006310972907304,False,False
3083,1542,1183,48,EXO:12:19,EXO,Exodus,R0,REVIEW_CANDIDATE,0.1521952184078132,0.2061688329235183,0.1458137712888438,WORK,-0.05397361451570512,0.006381447118969402,0.7382067223723989,1.0437643650703494,False,False
3084,1542,1183,48,EXO:12:19,EXO,Exodus,R1,REVIEW_CANDIDATE,0.1521952184078132,0.2061688329235183,0.1458137712888438,WORK,-0.05397361451570512,0.006381447118969402,0.7382067223723989,1.0437643650703494,False,False
3085,1543,1184,58,EZE:9:4,EZE,Ezekiel,R0,REVIEW_CANDIDATE,0.1521359279800935,0.1977293149575067,0.1466200453576744,WORK,-0.04559338697741319,0.005515882622419116,0.7694151371170658,1.0376202490523265,False,False
3086,1543,1184,58,EZE:9:4,EZE,Ezekiel,R1,REVIEW_CANDIDATE,0.1521359279800935,0.1977293149575067,0.1466200453576744,WORK,-0.04559338697741319,0.005515882622419116,0.7694151371170658,1.0376202490523265,False,False
3087,1544,1185,43,LEV:25:52,LEV,Leviticus,R0,REVIEW_CANDIDATE,0.1520953666487936,0.2536937138059426,0.1520578598094974,WORK,-0.10159834715714897,3.750683929620857e-05,0.5995235923154786,1.0002466616282986,False,False
3088,1544,1185,43,LEV:25:52,LEV,Leviticus,R1,REVIEW_CANDIDATE,0.1520953666487936,0.2536937138059426,0.1520578598094974,WORK,-0.10159834715714897,3.750683929620857e-05,0.5995235923154786,1.0002466616282986,False,False
3089,1545,1186,37,1KI:20:12,1KI,1Kings,R0,REVIEW_CANDIDATE,0.1519529361878595,0.2134238491198039,0.1471697863256086,WORK,-0.0614709129319444,0.004783149862250896,0.7119773015740234,1.0325008956095671,False,False
3090,1545,1186,37,1KI:20:12,1KI,1Kings,R1,REVIEW_CANDIDATE,0.1519529361878595,0.2134238491198039,0.1471697863256086,WORK,-0.0614709129319444,0.004783149862250896,0.7119773015740234,1.0325008956095671,False,False
3091,1546,1187,6,1PE:1:9,1PE,1Peter,R0,REVIEW_CANDIDATE,0.1518142699501471,0.1950868502873471,0.1508743635188615,WORK,-0.043272580337199995,0.0009399064312856087,0.7781881235282491,1.0062297292221425,False,False
3092,1546,1187,6,1PE:1:9,1PE,1Peter,R1,REVIEW_CANDIDATE,0.1518142699501471,0.1950868502873471,0.1508743635188615,WORK,-0.043272580337199995,0.0009399064312856087,0.7781881235282491,1.0062297292221425,False,False
3093,1547,1188,38,1KI:14:1,1KI,1Kings,R0,REVIEW_CANDIDATE,0.1516794726067555,0.2134238491198039,0.1471697863256086,WORK,-0.0617443765130484,0.004509686281146896,0.7106959846910611,1.0306427453198128,False,False
3094,1547,1188,38,1KI:14:1,1KI,1Kings,R1,REVIEW_CANDIDATE,0.1516794726067555,0.2134238491198039,0.1471697863256086,WORK,-0.0617443765130484,0.004509686281146896,0.7106959846910611,1.0306427453198128,False,False
3095,1548,1189,49,EXO:36:19,EXO,Exodus,R0,REVIEW_CANDIDATE,0.151094044315474,0.2061688329235183,0.1458137712888438,WORK,-0.05507478860804432,0.0052802730266302,0.7328655945369046,1.0362124439959135,False,False
3096,1548,1189,49,EXO:36:19,EXO,Exodus,R1,REVIEW_CANDIDATE,0.151094044315474,0.2061688329235183,0.1458137712888438,WORK,-0.05507478860804432,0.0052802730266302,0.7328655945369046,1.0362124439959135,False,False
3097,1549,1190,14,REV:15:6,REV,Revelation,R0,REVIEW_CANDIDATE,0.1510747979696266,0.1680160935170368,0.134798252815794,WORK,-0.016941295547410196,0.016276545153832617,0.8991686141917569,1.1207474489752847,False,False
3098,1549,1190,14,REV:15:6,REV,Revelation,R1,REVIEW_CANDIDATE,0.1510747979696266,0.1680160935170368,0.134798252815794,WORK,-0.016941295547410196,0.016276545153832617,0.8991686141917569,1.1207474489752847,False,False
3099,1550,1191,50,EXO:8:3,EXO,Exodus,R0,REVIEW_CANDIDATE,0.1510558662942323,0.2061688329235183,0.1458137712888438,WORK,-0.055112966629286025,0.005242095005388497,0.7326804161047413,1.0359506167288162,False,False
3100,1550,1191,50,EXO:8:3,EXO,Exodus,R1,REVIEW_CANDIDATE,0.1510558662942323,0.2061688329235183,0.1458137712888438,WORK,-0.055112966629286025,0.005242095005388497,0.7326804161047413,1.0359506167288162,False,False
3101,1551,1192,51,EXO:28:21,EXO,Exodus,R0,REVIEW_CANDIDATE,0.1510499950950643,0.2061688329235183,0.1458137712888438,WORK,-0.055118837828454004,0.005236223806220519,0.7326519384775233,1.0359103516762354,False,False
3102,1551,1192,51,EXO:28:21,EXO,Exodus,R1,REVIEW_CANDIDATE,0.1510499950950643,0.2061688329235183,0.1458137712888438,WORK,-0.055118837828454004,0.005236223806220519,0.7326519384775233,1.0359103516762354,False,False
3103,1552,1193,8,HOS:6:7,HOS,Hosea,R0,REVIEW_CANDIDATE,0.1509480014492972,0.1864811853428518,0.1389984160707465,WORK,-0.03553318389355459,0.011949585378550703,0.8094543220098818,1.085969219767718,False,False
3104,1552,1193,8,HOS:6:7,HOS,Hosea,R1,REVIEW_CANDIDATE,0.1509480014492972,0.1864811853428518,0.1389984160707465,WORK,-0.03553318389355459,0.011949585378550703,0.8094543220098818,1.085969219767718,False,False
3105,1553,1194,59,EZE:44:29,EZE,Ezekiel,R0,REVIEW_CANDIDATE,0.1507759252750052,0.1977293149575067,0.1466200453576744,WORK,-0.04695338968250151,0.004155879917330796,0.7625370335572543,1.0283445548471404,False,False
3106,1553,1194,59,EZE:44:29,EZE,Ezekiel,R1,REVIEW_CANDIDATE,0.1507759252750052,0.1977293149575067,0.1466200453576744,WORK,-0.04695338968250151,0.004155879917330796,0.7625370335572543,1.0283445548471404,False,False
3107,1554,1195,39,1KI:1:31,1KI,1Kings,R0,REVIEW_CANDIDATE,0.1505244681650491,0.2134238491198039,0.1471697863256086,WORK,-0.06289938095475478,0.0033546818394405153,0.7052841975526049,1.022794636882997,False,False
3108,1554,1195,39,1KI:1:31,1KI,1Kings,R1,REVIEW_CANDIDATE,0.1505244681650491,0.2134238491198039,0.1471697863256086,WORK,-0.06289938095475478,0.0033546818394405153,0.7052841975526049,1.022794636882997,False,False
3109,1555,1196,52,EXO:1:18,EXO,Exodus,R0,REVIEW_CANDIDATE,0.1500973961407767,0.2061688329235183,0.1458137712888438,WORK,-0.056071436782741624,0.004283624851932899,0.7280314585495945,1.0293773682284606,False,False
3110,1555,1196,52,EXO:1:18,EXO,Exodus,R1,REVIEW_CANDIDATE,0.1500973961407767,0.2061688329235183,0.1458137712888438,WORK,-0.056071436782741624,0.004283624851932899,0.7280314585495945,1.0293773682284606,False,False
3111,1556,1197,3,JOE:3:1,JOE,Joel,R0,REVIEW_CANDIDATE,0.1500690592706898,0.1953566744675042,0.1475193186155204,WORK,-0.0452876151968144,0.0025497406551694135,0.7681798417164007,1.0172841135594912,False,False
3112,1556,1197,3,JOE:3:1,JOE,Joel,R1,REVIEW_CANDIDATE,0.1500690592706898,0.1953566744675042,0.1475193186155204,WORK,-0.0452876151968144,0.0025497406551694135,0.7681798417164007,1.0172841135594912,False,False
3113,1557,1198,4,JOE:2:18,JOE,Joel,R0,REVIEW_CANDIDATE,0.1499653794294984,0.1953566744675042,0.1475193186155204,WORK,-0.04539129503800582,0.002446060813977996,0.7676491209643506,1.0165812914331116,False,False
3114,1557,1198,4,JOE:2:18,JOE,Joel,R1,REVIEW_CANDIDATE,0.1499653794294984,0.1953566744675042,0.1475193186155204,WORK,-0.04539129503800582,0.002446060813977996,0.7676491209643506,1.0165812914331116,False,False
3115,1558,1199,53,EXO:39:28,EXO,Exodus,R0,REVIEW_CANDIDATE,0.149856047106683,0.2061688329235183,0.1458137712888438,WORK,-0.056312785816835326,0.004042275817839197,0.7268608207248984,1.027722181396926,False,False
3116,1558,1199,53,EXO:39:28,EXO,Exodus,R1,REVIEW_CANDIDATE,0.149856047106683,0.2061688329235183,0.1458137712888438,WORK,-0.056312785816835326,0.004042275817839197,0.7268608207248984,1.027722181396926,False,False
3117,1559,1200,15,REV:11:12,REV,Revelation,R0,REVIEW_CANDIDATE,0.1497183167015247,0.1680160935170368,0.134798252815794,WORK,-0.018297776815512118,0.014920063885730694,0.8910950943300159,1.1106844011258767,False,False
3118,1559,1200,15,REV:11:12,REV,Revelation,R1,REVIEW_CANDIDATE,0.1497183167015247,0.1680160935170368,0.134798252815794,WORK,-0.018297776815512118,0.014920063885730694,0.8910950943300159,1.1106844011258767,False,False
3119,1560,1201,40,1KI:22:50,1KI,1Kings,R0,REVIEW_CANDIDATE,0.1495668269818091,0.2134238491198039,0.1471697863256086,WORK,-0.0638570221379948,0.0023970406562004998,0.7007971583243767,1.016287586712242,False,False
3120,1560,1201,40,1KI:22:50,1KI,1Kings,R1,REVIEW_CANDIDATE,0.1495668269818091,0.2134238491198039,0.1471697863256086,WORK,-0.0638570221379948,0.0023970406562004998,0.7007971583243767,1.016287586712242,False,False
3121,1561,1202,54,EXO:38:13,EXO,Exodus,R0,REVIEW_CANDIDATE,0.1494696805105535,0.2061688329235183,0.1458137712888438,WORK,-0.056699152412964804,0.003655909221709719,0.7249867906367871,1.0250724550184473,False,False
3122,1561,1202,54,EXO:38:13,EXO,Exodus,R1,REVIEW_CANDIDATE,0.1494696805105535,0.2061688329235183,0.1458137712888438,WORK,-0.056699152412964804,0.003655909221709719,0.7249867906367871,1.0250724550184473,False,False
3123,1562,1203,55,EXO:12:24,EXO,Exodus,R0,REVIEW_CANDIDATE,0.1494645392986807,0.2061688329235183,0.1458137712888438,WORK,-0.056704293624837615,0.0036507680098369077,0.7249618537353171,1.0250371962645768,False,False
3124,1562,1203,55,EXO:12:24,EXO,Exodus,R1,REVIEW_CANDIDATE,0.1494645392986807,0.2061688329235183,0.1458137712888438,WORK,-0.056704293624837615,0.0036507680098369077,0.7249618537353171,1.0250371962645768,False,False
3125,1563,1204,60,EZE:41:14,EZE,Ezekiel,R0,REVIEW_CANDIDATE,0.1493400278689619,0.1977293149575067,0.1466200453576744,WORK,-0.04838928708854481,0.0027199825112874942,0.7552750986926547,1.0185512322319379,False,False
3126,1563,1204,60,EZE:41:14,EZE,Ezekiel,R1,REVIEW_CANDIDATE,0.1493400278689619,0.1977293149575067,0.1466200453576744,WORK,-0.04838928708854481,0.0027199825112874942,0.7552750986926547,1.0185512322319379,False,False
3127,1564,1205,56,EXO:21:7,EXO,Exodus,R0,REVIEW_CANDIDATE,0.1493393595386141,0.2061688329235183,0.1458137712888438,WORK,-0.05682947338490421,0.0035255882497703117,0.7243546826207915,1.0241787056092695,False,False
3128,1564,1205,56,EXO:21:7,EXO,Exodus,R1,REVIEW_CANDIDATE,0.1493393595386141,0.2061688329235183,0.1458137712888438,WORK,-0.05682947338490421,0.0035255882497703117,0.7243546826207915,1.0241787056092695,False,False
3129,1565,1206,61,EZE:27:6,EZE,Ezekiel,R0,REVIEW_CANDIDATE,0.1489038145541408,0.1977293149575067,0.1466200453576744,WORK,-0.04882550040336589,0.0022837691964664175,0.7530689851737017,1.015576104828608,False,False
3130,1565,1206,61,EZE:27:6,EZE,Ezekiel,R1,REVIEW_CANDIDATE,0.1489038145541408,0.1977293149575067,0.1466200453576744,WORK,-0.04882550040336589,0.0022837691964664175,0.7530689851737017,1.015576104828608,False,False
3131,1566,1207,62,EZE:22:2,EZE,Ezekiel,R0,REVIEW_CANDIDATE,0.1487552300149247,0.1977293149575067,0.1466200453576744,WORK,-0.048974084942582014,0.002135184657250294,0.7523175308976979,1.0145627062932738,False,False
3132,1566,1207,62,EZE:22:2,EZE,Ezekiel,R1,REVIEW_CANDIDATE,0.1487552300149247,0.1977293149575067,0.1466200453576744,WORK,-0.048974084942582014,0.002135184657250294,0.7523175308976979,1.0145627062932738,False,False
3133,1567,1208,5,2TH:1:7,2TH,2Thessalonians,R0,REVIEW_CANDIDATE,0.1484608777503521,0.1603533369842948,0.1450524842636141,WORK,-0.011892459233942693,0.003408393486737993,0.9258359105111267,1.0234976567553553,True,False
3134,1567,1208,5,2TH:1:7,2TH,2Thessalonians,R1,REVIEW_CANDIDATE,0.1484608777503521,0.1603533369842948,0.1450524842636141,WORK,-0.011892459233942693,0.003408393486737993,0.9258359105111267,1.0234976567553553,True,False
3135,1568,1209,57,EXO:7:18,EXO,Exodus,R0,REVIEW_CANDIDATE,0.1480833335347804,0.2061688329235183,0.1458137712888438,WORK,-0.058085499388737916,0.002269562245936607,0.7182624620556217,1.0155648004017455,False,False
3136,1568,1209,57,EXO:7:18,EXO,Exodus,R1,REVIEW_CANDIDATE,0.1480833335347804,0.2061688329235183,0.1458137712888438,WORK,-0.058085499388737916,0.002269562245936607,0.7182624620556217,1.0155648004017455,False,False
3137,1569,1210,58,EXO:2:3,EXO,Exodus,R0,REVIEW_CANDIDATE,0.1478695406623781,0.2061688329235183,0.1458137712888438,WORK,-0.05829929226114022,0.0020557693735342997,0.717225482462874,1.0140985954575032,False,False
3138,1569,1210,58,EXO:2:3,EXO,Exodus,R1,REVIEW_CANDIDATE,0.1478695406623781,0.2061688329235183,0.1458137712888438,WORK,-0.05829929226114022,0.0020557693735342997,0.717225482462874,1.0140985954575032,False,False
3139,1570,1211,59,EXO:14:6,EXO,Exodus,R0,REVIEW_CANDIDATE,0.1478112868231813,0.2061688329235183,0.1458137712888438,WORK,-0.05835754610033703,0.001997515534337496,0.7169429284105919,1.0136990869701916,False,False
3140,1570,1211,59,EXO:14:6,EXO,Exodus,R1,REVIEW_CANDIDATE,0.1478112868231813,0.2061688329235183,0.1458137712888438,WORK,-0.05835754610033703,0.001997515534337496,0.7169429284105919,1.0136990869701916,False,False
3141,1571,1212,5,COL:1:15,COL,Colossians,R0,REVIEW_CANDIDATE,0.147771437399657,0.2730871053769968,0.138006481036082,WORK,-0.1253156679773398,0.009764956363574995,0.541114664479154,1.0707572303145816,False,False
3142,1571,1212,5,COL:1:15,COL,Colossians,R1,REVIEW_CANDIDATE,0.147771437399657,0.2730871053769968,0.138006481036082,WORK,-0.1253156679773398,0.009764956363574995,0.541114664479154,1.0707572303145816,False,False
3143,1572,1213,63,EZE:39:25,EZE,Ezekiel,R0,REVIEW_CANDIDATE,0.1476521446100025,0.1977293149575067,0.1466200453576744,WORK,-0.050077170347504196,0.0010320992523281114,0.7467387657805515,1.0070392779500943,False,False
3144,1572,1213,63,EZE:39:25,EZE,Ezekiel,R1,REVIEW_CANDIDATE,0.1476521446100025,0.1977293149575067,0.1466200453576744,WORK,-0.050077170347504196,0.0010320992523281114,0.7467387657805515,1.0070392779500943,False,False
3145,1573,1214,41,1KI:15:8,1KI,1Kings,R0,REVIEW_CANDIDATE,0.1472438548736367,0.2134238491198039,0.1471697863256086,WORK,-0.06617999424616719,7.406854802810559e-05,0.689912844702667,1.000503286373361,False,False
3146,1573,1214,41,1KI:15:8,1KI,1Kings,R1,REVIEW_CANDIDATE,0.1472438548736367,0.2134238491198039,0.1471697863256086,WORK,-0.06617999424616719,7.406854802810559e-05,0.689912844702667,1.000503286373361,False,False
3147,1574,1215,5,2TI:2:4,2TI,2Timothy,R0,REVIEW_CANDIDATE,0.1470877045499542,0.2290126881330892,0.146743089583669,WORK,-0.08192498358313499,0.0003446149662852116,0.6422688006896594,1.002348423815138,False,False
3148,1574,1215,5,2TI:2:4,2TI,2Timothy,R1,REVIEW_CANDIDATE,0.1470877045499542,0.2290126881330892,0.146743089583669,WORK,-0.08192498358313499,0.0003446149662852116,0.6422688006896594,1.002348423815138,False,False
3149,1575,1216,64,EZE:5:5,EZE,Ezekiel,R0,REVIEW_CANDIDATE,0.1467134705387954,0.1977293149575067,0.1466200453576744,WORK,-0.05101584441871129,9.342518112101517e-05,0.7419914976710715,1.0006371924172655,False,False
3150,1575,1216,64,EZE:5:5,EZE,Ezekiel,R1,REVIEW_CANDIDATE,0.1467134705387954,0.1977293149575067,0.1466200453576744,WORK,-0.05101584441871129,9.342518112101517e-05,0.7419914976710715,1.0006371924172655,False,False
3151,1576,1217,60,EXO:10:10,EXO,Exodus,R0,REVIEW_CANDIDATE,0.1466100446094892,0.2061688329235183,0.1458137712888438,WORK,-0.05955878831402911,0.0007962733206454131,0.7111164307937689,1.0054608924356538,False,False
3152,1576,1217,60,EXO:10:10,EXO,Exodus,R1,REVIEW_CANDIDATE,0.1466100446094892,0.2061688329235183,0.1458137712888438,WORK,-0.05955878831402911,0.0007962733206454131,0.7111164307937689,1.0054608924356538,False,False
3153,1577,1218,16,REV:5:6,REV,Revelation,R0,REVIEW_CANDIDATE,0.1465783872946831,0.1680160935170368,0.134798252815794,WORK,-0.02143770622235372,0.011780134478889093,0.87240682857455,1.0873908543531867,False,False
3154,1577,1218,16,REV:5:6,REV,Revelation,R1,REVIEW_CANDIDATE,0.1465783872946831,0.1680160935170368,0.134798252815794,WORK,-0.02143770622235372,0.011780134478889093,0.87240682857455,1.0873908543531867,False,False
3155,1578,1219,1,ZEP:1:18,ZEP,Zephaniah,R0,REVIEW_CANDIDATE,0.1463255410663544,0.1476211133427107,0.1354181251902889,WORK,-0.0012955722763562938,0.010907415876065502,0.9912236654566576,1.0805462035509534,False,False
3156,1578,1219,1,ZEP:1:18,ZEP,Zephaniah,R1,REVIEW_CANDIDATE,0.1463255410663544,0.1476211133427107,0.1354181251902889,WORK,-0.0012955722763562938,0.010907415876065502,0.9912236654566576,1.0805462035509534,False,False
3157,1579,1220,9,HOS:14:3,HOS,Hosea,R0,REVIEW_CANDIDATE,0.1459431740616931,0.1864811853428518,0.1389984160707465,WORK,-0.04053801128115869,0.006944757990946598,0.7826160789002482,1.0499628570401256,False,False
3158,1579,1220,9,HOS:14:3,HOS,Hosea,R1,REVIEW_CANDIDATE,0.1459431740616931,0.1864811853428518,0.1389984160707465,WORK,-0.04053801128115869,0.006944757990946598,0.7826160789002482,1.0499628570401256,False,False
3159,1580,1221,61,EXO:32:17,EXO,Exodus,R0,REVIEW_CANDIDATE,0.1458203844268134,0.2061688329235183,0.1458137712888438,WORK,-0.060348448496704926,6.613137969596616e-06,0.7072862680505536,1.0000453533154732,False,False
3160,1580,1221,61,EXO:32:17,EXO,Exodus,R1,REVIEW_CANDIDATE,0.1458203844268134,0.2061688329235183,0.1458137712888438,WORK,-0.060348448496704926,6.613137969596616e-06,0.7072862680505536,1.0000453533154732,False,False
3161,1581,1222,2,ZEP:3:8,ZEP,Zephaniah,R0,REVIEW_CANDIDATE,0.1455473136347755,0.1476211133427107,0.1354181251902889,WORK,-0.0020737997079351977,0.010129188444486598,0.985951875981854,1.074799355184198,False,False
3162,1581,1222,2,ZEP:3:8,ZEP,Zephaniah,R1,REVIEW_CANDIDATE,0.1455473136347755,0.1476211133427107,0.1354181251902889,WORK,-0.0020737997079351977,0.010129188444486598,0.985951875981854,1.074799355184198,False,False
3163,1582,1223,3,OBA:1:17,OBA,Obadiah,R0,REVIEW_CANDIDATE,0.1453662527406519,0.1554911388210412,0.1421783435702746,WORK,-0.010124886080389306,0.003187909170377312,0.9348844817964688,1.022421903999758,True,False
3164,1582,1223,3,OBA:1:17,OBA,Obadiah,R1,REVIEW_CANDIDATE,0.1453662527406519,0.1554911388210412,0.1421783435702746,WORK,-0.010124886080389306,0.003187909170377312,0.9348844817964688,1.022421903999758,True,False
3165,1583,1224,17,REV:17:10,REV,Revelation,R0,REVIEW_CANDIDATE,0.1420311144359602,0.1680160935170368,0.134798252815794,WORK,-0.02598497908107661,0.007232861620166203,0.845342320862604,1.0536569389371102,False,False
3166,1583,1224,17,REV:17:10,REV,Revelation,R1,REVIEW_CANDIDATE,0.1420311144359602,0.1680160935170368,0.134798252815794,WORK,-0.02598497908107661,0.007232861620166203,0.845342320862604,1.0536569389371102,False,False
3167,1584,1225,3,RUT:4:8,RUT,Ruth,R0,REVIEW_CANDIDATE,0.1406258570653449,0.1897595273236972,0.1190568111917592,WORK,-0.0491336702583523,0.021569045873585685,0.7410740269470703,1.1811659967848915,False,False
3168,1584,1225,3,RUT:4:8,RUT,Ruth,R1,REVIEW_CANDIDATE,0.1406258570653449,0.1897595273236972,0.1190568111917592,WORK,-0.0491336702583523,0.021569045873585685,0.7410740269470703,1.1811659967848915,False,False
3169,1585,1226,10,HOS:8:7,HOS,Hosea,R0,REVIEW_CANDIDATE,0.1393691743665196,0.1864811853428518,0.1389984160707465,WORK,-0.04711201097633219,0.00037075829577309927,0.7473631943634678,1.0026673562638613,False,False
3170,1585,1226,10,HOS:8:7,HOS,Hosea,R1,REVIEW_CANDIDATE,0.1393691743665196,0.1864811853428518,0.1389984160707465,WORK,-0.04711201097633219,0.00037075829577309927,0.7473631943634678,1.0026673562638613,False,False
3171,1586,1227,18,REV:16:17,REV,Revelation,R0,REVIEW_CANDIDATE,0.138257256400314,0.1680160935170368,0.134798252815794,WORK,-0.02975883711672281,0.003459003584520004,0.8228810318476708,1.025660596574993,False,False
3172,1586,1227,18,REV:16:17,REV,Revelation,R1,REVIEW_CANDIDATE,0.138257256400314,0.1680160935170368,0.134798252815794,WORK,-0.02975883711672281,0.003459003584520004,0.8228810318476708,1.025660596574993,False,False
3173,1587,1228,19,REV:10:6,REV,Revelation,R0,REVIEW_CANDIDATE,0.1380064378637862,0.1680160935170368,0.134798252815794,WORK,-0.030009655653250616,0.003208185047992196,0.8213882073730774,1.023799900821981,False,False
3174,1587,1228,19,REV:10:6,REV,Revelation,R1,REVIEW_CANDIDATE,0.1380064378637862,0.1680160935170368,0.134798252815794,WORK,-0.030009655653250616,0.003208185047992196,0.8213882073730774,1.023799900821981,False,False
3175,1588,1229,20,REV:19:3,REV,Revelation,R0,REVIEW_CANDIDATE,0.1374415792225319,0.1680160935170368,0.134798252815794,WORK,-0.030574514294504918,0.0026433264067378948,0.8180262756114809,1.019609500505545,False,False
3176,1588,1229,20,REV:19:3,REV,Revelation,R1,REVIEW_CANDIDATE,0.1374415792225319,0.1680160935170368,0.134798252815794,WORK,-0.030574514294504918,0.0026433264067378948,0.8180262756114809,1.019609500505545,False,False
3177,1589,1230,3,ZEP:2:15,ZEP,Zephaniah,R0,REVIEW_CANDIDATE,0.1359343104925662,0.1476211133427107,0.1354181251902889,WORK,-0.011686802850144479,0.0005161853022773166,0.9208324433713427,1.0038117888691191,False,False
3178,1589,1230,3,ZEP:2:15,ZEP,Zephaniah,R1,REVIEW_CANDIDATE,0.1359343104925662,0.1476211133427107,0.1354181251902889,WORK,-0.011686802850144479,0.0005161853022773166,0.9208324433713427,1.0038117888691191,False,False
3179,1590,1231,21,REV:1:20,REV,Revelation,R0,REVIEW_CANDIDATE,0.1348550162367879,0.1680160935170368,0.134798252815794,WORK,-0.03316107728024892,5.6763420993893865e-05,0.8026315420975647,1.0004210990855458,False,False
3180,1590,1231,21,REV:1:20,REV,Revelation,R1,REVIEW_CANDIDATE,0.1348550162367879,0.1680160935170368,0.134798252815794,WORK,-0.03316107728024892,5.6763420993893865e-05,0.8026315420975647,1.0004210990855458,False,False
3181,1591,1232,4,RUT:2:5,RUT,Ruth,R0,REVIEW_CANDIDATE,0.1260735336792511,0.1897595273236972,0.1190568111917592,WORK,-0.0636859936444461,0.007016722487491883,0.6643857910975467,1.0589359182163074,False,False
3182,1591,1232,4,RUT:2:5,RUT,Ruth,R1,REVIEW_CANDIDATE,0.1260735336792511,0.1897595273236972,0.1190568111917592,WORK,-0.0636859936444461,0.007016722487491883,0.6643857910975467,1.0589359182163074,False,False
3183,1592,1233,5,RUT:4:17,RUT,Ruth,R0,REVIEW_CANDIDATE,0.1241579029337731,0.1897595273236972,0.1190568111917592,WORK,-0.06560162438992409,0.005101091742013897,0.6542907472676248,1.042845862332041,False,False
3184,1592,1233,5,RUT:4:17,RUT,Ruth,R1,REVIEW_CANDIDATE,0.1241579029337731,0.1897595273236972,0.1190568111917592,WORK,-0.06560162438992409,0.005101091742013897,0.6542907472676248,1.042845862332041,False,False
3185,1593,1234,4,TIT:2:6,TIT,Titus,R0,REVIEW_CANDIDATE,0.1198185458121837,0.1252064804171093,0.1130923812925082,WORK,-0.005387934604925607,0.00672616451967549,0.9569676059340028,1.0594749570466517,True,False
3186,1593,1234,4,TIT:2:6,TIT,Titus,R1,REVIEW_CANDIDATE,0.1198185458121837,0.1252064804171093,0.1130923812925082,WORK,-0.005387934604925607,0.00672616451967549,0.9569676059340028,1.0594749570466517,True,False
3187,1594,1235,5,JUD:1:15,JUD,Jude,R0,REVIEW_CANDIDATE,0.1195040079465346,0.1290468497342604,0.1183011487317167,WORK,-0.009542841787725798,0.0012028592148179001,0.9260513386620682,1.0101677729059566,True,False
3188,1594,1235,5,JUD:1:15,JUD,Jude,R1,REVIEW_CANDIDATE,0.1195040079465346,0.1290468497342604,0.1183011487317167,WORK,-0.009542841787725798,0.0012028592148179001,0.9260513386620682,1.0101677729059566,True,False
3189,1595,1236,6,NAH:3:7,NAH,Nahum,R0,REVIEW_CANDIDATE,0.1190308031845565,0.1250480150193433,0.1130454271588448,WORK,-0.00601721183478679,0.005985376025711697,0.9518807888805272,1.0529466443370716,True,False
3190,1595,1236,6,NAH:3:7,NAH,Nahum,R1,REVIEW_CANDIDATE,0.1190308031845565,0.1250480150193433,0.1130454271588448,WORK,-0.00601721183478679,0.005985376025711697,0.9518807888805272,1.0529466443370716,True,False
3191,1596,1237,7,NAH:3:10,NAH,Nahum,R0,REVIEW_CANDIDATE,0.1177500432648321,0.1250480150193433,0.1130454271588448,WORK,-0.00729797175451119,0.004704616105987297,0.9416386437371094,1.0416170403724216,True,False
3192,1596,1237,7,NAH:3:10,NAH,Nahum,R1,REVIEW_CANDIDATE,0.1177500432648321,0.1250480150193433,0.1130454271588448,WORK,-0.00729797175451119,0.004704616105987297,0.9416386437371094,1.0416170403724216,True,False
3193,1597,1238,8,NAH:2:7,NAH,Nahum,R0,REVIEW_CANDIDATE,0.1159783323192884,0.1250480150193433,0.1130454271588448,WORK,-0.009069682700054885,0.0029329051604436024,0.92747039848132,1.0259444829760558,True,False
3194,1597,1238,8,NAH:2:7,NAH,Nahum,R1,REVIEW_CANDIDATE,0.1159783323192884,0.1250480150193433,0.1130454271588448,WORK,-0.009069682700054885,0.0029329051604436024,0.92747039848132,1.0259444829760558,True,False
