unit_key,work_code,division_level_1,division_level_2,drift_r0,drift_r1,drift_r2,delta_representation_left,delta_representation_right,delta_value,text_raw_left,text_raw_right,text_norm_left,text_norm_right,drift_label_r0,drift_label_r1,drift_label_r2,residual_class,character_diff_summary,token_diff_summary,phrase_diff_summary,category_labels
MRK:14:17,MRK,14,17,0.5350452401879036,0.5350452401879036,,R0,R1,0.0,And in the euening hee commeth with the twelue.,And in the evening he cometh with the twelve.,and in the euening hee commeth with the twelue.,and in the evening he cometh with the twelve.,STRONG_OUTLIER,STRONG_OUTLIER,,normalization_insensitive,"ops={replace:2, delete:2, insert:0}; examples=replace: [u] -> [v] | delete: [e] -> [] | delete: [m] -> [] | replace: [u] -> [v]","ops={replace:2, delete:0, insert:0}; examples=replace: [euening hee commeth] -> [evening he cometh] | replace: [twelue.] -> [twelve.]","ops={replace:1, delete:0, insert:0}; examples=replace: [And in the euening hee commeth with the twelue] -> [And in the evening he cometh with the twelve]",
1TH:5:16,1TH,5,16,0.5123821549303869,0.5123821549303869,,R0,R1,0.0,Reioyce euermore:,Rejoice evermore.,reioyce euermore:,rejoice evermore.,STRONG_OUTLIER,STRONG_OUTLIER,,normalization_insensitive,"ops={replace:2, delete:1, insert:1}; examples=insert: [] -> [j o] | delete: [o y] -> [] | replace: [u] -> [v] | replace: [:] -> [.]","ops={replace:1, delete:0, insert:0}; examples=replace: [Reioyce euermore:] -> [Rejoice evermore.]","ops={replace:1, delete:0, insert:0}; examples=replace: [Reioyce euermore] -> [Rejoice evermore]",
LEV:11:15,LEV,11,15,0.5034481012215494,0.5034481012215494,,R0,R1,0.0,Euery Rauen after his kinde:,Every raven after his kind;,euery rauen after his kinde:,every raven after his kind;,STRONG_OUTLIER,STRONG_OUTLIER,,normalization_insensitive,"ops={replace:4, delete:0, insert:0}; examples=replace: [u] -> [v] | replace: [R] -> [r] | replace: [u] -> [v] | replace: [e :] -> [;]","ops={replace:2, delete:0, insert:0}; examples=replace: [Euery Rauen] -> [Every raven] | replace: [kinde:] -> [kind;]","ops={replace:1, delete:0, insert:0}; examples=replace: [Euery Rauen after his kinde] -> [Every raven after his kind]",
MAT:27:14,MAT,27,14,0.4950398511801868,0.4950398511801868,,R0,R1,0.0,And he answered him to neuer a word: insomuch that the Gouernour marueiled greatly.,And he answered him to never a word; insomuch that the governor marvelled greatly.,and he answered him to neuer a word: insomuch that the gouernour marueiled greatly.,and he answered him to never a word; insomuch that the governor marvelled greatly.,STRONG_OUTLIER,STRONG_OUTLIER,,normalization_insensitive,"ops={replace:6, delete:1, insert:0}; examples=replace: [u] -> [v] | replace: [:] -> [;] | replace: [G] -> [g] | replace: [u] -> [v] | delete: [u] -> [] | replace: [u] -> [v] | replace: [i] -> [l]","ops={replace:3, delete:0, insert:0}; examples=replace: [neuer] -> [never] | replace: [word:] -> [word;] | replace: [Gouernour marueiled] -> [governor marvelled]","ops={replace:1, delete:0, insert:0}; examples=replace: [And he answered him to neuer a word insomuch that the Gouernour marueiled greatly] -> [And he answered him to never a word insomuch that the governor marvelled greatly]",
DEU:14:14,DEU,14,14,0.49177265043477303,0.49177265043477303,,R0,R1,0.0,"And euery rauen after his kinde,","And every raven after his kind,","and euery rauen after his kinde,","and every raven after his kind,",STRONG_OUTLIER,STRONG_OUTLIER,,normalization_insensitive,"ops={replace:2, delete:1, insert:0}; examples=replace: [u] -> [v] | replace: [u] -> [v] | delete: [e] -> []","ops={replace:2, delete:0, insert:0}; examples=replace: [euery rauen] -> [every raven] | replace: [kinde,] -> [kind,]","ops={replace:1, delete:0, insert:0}; examples=replace: [And euery rauen after his kinde] -> [And every raven after his kind]",
2TI:3:7,2TI,3,7,0.4668320700103119,0.4668320700103119,,R0,R1,0.0,"Euer learning, and neuer able to come to the knowledge of the trueth.","Ever learning, and never able to come to the knowledge of the truth.","euer learning, and neuer able to come to the knowledge of the trueth.","ever learning, and never able to come to the knowledge of the truth.",STRONG_OUTLIER,STRONG_OUTLIER,,normalization_insensitive,"ops={replace:2, delete:1, insert:0}; examples=replace: [u] -> [v] | replace: [u] -> [v] | delete: [e] -> []","ops={replace:3, delete:0, insert:0}; examples=replace: [Euer] -> [Ever] | replace: [neuer] -> [never] | replace: [trueth.] -> [truth.]","ops={replace:1, delete:0, insert:0}; examples=replace: [Euer learning and neuer able to come to the knowledge of the trueth] -> [Ever learning and never able to come to the knowledge of the truth]",
LUK:19:1,LUK,19,1,0.46528417106164954,0.46528417106164954,,R0,R1,0.0,"And Iesus entred, and passed thorow Iericho.",And Jesus entered and passed through Jericho.,"and iesus entred, and passed thorow iericho.",and jesus entered and passed through jericho.,STRONG_OUTLIER,STRONG_OUTLIER,,normalization_insensitive,"ops={replace:3, delete:2, insert:1}; examples=replace: [I] -> [J] | insert: [] -> [e] | delete: [,] -> [] | delete: [o] -> [] | replace: [w] -> [u g h] | replace: [I] -> [J]","ops={replace:2, delete:0, insert:0}; examples=replace: [Iesus entred,] -> [Jesus entered] | replace: [thorow Iericho.] -> [through Jericho.]","ops={replace:1, delete:0, insert:0}; examples=replace: [And Iesus entred and passed thorow Iericho] -> [And Jesus entered and passed through Jericho]",
JHN:2:13,JHN,2,13,0.43075788985716024,0.43075788985716024,,R0,R1,0.0,"¶ And the Iewes Passeouer was at hand, & Iesus went vp to Hierusalem","And the Jews’ passover was at hand, and Jesus went up to Jerusalem,","¶ and the iewes passeouer was at hand, & iesus went vp to hierusalem","and the jews’ passover was at hand, and jesus went up to jerusalem,",STRONG_OUTLIER,STRONG_OUTLIER,,normalization_insensitive,"ops={replace:7, delete:3, insert:2}; examples=delete: [¶  ] -> [] | replace: [I] -> [J] | delete: [e] -> [] | insert: [] -> [’] | replace: [P] -> [p] | delete: [e] -> [] | replace: [u] -> [v] | replace: [&] -> [a n d]","ops={replace:4, delete:1, insert:0}; examples=delete: [¶] -> [] | replace: [Iewes Passeouer] -> [Jews’ passover] | replace: [& Iesus] -> [and Jesus] | replace: [vp] -> [up] | replace: [Hierusalem] -> [Jerusalem,]","ops={replace:1, delete:0, insert:0}; examples=replace: [¶ And the Iewes Passeouer was at hand & Iesus went vp to Hierusalem] -> [And the Jews’ passover was at hand and Jesus went up to Jerusalem]",
LAM:5:8,LAM,5,8,0.419691661490041,0.419691661490041,,R0,R1,0.0,Seruants haue ruled ouer vs: there is none that doeth deliuer vs out of their hand.,Servants have ruled over us: there is none that doth deliver us out of their hand.,seruants haue ruled ouer vs: there is none that doeth deliuer vs out of their hand.,servants have ruled over us: there is none that doth deliver us out of their hand.,STRONG_OUTLIER,STRONG_OUTLIER,,normalization_insensitive,"ops={replace:6, delete:1, insert:0}; examples=replace: [u] -> [v] | replace: [u] -> [v] | replace: [u] -> [v] | replace: [v] -> [u] | delete: [e] -> [] | replace: [u] -> [v] | replace: [v] -> [u]","ops={replace:3, delete:0, insert:0}; examples=replace: [Seruants haue] -> [Servants have] | replace: [ouer vs:] -> [over us:] | replace: [doeth deliuer vs] -> [doth deliver us]","ops={replace:1, delete:0, insert:0}; examples=replace: [Seruants haue ruled ouer vs there is none that doeth deliuer vs out of their hand] -> [Servants have ruled over us there is none that doth deliver us out of their hand]",
1CH:23:27,1CH,23,27,0.4119994843706315,0.4119994843706315,,R0,R1,0.0,"For by the last words of Dauid, the Leuites were numbred from twentie yeeres olde, and aboue:",For by the last words of David the Levites were numbered from twenty years old and above:,"for by the last words of dauid, the leuites were numbred from twentie yeeres olde, and aboue:",for by the last words of david the levites were numbered from twenty years old and above:,STRONG_OUTLIER,STRONG_OUTLIER,,normalization_insensitive,"ops={replace:5, delete:3, insert:1}; examples=replace: [u] -> [v] | delete: [,] -> [] | replace: [u] -> [v] | insert: [] -> [e] | replace: [i e] -> [y] | replace: [e] -> [a] | delete: [e] -> [] | delete: [e ,] -> []","ops={replace:5, delete:0, insert:0}; examples=replace: [Dauid,] -> [David] | replace: [Leuites] -> [Levites] | replace: [numbred] -> [numbered] | replace: [twentie yeeres olde,] -> [twenty years old] | replace: [aboue:] -> [above:]","ops={replace:1, delete:0, insert:0}; examples=replace: [For by the last words of Dauid the Leuites were numbred from twentie yeeres olde and aboue] -> [For by the last words of David the Levites were numbered from twenty years old and above]",
1CH:14:3,1CH,14,3,0.40184645992386747,0.40184645992386747,,R0,R1,0.0,¶ And Dauid tooke moe wiues at Ierusalem: and Dauid begate moe sonnes and daughters.,And David took more wives at Jerusalem: and David begat more sons and daughters.,¶ and dauid tooke moe wiues at ierusalem: and dauid begate moe sonnes and daughters.,and david took more wives at jerusalem: and david begat more sons and daughters.,STRONG_OUTLIER,STRONG_OUTLIER,,normalization_insensitive,"ops={replace:4, delete:4, insert:2}; examples=delete: [¶  ] -> [] | replace: [u] -> [v] | delete: [e] -> [] | insert: [] -> [r] | replace: [u] -> [v] | replace: [I] -> [J] | replace: [u] -> [v] | delete: [e] -> []","ops={replace:3, delete:1, insert:0}; examples=delete: [¶] -> [] | replace: [Dauid tooke moe wiues] -> [David took more wives] | replace: [Ierusalem:] -> [Jerusalem:] | replace: [Dauid begate moe sonnes] -> [David begat more sons]","ops={replace:1, delete:0, insert:0}; examples=replace: [¶ And Dauid tooke moe wiues at Ierusalem and Dauid begate moe sonnes and daughters] -> [And David took more wives at Jerusalem and David begat more sons and daughters]",
PSA:30:6,PSA,30,6,0.4005434411102129,0.4005434411102129,,R0,R1,0.0,"And in my prosperitie I said, I shall neuer be mooued.","And in my prosperity I said, I shall never be moved.","and in my prosperitie i said, i shall neuer be mooued.","and in my prosperity i said, i shall never be moved.",STRONG_OUTLIER,STRONG_OUTLIER,,normalization_insensitive,"ops={replace:3, delete:0, insert:0}; examples=replace: [i e] -> [y] | replace: [u] -> [v] | replace: [o u] -> [v]","ops={replace:3, delete:0, insert:0}; examples=replace: [prosperitie] -> [prosperity] | replace: [neuer] -> [never] | replace: [mooued.] -> [moved.]","ops={replace:1, delete:0, insert:0}; examples=replace: [And in my prosperitie I said I shall neuer be mooued] -> [And in my prosperity I said I shall never be moved]",
GEN:5:28,GEN,5,28,0.3990176275411603,0.3990176275411603,,R0,R1,0.0,¶ And Lamech liued an hundred eightie and two yeeres: and begate a sonne.,"And Lamech lived an hundred eighty and two years, and begat a son:",¶ and lamech liued an hundred eightie and two yeeres: and begate a sonne.,"and lamech lived an hundred eighty and two years, and begat a son:",STRONG_OUTLIER,STRONG_OUTLIER,,normalization_insensitive,"ops={replace:5, delete:3, insert:0}; examples=delete: [¶  ] -> [] | replace: [u] -> [v] | replace: [i e] -> [y] | replace: [e] -> [a] | delete: [e] -> [] | replace: [:] -> [,] | delete: [e] -> [] | replace: [n e .] -> [:]","ops={replace:5, delete:1, insert:0}; examples=delete: [¶] -> [] | replace: [liued] -> [lived] | replace: [eightie] -> [eighty] | replace: [yeeres:] -> [years,] | replace: [begate] -> [begat] | replace: [sonne.] -> [son:]","ops={replace:1, delete:0, insert:0}; examples=replace: [¶ And Lamech liued an hundred eightie and two yeeres and begate a sonne] -> [And Lamech lived an hundred eighty and two years and begat a son]",
DEU:2:35,DEU,2,35,0.38972353188068676,0.38972353188068676,,R0,R1,0.0,"Onely the cattell wee tooke for a pray vnto our selues, and the spoyle of the cities, which we tooke:","Only the cattle we took for a prey unto ourselves, and the spoil of the cities which we took.","onely the cattell wee tooke for a pray vnto our selues, and the spoyle of the cities, which we tooke:","only the cattle we took for a prey unto ourselves, and the spoil of the cities which we took.",STRONG_OUTLIER,STRONG_OUTLIER,,normalization_insensitive,"ops={replace:5, delete:7, insert:1}; examples=delete: [e] -> [] | insert: [] -> [l] | delete: [l l] -> [] | delete: [e] -> [] | delete: [e] -> [] | replace: [a] -> [e] | replace: [v] -> [u] | delete: [ ] -> []","ops={replace:6, delete:0, insert:0}; examples=replace: [Onely] -> [Only] | replace: [cattell wee tooke] -> [cattle we took] | replace: [pray vnto our selues,] -> [prey unto ourselves,] | replace: [spoyle] -> [spoil] | replace: [cities,] -> [cities] | replace: [tooke:] -> [took.]","ops={replace:1, delete:0, insert:0}; examples=replace: [Onely the cattell wee tooke for a pray vnto our selues and the spoyle of the cities which we tooke] -> [Only the cattle we took for a prey unto ourselves and the spoil of the cities which we took]",
PSA:122:3,PSA,122,3,0.3896642626083271,0.3896642626083271,,R0,R1,0.0,"Ierusalem is builded as a citie, that is compact together:",Jerusalem is builded as a city that is compact together:,"ierusalem is builded as a citie, that is compact together:",jerusalem is builded as a city that is compact together:,STRONG_OUTLIER,STRONG_OUTLIER,,normalization_insensitive,"ops={replace:2, delete:0, insert:0}; examples=replace: [I] -> [J] | replace: [i e ,] -> [y]","ops={replace:2, delete:0, insert:0}; examples=replace: [Ierusalem] -> [Jerusalem] | replace: [citie,] -> [city]","ops={replace:1, delete:0, insert:0}; examples=replace: [Ierusalem is builded as a citie that is compact together] -> [Jerusalem is builded as a city that is compact together]",
MAT:15:16,MAT,15,16,0.3846130639352341,0.3846130639352341,,R0,R1,0.0,"And Iesus said, Are yee also yet without vnderstanding?","And Jesus said, Are ye also yet without understanding?","and iesus said, are yee also yet without vnderstanding?","and jesus said, are ye also yet without understanding?",STRONG_OUTLIER,STRONG_OUTLIER,,normalization_insensitive,"ops={replace:2, delete:1, insert:0}; examples=replace: [I] -> [J] | delete: [e] -> [] | replace: [v] -> [u]","ops={replace:3, delete:0, insert:0}; examples=replace: [Iesus] -> [Jesus] | replace: [yee] -> [ye] | replace: [vnderstanding?] -> [understanding?]","ops={replace:1, delete:0, insert:0}; examples=replace: [And Iesus said Are yee also yet without vnderstanding] -> [And Jesus said Are ye also yet without understanding]",
MRK:2:25,MRK,2,25,0.3837869421725537,0.3837869421725537,,R0,R1,0.0,"And he said vnto them, Haue ye neuer read what Dauid did, when hee had need, and was an hungred, he, and they that were with him?","And he said unto them, Have ye never read what David did, when he had need, and was an hungred, he, and they that were with him?","and he said vnto them, haue ye neuer read what dauid did, when hee had need, and was an hungred, he, and they that were with him?","and he said unto them, have ye never read what david did, when he had need, and was an hungred, he, and they that were with him?",STRONG_OUTLIER,STRONG_OUTLIER,,normalization_insensitive,"ops={replace:4, delete:1, insert:0}; examples=replace: [v] -> [u] | replace: [u] -> [v] | replace: [u] -> [v] | replace: [u] -> [v] | delete: [e] -> []","ops={replace:5, delete:0, insert:0}; examples=replace: [vnto] -> [unto] | replace: [Haue] -> [Have] | replace: [neuer] -> [never] | replace: [Dauid] -> [David] | replace: [hee] -> [he]","ops={replace:1, delete:0, insert:0}; examples=replace: [And he said vnto them Haue ye neuer read what Dauid did when hee had need] -> [And he said unto them Have ye never read what David did when he had need]",
GEN:11:12,GEN,11,12,0.38292624601952074,0.38292624601952074,,R0,R1,0.0,"And Arphaxad liued fiue and thirtie yeeres, and begate Salah.","And Arphaxad lived five and thirty years, and begat Salah:","and arphaxad liued fiue and thirtie yeeres, and begate salah.","and arphaxad lived five and thirty years, and begat salah:",STRONG_OUTLIER,STRONG_OUTLIER,,normalization_insensitive,"ops={replace:5, delete:2, insert:0}; examples=replace: [u] -> [v] | replace: [u] -> [v] | replace: [i e] -> [y] | replace: [e] -> [a] | delete: [e] -> [] | delete: [e] -> [] | replace: [.] -> [:]","ops={replace:3, delete:0, insert:0}; examples=replace: [liued fiue] -> [lived five] | replace: [thirtie yeeres,] -> [thirty years,] | replace: [begate Salah.] -> [begat Salah:]","ops={replace:1, delete:0, insert:0}; examples=replace: [And Arphaxad liued fiue and thirtie yeeres and begate Salah] -> [And Arphaxad lived five and thirty years and begat Salah]",
LUK:1:69,LUK,1,69,0.3820259711786397,0.3820259711786397,,R0,R1,0.0,"And hath raised vp an horne of saluation for vs, in the house of his seruant Dauid,",And hath raised up an horn of salvation for us in the house of his servant David;,"and hath raised vp an horne of saluation for vs, in the house of his seruant dauid,",and hath raised up an horn of salvation for us in the house of his servant david;,STRONG_OUTLIER,STRONG_OUTLIER,,normalization_insensitive,"ops={replace:6, delete:2, insert:0}; examples=replace: [v] -> [u] | delete: [e] -> [] | replace: [u] -> [v] | replace: [v] -> [u] | delete: [,] -> [] | replace: [u] -> [v] | replace: [u] -> [v] | replace: [,] -> [;]","ops={replace:5, delete:0, insert:0}; examples=replace: [vp] -> [up] | replace: [horne] -> [horn] | replace: [saluation] -> [salvation] | replace: [vs,] -> [us] | replace: [seruant Dauid,] -> [servant David;]","ops={replace:1, delete:0, insert:0}; examples=replace: [And hath raised vp an horne of saluation for vs in the house of his seruant Dauid] -> [And hath raised up an horn of salvation for us in the house of his servant David]",
JDG:2:16,JDG,2,16,0.3787934523344132,0.3787934523344132,,R0,R1,0.0,"¶ Neuerthelesse, the Lord raysed vp Iudges, which deliuered them out of the hand of those that spoyled them.","Nevertheless the LORD raised up judges, which delivered them out of the hand of those that spoiled them.","¶ neuerthelesse, the lord raysed vp iudges, which deliuered them out of the hand of those that spoyled them.","nevertheless the lord raised up judges, which delivered them out of the hand of those that spoiled them.",STRONG_OUTLIER,STRONG_OUTLIER,,normalization_insensitive,"ops={replace:7, delete:2, insert:0}; examples=delete: [¶  ] -> [] | replace: [u] -> [v] | delete: [e ,] -> [] | replace: [o r d] -> [O R D] | replace: [y] -> [i] | replace: [v] -> [u] | replace: [I] -> [j] | replace: [u] -> [v]","ops={replace:4, delete:0, insert:0}; examples=replace: [¶ Neuerthelesse,] -> [Nevertheless] | replace: [Lord raysed vp Iudges,] -> [LORD raised up judges,] | replace: [deliuered] -> [delivered] | replace: [spoyled] -> [spoiled]","ops={replace:1, delete:0, insert:0}; examples=replace: [¶ Neuerthelesse the Lord raysed vp Iudges which deliuered them out of the hand of those that spoyled them] -> [Nevertheless the LORD raised up judges which delivered them out of the hand of those that spoiled them]",
GEN:11:18,GEN,11,18,0.3752241825677699,0.3752241825677699,,R0,R1,0.0,"And Peleg liued thirtie yeeres, and begate Reu.","And Peleg lived thirty years, and begat Reu:","and peleg liued thirtie yeeres, and begate reu.","and peleg lived thirty years, and begat reu:",STRONG_OUTLIER,STRONG_OUTLIER,,normalization_insensitive,"ops={replace:4, delete:2, insert:0}; examples=replace: [u] -> [v] | replace: [i e] -> [y] | replace: [e] -> [a] | delete: [e] -> [] | delete: [e] -> [] | replace: [.] -> [:]","ops={replace:2, delete:0, insert:0}; examples=replace: [liued thirtie yeeres,] -> [lived thirty years,] | replace: [begate Reu.] -> [begat Reu:]","ops={replace:1, delete:0, insert:0}; examples=replace: [And Peleg liued thirtie yeeres and begate Reu] -> [And Peleg lived thirty years and begat Reu]",
GEN:5:12,GEN,5,12,0.37460397696320225,0.37460397696320225,,R0,R1,0.0,"¶ And Cainan liued seuentie yeeres, and begate Mahalaleel.","And Cainan lived seventy years, and begat Mahalaleel:","¶ and cainan liued seuentie yeeres, and begate mahalaleel.","and cainan lived seventy years, and begat mahalaleel:",STRONG_OUTLIER,STRONG_OUTLIER,,normalization_insensitive,"ops={replace:5, delete:3, insert:0}; examples=delete: [¶  ] -> [] | replace: [u] -> [v] | replace: [u] -> [v] | replace: [i e] -> [y] | replace: [e] -> [a] | delete: [e] -> [] | delete: [e] -> [] | replace: [.] -> [:]","ops={replace:2, delete:1, insert:0}; examples=delete: [¶] -> [] | replace: [liued seuentie yeeres,] -> [lived seventy years,] | replace: [begate Mahalaleel.] -> [begat Mahalaleel:]","ops={replace:1, delete:0, insert:0}; examples=replace: [¶ And Cainan liued seuentie yeeres and begate Mahalaleel] -> [And Cainan lived seventy years and begat Mahalaleel]",
PRO:27:20,PRO,27,20,0.36942409384145836,0.36942409384145836,,R0,R1,0.0,Hell and destruction are neuer full: so the eyes of man are neuer satisfied.,Hell and destruction are never full; so the eyes of man are never satisfied.,hell and destruction are neuer full: so the eyes of man are neuer satisfied.,hell and destruction are never full; so the eyes of man are never satisfied.,STRONG_OUTLIER,STRONG_OUTLIER,,normalization_insensitive,"ops={replace:3, delete:0, insert:0}; examples=replace: [u] -> [v] | replace: [:] -> [;] | replace: [u] -> [v]","ops={replace:2, delete:0, insert:0}; examples=replace: [neuer full:] -> [never full;] | replace: [neuer] -> [never]","ops={replace:1, delete:0, insert:0}; examples=replace: [Hell and destruction are neuer full so the eyes of man are neuer satisfied] -> [Hell and destruction are never full so the eyes of man are never satisfied]",
EPH:4:27,EPH,4,27,0.36058112964711087,0.36058112964711087,,R0,R1,0.0,Neither giue place to the deuill.,Neither give place to the devil.,neither giue place to the deuill.,neither give place to the devil.,STRONG_OUTLIER,STRONG_OUTLIER,,normalization_insensitive,"ops={replace:2, delete:1, insert:0}; examples=replace: [u] -> [v] | replace: [u] -> [v] | delete: [l] -> []","ops={replace:2, delete:0, insert:0}; examples=replace: [giue] -> [give] | replace: [deuill.] -> [devil.]","ops={replace:1, delete:0, insert:0}; examples=replace: [Neither giue place to the deuill] -> [Neither give place to the devil]",
GEN:5:15,GEN,5,15,0.3600841435234704,0.3600841435234704,,R0,R1,0.0,"¶ And Mahalaleel liued sixtie and fiue yeeres, and begat Iared.","And Mahalaleel lived sixty and five years, and begat Jared:","¶ and mahalaleel liued sixtie and fiue yeeres, and begat iared.","and mahalaleel lived sixty and five years, and begat jared:",STRONG_OUTLIER,STRONG_OUTLIER,,normalization_insensitive,"ops={replace:6, delete:2, insert:0}; examples=delete: [¶  ] -> [] | replace: [u] -> [v] | replace: [i e] -> [y] | replace: [u] -> [v] | replace: [e] -> [a] | delete: [e] -> [] | replace: [I] -> [J] | replace: [.] -> [:]","ops={replace:3, delete:1, insert:0}; examples=delete: [¶] -> [] | replace: [liued sixtie] -> [lived sixty] | replace: [fiue yeeres,] -> [five years,] | replace: [Iared.] -> [Jared:]","ops={replace:1, delete:0, insert:0}; examples=replace: [¶ And Mahalaleel liued sixtie and fiue yeeres and begat Iared] -> [And Mahalaleel lived sixty and five years and begat Jared]",
EZR:2:22,EZR,2,22,0.35317736232263364,0.35317736232263364,,R0,R1,0.0,"The children of Netophah, fiftie and sixe.","The men of Netophah, fifty and six.","the children of netophah, fiftie and sixe.","the men of netophah, fifty and six.",STRONG_OUTLIER,STRONG_OUTLIER,,normalization_insensitive,"ops={replace:2, delete:1, insert:0}; examples=replace: [c h i l d r] -> [m] | replace: [i e] -> [y] | delete: [e] -> []","ops={replace:3, delete:0, insert:0}; examples=replace: [children] -> [men] | replace: [fiftie] -> [fifty] | replace: [sixe.] -> [six.]","ops={replace:1, delete:0, insert:0}; examples=replace: [The children of Netophah fiftie and sixe] -> [The men of Netophah fifty and six]",
NEH:11:36,NEH,11,36,0.3526627042425171,0.3526627042425171,,R0,R1,0.0,"And of the Leuites, were diuisions in Iudah, and in Beniamin.","And of the Levites were divisions in Judah, and in Benjamin.","and of the leuites, were diuisions in iudah, and in beniamin.","and of the levites were divisions in judah, and in benjamin.",STRONG_OUTLIER,STRONG_OUTLIER,,normalization_insensitive,"ops={replace:4, delete:1, insert:0}; examples=replace: [u] -> [v] | delete: [,] -> [] | replace: [u] -> [v] | replace: [I] -> [J] | replace: [i] -> [j]","ops={replace:4, delete:0, insert:0}; examples=replace: [Leuites,] -> [Levites] | replace: [diuisions] -> [divisions] | replace: [Iudah,] -> [Judah,] | replace: [Beniamin.] -> [Benjamin.]","ops={replace:1, delete:0, insert:0}; examples=replace: [And of the Leuites were diuisions in Iudah and in Beniamin] -> [And of the Levites were divisions in Judah and in Benjamin]",
GEN:5:9,GEN,5,9,0.35243243543133207,0.35243243543133207,,R0,R1,0.0,"¶ And Enos liued ninetie yeeres, and begate Cainan.","And Enos lived ninety years, and begat Cainan:","¶ and enos liued ninetie yeeres, and begate cainan.","and enos lived ninety years, and begat cainan:",STRONG_OUTLIER,STRONG_OUTLIER,,normalization_insensitive,"ops={replace:4, delete:3, insert:0}; examples=delete: [¶  ] -> [] | replace: [u] -> [v] | replace: [i e] -> [y] | replace: [e] -> [a] | delete: [e] -> [] | delete: [e] -> [] | replace: [.] -> [:]","ops={replace:2, delete:1, insert:0}; examples=delete: [¶] -> [] | replace: [liued ninetie yeeres,] -> [lived ninety years,] | replace: [begate Cainan.] -> [begat Cainan:]","ops={replace:1, delete:0, insert:0}; examples=replace: [¶ And Enos liued ninetie yeeres and begate Cainan] -> [And Enos lived ninety years and begat Cainan]",
JOS:4:17,JOS,4,17,0.3499371918114649,0.3499371918114649,,R0,R1,0.0,"Ioshua therefore commaunded the Priests, saying, Come yee vp out of Iordan.","Joshua therefore commanded the priests, saying, Come ye up out of Jordan.","ioshua therefore commaunded the priests, saying, come yee vp out of iordan.","joshua therefore commanded the priests, saying, come ye up out of jordan.",STRONG_OUTLIER,STRONG_OUTLIER,,normalization_insensitive,"ops={replace:4, delete:2, insert:0}; examples=replace: [I] -> [J] | delete: [u] -> [] | replace: [P] -> [p] | delete: [e] -> [] | replace: [v] -> [u] | replace: [I] -> [J]","ops={replace:5, delete:0, insert:0}; examples=replace: [Ioshua] -> [Joshua] | replace: [commaunded] -> [commanded] | replace: [Priests,] -> [priests,] | replace: [yee vp] -> [ye up] | replace: [Iordan.] -> [Jordan.]","ops={replace:2, delete:0, insert:0}; examples=replace: [Ioshua therefore commaunded the Priests] -> [Joshua therefore commanded the priests] | replace: [Come yee vp out of Iordan] -> [Come ye up out of Jordan]",
JHN:11:17,JHN,11,17,0.34978734629295194,0.34978734629295194,,R0,R1,0.0,"Then when Iesus came, hee found that hee had lien in the graue foure dayes already.","Then when Jesus came, he found that he had lain in the grave four days already.","then when iesus came, hee found that hee had lien in the graue foure dayes already.","then when jesus came, he found that he had lain in the grave four days already.",STRONG_OUTLIER,STRONG_OUTLIER,,normalization_insensitive,"ops={replace:2, delete:5, insert:1}; examples=replace: [I] -> [J] | delete: [e] -> [] | delete: [e] -> [] | insert: [] -> [a] | delete: [e] -> [] | replace: [u] -> [v] | delete: [e] -> [] | delete: [e] -> []","ops={replace:5, delete:0, insert:0}; examples=replace: [Iesus] -> [Jesus] | replace: [hee] -> [he] | replace: [hee] -> [he] | replace: [lien] -> [lain] | replace: [graue foure dayes] -> [grave four days]","ops={replace:1, delete:0, insert:0}; examples=replace: [Then when Iesus came hee found that hee had lien in the graue foure dayes already] -> [Then when Jesus came he found that he had lain in the grave four days already]",
PSA:80:18,PSA,80,18,0.34967489673654795,0.34967489673654795,,R0,R1,0.0,"So will not wee goe backe from thee: quicken vs, and we will call vpon thy Name.","So will not we go back from thee: quicken us, and we will call upon thy name.","so will not wee goe backe from thee: quicken vs, and we will call vpon thy name.","so will not we go back from thee: quicken us, and we will call upon thy name.",STRONG_OUTLIER,STRONG_OUTLIER,,normalization_insensitive,"ops={replace:3, delete:3, insert:0}; examples=delete: [e] -> [] | delete: [e] -> [] | delete: [e] -> [] | replace: [v] -> [u] | replace: [v] -> [u] | replace: [N] -> [n]","ops={replace:4, delete:0, insert:0}; examples=replace: [wee goe backe] -> [we go back] | replace: [vs,] -> [us,] | replace: [vpon] -> [upon] | replace: [Name.] -> [name.]","ops={replace:1, delete:0, insert:0}; examples=replace: [So will not wee goe backe from thee quicken vs and we will call vpon thy Name] -> [So will not we go back from thee quicken us and we will call upon thy name]",
DEU:32:40,DEU,32,40,0.3478092410077298,0.3478092410077298,,R0,R1,0.0,"For I lift vp my hand to heauen, and say, I liue for euer.","For I lift up my hand to heaven, and say, I live for ever.","for i lift vp my hand to heauen, and say, i liue for euer.","for i lift up my hand to heaven, and say, i live for ever.",STRONG_OUTLIER,STRONG_OUTLIER,,normalization_insensitive,"ops={replace:4, delete:0, insert:0}; examples=replace: [v] -> [u] | replace: [u] -> [v] | replace: [u] -> [v] | replace: [u] -> [v]","ops={replace:4, delete:0, insert:0}; examples=replace: [vp] -> [up] | replace: [heauen,] -> [heaven,] | replace: [liue] -> [live] | replace: [euer.] -> [ever.]","ops={replace:2, delete:0, insert:0}; examples=replace: [For I lift vp my hand to heauen] -> [For I lift up my hand to heaven] | replace: [I liue for euer] -> [I live for ever]",
1CO:16:24,1CO,16,24,0.3435395785092853,0.3435395785092853,,R0,R1,0.0,"My loue be with you all in Christ Iesus, Amen. The first Epistle to the Corinthians was written from Philippi by Stephanas, and Fortunatus, and Achaicus, and Timotheus.",My love be with you all in Christ Jesus. Amen.,"my loue be with you all in christ iesus, amen. the first epistle to the corinthians was written from philippi by stephanas, and fortunatus, and achaicus, and timotheus.",my love be with you all in christ jesus. amen.,STRONG_OUTLIER,STRONG_OUTLIER,,normalization_insensitive,"ops={replace:3, delete:1, insert:0}; examples=replace: [u] -> [v] | replace: [I] -> [J] | replace: [,] -> [.] | delete: [  T h e   f i r s t   E p i s t l e   t o   t h e   C o r i n t h i a n s   w a s   w r i t t e n   f r o m   P h i l i p p i   b y   S t e p h a n a s ,   a n d   F o r t u n a t u s ,   a n d   A c h a i c u s ,   a n d   T i m o t h e u s .] -> []","ops={replace:2, delete:1, insert:0}; examples=replace: [loue] -> [love] | replace: [Iesus,] -> [Jesus.] | delete: [The first Epistle to the Corinthians was written from Philippi by Stephanas, and Fortunatus, and Achaicus, and Timotheus.] -> []","ops={replace:1, delete:1, insert:0}; examples=replace: [My loue be with you all in Christ Iesus] -> [My love be with you all in Christ Jesus] | delete: [The first Epistle to the Corinthians was written from Philippi by Stephanas and Fortunatus and Achaicus and Timotheus] -> []",
JOB:28:20,JOB,28,20,0.3431936275859985,0.3431936275859985,,R0,R1,0.0,Whence then commeth wisedome? and where is the place of vnderstanding?,Whence then cometh wisdom? and where is the place of understanding?,whence then commeth wisedome? and where is the place of vnderstanding?,whence then cometh wisdom? and where is the place of understanding?,STRONG_OUTLIER,STRONG_OUTLIER,,normalization_insensitive,"ops={replace:1, delete:3, insert:0}; examples=delete: [m] -> [] | delete: [e] -> [] | delete: [e] -> [] | replace: [v] -> [u]","ops={replace:2, delete:0, insert:0}; examples=replace: [commeth wisedome?] -> [cometh wisdom?] | replace: [vnderstanding?] -> [understanding?]","ops={replace:1, delete:0, insert:0}; examples=replace: [Whence then commeth wisedome and where is the place of vnderstanding] -> [Whence then cometh wisdom and where is the place of understanding]",
JHN:7:15,JHN,7,15,0.3426075733070276,0.3426075733070276,,R0,R1,0.0,"And the Iewes marueiled, saying, How knoweth this man letters, hauing neuer learned?","And the Jews marvelled, saying, How knoweth this man letters, having never learned?","and the iewes marueiled, saying, how knoweth this man letters, hauing neuer learned?","and the jews marvelled, saying, how knoweth this man letters, having never learned?",STRONG_OUTLIER,STRONG_OUTLIER,,normalization_insensitive,"ops={replace:5, delete:1, insert:0}; examples=replace: [I] -> [J] | delete: [e] -> [] | replace: [u] -> [v] | replace: [i] -> [l] | replace: [u] -> [v] | replace: [u] -> [v]","ops={replace:2, delete:0, insert:0}; examples=replace: [Iewes marueiled,] -> [Jews marvelled,] | replace: [hauing neuer] -> [having never]","ops={replace:2, delete:0, insert:0}; examples=replace: [And the Iewes marueiled] -> [And the Jews marvelled] | replace: [hauing neuer learned] -> [having never learned]",
GEN:11:20,GEN,11,20,0.3416555164279558,0.3416555164279558,,R0,R1,0.0,"And Reu liued two and thirtie yeeres, and begate Serug.","And Reu lived two and thirty years, and begat Serug:","and reu liued two and thirtie yeeres, and begate serug.","and reu lived two and thirty years, and begat serug:",STRONG_OUTLIER,STRONG_OUTLIER,,normalization_insensitive,"ops={replace:4, delete:2, insert:0}; examples=replace: [u] -> [v] | replace: [i e] -> [y] | replace: [e] -> [a] | delete: [e] -> [] | delete: [e] -> [] | replace: [.] -> [:]","ops={replace:3, delete:0, insert:0}; examples=replace: [liued] -> [lived] | replace: [thirtie yeeres,] -> [thirty years,] | replace: [begate Serug.] -> [begat Serug:]","ops={replace:1, delete:0, insert:0}; examples=replace: [And Reu liued two and thirtie yeeres and begate Serug] -> [And Reu lived two and thirty years and begat Serug]",
JOB:28:8,JOB,28,8,0.33912261813711864,0.33912261813711864,,R0,R1,0.0,"The lyons whelps haue not troden it, nor the fierce lyon passed by it.","The lion’s whelps have not trodden it, nor the fierce lion passed by it.","the lyons whelps haue not troden it, nor the fierce lyon passed by it.","the lion’s whelps have not trodden it, nor the fierce lion passed by it.",STRONG_OUTLIER,STRONG_OUTLIER,,normalization_insensitive,"ops={replace:3, delete:0, insert:2}; examples=replace: [y] -> [i] | insert: [] -> [’] | replace: [u] -> [v] | insert: [] -> [d] | replace: [y] -> [i]","ops={replace:4, delete:0, insert:0}; examples=replace: [lyons] -> [lion’s] | replace: [haue] -> [have] | replace: [troden] -> [trodden] | replace: [lyon] -> [lion]","ops={replace:1, delete:0, insert:0}; examples=replace: [The lyons whelps haue not troden it nor the fierce lyon passed by it] -> [The lion’s whelps have not trodden it nor the fierce lion passed by it]",
ACT:21:15,ACT,21,15,0.33661664441133754,0.33661664441133754,,R0,R1,0.0,"And after those dayes we tooke vp our cariages, & went vp to Hierusalem.","And after those days we took up our carriages, and went up to Jerusalem.","and after those dayes we tooke vp our cariages, & went vp to hierusalem.","and after those days we took up our carriages, and went up to jerusalem.",STRONG_OUTLIER,STRONG_OUTLIER,,normalization_insensitive,"ops={replace:4, delete:2, insert:1}; examples=delete: [e] -> [] | delete: [e] -> [] | replace: [v] -> [u] | insert: [] -> [r] | replace: [&] -> [a n d] | replace: [v] -> [u] | replace: [H i] -> [J]","ops={replace:5, delete:0, insert:0}; examples=replace: [dayes] -> [days] | replace: [tooke vp] -> [took up] | replace: [cariages, &] -> [carriages, and] | replace: [vp] -> [up] | replace: [Hierusalem.] -> [Jerusalem.]","ops={replace:1, delete:0, insert:0}; examples=replace: [And after those dayes we tooke vp our cariages & went vp to Hierusalem] -> [And after those days we took up our carriages and went up to Jerusalem]",
PSA:48:12,PSA,48,12,0.3362723397153049,0.3362723397153049,,R0,R1,0.0,"Walke about Sion, and goe round about her: tell the towres thereof.","Walk about Zion, and go round about her: tell the towers thereof.","walke about sion, and goe round about her: tell the towres thereof.","walk about zion, and go round about her: tell the towers thereof.",STRONG_OUTLIER,STRONG_OUTLIER,,normalization_insensitive,"ops={replace:1, delete:3, insert:1}; examples=delete: [e] -> [] | replace: [S] -> [Z] | delete: [e] -> [] | insert: [] -> [e] | delete: [e] -> []","ops={replace:4, delete:0, insert:0}; examples=replace: [Walke] -> [Walk] | replace: [Sion,] -> [Zion,] | replace: [goe] -> [go] | replace: [towres] -> [towers]","ops={replace:1, delete:0, insert:0}; examples=replace: [Walke about Sion and goe round about her tell the towres thereof] -> [Walk about Zion and go round about her tell the towers thereof]",
ISA:59:9,ISA,59,9,0.33196709462842067,0.33196709462842067,,R0,R1,0.0,"¶ Therefore is iudgement farre from vs, neither doth iustice ouertake vs: we waite for light, but behold obscuritie, for brightnesse, but we walke in darknesse.","Therefore is judgment far from us, neither doth justice overtake us: we wait for light, but behold obscurity; for brightness, but we walk in darkness.","¶ therefore is iudgement farre from vs, neither doth iustice ouertake vs: we waite for light, but behold obscuritie, for brightnesse, but we walke in darknesse.","therefore is judgment far from us, neither doth justice overtake us: we wait for light, but behold obscurity; for brightness, but we walk in darkness.",STRONG_OUTLIER,STRONG_OUTLIER,,normalization_insensitive,"ops={replace:6, delete:7, insert:0}; examples=delete: [¶  ] -> [] | replace: [i] -> [j] | delete: [e] -> [] | delete: [r e] -> [] | replace: [v] -> [u] | replace: [i] -> [j] | replace: [u] -> [v] | replace: [v] -> [u]","ops={replace:8, delete:1, insert:0}; examples=delete: [¶] -> [] | replace: [iudgement farre] -> [judgment far] | replace: [vs,] -> [us,] | replace: [iustice ouertake vs:] -> [justice overtake us:] | replace: [waite] -> [wait] | replace: [obscuritie,] -> [obscurity;] | replace: [brightnesse,] -> [brightness,] | replace: [walke] -> [walk]","ops={replace:1, delete:0, insert:0}; examples=replace: [¶ Therefore is iudgement farre from vs neither doth iustice ouertake vs we waite for light but behold obscuritie for brightnesse but we walke in darknesse] -> [Therefore is judgment far from us neither doth justice overtake us we wait for light but behold obscurity for brightness but we walk in darkness]",
LEV:23:5,LEV,23,5,0.33060219747352815,0.33060219747352815,,R0,R1,0.0,"In the fourteenth day of the first moneth at euen, is the Lords Passeouer.",In the fourteenth day of the first month at even is the LORD’s passover.,"in the fourteenth day of the first moneth at euen, is the lords passeouer.",in the fourteenth day of the first month at even is the lord’s passover.,STRONG_OUTLIER,STRONG_OUTLIER,,normalization_insensitive,"ops={replace:4, delete:3, insert:0}; examples=delete: [e] -> [] | replace: [u] -> [v] | delete: [,] -> [] | replace: [o r d] -> [O R D ’] | replace: [P] -> [p] | delete: [e] -> [] | replace: [u] -> [v]","ops={replace:3, delete:0, insert:0}; examples=replace: [moneth] -> [month] | replace: [euen,] -> [even] | replace: [Lords Passeouer.] -> [LORD’s passover.]","ops={replace:1, delete:0, insert:0}; examples=replace: [In the fourteenth day of the first moneth at euen is the Lords Passeouer] -> [In the fourteenth day of the first month at even is the LORD’s passover]",
2SA:5:4,2SA,5,4,0.3299318407727513,0.3299318407727513,,R0,R1,0.0,"¶ Dauid was thirtie yeeres old when he began to reigne, and he reigned fourtie yeeres.","David was thirty years old when he began to reign, and he reigned forty years.","¶ dauid was thirtie yeeres old when he began to reigne, and he reigned fourtie yeeres.","david was thirty years old when he began to reign, and he reigned forty years.",STRONG_OUTLIER,STRONG_OUTLIER,,normalization_insensitive,"ops={replace:5, delete:5, insert:0}; examples=delete: [¶  ] -> [] | replace: [u] -> [v] | replace: [i e] -> [y] | replace: [e] -> [a] | delete: [e] -> [] | delete: [e] -> [] | delete: [u] -> [] | replace: [i e] -> [y]","ops={replace:4, delete:0, insert:0}; examples=replace: [¶ Dauid] -> [David] | replace: [thirtie yeeres] -> [thirty years] | replace: [reigne,] -> [reign,] | replace: [fourtie yeeres.] -> [forty years.]","ops={replace:1, delete:0, insert:0}; examples=replace: [¶ Dauid was thirtie yeeres old when he began to reigne and he reigned fourtie yeeres] -> [David was thirty years old when he began to reign and he reigned forty years]",
COL:1:8,COL,1,8,0.327774974880342,0.327774974880342,,R0,R1,0.0,Who also declared vnto vs your loue in the spirit.,Who also declared unto us your love in the Spirit.,who also declared vnto vs your loue in the spirit.,who also declared unto us your love in the spirit.,STRONG_OUTLIER,STRONG_OUTLIER,,normalization_insensitive,"ops={replace:4, delete:0, insert:0}; examples=replace: [v] -> [u] | replace: [v] -> [u] | replace: [u] -> [v] | replace: [s] -> [S]","ops={replace:3, delete:0, insert:0}; examples=replace: [vnto vs] -> [unto us] | replace: [loue] -> [love] | replace: [spirit.] -> [Spirit.]","ops={replace:1, delete:0, insert:0}; examples=replace: [Who also declared vnto vs your loue in the spirit] -> [Who also declared unto us your love in the Spirit]",
JOB:21:25,JOB,21,25,0.32449344438151595,0.32449344438151595,,R0,R1,0.0,"And another dieth in the bitternesse of his soule, and neuer eateth with pleasure.","And another dieth in the bitterness of his soul, and never eateth with pleasure.","and another dieth in the bitternesse of his soule, and neuer eateth with pleasure.","and another dieth in the bitterness of his soul, and never eateth with pleasure.",STRONG_OUTLIER,STRONG_OUTLIER,,normalization_insensitive,"ops={replace:1, delete:2, insert:0}; examples=delete: [e] -> [] | delete: [e] -> [] | replace: [u] -> [v]","ops={replace:3, delete:0, insert:0}; examples=replace: [bitternesse] -> [bitterness] | replace: [soule,] -> [soul,] | replace: [neuer] -> [never]","ops={replace:1, delete:0, insert:0}; examples=replace: [And another dieth in the bitternesse of his soule and neuer eateth with pleasure] -> [And another dieth in the bitterness of his soul and never eateth with pleasure]",
1SA:18:3,1SA,18,3,0.32434169043108063,0.32434169043108063,,R0,R1,0.0,"Then Ionathan and Dauid made a couenant, because he loued him as his owne soule.","Then Jonathan and David made a covenant, because he loved him as his own soul.","then ionathan and dauid made a couenant, because he loued him as his owne soule.","then jonathan and david made a covenant, because he loved him as his own soul.",STRONG_OUTLIER,STRONG_OUTLIER,,normalization_insensitive,"ops={replace:4, delete:2, insert:0}; examples=replace: [I] -> [J] | replace: [u] -> [v] | replace: [u] -> [v] | replace: [u] -> [v] | delete: [e] -> [] | delete: [e] -> []","ops={replace:5, delete:0, insert:0}; examples=replace: [Ionathan] -> [Jonathan] | replace: [Dauid] -> [David] | replace: [couenant,] -> [covenant,] | replace: [loued] -> [loved] | replace: [owne soule.] -> [own soul.]","ops={replace:1, delete:0, insert:0}; examples=replace: [Then Ionathan and Dauid made a couenant because he loued him as his owne soule] -> [Then Jonathan and David made a covenant because he loved him as his own soul]",
1CH:12:36,1CH,12,36,0.3224632275056176,0.3224632275056176,,R0,R1,0.0,"And of Asher, such as went foorth to battell, expert in warre, fourtie thousand.","And of Asher, such as went forth to battle, expert in war, forty thousand.","and of asher, such as went foorth to battell, expert in warre, fourtie thousand.","and of asher, such as went forth to battle, expert in war, forty thousand.",STRONG_OUTLIER,STRONG_OUTLIER,,normalization_insensitive,"ops={replace:1, delete:4, insert:1}; examples=delete: [o] -> [] | insert: [] -> [l] | delete: [l l] -> [] | delete: [r e] -> [] | delete: [u] -> [] | replace: [i e] -> [y]","ops={replace:3, delete:0, insert:0}; examples=replace: [foorth] -> [forth] | replace: [battell,] -> [battle,] | replace: [warre, fourtie] -> [war, forty]","ops={replace:1, delete:0, insert:0}; examples=replace: [such as went foorth to battell expert in warre fourtie thousand] -> [such as went forth to battle expert in war forty thousand]",
JOB:8:3,JOB,8,3,0.32139545097558686,0.32139545097558686,,R0,R1,0.0,Doth God peruert iudgement? or doth the Almightie peruert iustice?,Doth God pervert judgment? or doth the Almighty pervert justice?,doth god peruert iudgement? or doth the almightie peruert iustice?,doth god pervert judgment? or doth the almighty pervert justice?,STRONG_OUTLIER,STRONG_OUTLIER,,normalization_insensitive,"ops={replace:5, delete:1, insert:0}; examples=replace: [u] -> [v] | replace: [i] -> [j] | delete: [e] -> [] | replace: [i e] -> [y] | replace: [u] -> [v] | replace: [i] -> [j]","ops={replace:2, delete:0, insert:0}; examples=replace: [peruert iudgement?] -> [pervert judgment?] | replace: [Almightie peruert iustice?] -> [Almighty pervert justice?]","ops={replace:1, delete:0, insert:0}; examples=replace: [Doth God peruert iudgement or doth the Almightie peruert iustice] -> [Doth God pervert judgment or doth the Almighty pervert justice]",
JOS:5:13,JOS,5,13,0.3207874335203337,0.3207874335203337,,R0,R1,0.0,"¶ And it came to passe when Ioshua was by Iericho, that he lift vp his eyes, and looked, and beholde, there stood a man ouer against him, with his sword dawen in his hand: and Ioshua went vnto him, and said vnto him, Art thou for vs, or for our aduersaries?","And it came to pass, when Joshua was by Jericho, that he lifted up his eyes and looked, and, behold, there stood a man over against him with his sword drawn in his hand: and Joshua went unto him, and said unto him, Art thou for us, or for our adversaries?","¶ and it came to passe when ioshua was by iericho, that he lift vp his eyes, and looked, and beholde, there stood a man ouer against him, with his sword dawen in his hand: and ioshua went vnto him, and said vnto him, art thou for vs, or for our aduersaries?","and it came to pass, when joshua was by jericho, that he lifted up his eyes and looked, and, behold, there stood a man over against him with his sword drawn in his hand: and joshua went unto him, and said unto him, art thou for us, or for our adversaries?",STRONG_OUTLIER,STRONG_OUTLIER,,normalization_insensitive,"ops={replace:5, delete:3, insert:0}; examples=delete: [¶  ] -> [] | replace: [e   w h e n   I] -> [,   w h e n   J] | replace: [I] -> [J] | replace: [ ] -> [e d   u p   h i s   e y e s   a n d   l o o k e d ,   a n d ,   b e h o l d ,   t h e r e   s t o o d   a   m a n   o] | delete: [p   h i s   e y e s ,   a n d   l o o k e d ,   a n d   b e h o l d e ,   t h e r e   s t o o d   a   m a n   o u] -> [] | replace: [,   w i t h   h i s   s w o r d   d a w e] -> [  w i t h   h i s   s w o r d   d r a w] | replace: [I o s h u a   w e n t  ] -> [J o s h u a   w e n t   u n t o   h i m ,   a n d   s a i d   u n t o   h i m ,   A r t   t h o u   f o r   u s ,   o r   f o r   o u r   a d] | delete: [n t o   h i m ,   a n d   s a i d   v n t o   h i m ,   A r t   t h o u   f o r   v s ,   o r   f o r   o u r   a d u] -> []","ops={replace:14, delete:1, insert:0}; examples=delete: [¶] -> [] | replace: [passe] -> [pass,] | replace: [Ioshua] -> [Joshua] | replace: [Iericho,] -> [Jericho,] | replace: [lift vp] -> [lifted up] | replace: [eyes,] -> [eyes] | replace: [and beholde,] -> [and, behold,] | replace: [ouer] -> [over]","ops={replace:1, delete:0, insert:0}; examples=replace: [¶ And it came to passe when Ioshua was by Iericho that he lift vp his eyes and looked and beholde there stood a man ouer against him with his sword dawen in his hand and Ioshua went vnto him and said vnto him Art thou for vs or for our aduersaries] -> [And it came to pass when Joshua was by Jericho that he lifted up his eyes and looked and behold there stood a man over against him with his sword drawn in his hand and Joshua went unto him and said unto him Art thou for us or for our adversaries]",
LUK:10:17,LUK,10,17,0.32040855851411065,0.32040855851411065,,R0,R1,0.0,"¶ And the seuenty returned againe with ioy, saying, Lord, euen the deuils are subiect vnto vs through thy name.","And the seventy returned again with joy, saying, Lord, even the devils are subject unto us through thy name.","¶ and the seuenty returned againe with ioy, saying, lord, euen the deuils are subiect vnto vs through thy name.","and the seventy returned again with joy, saying, lord, even the devils are subject unto us through thy name.",STRONG_OUTLIER,STRONG_OUTLIER,,normalization_insensitive,"ops={replace:7, delete:2, insert:0}; examples=delete: [¶  ] -> [] | replace: [u] -> [v] | delete: [e] -> [] | replace: [i] -> [j] | replace: [u] -> [v] | replace: [u] -> [v] | replace: [i] -> [j] | replace: [v] -> [u]","ops={replace:6, delete:1, insert:0}; examples=delete: [¶] -> [] | replace: [seuenty] -> [seventy] | replace: [againe] -> [again] | replace: [ioy,] -> [joy,] | replace: [euen] -> [even] | replace: [deuils] -> [devils] | replace: [subiect vnto vs] -> [subject unto us]","ops={replace:2, delete:0, insert:0}; examples=replace: [¶ And the seuenty returned againe with ioy] -> [And the seventy returned again with joy] | replace: [euen the deuils are subiect vnto vs through thy name] -> [even the devils are subject unto us through thy name]",
PSA:85:7,PSA,85,7,0.3182243845334284,0.3182243845334284,,R0,R1,0.0,"Shew vs thy mercy, O Lord; and graunt vs thy saluation.","Shew us thy mercy, O LORD, and grant us thy salvation.","shew vs thy mercy, o lord; and graunt vs thy saluation.","shew us thy mercy, o lord, and grant us thy salvation.",STRONG_OUTLIER,STRONG_OUTLIER,,normalization_insensitive,"ops={replace:4, delete:1, insert:0}; examples=replace: [v] -> [u] | replace: [o r d ;] -> [O R D ,] | delete: [u] -> [] | replace: [v] -> [u] | replace: [u] -> [v]","ops={replace:4, delete:0, insert:0}; examples=replace: [vs] -> [us] | replace: [Lord;] -> [LORD,] | replace: [graunt vs] -> [grant us] | replace: [saluation.] -> [salvation.]","ops={replace:1, delete:0, insert:0}; examples=replace: [Shew vs thy mercy O Lord and graunt vs thy saluation] -> [Shew us thy mercy O LORD and grant us thy salvation]",
PSA:58:5,PSA,58,5,0.31767537847692606,0.31767537847692606,,R0,R1,0.0,"Which will not hearken to the voyce of charmers, charming neuer so wisely.","Which will not hearken to the voice of charmers, charming never so wisely.","which will not hearken to the voyce of charmers, charming neuer so wisely.","which will not hearken to the voice of charmers, charming never so wisely.",STRONG_OUTLIER,STRONG_OUTLIER,,normalization_insensitive,"ops={replace:2, delete:0, insert:0}; examples=replace: [y] -> [i] | replace: [u] -> [v]","ops={replace:2, delete:0, insert:0}; examples=replace: [voyce] -> [voice] | replace: [neuer] -> [never]","ops={replace:1, delete:0, insert:0}; examples=replace: [Which will not hearken to the voyce of charmers charming neuer so wisely] -> [Which will not hearken to the voice of charmers charming never so wisely]",
JOB:28:12,JOB,28,12,0.3175139013798499,0.3175139013798499,,R0,R1,0.0,But where shall wisedome bee found? and where is the place of vnderstanding?,But where shall wisdom be found? and where is the place of understanding?,but where shall wisedome bee found? and where is the place of vnderstanding?,but where shall wisdom be found? and where is the place of understanding?,STRONG_OUTLIER,STRONG_OUTLIER,,normalization_insensitive,"ops={replace:1, delete:3, insert:0}; examples=delete: [e] -> [] | delete: [e] -> [] | delete: [e] -> [] | replace: [v] -> [u]","ops={replace:2, delete:0, insert:0}; examples=replace: [wisedome bee] -> [wisdom be] | replace: [vnderstanding?] -> [understanding?]","ops={replace:1, delete:0, insert:0}; examples=replace: [But where shall wisedome bee found and where is the place of vnderstanding] -> [But where shall wisdom be found and where is the place of understanding]",
GEN:31:17,GEN,31,17,0.31750150888690076,0.31750150888690076,,R0,R1,0.0,"¶ Then Iacob rose vp, and set his sonnes and his wiues vpon camels.","Then Jacob rose up, and set his sons and his wives upon camels;","¶ then iacob rose vp, and set his sonnes and his wiues vpon camels.","then jacob rose up, and set his sons and his wives upon camels;",STRONG_OUTLIER,STRONG_OUTLIER,,normalization_insensitive,"ops={replace:5, delete:2, insert:0}; examples=delete: [¶  ] -> [] | replace: [I] -> [J] | replace: [v] -> [u] | delete: [n e] -> [] | replace: [u] -> [v] | replace: [v] -> [u] | replace: [.] -> [;]","ops={replace:4, delete:1, insert:0}; examples=delete: [¶] -> [] | replace: [Iacob] -> [Jacob] | replace: [vp,] -> [up,] | replace: [sonnes] -> [sons] | replace: [wiues vpon camels.] -> [wives upon camels;]","ops={replace:1, delete:0, insert:0}; examples=replace: [¶ Then Iacob rose vp and set his sonnes and his wiues vpon camels] -> [Then Jacob rose up and set his sons and his wives upon camels]",
EXO:1:5,EXO,1,5,0.3164479492117608,0.3164479492117608,,R0,R1,0.0,"And all the soules that came out of the loynes of Iacob, were seuentie soules: for Ioseph was in Egypt already.",And all the souls that came out of the loins of Jacob were seventy souls: for Joseph was in Egypt already.,"and all the soules that came out of the loynes of iacob, were seuentie soules: for ioseph was in egypt already.",and all the souls that came out of the loins of jacob were seventy souls: for joseph was in egypt already.,STRONG_OUTLIER,STRONG_OUTLIER,,normalization_insensitive,"ops={replace:5, delete:4, insert:0}; examples=delete: [e] -> [] | replace: [y] -> [i] | delete: [e] -> [] | replace: [I] -> [J] | delete: [,] -> [] | replace: [u] -> [v] | replace: [i e] -> [y] | delete: [e] -> []","ops={replace:5, delete:0, insert:0}; examples=replace: [soules] -> [souls] | replace: [loynes] -> [loins] | replace: [Iacob,] -> [Jacob] | replace: [seuentie soules:] -> [seventy souls:] | replace: [Ioseph] -> [Joseph]","ops={replace:1, delete:0, insert:0}; examples=replace: [And all the soules that came out of the loynes of Iacob were seuentie soules for Ioseph was in Egypt already] -> [And all the souls that came out of the loins of Jacob were seventy souls for Joseph was in Egypt already]",
ACT:2:5,ACT,2,5,0.31635985464091954,0.31635985464091954,,R0,R1,0.0,"And there were dwelling at Hierusalem Iewes, deuout men, out of euery nation vnder heauen.","And there were dwelling at Jerusalem Jews, devout men, out of every nation under heaven.","and there were dwelling at hierusalem iewes, deuout men, out of euery nation vnder heauen.","and there were dwelling at jerusalem jews, devout men, out of every nation under heaven.",STRONG_OUTLIER,STRONG_OUTLIER,,normalization_insensitive,"ops={replace:6, delete:1, insert:0}; examples=replace: [H i] -> [J] | replace: [I] -> [J] | delete: [e] -> [] | replace: [u] -> [v] | replace: [u] -> [v] | replace: [v] -> [u] | replace: [u] -> [v]","ops={replace:3, delete:0, insert:0}; examples=replace: [Hierusalem Iewes, deuout] -> [Jerusalem Jews, devout] | replace: [euery] -> [every] | replace: [vnder heauen.] -> [under heaven.]","ops={replace:1, delete:0, insert:0}; examples=replace: [And there were dwelling at Hierusalem Iewes deuout men out of euery nation vnder heauen] -> [And there were dwelling at Jerusalem Jews devout men out of every nation under heaven]",
ACT:10:16,ACT,10,16,0.315719447061681,0.315719447061681,,R0,R1,0.0,This was done thrise: & the vessel was receiued vp againe into heauen.,This was done thrice: and the vessel was received up again into heaven.,this was done thrise: & the vessel was receiued vp againe into heauen.,this was done thrice: and the vessel was received up again into heaven.,STRONG_OUTLIER,STRONG_OUTLIER,,normalization_insensitive,"ops={replace:5, delete:1, insert:0}; examples=replace: [s] -> [c] | replace: [&] -> [a n d] | replace: [u] -> [v] | replace: [v] -> [u] | delete: [e] -> [] | replace: [u] -> [v]","ops={replace:3, delete:0, insert:0}; examples=replace: [thrise: &] -> [thrice: and] | replace: [receiued vp againe] -> [received up again] | replace: [heauen.] -> [heaven.]","ops={replace:1, delete:0, insert:0}; examples=replace: [This was done thrise & the vessel was receiued vp againe into heauen] -> [This was done thrice and the vessel was received up again into heaven]",
1SA:20:16,1SA,20,16,0.3148948527330172,0.3148948527330172,,R0,R1,0.0,"So Ionathan made a couenant with the house of Dauid, saying, Let the Lord euen require it at the hande of Dauids enemies.","So Jonathan made a covenant with the house of David, saying, Let the LORD even require it at the hand of David’s enemies.","so ionathan made a couenant with the house of dauid, saying, let the lord euen require it at the hande of dauids enemies.","so jonathan made a covenant with the house of david, saying, let the lord even require it at the hand of david’s enemies.",STRONG_OUTLIER,STRONG_OUTLIER,,normalization_insensitive,"ops={replace:6, delete:1, insert:1}; examples=replace: [I] -> [J] | replace: [u] -> [v] | replace: [u] -> [v] | replace: [o r d] -> [O R D] | replace: [u] -> [v] | delete: [e] -> [] | replace: [u] -> [v] | insert: [] -> [’]","ops={replace:6, delete:0, insert:0}; examples=replace: [Ionathan] -> [Jonathan] | replace: [couenant] -> [covenant] | replace: [Dauid,] -> [David,] | replace: [Lord euen] -> [LORD even] | replace: [hande] -> [hand] | replace: [Dauids] -> [David’s]","ops={replace:2, delete:0, insert:0}; examples=replace: [So Ionathan made a couenant with the house of Dauid] -> [So Jonathan made a covenant with the house of David] | replace: [Let the Lord euen require it at the hande of Dauids enemies] -> [Let the LORD even require it at the hand of David’s enemies]",
PSA:89:2,PSA,89,2,0.3132818970753648,0.3132818970753648,,R0,R1,0.0,"For I haue said, Mercie shall bee built vp for euer: thy faithfulnesse shalt thou establish in the very heauens.","For I have said, Mercy shall be built up for ever: thy faithfulness shalt thou establish in the very heavens.","for i haue said, mercie shall bee built vp for euer: thy faithfulnesse shalt thou establish in the very heauens.","for i have said, mercy shall be built up for ever: thy faithfulness shalt thou establish in the very heavens.",STRONG_OUTLIER,STRONG_OUTLIER,,normalization_insensitive,"ops={replace:5, delete:2, insert:0}; examples=replace: [u] -> [v] | replace: [i e] -> [y] | delete: [e] -> [] | replace: [v] -> [u] | replace: [u] -> [v] | delete: [e] -> [] | replace: [u] -> [v]","ops={replace:7, delete:0, insert:0}; examples=replace: [haue] -> [have] | replace: [Mercie] -> [Mercy] | replace: [bee] -> [be] | replace: [vp] -> [up] | replace: [euer:] -> [ever:] | replace: [faithfulnesse] -> [faithfulness] | replace: [heauens.] -> [heavens.]","ops={replace:1, delete:0, insert:0}; examples=replace: [For I haue said Mercie shall bee built vp for euer thy faithfulnesse shalt thou establish in the very heauens] -> [For I have said Mercy shall be built up for ever thy faithfulness shalt thou establish in the very heavens]",
PSA:90:15,PSA,90,15,0.3114601342304213,0.3114601342304213,,R0,R1,0.0,Make vs glad according to the dayes wherein thou hast afflicted vs: and the yeeres wherein we haue seene euil.,"Make us glad according to the days wherein thou hast afflicted us, and the years wherein we have seen evil.",make vs glad according to the dayes wherein thou hast afflicted vs: and the yeeres wherein we haue seene euil.,"make us glad according to the days wherein thou hast afflicted us, and the years wherein we have seen evil.",STRONG_OUTLIER,STRONG_OUTLIER,,normalization_insensitive,"ops={replace:6, delete:3, insert:0}; examples=replace: [v] -> [u] | delete: [e] -> [] | replace: [v] -> [u] | replace: [:] -> [,] | replace: [e] -> [a] | delete: [e] -> [] | replace: [u] -> [v] | delete: [e] -> []","ops={replace:5, delete:0, insert:0}; examples=replace: [vs] -> [us] | replace: [dayes] -> [days] | replace: [vs:] -> [us,] | replace: [yeeres] -> [years] | replace: [haue seene euil.] -> [have seen evil.]","ops={replace:1, delete:0, insert:0}; examples=replace: [Make vs glad according to the dayes wherein thou hast afflicted vs and the yeeres wherein we haue seene euil] -> [Make us glad according to the days wherein thou hast afflicted us and the years wherein we have seen evil]",
PSA:44:17,PSA,44,17,0.31099889271073067,0.31099889271073067,,R0,R1,0.0,"All this is come vpon vs; yet haue wee not forgotten thee, neither haue we dealt falsly in thy couenant.","All this is come upon us; yet have we not forgotten thee, neither have we dealt falsely in thy covenant.","all this is come vpon vs; yet haue wee not forgotten thee, neither haue we dealt falsly in thy couenant.","all this is come upon us; yet have we not forgotten thee, neither have we dealt falsely in thy covenant.",STRONG_OUTLIER,STRONG_OUTLIER,,normalization_insensitive,"ops={replace:5, delete:1, insert:1}; examples=replace: [v] -> [u] | replace: [v] -> [u] | replace: [u] -> [v] | delete: [e] -> [] | replace: [u] -> [v] | insert: [] -> [e] | replace: [u] -> [v]","ops={replace:5, delete:0, insert:0}; examples=replace: [vpon vs;] -> [upon us;] | replace: [haue wee] -> [have we] | replace: [haue] -> [have] | replace: [falsly] -> [falsely] | replace: [couenant.] -> [covenant.]","ops={replace:1, delete:0, insert:0}; examples=replace: [All this is come vpon vs yet haue wee not forgotten thee neither haue we dealt falsly in thy couenant] -> [All this is come upon us yet have we not forgotten thee neither have we dealt falsely in thy covenant]",
2SA:6:14,2SA,6,14,0.3109068398949275,0.3109068398949275,,R0,R1,0.0,"And Dauid daunced before the Lord with all his might, and Dauid was girded with a linnen Ephod.",And David danced before the LORD with all his might; and David was girded with a linen ephod.,"and dauid daunced before the lord with all his might, and dauid was girded with a linnen ephod.",and david danced before the lord with all his might; and david was girded with a linen ephod.,STRONG_OUTLIER,STRONG_OUTLIER,,normalization_insensitive,"ops={replace:5, delete:2, insert:0}; examples=replace: [u] -> [v] | delete: [u] -> [] | replace: [o r d] -> [O R D] | replace: [,] -> [;] | replace: [u] -> [v] | delete: [n] -> [] | replace: [E] -> [e]","ops={replace:5, delete:0, insert:0}; examples=replace: [Dauid daunced] -> [David danced] | replace: [Lord] -> [LORD] | replace: [might,] -> [might;] | replace: [Dauid] -> [David] | replace: [linnen Ephod.] -> [linen ephod.]","ops={replace:1, delete:0, insert:0}; examples=replace: [And Dauid daunced before the Lord with all his might and Dauid was girded with a linnen Ephod] -> [And David danced before the LORD with all his might and David was girded with a linen ephod]",
JER:49:25,JER,49,25,0.3103136557230892,0.3103136557230892,,R0,R1,0.0,"How is the citie of praise not left, the citie of my ioy?","How is the city of praise not left, the city of my joy!","how is the citie of praise not left, the citie of my ioy?","how is the city of praise not left, the city of my joy!",STRONG_OUTLIER,STRONG_OUTLIER,,normalization_insensitive,"ops={replace:4, delete:0, insert:0}; examples=replace: [i e] -> [y] | replace: [i e] -> [y] | replace: [i] -> [j] | replace: [?] -> [!]","ops={replace:3, delete:0, insert:0}; examples=replace: [citie] -> [city] | replace: [citie] -> [city] | replace: [ioy?] -> [joy!]","ops={replace:1, delete:0, insert:0}; examples=replace: [How is the citie of praise not left the citie of my ioy] -> [How is the city of praise not left the city of my joy]",
GEN:8:10,GEN,8,10,0.3100847538415795,0.3100847538415795,,R0,R1,0.0,And hee stayed yet other seuen dayes; and againe hee sent foorth the doue out of the Arke.,And he stayed yet other seven days; and again he sent forth the dove out of the ark;,and hee stayed yet other seuen dayes; and againe hee sent foorth the doue out of the arke.,and he stayed yet other seven days; and again he sent forth the dove out of the ark;,STRONG_OUTLIER,STRONG_OUTLIER,,normalization_insensitive,"ops={replace:4, delete:5, insert:0}; examples=delete: [e] -> [] | replace: [u] -> [v] | delete: [e] -> [] | delete: [e] -> [] | delete: [e] -> [] | delete: [o] -> [] | replace: [u] -> [v] | replace: [A] -> [a]","ops={replace:6, delete:0, insert:0}; examples=replace: [hee] -> [he] | replace: [seuen dayes;] -> [seven days;] | replace: [againe hee] -> [again he] | replace: [foorth] -> [forth] | replace: [doue] -> [dove] | replace: [Arke.] -> [ark;]","ops={replace:1, delete:0, insert:0}; examples=replace: [And hee stayed yet other seuen dayes and againe hee sent foorth the doue out of the Arke] -> [And he stayed yet other seven days and again he sent forth the dove out of the ark]",
JER:48:21,JER,48,21,0.3098126208352847,0.3098126208352847,,R0,R1,0.0,"And iudgement is come vpon the plaine countrey, vpon Holon, and vpon Iahazah, and vpon Mephaath,","And judgment is come upon the plain country; upon Holon, and upon Jahazah, and upon Mephaath,","and iudgement is come vpon the plaine countrey, vpon holon, and vpon iahazah, and vpon mephaath,","and judgment is come upon the plain country; upon holon, and upon jahazah, and upon mephaath,",STRONG_OUTLIER,STRONG_OUTLIER,,normalization_insensitive,"ops={replace:7, delete:3, insert:0}; examples=replace: [i] -> [j] | delete: [e] -> [] | replace: [v] -> [u] | delete: [e] -> [] | delete: [e] -> [] | replace: [,] -> [;] | replace: [v] -> [u] | replace: [v] -> [u]","ops={replace:5, delete:0, insert:0}; examples=replace: [iudgement] -> [judgment] | replace: [vpon] -> [upon] | replace: [plaine countrey, vpon] -> [plain country; upon] | replace: [vpon Iahazah,] -> [upon Jahazah,] | replace: [vpon] -> [upon]","ops={replace:1, delete:0, insert:0}; examples=replace: [And iudgement is come vpon the plaine countrey vpon Holon and vpon Iahazah and vpon Mephaath] -> [And judgment is come upon the plain country upon Holon and upon Jahazah and upon Mephaath]",
EXO:15:18,EXO,15,18,0.3093949296990901,0.3093949296990901,,R0,R1,0.0,The Lord shal reigne for euer and euer.,The LORD shall reign for ever and ever.,the lord shal reigne for euer and euer.,the lord shall reign for ever and ever.,STRONG_OUTLIER,STRONG_OUTLIER,,normalization_insensitive,"ops={replace:3, delete:1, insert:1}; examples=replace: [o r d] -> [O R D] | insert: [] -> [l] | delete: [e] -> [] | replace: [u] -> [v] | replace: [u] -> [v]","ops={replace:3, delete:0, insert:0}; examples=replace: [Lord shal reigne] -> [LORD shall reign] | replace: [euer] -> [ever] | replace: [euer.] -> [ever.]","ops={replace:1, delete:0, insert:0}; examples=replace: [The Lord shal reigne for euer and euer] -> [The LORD shall reign for ever and ever]",
JHN:8:1,JHN,8,1,0.30819939397834006,0.30819939397834006,,R0,R1,0.0,Iesus went vnto &thorn; Mount of Oliues:,Jesus went unto the mount of Olives.,iesus went vnto &thorn; mount of oliues:,jesus went unto the mount of olives.,STRONG_OUTLIER,STRONG_OUTLIER,,normalization_insensitive,"ops={replace:6, delete:1, insert:0}; examples=replace: [I] -> [J] | replace: [v] -> [u] | delete: [&] -> [] | replace: [o r n ;] -> [e] | replace: [M] -> [m] | replace: [u] -> [v] | replace: [:] -> [.]","ops={replace:3, delete:0, insert:0}; examples=replace: [Iesus] -> [Jesus] | replace: [vnto &thorn; Mount] -> [unto the mount] | replace: [Oliues:] -> [Olives.]","ops={replace:1, delete:0, insert:0}; examples=replace: [Iesus went vnto &thorn Mount of Oliues] -> [Jesus went unto the mount of Olives]",
DEU:2:13,DEU,2,13,0.3076196777911686,0.3076196777911686,,R0,R1,0.0,"Now rise vp, said I, and get you ouer the brooke Zered: and we went ouer the brooke Zered.","Now rise up, said I, and get you over the brook Zered. And we went over the brook Zered.","now rise vp, said i, and get you ouer the brooke zered: and we went ouer the brooke zered.","now rise up, said i, and get you over the brook zered. and we went over the brook zered.",STRONG_OUTLIER,STRONG_OUTLIER,,normalization_insensitive,"ops={replace:5, delete:2, insert:0}; examples=replace: [v] -> [u] | replace: [u] -> [v] | delete: [e] -> [] | replace: [:] -> [.] | replace: [a] -> [A] | replace: [u] -> [v] | delete: [e] -> []","ops={replace:5, delete:0, insert:0}; examples=replace: [vp,] -> [up,] | replace: [ouer] -> [over] | replace: [brooke Zered: and] -> [brook Zered. And] | replace: [ouer] -> [over] | replace: [brooke] -> [brook]","ops={replace:2, delete:0, insert:0}; examples=replace: [Now rise vp] -> [Now rise up] | replace: [and get you ouer the brooke Zered and we went ouer the brooke Zered] -> [and get you over the brook Zered And we went over the brook Zered]",
GAL:4:26,GAL,4,26,0.30735069272254767,0.30735069272254767,,R0,R1,0.0,"But Ierusalem which is aboue is free, which is the mother of vs all.","But Jerusalem which is above is free, which is the mother of us all.","but ierusalem which is aboue is free, which is the mother of vs all.","but jerusalem which is above is free, which is the mother of us all.",STRONG_OUTLIER,STRONG_OUTLIER,,normalization_insensitive,"ops={replace:3, delete:0, insert:0}; examples=replace: [I] -> [J] | replace: [u] -> [v] | replace: [v] -> [u]","ops={replace:3, delete:0, insert:0}; examples=replace: [Ierusalem] -> [Jerusalem] | replace: [aboue] -> [above] | replace: [vs] -> [us]","ops={replace:1, delete:0, insert:0}; examples=replace: [But Ierusalem which is aboue is free which is the mother of vs all] -> [But Jerusalem which is above is free which is the mother of us all]",
GEN:47:16,GEN,47,16,0.3069833865287863,0.3069833865287863,,R0,R1,0.0,"And Ioseph said, Giue your cattell: and I will giue you for your catell, if money faile.","And Joseph said, Give your cattle; and I will give you for your cattle, if money fail.","and ioseph said, giue your cattell: and i will giue you for your catell, if money faile.","and joseph said, give your cattle; and i will give you for your cattle, if money fail.",STRONG_OUTLIER,STRONG_OUTLIER,,normalization_insensitive,"ops={replace:4, delete:2, insert:2}; examples=replace: [I] -> [J] | replace: [u] -> [v] | insert: [] -> [l] | replace: [l l :] -> [;] | replace: [u] -> [v] | insert: [] -> [t l] | delete: [l l] -> [] | delete: [e] -> []","ops={replace:6, delete:0, insert:0}; examples=replace: [Ioseph] -> [Joseph] | replace: [Giue] -> [Give] | replace: [cattell:] -> [cattle;] | replace: [giue] -> [give] | replace: [catell,] -> [cattle,] | replace: [faile.] -> [fail.]","ops={replace:1, delete:0, insert:0}; examples=replace: [And Ioseph said Giue your cattell and I will giue you for your catell if money faile] -> [And Joseph said Give your cattle and I will give you for your cattle if money fail]",
ROM:16:27,ROM,16,27,0.3068300332650655,0.3068300332650655,,R0,R1,0.0,"To God, onely wise, bee glorie through Iesus Christ, for euer. Amen.Written to the Romanes from Corinthus, and sent by Phebe seruant of the Church at Cenchrea.","To God only wise, be glory through Jesus Christ for ever. Amen.","to god, onely wise, bee glorie through iesus christ, for euer. amen.written to the romanes from corinthus, and sent by phebe seruant of the church at cenchrea.","to god only wise, be glory through jesus christ for ever. amen.",STRONG_OUTLIER,STRONG_OUTLIER,,normalization_insensitive,"ops={replace:3, delete:5, insert:0}; examples=delete: [,] -> [] | delete: [e] -> [] | delete: [e] -> [] | replace: [i e] -> [y] | replace: [I] -> [J] | delete: [,] -> [] | replace: [u] -> [v] | delete: [W r i t t e n   t o   t h e   R o m a n e s   f r o m   C o r i n t h u s ,   a n d   s e n t   b y   P h e b e   s e r u a n t   o f   t h e   C h u r c h   a t   C e n c h r e a .] -> []","ops={replace:4, delete:0, insert:0}; examples=replace: [God, onely] -> [God only] | replace: [bee glorie] -> [be glory] | replace: [Iesus Christ,] -> [Jesus Christ] | replace: [euer. Amen.Written to the Romanes from Corinthus, and sent by Phebe seruant of the Church at Cenchrea.] -> [ever. Amen.]","ops={replace:1, delete:1, insert:0}; examples=replace: [To God onely wise bee glorie through Iesus Christ for euer] -> [To God only wise be glory through Jesus Christ for ever] | delete: [Written to the Romanes from Corinthus and sent by Phebe seruant of the Church at Cenchrea] -> []",
2KI:11:21,2KI,11,21,0.30596541958752443,0.30596541958752443,,R0,R1,0.0,Seuen yeeres old was Iehoash when he began to reigne.,Seven years old was Jehoash when he began to reign.,seuen yeeres old was iehoash when he began to reigne.,seven years old was jehoash when he began to reign.,STRONG_OUTLIER,STRONG_OUTLIER,,normalization_insensitive,"ops={replace:3, delete:2, insert:0}; examples=replace: [u] -> [v] | replace: [e] -> [a] | delete: [e] -> [] | replace: [I] -> [J] | delete: [e] -> []","ops={replace:3, delete:0, insert:0}; examples=replace: [Seuen yeeres] -> [Seven years] | replace: [Iehoash] -> [Jehoash] | replace: [reigne.] -> [reign.]","ops={replace:1, delete:0, insert:0}; examples=replace: [Seuen yeeres old was Iehoash when he began to reigne] -> [Seven years old was Jehoash when he began to reign]",
1CH:11:7,1CH,11,7,0.3057480658140206,0.3057480658140206,,R0,R1,0.0,And Dauid dwelt in the castell: therefore they called it the citie of Dauid.,And David dwelt in the castle; therefore they called it the city of David.,and dauid dwelt in the castell: therefore they called it the citie of dauid.,and david dwelt in the castle; therefore they called it the city of david.,STRONG_OUTLIER,STRONG_OUTLIER,,normalization_insensitive,"ops={replace:4, delete:0, insert:1}; examples=replace: [u] -> [v] | insert: [] -> [l] | replace: [l l :] -> [;] | replace: [i e] -> [y] | replace: [u] -> [v]","ops={replace:4, delete:0, insert:0}; examples=replace: [Dauid] -> [David] | replace: [castell:] -> [castle;] | replace: [citie] -> [city] | replace: [Dauid.] -> [David.]","ops={replace:1, delete:0, insert:0}; examples=replace: [And Dauid dwelt in the castell therefore they called it the citie of Dauid] -> [And David dwelt in the castle therefore they called it the city of David]",
1CO:16:14,1CO,16,14,0.30568741244104547,0.30568741244104547,,R0,R1,0.0,Let all your things be done with charitie.,Let all your things be done with charity.,let all your things be done with charitie.,let all your things be done with charity.,STRONG_OUTLIER,STRONG_OUTLIER,,normalization_insensitive,"ops={replace:1, delete:0, insert:0}; examples=replace: [i e] -> [y]","ops={replace:1, delete:0, insert:0}; examples=replace: [charitie.] -> [charity.]","ops={replace:1, delete:0, insert:0}; examples=replace: [Let all your things be done with charitie] -> [Let all your things be done with charity]",
JER:33:17,JER,33,17,0.3042928000977183,0.3042928000977183,,R0,R1,0.0,¶ For thus saith the Lord; Dauid shall neuer want a man to sit vpon the throne of the house of Israel.,For thus saith the LORD; David shall never want a man to sit upon the throne of the house of Israel;,¶ for thus saith the lord; dauid shall neuer want a man to sit vpon the throne of the house of israel.,for thus saith the lord; david shall never want a man to sit upon the throne of the house of israel;,STRONG_OUTLIER,STRONG_OUTLIER,,normalization_insensitive,"ops={replace:5, delete:1, insert:0}; examples=delete: [¶  ] -> [] | replace: [o r d] -> [O R D] | replace: [u] -> [v] | replace: [u] -> [v] | replace: [v] -> [u] | replace: [.] -> [;]","ops={replace:4, delete:1, insert:0}; examples=delete: [¶] -> [] | replace: [Lord; Dauid] -> [LORD; David] | replace: [neuer] -> [never] | replace: [vpon] -> [upon] | replace: [Israel.] -> [Israel;]","ops={replace:1, delete:0, insert:0}; examples=replace: [¶ For thus saith the Lord Dauid shall neuer want a man to sit vpon the throne of the house of Israel] -> [For thus saith the LORD David shall never want a man to sit upon the throne of the house of Israel]",
NEH:7:36,NEH,7,36,0.3031543197704123,0.3031543197704123,,R0,R1,0.0,"The children of Iericho, three hundred, fourtie and fiue.","The children of Jericho, three hundred forty and five.","the children of iericho, three hundred, fourtie and fiue.","the children of jericho, three hundred forty and five.",STRONG_OUTLIER,STRONG_OUTLIER,,normalization_insensitive,"ops={replace:3, delete:2, insert:0}; examples=replace: [I] -> [J] | delete: [,] -> [] | delete: [u] -> [] | replace: [i e] -> [y] | replace: [u] -> [v]","ops={replace:3, delete:0, insert:0}; examples=replace: [Iericho,] -> [Jericho,] | replace: [hundred, fourtie] -> [hundred forty] | replace: [fiue.] -> [five.]","ops={replace:1, delete:0, insert:0}; examples=replace: [The children of Iericho three hundred fourtie and fiue] -> [The children of Jericho three hundred forty and five]",
LUK:9:51,LUK,9,51,0.3025274135802152,0.3025274135802152,,R0,R1,0.0,"¶ And it came to passe, when the time was come that he should bee receiued vp, he stedfastly set his face to goe to Hierusalem,","And it came to pass, when the time was come that he should be received up, he stedfastly set his face to go to Jerusalem,","¶ and it came to passe, when the time was come that he should bee receiued vp, he stedfastly set his face to goe to hierusalem,","and it came to pass, when the time was come that he should be received up, he stedfastly set his face to go to jerusalem,",STRONG_OUTLIER,STRONG_OUTLIER,,normalization_insensitive,"ops={replace:3, delete:4, insert:0}; examples=delete: [¶  ] -> [] | delete: [e] -> [] | delete: [e] -> [] | replace: [u] -> [v] | replace: [v] -> [u] | delete: [e] -> [] | replace: [H i] -> [J]","ops={replace:4, delete:1, insert:0}; examples=delete: [¶] -> [] | replace: [passe,] -> [pass,] | replace: [bee receiued vp,] -> [be received up,] | replace: [goe] -> [go] | replace: [Hierusalem,] -> [Jerusalem,]","ops={replace:1, delete:0, insert:0}; examples=replace: [¶ And it came to passe when the time was come that he should bee receiued vp he stedfastly set his face to goe to Hierusalem] -> [And it came to pass when the time was come that he should be received up he stedfastly set his face to go to Jerusalem]",
JOB:30:4,JOB,30,4,0.30192940979575134,0.30192940979575134,,R0,R1,0.0,"Who cut vp mallowes by the bushes, and Iuniper rootes for their meate.","Who cut up mallows by the bushes, and juniper roots for their meat.","who cut vp mallowes by the bushes, and iuniper rootes for their meate.","who cut up mallows by the bushes, and juniper roots for their meat.",STRONG_OUTLIER,STRONG_OUTLIER,,normalization_insensitive,"ops={replace:2, delete:3, insert:0}; examples=replace: [v] -> [u] | delete: [e] -> [] | replace: [I] -> [j] | delete: [e] -> [] | delete: [e] -> []","ops={replace:3, delete:0, insert:0}; examples=replace: [vp mallowes] -> [up mallows] | replace: [Iuniper rootes] -> [juniper roots] | replace: [meate.] -> [meat.]","ops={replace:1, delete:0, insert:0}; examples=replace: [Who cut vp mallowes by the bushes and Iuniper rootes for their meate] -> [Who cut up mallows by the bushes and juniper roots for their meat]",
EPH:5:7,EPH,5,7,0.3012893965485023,0.3012893965485023,,R0,R1,0.0,Bee not yee therefore partakers with them.,Be not ye therefore partakers with them.,bee not yee therefore partakers with them.,be not ye therefore partakers with them.,STRONG_OUTLIER,STRONG_OUTLIER,,normalization_insensitive,"ops={replace:0, delete:2, insert:0}; examples=delete: [e] -> [] | delete: [e] -> []","ops={replace:2, delete:0, insert:0}; examples=replace: [Bee] -> [Be] | replace: [yee] -> [ye]","ops={replace:1, delete:0, insert:0}; examples=replace: [Bee not yee therefore partakers with them] -> [Be not ye therefore partakers with them]",
PRO:4:7,PRO,4,7,0.3010664105021882,0.3010664105021882,,R0,R1,0.0,"Wisedome is the principall thing, therefore get wisedome: and with all thy getting, get vnderstanding.",Wisdom is the principal thing; therefore get wisdom: and with all thy getting get understanding.,"wisedome is the principall thing, therefore get wisedome: and with all thy getting, get vnderstanding.",wisdom is the principal thing; therefore get wisdom: and with all thy getting get understanding.,STRONG_OUTLIER,STRONG_OUTLIER,,normalization_insensitive,"ops={replace:2, delete:6, insert:0}; examples=delete: [e] -> [] | delete: [e] -> [] | delete: [l] -> [] | replace: [,] -> [;] | delete: [e] -> [] | delete: [e] -> [] | delete: [,] -> [] | replace: [v] -> [u]","ops={replace:5, delete:0, insert:0}; examples=replace: [Wisedome] -> [Wisdom] | replace: [principall thing,] -> [principal thing;] | replace: [wisedome:] -> [wisdom:] | replace: [getting,] -> [getting] | replace: [vnderstanding.] -> [understanding.]","ops={replace:1, delete:0, insert:0}; examples=replace: [Wisedome is the principall thing therefore get wisedome and with all thy getting get vnderstanding] -> [Wisdom is the principal thing therefore get wisdom and with all thy getting get understanding]",
EZR:2:34,EZR,2,34,0.3005829485998124,0.3005829485998124,,R0,R1,0.0,"The children of Iericho, three hundred fourtie and fiue.","The children of Jericho, three hundred forty and five.","the children of iericho, three hundred fourtie and fiue.","the children of jericho, three hundred forty and five.",STRONG_OUTLIER,STRONG_OUTLIER,,normalization_insensitive,"ops={replace:3, delete:1, insert:0}; examples=replace: [I] -> [J] | delete: [u] -> [] | replace: [i e] -> [y] | replace: [u] -> [v]","ops={replace:3, delete:0, insert:0}; examples=replace: [Iericho,] -> [Jericho,] | replace: [fourtie] -> [forty] | replace: [fiue.] -> [five.]","ops={replace:1, delete:0, insert:0}; examples=replace: [The children of Iericho three hundred fourtie and fiue] -> [The children of Jericho three hundred forty and five]",
PSA:119:93,PSA,119,93,0.30045682956537834,0.30045682956537834,,R0,R1,0.0,I will neuer forget thy precepts: for with them thou hast quickened me.,I will never forget thy precepts: for with them thou hast quickened me.,i will neuer forget thy precepts: for with them thou hast quickened me.,i will never forget thy precepts: for with them thou hast quickened me.,STRONG_OUTLIER,STRONG_OUTLIER,,normalization_insensitive,"ops={replace:1, delete:0, insert:0}; examples=replace: [u] -> [v]","ops={replace:1, delete:0, insert:0}; examples=replace: [neuer] -> [never]","ops={replace:1, delete:0, insert:0}; examples=replace: [I will neuer forget thy precepts] -> [I will never forget thy precepts]",
JOS:3:11,JOS,3,11,0.3001837730860344,0.3001837730860344,,R0,R1,0.0,"Behold, the Arke of the Couenant, euen the Lord of all the earth, passeth ouer before you, into Iordan.","Behold, the ark of the covenant of the LORD of all the earth passeth over before you into Jordan.","behold, the arke of the couenant, euen the lord of all the earth, passeth ouer before you, into iordan.","behold, the ark of the covenant of the lord of all the earth passeth over before you into jordan.",STRONG_OUTLIER,STRONG_OUTLIER,,normalization_insensitive,"ops={replace:7, delete:4, insert:0}; examples=replace: [A] -> [a] | delete: [e] -> [] | replace: [C] -> [c] | replace: [u] -> [v] | delete: [,] -> [] | replace: [e u e n] -> [o f] | replace: [o r d] -> [O R D] | delete: [,] -> []","ops={replace:7, delete:0, insert:0}; examples=replace: [Arke] -> [ark] | replace: [Couenant, euen] -> [covenant of] | replace: [Lord] -> [LORD] | replace: [earth,] -> [earth] | replace: [ouer] -> [over] | replace: [you,] -> [you] | replace: [Iordan.] -> [Jordan.]","ops={replace:1, delete:0, insert:0}; examples=replace: [the Arke of the Couenant euen the Lord of all the earth passeth ouer before you into Iordan] -> [the ark of the covenant of the LORD of all the earth passeth over before you into Jordan]",
DEU:33:25,DEU,33,25,0.2998167183550807,0.2998167183550807,,R0,R1,0.0,"Thy shooes shall bee yron and brasse, and as thy dayes, so shall thy strength bee.","Thy shoes shall be iron and brass; and as thy days, so shall thy strength be.","thy shooes shall bee yron and brasse, and as thy dayes, so shall thy strength bee.","thy shoes shall be iron and brass; and as thy days, so shall thy strength be.",STRONG_OUTLIER,STRONG_OUTLIER,,normalization_insensitive,"ops={replace:2, delete:4, insert:0}; examples=delete: [o] -> [] | delete: [e] -> [] | replace: [y] -> [i] | replace: [e ,] -> [;] | delete: [e] -> [] | delete: [e] -> []","ops={replace:5, delete:0, insert:0}; examples=replace: [shooes] -> [shoes] | replace: [bee yron] -> [be iron] | replace: [brasse,] -> [brass;] | replace: [dayes,] -> [days,] | replace: [bee.] -> [be.]","ops={replace:1, delete:0, insert:0}; examples=replace: [Thy shooes shall bee yron and brasse and as thy dayes so shall thy strength bee] -> [Thy shoes shall be iron and brass and as thy days so shall thy strength be]",
NUM:19:15,NUM,19,15,0.29955118203117104,0.29955118203117104,,R0,R1,0.0,"And euery open vessel which hath no couering bound vpon it, is vncleane.","And every open vessel, which hath no covering bound upon it, is unclean.","and euery open vessel which hath no couering bound vpon it, is vncleane.","and every open vessel, which hath no covering bound upon it, is unclean.",STRONG_OUTLIER,STRONG_OUTLIER,,normalization_insensitive,"ops={replace:4, delete:1, insert:1}; examples=replace: [u] -> [v] | insert: [] -> [,] | replace: [u] -> [v] | replace: [v] -> [u] | replace: [v] -> [u] | delete: [e] -> []","ops={replace:5, delete:0, insert:0}; examples=replace: [euery] -> [every] | replace: [vessel] -> [vessel,] | replace: [couering] -> [covering] | replace: [vpon] -> [upon] | replace: [vncleane.] -> [unclean.]","ops={replace:1, delete:0, insert:0}; examples=replace: [And euery open vessel which hath no couering bound vpon it is vncleane] -> [And every open vessel which hath no covering bound upon it is unclean]",
EPH:4:8,EPH,4,8,0.29900742533500335,0.29900742533500335,,R0,R1,0.0,"Wherefore he saith: When he ascended vp on high, he led captiuitie captiue, and gaue gifts vnto men.","Wherefore he saith, When he ascended up on high, he led captivity captive, and gave gifts unto men.","wherefore he saith: when he ascended vp on high, he led captiuitie captiue, and gaue gifts vnto men.","wherefore he saith, when he ascended up on high, he led captivity captive, and gave gifts unto men.",REVIEW_CANDIDATE,REVIEW_CANDIDATE,,normalization_insensitive,"ops={replace:7, delete:0, insert:0}; examples=replace: [:] -> [,] | replace: [v] -> [u] | replace: [u] -> [v] | replace: [i e] -> [y] | replace: [u] -> [v] | replace: [u] -> [v] | replace: [v] -> [u]","ops={replace:5, delete:0, insert:0}; examples=replace: [saith:] -> [saith,] | replace: [vp] -> [up] | replace: [captiuitie captiue,] -> [captivity captive,] | replace: [gaue] -> [gave] | replace: [vnto] -> [unto]","ops={replace:1, delete:0, insert:0}; examples=replace: [When he ascended vp on high he led captiuitie captiue and gaue gifts vnto men] -> [When he ascended up on high he led captivity captive and gave gifts unto men]",
1CH:23:3,1CH,23,3,0.29900251991969196,0.29900251991969196,,R0,R1,0.0,"Now the Leuites were numbred from the age of thirtie yeeres and vpward: and their number, by their polles, man by man, was thirtie and eight thousand.","Now the Levites were numbered from the age of thirty years and upward: and their number by their polls, man by man, was thirty and eight thousand.","now the leuites were numbred from the age of thirtie yeeres and vpward: and their number, by their polles, man by man, was thirtie and eight thousand.","now the levites were numbered from the age of thirty years and upward: and their number by their polls, man by man, was thirty and eight thousand.",STRONG_OUTLIER,STRONG_OUTLIER,,normalization_insensitive,"ops={replace:5, delete:3, insert:1}; examples=replace: [u] -> [v] | insert: [] -> [e] | replace: [i e] -> [y] | replace: [e] -> [a] | delete: [e] -> [] | replace: [v] -> [u] | delete: [,] -> [] | delete: [e] -> []","ops={replace:7, delete:0, insert:0}; examples=replace: [Leuites] -> [Levites] | replace: [numbred] -> [numbered] | replace: [thirtie yeeres] -> [thirty years] | replace: [vpward:] -> [upward:] | replace: [number,] -> [number] | replace: [polles,] -> [polls,] | replace: [thirtie] -> [thirty]","ops={replace:2, delete:0, insert:0}; examples=replace: [Now the Leuites were numbred from the age of thirtie yeeres and vpward and their number by their polles] -> [Now the Levites were numbered from the age of thirty years and upward and their number by their polls] | replace: [was thirtie and eight thousand] -> [was thirty and eight thousand]",
PSA:7:2,PSA,7,2,0.29880662351009546,0.29880662351009546,,R0,R1,0.0,"Least hee teare my soule like a lyon, renting it in pieces, while there is none to deliuer.","Lest he tear my soul like a lion, rending it in pieces, while there is none to deliver.","least hee teare my soule like a lyon, renting it in pieces, while there is none to deliuer.","lest he tear my soul like a lion, rending it in pieces, while there is none to deliver.",STRONG_OUTLIER,STRONG_OUTLIER,,normalization_insensitive,"ops={replace:3, delete:4, insert:0}; examples=delete: [a] -> [] | delete: [e] -> [] | delete: [e] -> [] | delete: [e] -> [] | replace: [y] -> [i] | replace: [t] -> [d] | replace: [u] -> [v]","ops={replace:4, delete:0, insert:0}; examples=replace: [Least hee teare] -> [Lest he tear] | replace: [soule] -> [soul] | replace: [lyon, renting] -> [lion, rending] | replace: [deliuer.] -> [deliver.]","ops={replace:1, delete:0, insert:0}; examples=replace: [Least hee teare my soule like a lyon renting it in pieces while there is none to deliuer] -> [Lest he tear my soul like a lion rending it in pieces while there is none to deliver]",
MAT:20:17,MAT,20,17,0.29870540910558374,0.29870540910558374,,R0,R1,0.0,"¶ And Iesus going vp to Hierusalem, tooke the twelue disciples apart in the way, and said vnto them,","And Jesus going up to Jerusalem took the twelve disciples apart in the way, and said unto them,","¶ and iesus going vp to hierusalem, tooke the twelue disciples apart in the way, and said vnto them,","and jesus going up to jerusalem took the twelve disciples apart in the way, and said unto them,",STRONG_OUTLIER,STRONG_OUTLIER,,normalization_insensitive,"ops={replace:5, delete:3, insert:0}; examples=delete: [¶  ] -> [] | replace: [I] -> [J] | replace: [v] -> [u] | replace: [H i] -> [J] | delete: [,] -> [] | delete: [e] -> [] | replace: [u] -> [v] | replace: [v] -> [u]","ops={replace:5, delete:1, insert:0}; examples=delete: [¶] -> [] | replace: [Iesus] -> [Jesus] | replace: [vp] -> [up] | replace: [Hierusalem, tooke] -> [Jerusalem took] | replace: [twelue] -> [twelve] | replace: [vnto] -> [unto]","ops={replace:1, delete:0, insert:0}; examples=replace: [¶ And Iesus going vp to Hierusalem tooke the twelue disciples apart in the way and said vnto them] -> [And Jesus going up to Jerusalem took the twelve disciples apart in the way and said unto them]",
DEU:3:7,DEU,3,7,0.2976527545946136,0.2976527545946136,,R0,R1,0.0,"But all the cattell, and the spoile of the cities, we tooke for a pray to our selues.","But all the cattle, and the spoil of the cities, we took for a prey to ourselves.","but all the cattell, and the spoile of the cities, we tooke for a pray to our selues.","but all the cattle, and the spoil of the cities, we took for a prey to ourselves.",STRONG_OUTLIER,STRONG_OUTLIER,,normalization_insensitive,"ops={replace:2, delete:4, insert:1}; examples=insert: [] -> [l] | delete: [l l] -> [] | delete: [e] -> [] | delete: [e] -> [] | replace: [a] -> [e] | delete: [ ] -> [] | replace: [u] -> [v]","ops={replace:5, delete:0, insert:0}; examples=replace: [cattell,] -> [cattle,] | replace: [spoile] -> [spoil] | replace: [tooke] -> [took] | replace: [pray] -> [prey] | replace: [our selues.] -> [ourselves.]","ops={replace:1, delete:0, insert:0}; examples=replace: [But all the cattell and the spoile of the cities we tooke for a pray to our selues] -> [But all the cattle and the spoil of the cities we took for a prey to ourselves]",
MRK:8:5,MRK,8,5,0.29652510485655537,0.29652510485655537,,R0,R1,0.0,"And hee asked them, How many loaues haue ye? And they said, Seuen.","And he asked them, How many loaves have ye? And they said, Seven.","and hee asked them, how many loaues haue ye? and they said, seuen.","and he asked them, how many loaves have ye? and they said, seven.",STRONG_OUTLIER,STRONG_OUTLIER,,normalization_insensitive,"ops={replace:3, delete:1, insert:0}; examples=delete: [e] -> [] | replace: [u] -> [v] | replace: [u] -> [v] | replace: [u] -> [v]","ops={replace:3, delete:0, insert:0}; examples=replace: [hee] -> [he] | replace: [loaues haue] -> [loaves have] | replace: [Seuen.] -> [Seven.]","ops={replace:2, delete:0, insert:0}; examples=replace: [And hee asked them How many loaues haue ye] -> [And he asked them How many loaves have ye] | replace: [Seuen] -> [Seven]",
JHN:11:36,JHN,11,36,0.2958166460155398,0.2958166460155398,,R0,R1,0.0,"Then said the Iewes, Behold, how he loued him.","Then said the Jews, Behold how he loved him!","then said the iewes, behold, how he loued him.","then said the jews, behold how he loved him!",STRONG_OUTLIER,STRONG_OUTLIER,,normalization_insensitive,"ops={replace:3, delete:2, insert:0}; examples=replace: [I] -> [J] | delete: [e] -> [] | delete: [,] -> [] | replace: [u] -> [v] | replace: [.] -> [!]","ops={replace:2, delete:0, insert:0}; examples=replace: [Iewes, Behold,] -> [Jews, Behold] | replace: [loued him.] -> [loved him!]","ops={replace:1, delete:0, insert:0}; examples=replace: [Then said the Iewes Behold how he loued him] -> [Then said the Jews Behold how he loved him]",
PSA:50:10,PSA,50,10,0.2945650922632115,0.2945650922632115,,R0,R1,0.0,"For euery beast of the forrest is mine, and the cattell vpon a thousand hilles.","For every beast of the forest is mine, and the cattle upon a thousand hills.","for euery beast of the forrest is mine, and the cattell vpon a thousand hilles.","for every beast of the forest is mine, and the cattle upon a thousand hills.",STRONG_OUTLIER,STRONG_OUTLIER,,normalization_insensitive,"ops={replace:2, delete:3, insert:1}; examples=replace: [u] -> [v] | delete: [r] -> [] | insert: [] -> [l] | delete: [l l] -> [] | replace: [v] -> [u] | delete: [e] -> []","ops={replace:4, delete:0, insert:0}; examples=replace: [euery] -> [every] | replace: [forrest] -> [forest] | replace: [cattell vpon] -> [cattle upon] | replace: [hilles.] -> [hills.]","ops={replace:1, delete:0, insert:0}; examples=replace: [For euery beast of the forrest is mine and the cattell vpon a thousand hilles] -> [For every beast of the forest is mine and the cattle upon a thousand hills]",
PSA:22:21,PSA,22,21,0.2940807001104293,0.2940807001104293,,R0,R1,0.0,Saue me from the lyons mouth: for thou hast heard me from the hornes of the vnicornes.,Save me from the lion’s mouth: for thou hast heard me from the horns of the unicorns.,saue me from the lyons mouth: for thou hast heard me from the hornes of the vnicornes.,save me from the lion’s mouth: for thou hast heard me from the horns of the unicorns.,STRONG_OUTLIER,STRONG_OUTLIER,,normalization_insensitive,"ops={replace:3, delete:2, insert:1}; examples=replace: [u] -> [v] | replace: [y] -> [i] | insert: [] -> [’] | delete: [e] -> [] | replace: [v] -> [u] | delete: [e] -> []","ops={replace:4, delete:0, insert:0}; examples=replace: [Saue] -> [Save] | replace: [lyons] -> [lion’s] | replace: [hornes] -> [horns] | replace: [vnicornes.] -> [unicorns.]","ops={replace:1, delete:0, insert:0}; examples=replace: [Saue me from the lyons mouth for thou hast heard me from the hornes of the vnicornes] -> [Save me from the lion’s mouth for thou hast heard me from the horns of the unicorns]",
LAM:3:38,LAM,3,38,0.2940781555190245,0.2940781555190245,,R0,R1,0.0,Out of the mouth of the most hie proceedeth not euill and good?,Out of the mouth of the most High proceedeth not evil and good?,out of the mouth of the most hie proceedeth not euill and good?,out of the mouth of the most high proceedeth not evil and good?,STRONG_OUTLIER,STRONG_OUTLIER,,normalization_insensitive,"ops={replace:1, delete:2, insert:1}; examples=insert: [] -> [H i g] | delete: [i e] -> [] | replace: [u] -> [v] | delete: [l] -> []","ops={replace:2, delete:0, insert:0}; examples=replace: [hie] -> [High] | replace: [euill] -> [evil]","ops={replace:1, delete:0, insert:0}; examples=replace: [Out of the mouth of the most hie proceedeth not euill and good] -> [Out of the mouth of the most High proceedeth not evil and good]",
GEN:30:5,GEN,30,5,0.29376797056584925,0.29376797056584925,,R0,R1,0.0,And Bilhah conceiued and bare Iacob a sonne.,"And Bilhah conceived, and bare Jacob a son.",and bilhah conceiued and bare iacob a sonne.,"and bilhah conceived, and bare jacob a son.",STRONG_OUTLIER,STRONG_OUTLIER,,normalization_insensitive,"ops={replace:2, delete:1, insert:1}; examples=replace: [u] -> [v] | insert: [] -> [,] | replace: [I] -> [J] | delete: [n e] -> []","ops={replace:3, delete:0, insert:0}; examples=replace: [conceiued] -> [conceived,] | replace: [Iacob] -> [Jacob] | replace: [sonne.] -> [son.]","ops={replace:1, delete:0, insert:0}; examples=replace: [And Bilhah conceiued and bare Iacob a sonne] -> [And Bilhah conceived and bare Jacob a son]",
LAM:5:22,LAM,5,22,0.2936550386443162,0.2936550386443162,,R0,R1,0.0,But thou hast vtterly reiected vs: thou art very wroth against vs.,But thou hast utterly rejected us; thou art very wroth against us.,but thou hast vtterly reiected vs: thou art very wroth against vs.,but thou hast utterly rejected us; thou art very wroth against us.,REVIEW_CANDIDATE,REVIEW_CANDIDATE,,normalization_insensitive,"ops={replace:5, delete:0, insert:0}; examples=replace: [v] -> [u] | replace: [i] -> [j] | replace: [v] -> [u] | replace: [:] -> [;] | replace: [v] -> [u]","ops={replace:2, delete:0, insert:0}; examples=replace: [vtterly reiected vs:] -> [utterly rejected us;] | replace: [vs.] -> [us.]","ops={replace:1, delete:0, insert:0}; examples=replace: [But thou hast vtterly reiected vs thou art very wroth against vs] -> [But thou hast utterly rejected us thou art very wroth against us]",
2SA:15:30,2SA,15,30,0.2928712695272103,0.2928712695272103,,R0,R1,0.0,"¶ And Dauid went vp by the ascent of mount Oliuet, and wept as he went vp, and had his head couered, and he went barefoote, and all the people that was with him, couered euery man his head, and they went vp, weeping as they went vp.","And David went up by the ascent of mount Olivet, and wept as he went up, and had his head covered, and he went barefoot: and all the people that was with him covered every man his head, and they went up, weeping as they went up.","¶ and dauid went vp by the ascent of mount oliuet, and wept as he went vp, and had his head couered, and he went barefoote, and all the people that was with him, couered euery man his head, and they went vp, weeping as they went vp.","and david went up by the ascent of mount olivet, and wept as he went up, and had his head covered, and he went barefoot: and all the people that was with him covered every man his head, and they went up, weeping as they went up.",STRONG_OUTLIER,STRONG_OUTLIER,,normalization_insensitive,"ops={replace:7, delete:2, insert:0}; examples=delete: [¶  ] -> [] | replace: [u i d   w e n t   v] -> [v i d   w e n t   u] | replace: [u e t ,   a n d   w e p t   a s   h e   w e n t   v] -> [v e t ,   a n d   w e p t   a s   h e   w e n t   u] | replace: [u] -> [v] | replace: [e ,] -> [:] | delete: [,] -> [] | replace: [u e r e d   e u] -> [v e r e d   e v] | replace: [v] -> [u]","ops={replace:9, delete:1, insert:0}; examples=delete: [¶] -> [] | replace: [Dauid] -> [David] | replace: [vp] -> [up] | replace: [Oliuet,] -> [Olivet,] | replace: [vp,] -> [up,] | replace: [couered,] -> [covered,] | replace: [barefoote,] -> [barefoot:] | replace: [him, couered euery] -> [him covered every]","ops={replace:1, delete:0, insert:0}; examples=replace: [¶ And Dauid went vp by the ascent of mount Oliuet and wept as he went vp and had his head couered and he went barefoote and all the people that was with him couered euery man his head and they went vp weeping as they went vp] -> [And David went up by the ascent of mount Olivet and wept as he went up and had his head covered and he went barefoot and all the people that was with him covered every man his head and they went up weeping as they went up]",
JHN:5:1,JHN,5,1,0.2926074437154558,0.2926074437154558,,R0,R1,0.0,"After this there was a feast of the Iewes, and Iesus went vp to Hierusalem.",After this there was a feast of the Jews; and Jesus went up to Jerusalem.,"after this there was a feast of the iewes, and iesus went vp to hierusalem.",after this there was a feast of the jews; and jesus went up to jerusalem.,STRONG_OUTLIER,STRONG_OUTLIER,,normalization_insensitive,"ops={replace:5, delete:1, insert:0}; examples=replace: [I] -> [J] | delete: [e] -> [] | replace: [,] -> [;] | replace: [I] -> [J] | replace: [v] -> [u] | replace: [H i] -> [J]","ops={replace:4, delete:0, insert:0}; examples=replace: [Iewes,] -> [Jews;] | replace: [Iesus] -> [Jesus] | replace: [vp] -> [up] | replace: [Hierusalem.] -> [Jerusalem.]","ops={replace:1, delete:0, insert:0}; examples=replace: [After this there was a feast of the Iewes and Iesus went vp to Hierusalem] -> [After this there was a feast of the Jews and Jesus went up to Jerusalem]",
JHN:11:26,JHN,11,26,0.2912036982998637,0.2912036982998637,,R0,R1,0.0,"And whosoeuer liueth, and beleeueth in mee, shall neuer die. Beleeuest thou this?",And whosoever liveth and believeth in me shall never die. Believest thou this?,"and whosoeuer liueth, and beleeueth in mee, shall neuer die. beleeuest thou this?",and whosoever liveth and believeth in me shall never die. believest thou this?,STRONG_OUTLIER,STRONG_OUTLIER,,normalization_insensitive,"ops={replace:5, delete:2, insert:2}; examples=replace: [u] -> [v] | replace: [u] -> [v] | delete: [,] -> [] | insert: [] -> [i] | replace: [e u] -> [v] | delete: [e ,] -> [] | replace: [u] -> [v] | insert: [] -> [i]","ops={replace:5, delete:0, insert:0}; examples=replace: [whosoeuer liueth,] -> [whosoever liveth] | replace: [beleeueth] -> [believeth] | replace: [mee,] -> [me] | replace: [neuer] -> [never] | replace: [Beleeuest] -> [Believest]","ops={replace:1, delete:0, insert:0}; examples=replace: [And whosoeuer liueth and beleeueth in mee shall neuer die Beleeuest thou this] -> [And whosoever liveth and believeth in me shall never die Believest thou this]",
JHN:8:35,JHN,8,35,0.2899593141857012,0.2899593141857012,,R0,R1,0.0,And the seruant abideth not in the house for euer: but the Sonne abideth euer.,And the servant abideth not in the house for ever: but the Son abideth ever.,and the seruant abideth not in the house for euer: but the sonne abideth euer.,and the servant abideth not in the house for ever: but the son abideth ever.,STRONG_OUTLIER,STRONG_OUTLIER,,normalization_insensitive,"ops={replace:3, delete:1, insert:0}; examples=replace: [u] -> [v] | replace: [u] -> [v] | delete: [n e] -> [] | replace: [u] -> [v]","ops={replace:4, delete:0, insert:0}; examples=replace: [seruant] -> [servant] | replace: [euer:] -> [ever:] | replace: [Sonne] -> [Son] | replace: [euer.] -> [ever.]","ops={replace:1, delete:0, insert:0}; examples=replace: [And the seruant abideth not in the house for euer but the Sonne abideth euer] -> [And the servant abideth not in the house for ever but the Son abideth ever]",
1CO:16:9,1CO,16,9,0.28890505661511,0.28890505661511,,R0,R1,0.0,"For a great doore and effectuall is opened vnto mee, and there are many aduersaries.","For a great door and effectual is opened unto me, and there are many adversaries.","for a great doore and effectuall is opened vnto mee, and there are many aduersaries.","for a great door and effectual is opened unto me, and there are many adversaries.",STRONG_OUTLIER,STRONG_OUTLIER,,normalization_insensitive,"ops={replace:2, delete:3, insert:0}; examples=delete: [e] -> [] | delete: [l] -> [] | replace: [v] -> [u] | delete: [e] -> [] | replace: [u] -> [v]","ops={replace:4, delete:0, insert:0}; examples=replace: [doore] -> [door] | replace: [effectuall] -> [effectual] | replace: [vnto mee,] -> [unto me,] | replace: [aduersaries.] -> [adversaries.]","ops={replace:1, delete:0, insert:0}; examples=replace: [For a great doore and effectuall is opened vnto mee and there are many aduersaries] -> [For a great door and effectual is opened unto me and there are many adversaries]",
2TH:3:18,2TH,3,18,0.28833725340290184,0.28833725340290184,,R0,R1,0.0,"The grace of our Lord Iesus Christ be with you all, Amen. The second Epistle to the Thessalonians was written from Athens.",The grace of our Lord Jesus Christ be with you all. Amen.,"the grace of our lord iesus christ be with you all, amen. the second epistle to the thessalonians was written from athens.",the grace of our lord jesus christ be with you all. amen.,STRONG_OUTLIER,STRONG_OUTLIER,,normalization_insensitive,"ops={replace:2, delete:1, insert:0}; examples=replace: [I] -> [J] | replace: [,] -> [.] | delete: [  T h e   s e c o n d   E p i s t l e   t o   t h e   T h e s s a l o n i a n s   w a s   w r i t t e n   f r o m   A t h e n s .] -> []","ops={replace:2, delete:1, insert:0}; examples=replace: [Iesus] -> [Jesus] | replace: [all,] -> [all.] | delete: [The second Epistle to the Thessalonians was written from Athens.] -> []","ops={replace:1, delete:1, insert:0}; examples=replace: [The grace of our Lord Iesus Christ be with you all] -> [The grace of our Lord Jesus Christ be with you all] | delete: [The second Epistle to the Thessalonians was written from Athens] -> []",
JOB:28:18,JOB,28,18,0.2882687170684062,0.2882687170684062,,R0,R1,0.0,"No mention shalbe made of Corall, or of Pearles: for the price of wisedome is aboue Rubies.","No mention shall be made of coral, or of pearls: for the price of wisdom is above rubies.","no mention shalbe made of corall, or of pearles: for the price of wisedome is aboue rubies.","no mention shall be made of coral, or of pearls: for the price of wisdom is above rubies.",STRONG_OUTLIER,STRONG_OUTLIER,,normalization_insensitive,"ops={replace:4, delete:4, insert:1}; examples=insert: [] -> [l  ] | replace: [C] -> [c] | delete: [l] -> [] | replace: [P] -> [p] | delete: [e] -> [] | delete: [e] -> [] | delete: [e] -> [] | replace: [u] -> [v]","ops={replace:5, delete:0, insert:0}; examples=replace: [shalbe] -> [shall be] | replace: [Corall,] -> [coral,] | replace: [Pearles:] -> [pearls:] | replace: [wisedome] -> [wisdom] | replace: [aboue Rubies.] -> [above rubies.]","ops={replace:1, delete:0, insert:0}; examples=replace: [No mention shalbe made of Corall or of Pearles for the price of wisedome is aboue Rubies] -> [No mention shall be made of coral or of pearls for the price of wisdom is above rubies]",
JON:3:4,JON,3,4,0.2878114225173253,0.2878114225173253,,R0,R1,0.0,"And Ionah began to enter into the citie a dayes iourney, and hee cryed, and said; Yet fourtie dayes, and Niniueh shalbe ouerthrowen.","And Jonah began to enter into the city a day’s journey, and he cried, and said, Yet forty days, and Nineveh shall be overthrown.","and ionah began to enter into the citie a dayes iourney, and hee cryed, and said; yet fourtie dayes, and niniueh shalbe ouerthrowen.","and jonah began to enter into the city a day’s journey, and he cried, and said, yet forty days, and nineveh shall be overthrown.",STRONG_OUTLIER,STRONG_OUTLIER,,normalization_insensitive,"ops={replace:9, delete:4, insert:1}; examples=replace: [I] -> [J] | replace: [i e] -> [y] | replace: [e] -> [’] | replace: [i] -> [j] | delete: [e] -> [] | replace: [y] -> [i] | replace: [;] -> [,] | delete: [u] -> []","ops={replace:7, delete:0, insert:0}; examples=replace: [Ionah] -> [Jonah] | replace: [citie] -> [city] | replace: [dayes iourney,] -> [day’s journey,] | replace: [hee cryed,] -> [he cried,] | replace: [said;] -> [said,] | replace: [fourtie dayes,] -> [forty days,] | replace: [Niniueh shalbe ouerthrowen.] -> [Nineveh shall be overthrown.]","ops={replace:2, delete:0, insert:0}; examples=replace: [And Ionah began to enter into the citie a dayes iourney and hee cryed] -> [And Jonah began to enter into the city a day’s journey and he cried] | replace: [Yet fourtie dayes and Niniueh shalbe ouerthrowen] -> [Yet forty days and Nineveh shall be overthrown]",
JOB:4:11,JOB,4,11,0.28720022359384834,0.28720022359384834,,R0,R1,0.0,"The old Lyon perisheth for lacke of pray, and the stout Lyons whelpes are scattered abroad.","The old lion perisheth for lack of prey, and the stout lion’s whelps are scattered abroad.","the old lyon perisheth for lacke of pray, and the stout lyons whelpes are scattered abroad.","the old lion perisheth for lack of prey, and the stout lion’s whelps are scattered abroad.",STRONG_OUTLIER,STRONG_OUTLIER,,normalization_insensitive,"ops={replace:3, delete:2, insert:1}; examples=replace: [L y] -> [l i] | delete: [e] -> [] | replace: [a] -> [e] | replace: [L y] -> [l i] | insert: [] -> [’] | delete: [e] -> []","ops={replace:4, delete:0, insert:0}; examples=replace: [Lyon] -> [lion] | replace: [lacke] -> [lack] | replace: [pray,] -> [prey,] | replace: [Lyons whelpes] -> [lion’s whelps]","ops={replace:1, delete:0, insert:0}; examples=replace: [The old Lyon perisheth for lacke of pray and the stout Lyons whelpes are scattered abroad] -> [The old lion perisheth for lack of prey and the stout lion’s whelps are scattered abroad]",
1CH:29:26,1CH,29,26,0.2870302457046848,0.2870302457046848,,R0,R1,0.0,"¶ Thus Dauid the sonne of Iesse, reigned ouer all Israel.",Thus David the son of Jesse reigned over all Israel.,"¶ thus dauid the sonne of iesse, reigned ouer all israel.",thus david the son of jesse reigned over all israel.,STRONG_OUTLIER,STRONG_OUTLIER,,normalization_insensitive,"ops={replace:3, delete:3, insert:0}; examples=delete: [¶  ] -> [] | replace: [u] -> [v] | delete: [n e] -> [] | replace: [I] -> [J] | delete: [,] -> [] | replace: [u] -> [v]","ops={replace:4, delete:1, insert:0}; examples=delete: [¶] -> [] | replace: [Dauid] -> [David] | replace: [sonne] -> [son] | replace: [Iesse,] -> [Jesse] | replace: [ouer] -> [over]","ops={replace:1, delete:0, insert:0}; examples=replace: [¶ Thus Dauid the sonne of Iesse reigned ouer all Israel] -> [Thus David the son of Jesse reigned over all Israel]",
LUK:22:13,LUK,22,13,0.2866755685709236,0.2866755685709236,,R0,R1,0.0,"And they went, and found as hee had said vnto them, and they made readie the Passeouer.","And they went, and found as he had said unto them: and they made ready the passover.","and they went, and found as hee had said vnto them, and they made readie the passeouer.","and they went, and found as he had said unto them: and they made ready the passover.",STRONG_OUTLIER,STRONG_OUTLIER,,normalization_insensitive,"ops={replace:5, delete:2, insert:0}; examples=delete: [e] -> [] | replace: [v] -> [u] | replace: [,] -> [:] | replace: [i e] -> [y] | replace: [P] -> [p] | delete: [e] -> [] | replace: [u] -> [v]","ops={replace:4, delete:0, insert:0}; examples=replace: [hee] -> [he] | replace: [vnto them,] -> [unto them:] | replace: [readie] -> [ready] | replace: [Passeouer.] -> [passover.]","ops={replace:1, delete:0, insert:0}; examples=replace: [and found as hee had said vnto them and they made readie the Passeouer] -> [and found as he had said unto them and they made ready the passover]",
PRO:21:15,PRO,21,15,0.28616929026867655,0.28616929026867655,,R0,R1,0.0,It is ioy to the iust to doe iudgement: but destruction shalbe to the workers of iniquitie.,It is joy to the just to do judgment: but destruction shall be to the workers of iniquity.,it is ioy to the iust to doe iudgement: but destruction shalbe to the workers of iniquitie.,it is joy to the just to do judgment: but destruction shall be to the workers of iniquity.,STRONG_OUTLIER,STRONG_OUTLIER,,normalization_insensitive,"ops={replace:4, delete:2, insert:1}; examples=replace: [i] -> [j] | replace: [i] -> [j] | delete: [e] -> [] | replace: [i] -> [j] | delete: [e] -> [] | insert: [] -> [l  ] | replace: [i e] -> [y]","ops={replace:5, delete:0, insert:0}; examples=replace: [ioy] -> [joy] | replace: [iust] -> [just] | replace: [doe iudgement:] -> [do judgment:] | replace: [shalbe] -> [shall be] | replace: [iniquitie.] -> [iniquity.]","ops={replace:1, delete:0, insert:0}; examples=replace: [It is ioy to the iust to doe iudgement but destruction shalbe to the workers of iniquitie] -> [It is joy to the just to do judgment but destruction shall be to the workers of iniquity]",
2CH:21:5,2CH,21,5,0.2858025425911025,0.2858025425911025,,R0,R1,0.0,"¶ Iehoram was thirtie and two yeeres olde when hee began to reigne, and hee reigned eight yeeres in Ierusalem.","Jehoram was thirty and two years old when he began to reign, and he reigned eight years in Jerusalem.","¶ iehoram was thirtie and two yeeres olde when hee began to reigne, and hee reigned eight yeeres in ierusalem.","jehoram was thirty and two years old when he began to reign, and he reigned eight years in jerusalem.",STRONG_OUTLIER,STRONG_OUTLIER,,normalization_insensitive,"ops={replace:5, delete:6, insert:0}; examples=replace: [¶   I] -> [J] | replace: [i e] -> [y] | replace: [e] -> [a] | delete: [e] -> [] | delete: [e] -> [] | delete: [e] -> [] | delete: [e] -> [] | delete: [e] -> []","ops={replace:8, delete:0, insert:0}; examples=replace: [¶ Iehoram] -> [Jehoram] | replace: [thirtie] -> [thirty] | replace: [yeeres olde] -> [years old] | replace: [hee] -> [he] | replace: [reigne,] -> [reign,] | replace: [hee] -> [he] | replace: [yeeres] -> [years] | replace: [Ierusalem.] -> [Jerusalem.]","ops={replace:1, delete:0, insert:0}; examples=replace: [¶ Iehoram was thirtie and two yeeres olde when hee began to reigne and hee reigned eight yeeres in Ierusalem] -> [Jehoram was thirty and two years old when he began to reign and he reigned eight years in Jerusalem]",
MAT:13:58,MAT,13,58,0.28561754249326354,0.28561754249326354,,R0,R1,0.0,"And hee did not many mighty workes there, because of their vnbeliefe.",And he did not many mighty works there because of their unbelief.,"and hee did not many mighty workes there, because of their vnbeliefe.",and he did not many mighty works there because of their unbelief.,STRONG_OUTLIER,STRONG_OUTLIER,,normalization_insensitive,"ops={replace:1, delete:4, insert:0}; examples=delete: [e] -> [] | delete: [e] -> [] | delete: [,] -> [] | replace: [v] -> [u] | delete: [e] -> []","ops={replace:3, delete:0, insert:0}; examples=replace: [hee] -> [he] | replace: [workes there,] -> [works there] | replace: [vnbeliefe.] -> [unbelief.]","ops={replace:1, delete:0, insert:0}; examples=replace: [And hee did not many mighty workes there because of their vnbeliefe] -> [And he did not many mighty works there because of their unbelief]",
PSA:59:2,PSA,59,2,0.2854488832464531,0.2854488832464531,,R0,R1,0.0,"Deliuer mee from the workers of iniquitie, and saue me from bloodie men.","Deliver me from the workers of iniquity, and save me from bloody men.","deliuer mee from the workers of iniquitie, and saue me from bloodie men.","deliver me from the workers of iniquity, and save me from bloody men.",STRONG_OUTLIER,STRONG_OUTLIER,,normalization_insensitive,"ops={replace:4, delete:1, insert:0}; examples=replace: [u] -> [v] | delete: [e] -> [] | replace: [i e] -> [y] | replace: [u] -> [v] | replace: [i e] -> [y]","ops={replace:4, delete:0, insert:0}; examples=replace: [Deliuer mee] -> [Deliver me] | replace: [iniquitie,] -> [iniquity,] | replace: [saue] -> [save] | replace: [bloodie] -> [bloody]","ops={replace:1, delete:0, insert:0}; examples=replace: [Deliuer mee from the workers of iniquitie and saue me from bloodie men] -> [Deliver me from the workers of iniquity and save me from bloody men]",
DAN:8:3,DAN,8,3,0.2854073144041377,0.2854073144041377,,R0,R1,0.0,"Then I lifted vp mine eyes, and saw, and behold, there stood before the riuer, a ramme which had two hornes, and the two hornes were high: but one was higher then the other, and the higher came vp last.","Then I lifted up mine eyes, and saw, and, behold, there stood before the river a ram which had two horns: and the two horns were high; but one was higher than the other, and the higher came up last.","then i lifted vp mine eyes, and saw, and behold, there stood before the riuer, a ramme which had two hornes, and the two hornes were high: but one was higher then the other, and the higher came vp last.","then i lifted up mine eyes, and saw, and, behold, there stood before the river a ram which had two horns: and the two horns were high; but one was higher than the other, and the higher came up last.",STRONG_OUTLIER,STRONG_OUTLIER,,normalization_insensitive,"ops={replace:6, delete:4, insert:1}; examples=replace: [v] -> [u] | insert: [] -> [,] | replace: [u] -> [v] | delete: [,] -> [] | delete: [m e] -> [] | delete: [e] -> [] | replace: [,] -> [:] | delete: [e] -> []","ops={replace:9, delete:0, insert:0}; examples=replace: [vp] -> [up] | replace: [and] -> [and,] | replace: [riuer,] -> [river] | replace: [ramme] -> [ram] | replace: [hornes,] -> [horns:] | replace: [hornes] -> [horns] | replace: [high:] -> [high;] | replace: [then] -> [than]","ops={replace:2, delete:0, insert:0}; examples=replace: [Then I lifted vp mine eyes] -> [Then I lifted up mine eyes] | replace: [and behold there stood before the riuer a ramme which had two hornes and the two hornes were high but one was higher then the other and the higher came vp last] -> [and behold there stood before the river a ram which had two horns and the two horns were high but one was higher than the other and the higher came up last]",
GEN:46:19,GEN,46,19,0.2850666764481562,0.2850666764481562,,R0,R1,0.0,"The sonnes of Rachel Iacobs wife: Ioseph, and Beniamin.","The sons of Rachel Jacob’s wife; Joseph, and Benjamin.","the sonnes of rachel iacobs wife: ioseph, and beniamin.","the sons of rachel jacob’s wife; joseph, and benjamin.",STRONG_OUTLIER,STRONG_OUTLIER,,normalization_insensitive,"ops={replace:4, delete:1, insert:1}; examples=delete: [n e] -> [] | replace: [I] -> [J] | insert: [] -> [’] | replace: [:] -> [;] | replace: [I] -> [J] | replace: [i] -> [j]","ops={replace:3, delete:0, insert:0}; examples=replace: [sonnes] -> [sons] | replace: [Iacobs wife: Ioseph,] -> [Jacob’s wife; Joseph,] | replace: [Beniamin.] -> [Benjamin.]","ops={replace:1, delete:0, insert:0}; examples=replace: [The sonnes of Rachel Iacobs wife Ioseph and Beniamin] -> [The sons of Rachel Jacob’s wife Joseph and Benjamin]",
PSA:105:10,PSA,105,10,0.28466702317796067,0.28466702317796067,,R0,R1,0.0,And confirmed the same vnto Iacob for a law: and to Israel for an euerlasting couenant:,"And confirmed the same unto Jacob for a law, and to Israel for an everlasting covenant:",and confirmed the same vnto iacob for a law: and to israel for an euerlasting couenant:,"and confirmed the same unto jacob for a law, and to israel for an everlasting covenant:",STRONG_OUTLIER,STRONG_OUTLIER,,normalization_insensitive,"ops={replace:5, delete:0, insert:0}; examples=replace: [v] -> [u] | replace: [I] -> [J] | replace: [:] -> [,] | replace: [u] -> [v] | replace: [u] -> [v]","ops={replace:3, delete:0, insert:0}; examples=replace: [vnto Iacob] -> [unto Jacob] | replace: [law:] -> [law,] | replace: [euerlasting couenant:] -> [everlasting covenant:]","ops={replace:1, delete:0, insert:0}; examples=replace: [And confirmed the same vnto Iacob for a law and to Israel for an euerlasting couenant] -> [And confirmed the same unto Jacob for a law and to Israel for an everlasting covenant]",
MAT:28:14,MAT,28,14,0.2842678237672419,0.2842678237672419,,R0,R1,0.0,"And if this come to the gouernours eares, wee will perswade him, and secure you.","And if this come to the governor’s ears, we will persuade him, and secure you.","and if this come to the gouernours eares, wee will perswade him, and secure you.","and if this come to the governor’s ears, we will persuade him, and secure you.",STRONG_OUTLIER,STRONG_OUTLIER,,normalization_insensitive,"ops={replace:2, delete:3, insert:1}; examples=replace: [u] -> [v] | delete: [u] -> [] | insert: [] -> [’] | delete: [e] -> [] | delete: [e] -> [] | replace: [w] -> [u]","ops={replace:2, delete:0, insert:0}; examples=replace: [gouernours eares, wee] -> [governor’s ears, we] | replace: [perswade] -> [persuade]","ops={replace:1, delete:0, insert:0}; examples=replace: [And if this come to the gouernours eares wee will perswade him] -> [And if this come to the governor’s ears we will persuade him]",
1TH:5:28,1TH,5,28,0.28406024912069794,0.28406024912069794,,R0,R1,0.0,"The grace of our Lord Iesus Christ be with you, Amen. The first Epistle vnto the Thessalonians, was written from Athens.",The grace of our Lord Jesus Christ be with you. Amen.,"the grace of our lord iesus christ be with you, amen. the first epistle vnto the thessalonians, was written from athens.",the grace of our lord jesus christ be with you. amen.,REVIEW_CANDIDATE,REVIEW_CANDIDATE,,normalization_insensitive,"ops={replace:2, delete:1, insert:0}; examples=replace: [I] -> [J] | replace: [,] -> [.] | delete: [  T h e   f i r s t   E p i s t l e   v n t o   t h e   T h e s s a l o n i a n s ,   w a s   w r i t t e n   f r o m   A t h e n s .] -> []","ops={replace:2, delete:1, insert:0}; examples=replace: [Iesus] -> [Jesus] | replace: [you,] -> [you.] | delete: [The first Epistle vnto the Thessalonians, was written from Athens.] -> []","ops={replace:1, delete:1, insert:0}; examples=replace: [The grace of our Lord Iesus Christ be with you] -> [The grace of our Lord Jesus Christ be with you] | delete: [The first Epistle vnto the Thessalonians was written from Athens] -> []",
PHP:3:16,PHP,3,16,0.2835462840559614,0.2835462840559614,,R0,R1,0.0,"Neuerthelesse, whereto wee haue alreadie attained, let vs walke by the same rule, let vs minde the same thing.","Nevertheless, whereto we have already attained, let us walk by the same rule, let us mind the same thing.","neuerthelesse, whereto wee haue alreadie attained, let vs walke by the same rule, let vs minde the same thing.","nevertheless, whereto we have already attained, let us walk by the same rule, let us mind the same thing.",STRONG_OUTLIER,STRONG_OUTLIER,,normalization_insensitive,"ops={replace:5, delete:4, insert:0}; examples=replace: [u] -> [v] | delete: [e] -> [] | delete: [e] -> [] | replace: [u] -> [v] | replace: [i e] -> [y] | replace: [v] -> [u] | delete: [e] -> [] | replace: [v] -> [u]","ops={replace:4, delete:0, insert:0}; examples=replace: [Neuerthelesse,] -> [Nevertheless,] | replace: [wee haue alreadie] -> [we have already] | replace: [vs walke] -> [us walk] | replace: [vs minde] -> [us mind]","ops={replace:1, delete:0, insert:0}; examples=replace: [Neuerthelesse whereto wee haue alreadie attained let vs walke by the same rule let vs minde the same thing] -> [Nevertheless whereto we have already attained let us walk by the same rule let us mind the same thing]",
1CO:13:6,1CO,13,6,0.28335300446213896,0.28335300446213896,,R0,R1,0.0,"Reioyceth not in iniquitie, but reioyceth in the trueth:","Rejoiceth not in iniquity, but rejoiceth in the truth;","reioyceth not in iniquitie, but reioyceth in the trueth:","rejoiceth not in iniquity, but rejoiceth in the truth;",STRONG_OUTLIER,STRONG_OUTLIER,,normalization_insensitive,"ops={replace:2, delete:3, insert:2}; examples=insert: [] -> [j o] | delete: [o y] -> [] | replace: [i e] -> [y] | insert: [] -> [j o] | delete: [o y] -> [] | delete: [e] -> [] | replace: [:] -> [;]","ops={replace:4, delete:0, insert:0}; examples=replace: [Reioyceth] -> [Rejoiceth] | replace: [iniquitie,] -> [iniquity,] | replace: [reioyceth] -> [rejoiceth] | replace: [trueth:] -> [truth;]","ops={replace:1, delete:0, insert:0}; examples=replace: [Reioyceth not in iniquitie but reioyceth in the trueth] -> [Rejoiceth not in iniquity but rejoiceth in the truth]",
GEN:35:24,GEN,35,24,0.28323692597530314,0.28323692597530314,,R0,R1,0.0,"The sonnes of Rachel: Ioseph, and Beniamin.","The sons of Rachel; Joseph, and Benjamin:","the sonnes of rachel: ioseph, and beniamin.","the sons of rachel; joseph, and benjamin:",STRONG_OUTLIER,STRONG_OUTLIER,,normalization_insensitive,"ops={replace:4, delete:1, insert:0}; examples=delete: [n e] -> [] | replace: [:] -> [;] | replace: [I] -> [J] | replace: [i] -> [j] | replace: [.] -> [:]","ops={replace:3, delete:0, insert:0}; examples=replace: [sonnes] -> [sons] | replace: [Rachel: Ioseph,] -> [Rachel; Joseph,] | replace: [Beniamin.] -> [Benjamin:]","ops={replace:1, delete:0, insert:0}; examples=replace: [The sonnes of Rachel Ioseph and Beniamin] -> [The sons of Rachel Joseph and Benjamin]",
JER:15:12,JER,15,12,0.28312320704019056,0.28312320704019056,,R0,R1,0.0,"Shall yron breake the Northren yron, and the steele?",Shall iron break the northern iron and the steel?,"shall yron breake the northren yron, and the steele?",shall iron break the northern iron and the steel?,STRONG_OUTLIER,STRONG_OUTLIER,,normalization_insensitive,"ops={replace:3, delete:4, insert:1}; examples=replace: [y] -> [i] | delete: [e] -> [] | replace: [N] -> [n] | insert: [] -> [e] | delete: [e] -> [] | replace: [y] -> [i] | delete: [,] -> [] | delete: [e] -> []","ops={replace:3, delete:0, insert:0}; examples=replace: [yron breake] -> [iron break] | replace: [Northren yron,] -> [northern iron] | replace: [steele?] -> [steel?]","ops={replace:1, delete:0, insert:0}; examples=replace: [Shall yron breake the Northren yron and the steele] -> [Shall iron break the northern iron and the steel]",
1JN:4:19,1JN,4,19,0.2813481402701943,0.2813481402701943,,R0,R1,0.0,We loue him: because hee first loued vs.,"We love him, because he first loved us.",we loue him: because hee first loued vs.,"we love him, because he first loved us.",STRONG_OUTLIER,STRONG_OUTLIER,,normalization_insensitive,"ops={replace:4, delete:1, insert:0}; examples=replace: [u] -> [v] | replace: [:] -> [,] | delete: [e] -> [] | replace: [u] -> [v] | replace: [v] -> [u]","ops={replace:3, delete:0, insert:0}; examples=replace: [loue him:] -> [love him,] | replace: [hee] -> [he] | replace: [loued vs.] -> [loved us.]","ops={replace:1, delete:0, insert:0}; examples=replace: [We loue him because hee first loued vs] -> [We love him because he first loved us]",
GEN:49:27,GEN,49,27,0.28121701033858315,0.28121701033858315,,R0,R1,0.0,"¶ Beniamin shall rauine as a wolfe: In the morning hee shall deuoure the pray, and at night he shall diuide the spoile.","Benjamin shall ravin as a wolf: in the morning he shall devour the prey, and at night he shall divide the spoil.","¶ beniamin shall rauine as a wolfe: in the morning hee shall deuoure the pray, and at night he shall diuide the spoile.","benjamin shall ravin as a wolf: in the morning he shall devour the prey, and at night he shall divide the spoil.",STRONG_OUTLIER,STRONG_OUTLIER,,normalization_insensitive,"ops={replace:6, delete:6, insert:0}; examples=delete: [¶  ] -> [] | replace: [i] -> [j] | replace: [u] -> [v] | delete: [e] -> [] | delete: [e] -> [] | replace: [I] -> [i] | delete: [e] -> [] | replace: [u] -> [v]","ops={replace:8, delete:0, insert:0}; examples=replace: [¶ Beniamin] -> [Benjamin] | replace: [rauine] -> [ravin] | replace: [wolfe: In] -> [wolf: in] | replace: [hee] -> [he] | replace: [deuoure] -> [devour] | replace: [pray,] -> [prey,] | replace: [diuide] -> [divide] | replace: [spoile.] -> [spoil.]","ops={replace:1, delete:0, insert:0}; examples=replace: [¶ Beniamin shall rauine as a wolfe In the morning hee shall deuoure the pray and at night he shall diuide the spoile] -> [Benjamin shall ravin as a wolf in the morning he shall devour the prey and at night he shall divide the spoil]",
JHN:11:55,JHN,11,55,0.28119446297385997,0.28119446297385997,,R0,R1,0.0,"¶ And the Iewes Passeouer was nigh at hand, and many went out of the countrey vp to Hierusalem before the Passeouer to purifie themselues.","And the Jews’ passover was nigh at hand: and many went out of the country up to Jerusalem before the passover, to purify themselves.","¶ and the iewes passeouer was nigh at hand, and many went out of the countrey vp to hierusalem before the passeouer to purifie themselues.","and the jews’ passover was nigh at hand: and many went out of the country up to jerusalem before the passover, to purify themselves.",STRONG_OUTLIER,STRONG_OUTLIER,,normalization_insensitive,"ops={replace:10, delete:5, insert:2}; examples=delete: [¶  ] -> [] | replace: [I] -> [J] | delete: [e] -> [] | insert: [] -> [’] | replace: [P] -> [p] | delete: [e] -> [] | replace: [u] -> [v] | replace: [,] -> [:]","ops={replace:6, delete:1, insert:0}; examples=delete: [¶] -> [] | replace: [Iewes Passeouer] -> [Jews’ passover] | replace: [hand,] -> [hand:] | replace: [countrey vp] -> [country up] | replace: [Hierusalem] -> [Jerusalem] | replace: [Passeouer] -> [passover,] | replace: [purifie themselues.] -> [purify themselves.]","ops={replace:1, delete:0, insert:0}; examples=replace: [¶ And the Iewes Passeouer was nigh at hand and many went out of the countrey vp to Hierusalem before the Passeouer to purifie themselues] -> [And the Jews’ passover was nigh at hand and many went out of the country up to Jerusalem before the passover to purify themselves]",
JOE:3:20,JOE,3,20,0.28113967255443173,0.28113967255443173,,R0,R1,0.0,"But Iudah shall dwell for euer, and Ierusalem from generation to generation.","But Judah shall dwell for ever, and Jerusalem from generation to generation.","but iudah shall dwell for euer, and ierusalem from generation to generation.","but judah shall dwell for ever, and jerusalem from generation to generation.",STRONG_OUTLIER,STRONG_OUTLIER,,normalization_insensitive,"ops={replace:3, delete:0, insert:0}; examples=replace: [I] -> [J] | replace: [u] -> [v] | replace: [I] -> [J]","ops={replace:3, delete:0, insert:0}; examples=replace: [Iudah] -> [Judah] | replace: [euer,] -> [ever,] | replace: [Ierusalem] -> [Jerusalem]","ops={replace:1, delete:0, insert:0}; examples=replace: [But Iudah shall dwell for euer and Ierusalem from generation to generation] -> [But Judah shall dwell for ever and Jerusalem from generation to generation]",
JHN:3:27,JHN,3,27,0.27955891919199927,0.27955891919199927,,R0,R1,0.0,"Iohn answered, and said, A man can receiue nothing, except it be giuen him from heauen.","John answered and said, A man can receive nothing, except it be given him from heaven.","iohn answered, and said, a man can receiue nothing, except it be giuen him from heauen.","john answered and said, a man can receive nothing, except it be given him from heaven.",REVIEW_CANDIDATE,REVIEW_CANDIDATE,,normalization_insensitive,"ops={replace:4, delete:1, insert:0}; examples=replace: [I] -> [J] | delete: [,] -> [] | replace: [u] -> [v] | replace: [u] -> [v] | replace: [u] -> [v]","ops={replace:4, delete:0, insert:0}; examples=replace: [Iohn answered,] -> [John answered] | replace: [receiue] -> [receive] | replace: [giuen] -> [given] | replace: [heauen.] -> [heaven.]","ops={replace:1, delete:0, insert:0}; examples=replace: [Iohn answered and said A man can receiue nothing except it be giuen him from heauen] -> [John answered and said A man can receive nothing except it be given him from heaven]",
EPH:2:4,EPH,2,4,0.2790998790499414,0.2790998790499414,,R0,R1,0.0,"But God who is rich in mercie, for his great loue wherewith hee loued vs,","But God, who is rich in mercy, for his great love wherewith he loved us,","but god who is rich in mercie, for his great loue wherewith hee loued vs,","but god, who is rich in mercy, for his great love wherewith he loved us,",REVIEW_CANDIDATE,REVIEW_CANDIDATE,,normalization_insensitive,"ops={replace:4, delete:1, insert:1}; examples=insert: [] -> [,] | replace: [i e] -> [y] | replace: [u] -> [v] | delete: [e] -> [] | replace: [u] -> [v] | replace: [v] -> [u]","ops={replace:4, delete:0, insert:0}; examples=replace: [God] -> [God,] | replace: [mercie,] -> [mercy,] | replace: [loue] -> [love] | replace: [hee loued vs,] -> [he loved us,]","ops={replace:1, delete:0, insert:0}; examples=replace: [But God who is rich in mercie for his great loue wherewith hee loued vs] -> [But God who is rich in mercy for his great love wherewith he loved us]",
GEN:11:26,GEN,11,26,0.2789631361702901,0.2789631361702901,,R0,R1,0.0,"And Terah liued seuenty yeeres, and begate Abram, Nahor, & Haran.","And Terah lived seventy years, and begat Abram, Nahor, and Haran.","and terah liued seuenty yeeres, and begate abram, nahor, & haran.","and terah lived seventy years, and begat abram, nahor, and haran.",STRONG_OUTLIER,STRONG_OUTLIER,,normalization_insensitive,"ops={replace:4, delete:2, insert:0}; examples=replace: [u] -> [v] | replace: [u] -> [v] | replace: [e] -> [a] | delete: [e] -> [] | delete: [e] -> [] | replace: [&] -> [a n d]","ops={replace:3, delete:0, insert:0}; examples=replace: [liued seuenty yeeres,] -> [lived seventy years,] | replace: [begate] -> [begat] | replace: [&] -> [and]","ops={replace:2, delete:0, insert:0}; examples=replace: [And Terah liued seuenty yeeres and begate Abram] -> [And Terah lived seventy years and begat Abram] | replace: [& Haran] -> [and Haran]",
GEN:41:18,GEN,41,18,0.2788394784629762,0.2788394784629762,,R0,R1,0.0,"And behold, there came vp out of the riuer seuen kine, fat fleshed and well fauoured, and they fed in a medow.","And, behold, there came up out of the river seven kine, fatfleshed and well favoured; and they fed in a meadow:","and behold, there came vp out of the riuer seuen kine, fat fleshed and well fauoured, and they fed in a medow.","and, behold, there came up out of the river seven kine, fatfleshed and well favoured; and they fed in a meadow:",STRONG_OUTLIER,STRONG_OUTLIER,,normalization_insensitive,"ops={replace:6, delete:1, insert:2}; examples=insert: [] -> [,] | replace: [v] -> [u] | replace: [u] -> [v] | replace: [u] -> [v] | delete: [ ] -> [] | replace: [u] -> [v] | replace: [,] -> [;] | insert: [] -> [a]","ops={replace:6, delete:0, insert:0}; examples=replace: [And] -> [And,] | replace: [vp] -> [up] | replace: [riuer seuen] -> [river seven] | replace: [fat fleshed] -> [fatfleshed] | replace: [fauoured,] -> [favoured;] | replace: [medow.] -> [meadow:]","ops={replace:1, delete:0, insert:0}; examples=replace: [And behold there came vp out of the riuer seuen kine fat fleshed and well fauoured and they fed in a medow] -> [And behold there came up out of the river seven kine fatfleshed and well favoured and they fed in a meadow]",
LEV:15:20,LEV,15,20,0.27847942484783106,0.27847942484783106,,R0,R1,0.0,"And euery thing that she lieth vpon in her separation, shall be vncleane: euery thing also that she sitteth vpon, shalbe vncleane.",And every thing that she lieth upon in her separation shall be unclean: every thing also that she sitteth upon shall be unclean.,"and euery thing that she lieth vpon in her separation, shall be vncleane: euery thing also that she sitteth vpon, shalbe vncleane.",and every thing that she lieth upon in her separation shall be unclean: every thing also that she sitteth upon shall be unclean.,STRONG_OUTLIER,STRONG_OUTLIER,,normalization_insensitive,"ops={replace:6, delete:4, insert:1}; examples=replace: [u] -> [v] | replace: [v] -> [u] | delete: [,] -> [] | replace: [v] -> [u] | delete: [e] -> [] | replace: [u] -> [v] | replace: [v] -> [u] | delete: [,] -> []","ops={replace:5, delete:0, insert:0}; examples=replace: [euery] -> [every] | replace: [vpon] -> [upon] | replace: [separation,] -> [separation] | replace: [vncleane: euery] -> [unclean: every] | replace: [vpon, shalbe vncleane.] -> [upon shall be unclean.]","ops={replace:1, delete:0, insert:0}; examples=replace: [And euery thing that she lieth vpon in her separation shall be vncleane euery thing also that she sitteth vpon shalbe vncleane] -> [And every thing that she lieth upon in her separation shall be unclean every thing also that she sitteth upon shall be unclean]",
1SA:30:20,1SA,30,20,0.27830022870476845,0.27830022870476845,,R0,R1,0.0,"And Dauid tooke all the flockes, and the herds, which they draue before those other cattell, and said, This is Dauids spoile.","And David took all the flocks and the herds, which they drave before those other cattle, and said, This is David’s spoil.","and dauid tooke all the flockes, and the herds, which they draue before those other cattell, and said, this is dauids spoile.","and david took all the flocks and the herds, which they drave before those other cattle, and said, this is david’s spoil.",STRONG_OUTLIER,STRONG_OUTLIER,,normalization_insensitive,"ops={replace:3, delete:5, insert:2}; examples=replace: [u] -> [v] | delete: [e] -> [] | delete: [e] -> [] | delete: [,] -> [] | replace: [u] -> [v] | insert: [] -> [l] | delete: [l l] -> [] | replace: [u] -> [v]","ops={replace:5, delete:0, insert:0}; examples=replace: [Dauid tooke] -> [David took] | replace: [flockes,] -> [flocks] | replace: [draue] -> [drave] | replace: [cattell,] -> [cattle,] | replace: [Dauids spoile.] -> [David’s spoil.]","ops={replace:2, delete:0, insert:0}; examples=replace: [And Dauid tooke all the flockes and the herds which they draue before those other cattell] -> [And David took all the flocks and the herds which they drave before those other cattle] | replace: [This is Dauids spoile] -> [This is David’s spoil]",
EZR:2:40,EZR,2,40,0.2778563276641298,0.2778563276641298,,R0,R1,0.0,"¶ The Leuites. The children of Ieshua, and Kadmiel, of the children of Hodauia, seuentie and foure.","The Levites: the children of Jeshua and Kadmiel, of the children of Hodaviah, seventy and four.","¶ the leuites. the children of ieshua, and kadmiel, of the children of hodauia, seuentie and foure.","the levites: the children of jeshua and kadmiel, of the children of hodaviah, seventy and four.",STRONG_OUTLIER,STRONG_OUTLIER,,normalization_insensitive,"ops={replace:7, delete:3, insert:1}; examples=delete: [¶  ] -> [] | replace: [u] -> [v] | replace: [.] -> [:] | replace: [T] -> [t] | replace: [I] -> [J] | delete: [,] -> [] | replace: [u] -> [v] | insert: [] -> [h]","ops={replace:4, delete:1, insert:0}; examples=delete: [¶] -> [] | replace: [Leuites. The] -> [Levites: the] | replace: [Ieshua,] -> [Jeshua] | replace: [Hodauia, seuentie] -> [Hodaviah, seventy] | replace: [foure.] -> [four.]","ops={replace:1, delete:0, insert:0}; examples=replace: [¶ The Leuites The children of Ieshua and Kadmiel of the children of Hodauia seuentie and foure] -> [The Levites the children of Jeshua and Kadmiel of the children of Hodaviah seventy and four]",
GEN:41:2,GEN,41,2,0.2778490614783573,0.2778490614783573,,R0,R1,0.0,"And behold, there came vp out of the riuer seuen well fauoured kine, and fat fleshed, and they fed in a medow.","And, behold, there came up out of the river seven well favoured kine and fatfleshed; and they fed in a meadow.","and behold, there came vp out of the riuer seuen well fauoured kine, and fat fleshed, and they fed in a medow.","and, behold, there came up out of the river seven well favoured kine and fatfleshed; and they fed in a meadow.",REVIEW_CANDIDATE,REVIEW_CANDIDATE,,normalization_insensitive,"ops={replace:5, delete:2, insert:2}; examples=insert: [] -> [,] | replace: [v] -> [u] | replace: [u] -> [v] | replace: [u] -> [v] | replace: [u] -> [v] | delete: [,] -> [] | delete: [ ] -> [] | replace: [,] -> [;]","ops={replace:6, delete:0, insert:0}; examples=replace: [And] -> [And,] | replace: [vp] -> [up] | replace: [riuer seuen] -> [river seven] | replace: [fauoured kine,] -> [favoured kine] | replace: [fat fleshed,] -> [fatfleshed;] | replace: [medow.] -> [meadow.]","ops={replace:1, delete:0, insert:0}; examples=replace: [And behold there came vp out of the riuer seuen well fauoured kine and fat fleshed and they fed in a medow] -> [And behold there came up out of the river seven well favoured kine and fatfleshed and they fed in a meadow]",
DEU:30:12,DEU,30,12,0.2777500276894982,0.2777500276894982,,R0,R1,0.0,"It is not in heauen, that thou shouldest say, Who shal goe vp for vs to heauen, and bring it vnto vs, that wee may heare it, and doe it?","It is not in heaven, that thou shouldest say, Who shall go up for us to heaven, and bring it unto us, that we may hear it, and do it?","it is not in heauen, that thou shouldest say, who shal goe vp for vs to heauen, and bring it vnto vs, that wee may heare it, and doe it?","it is not in heaven, that thou shouldest say, who shall go up for us to heaven, and bring it unto us, that we may hear it, and do it?",STRONG_OUTLIER,STRONG_OUTLIER,,normalization_insensitive,"ops={replace:6, delete:4, insert:1}; examples=replace: [u] -> [v] | insert: [] -> [l] | delete: [e] -> [] | replace: [v] -> [u] | replace: [v] -> [u] | replace: [u] -> [v] | replace: [v] -> [u] | replace: [v] -> [u]","ops={replace:8, delete:0, insert:0}; examples=replace: [heauen,] -> [heaven,] | replace: [shal goe vp] -> [shall go up] | replace: [vs] -> [us] | replace: [heauen,] -> [heaven,] | replace: [vnto vs,] -> [unto us,] | replace: [wee] -> [we] | replace: [heare] -> [hear] | replace: [doe] -> [do]","ops={replace:2, delete:0, insert:0}; examples=replace: [It is not in heauen] -> [It is not in heaven] | replace: [Who shal goe vp for vs to heauen and bring it vnto vs that wee may heare it and doe it] -> [Who shall go up for us to heaven and bring it unto us that we may hear it and do it]",
GEN:41:3,GEN,41,3,0.27749371382030963,0.27749371382030963,,R0,R1,0.0,"And behold, seuen other kine came vp after them out of the riuer, ill fauoured and leane fleshed, and stood by the other kine, vpon the brinke of the riuer.","And, behold, seven other kine came up after them out of the river, ill favoured and leanfleshed; and stood by the other kine upon the brink of the river.","and behold, seuen other kine came vp after them out of the riuer, ill fauoured and leane fleshed, and stood by the other kine, vpon the brinke of the riuer.","and, behold, seven other kine came up after them out of the river, ill favoured and leanfleshed; and stood by the other kine upon the brink of the river.",REVIEW_CANDIDATE,REVIEW_CANDIDATE,,normalization_insensitive,"ops={replace:7, delete:3, insert:1}; examples=insert: [] -> [,] | replace: [u] -> [v] | replace: [v] -> [u] | replace: [u] -> [v] | replace: [u] -> [v] | delete: [e  ] -> [] | replace: [,] -> [;] | delete: [,] -> []","ops={replace:9, delete:0, insert:0}; examples=replace: [And] -> [And,] | replace: [seuen] -> [seven] | replace: [vp] -> [up] | replace: [riuer,] -> [river,] | replace: [fauoured] -> [favoured] | replace: [leane fleshed,] -> [leanfleshed;] | replace: [kine, vpon] -> [kine upon] | replace: [brinke] -> [brink]","ops={replace:1, delete:0, insert:0}; examples=replace: [And behold seuen other kine came vp after them out of the riuer ill fauoured and leane fleshed and stood by the other kine vpon the brinke of the riuer] -> [And behold seven other kine came up after them out of the river ill favoured and leanfleshed and stood by the other kine upon the brink of the river]",
GEN:11:21,GEN,11,21,0.27721761871430906,0.27721761871430906,,R0,R1,0.0,"And Reu liued, after hee begate Serug, two hundreth and seuen yeres, and begate sonnes and daughters.","And Reu lived after he begat Serug two hundred and seven years, and begat sons and daughters.","and reu liued, after hee begate serug, two hundreth and seuen yeres, and begate sonnes and daughters.","and reu lived after he begat serug two hundred and seven years, and begat sons and daughters.",REVIEW_CANDIDATE,REVIEW_CANDIDATE,,normalization_insensitive,"ops={replace:3, delete:7, insert:1}; examples=replace: [u] -> [v] | delete: [,] -> [] | delete: [e] -> [] | delete: [e] -> [] | delete: [,] -> [] | replace: [t h] -> [d] | replace: [u] -> [v] | insert: [] -> [a]","ops={replace:5, delete:0, insert:0}; examples=replace: [liued,] -> [lived] | replace: [hee begate Serug,] -> [he begat Serug] | replace: [hundreth] -> [hundred] | replace: [seuen yeres,] -> [seven years,] | replace: [begate sonnes] -> [begat sons]","ops={replace:1, delete:0, insert:0}; examples=replace: [And Reu liued after hee begate Serug two hundreth and seuen yeres and begate sonnes and daughters] -> [And Reu lived after he begat Serug two hundred and seven years and begat sons and daughters]",
JOS:8:3,JOS,8,3,0.2771465078158858,0.2771465078158858,,R0,R1,0.0,"¶ So Ioshua arose, and all the people of warre, to goe vp against Ai: and Ioshua chose out thirtie thousand mighty men of valour, and sent them away by night:","So Joshua arose, and all the people of war, to go up against Ai: and Joshua chose out thirty thousand mighty men of valour, and sent them away by night.","¶ so ioshua arose, and all the people of warre, to goe vp against ai: and ioshua chose out thirtie thousand mighty men of valour, and sent them away by night:","so joshua arose, and all the people of war, to go up against ai: and joshua chose out thirty thousand mighty men of valour, and sent them away by night.",STRONG_OUTLIER,STRONG_OUTLIER,,normalization_insensitive,"ops={replace:5, delete:3, insert:0}; examples=delete: [¶  ] -> [] | replace: [I] -> [J] | delete: [r e] -> [] | delete: [e] -> [] | replace: [v] -> [u] | replace: [I] -> [J] | replace: [i e] -> [y] | replace: [:] -> [.]","ops={replace:6, delete:1, insert:0}; examples=delete: [¶] -> [] | replace: [Ioshua] -> [Joshua] | replace: [warre,] -> [war,] | replace: [goe vp] -> [go up] | replace: [Ioshua] -> [Joshua] | replace: [thirtie] -> [thirty] | replace: [night:] -> [night.]","ops={replace:1, delete:0, insert:0}; examples=replace: [¶ So Ioshua arose and all the people of warre to goe vp against Ai and Ioshua chose out thirtie thousand mighty men of valour] -> [So Joshua arose and all the people of war to go up against Ai and Joshua chose out thirty thousand mighty men of valour]",
MAT:13:45,MAT,13,45,0.27710966636967305,0.27710966636967305,,R0,R1,0.0,"¶ Againe, the kingdome of heauen is like vnto a marchant man, seeking goodly pearles:","Again, the kingdom of heaven is like unto a merchant man, seeking goodly pearls:","¶ againe, the kingdome of heauen is like vnto a marchant man, seeking goodly pearles:","again, the kingdom of heaven is like unto a merchant man, seeking goodly pearls:",STRONG_OUTLIER,STRONG_OUTLIER,,normalization_insensitive,"ops={replace:3, delete:4, insert:0}; examples=delete: [¶  ] -> [] | delete: [e] -> [] | delete: [e] -> [] | replace: [u] -> [v] | replace: [v] -> [u] | replace: [a] -> [e] | delete: [e] -> []","ops={replace:6, delete:0, insert:0}; examples=replace: [¶ Againe,] -> [Again,] | replace: [kingdome] -> [kingdom] | replace: [heauen] -> [heaven] | replace: [vnto] -> [unto] | replace: [marchant] -> [merchant] | replace: [pearles:] -> [pearls:]","ops={replace:1, delete:0, insert:0}; examples=replace: [¶ Againe the kingdome of heauen is like vnto a marchant man seeking goodly pearles] -> [Again the kingdom of heaven is like unto a merchant man seeking goodly pearls]",
MAT:25:14,MAT,25,14,0.2770216859335155,0.2770216859335155,,R0,R1,0.0,"¶ For the kingdome of heauen is as a man trauailing into a farre countrey, who called his owne seruants, and deliuered vnto them his goods:","For the kingdom of heaven is as a man travelling into a far country, who called his own servants, and delivered unto them his goods.","¶ for the kingdome of heauen is as a man trauailing into a farre countrey, who called his owne seruants, and deliuered vnto them his goods:","for the kingdom of heaven is as a man travelling into a far country, who called his own servants, and delivered unto them his goods.",STRONG_OUTLIER,STRONG_OUTLIER,,normalization_insensitive,"ops={replace:6, delete:5, insert:0}; examples=delete: [¶  ] -> [] | delete: [e] -> [] | replace: [u] -> [v] | replace: [u a i] -> [v e l] | delete: [r e] -> [] | delete: [e] -> [] | delete: [e] -> [] | replace: [u] -> [v]","ops={replace:7, delete:1, insert:0}; examples=delete: [¶] -> [] | replace: [kingdome] -> [kingdom] | replace: [heauen] -> [heaven] | replace: [trauailing] -> [travelling] | replace: [farre countrey,] -> [far country,] | replace: [owne seruants,] -> [own servants,] | replace: [deliuered vnto] -> [delivered unto] | replace: [goods:] -> [goods.]","ops={replace:1, delete:0, insert:0}; examples=replace: [¶ For the kingdome of heauen is as a man trauailing into a farre countrey who called his owne seruants and deliuered vnto them his goods] -> [For the kingdom of heaven is as a man travelling into a far country who called his own servants and delivered unto them his goods]",
2SA:1:15,2SA,1,15,0.27701685293635947,0.27701685293635947,,R0,R1,0.0,"And Dauid called one of the yong men, and sayd, Goe neere, and fall vpon him. And hee smote him, that hee dyed.","And David called one of the young men, and said, Go near, and fall upon him. And he smote him that he died.","and dauid called one of the yong men, and sayd, goe neere, and fall vpon him. and hee smote him, that hee dyed.","and david called one of the young men, and said, go near, and fall upon him. and he smote him that he died.",STRONG_OUTLIER,STRONG_OUTLIER,,normalization_insensitive,"ops={replace:5, delete:5, insert:1}; examples=replace: [u] -> [v] | insert: [] -> [u] | replace: [y] -> [i] | delete: [e] -> [] | replace: [e] -> [a] | delete: [e] -> [] | replace: [v] -> [u] | delete: [e] -> []","ops={replace:7, delete:0, insert:0}; examples=replace: [Dauid] -> [David] | replace: [yong] -> [young] | replace: [sayd, Goe neere,] -> [said, Go near,] | replace: [vpon] -> [upon] | replace: [hee] -> [he] | replace: [him,] -> [him] | replace: [hee dyed.] -> [he died.]","ops={replace:1, delete:0, insert:0}; examples=replace: [And Dauid called one of the yong men and sayd Goe neere and fall vpon him And hee smote him that hee dyed] -> [And David called one of the young men and said Go near and fall upon him And he smote him that he died]",
GEN:30:41,GEN,30,41,0.27698826304197777,0.27698826304197777,,R0,R1,0.0,"And it came to passe whensoeuer the stronger cattell did conceiue, that Iacob layd the rods before the eyes of the cattell in the gutters, that they might conceiue among the rods.","And it came to pass, whensoever the stronger cattle did conceive, that Jacob laid the rods before the eyes of the cattle in the gutters, that they might conceive among the rods.","and it came to passe whensoeuer the stronger cattell did conceiue, that iacob layd the rods before the eyes of the cattell in the gutters, that they might conceiue among the rods.","and it came to pass, whensoever the stronger cattle did conceive, that jacob laid the rods before the eyes of the cattle in the gutters, that they might conceive among the rods.",REVIEW_CANDIDATE,REVIEW_CANDIDATE,,normalization_insensitive,"ops={replace:6, delete:2, insert:2}; examples=replace: [e] -> [,] | replace: [u] -> [v] | insert: [] -> [l] | delete: [l l] -> [] | replace: [u] -> [v] | replace: [I] -> [J] | replace: [y] -> [i] | insert: [] -> [l]","ops={replace:6, delete:0, insert:0}; examples=replace: [passe whensoeuer] -> [pass, whensoever] | replace: [cattell] -> [cattle] | replace: [conceiue,] -> [conceive,] | replace: [Iacob layd] -> [Jacob laid] | replace: [cattell] -> [cattle] | replace: [conceiue] -> [conceive]","ops={replace:1, delete:0, insert:0}; examples=replace: [And it came to passe whensoeuer the stronger cattell did conceiue that Iacob layd the rods before the eyes of the cattell in the gutters that they might conceiue among the rods] -> [And it came to pass whensoever the stronger cattle did conceive that Jacob laid the rods before the eyes of the cattle in the gutters that they might conceive among the rods]",
MRK:8:19,MRK,8,19,0.27599253633056164,0.27599253633056164,,R0,R1,0.0,"When I brake the fiue loaues among fiue thousand, how many baskets full of fragments tooke yee vp? They say vnto him, Twelue.","When I brake the five loaves among five thousand, how many baskets full of fragments took ye up? They say unto him, Twelve.","when i brake the fiue loaues among fiue thousand, how many baskets full of fragments tooke yee vp? they say vnto him, twelue.","when i brake the five loaves among five thousand, how many baskets full of fragments took ye up? they say unto him, twelve.",STRONG_OUTLIER,STRONG_OUTLIER,,normalization_insensitive,"ops={replace:6, delete:2, insert:0}; examples=replace: [u] -> [v] | replace: [u] -> [v] | replace: [u] -> [v] | delete: [e] -> [] | delete: [e] -> [] | replace: [v] -> [u] | replace: [v] -> [u] | replace: [u] -> [v]","ops={replace:5, delete:0, insert:0}; examples=replace: [fiue loaues] -> [five loaves] | replace: [fiue] -> [five] | replace: [tooke yee vp?] -> [took ye up?] | replace: [vnto] -> [unto] | replace: [Twelue.] -> [Twelve.]","ops={replace:1, delete:0, insert:0}; examples=replace: [When I brake the fiue loaues among fiue thousand how many baskets full of fragments tooke yee vp They say vnto him Twelue] -> [When I brake the five loaves among five thousand how many baskets full of fragments took ye up They say unto him Twelve]",
2SA:6:10,2SA,6,10,0.2759693399857729,0.2759693399857729,,R0,R1,0.0,"So Dauid would not remoue the Arke of the Lord vnto him into the citie of Dauid: but Dauid caried it aside into the house of Obed Edom, the Gittite.",So David would not remove the ark of the LORD unto him into the city of David: but David carried it aside into the house of Obededom the Gittite.,"so dauid would not remoue the arke of the lord vnto him into the citie of dauid: but dauid caried it aside into the house of obed edom, the gittite.",so david would not remove the ark of the lord unto him into the city of david: but david carried it aside into the house of obededom the gittite.,STRONG_OUTLIER,STRONG_OUTLIER,,normalization_insensitive,"ops={replace:9, delete:2, insert:1}; examples=replace: [u] -> [v] | replace: [u] -> [v] | replace: [A] -> [a] | delete: [e] -> [] | replace: [o r d] -> [O R D] | replace: [v] -> [u] | replace: [i e] -> [y] | replace: [u] -> [v]","ops={replace:8, delete:0, insert:0}; examples=replace: [Dauid] -> [David] | replace: [remoue] -> [remove] | replace: [Arke] -> [ark] | replace: [Lord vnto] -> [LORD unto] | replace: [citie] -> [city] | replace: [Dauid:] -> [David:] | replace: [Dauid caried] -> [David carried] | replace: [Obed Edom,] -> [Obededom]","ops={replace:1, delete:0, insert:0}; examples=replace: [So Dauid would not remoue the Arke of the Lord vnto him into the citie of Dauid but Dauid caried it aside into the house of Obed Edom the Gittite] -> [So David would not remove the ark of the LORD unto him into the city of David but David carried it aside into the house of Obededom the Gittite]",
GEN:30:10,GEN,30,10,0.27595357934271314,0.27595357934271314,,R0,R1,0.0,And Zilpah Leahs mayde bare Iacob a sonne.,And Zilpah Leah’s maid bare Jacob a son.,and zilpah leahs mayde bare iacob a sonne.,and zilpah leah’s maid bare jacob a son.,REVIEW_CANDIDATE,REVIEW_CANDIDATE,,normalization_insensitive,"ops={replace:2, delete:2, insert:1}; examples=insert: [] -> [’] | replace: [y] -> [i] | delete: [e] -> [] | replace: [I] -> [J] | delete: [n e] -> []","ops={replace:3, delete:0, insert:0}; examples=replace: [Leahs mayde] -> [Leah’s maid] | replace: [Iacob] -> [Jacob] | replace: [sonne.] -> [son.]","ops={replace:1, delete:0, insert:0}; examples=replace: [And Zilpah Leahs mayde bare Iacob a sonne] -> [And Zilpah Leah’s maid bare Jacob a son]",
ACT:11:10,ACT,11,10,0.27548476942612454,0.27548476942612454,,R0,R1,0.0,And this was done three times: and all were drawen vp againe into heauen.,And this was done three times: and all were drawn up again into heaven.,and this was done three times: and all were drawen vp againe into heauen.,and this was done three times: and all were drawn up again into heaven.,STRONG_OUTLIER,STRONG_OUTLIER,,normalization_insensitive,"ops={replace:2, delete:2, insert:0}; examples=delete: [e] -> [] | replace: [v] -> [u] | delete: [e] -> [] | replace: [u] -> [v]","ops={replace:2, delete:0, insert:0}; examples=replace: [drawen vp againe] -> [drawn up again] | replace: [heauen.] -> [heaven.]","ops={replace:1, delete:0, insert:0}; examples=replace: [and all were drawen vp againe into heauen] -> [and all were drawn up again into heaven]",
1CO:15:30,1CO,15,30,0.27536236188285,0.27536236188285,,R0,R1,0.0,And why stand we in ieopardy euery houre?,And why stand we in jeopardy every hour?,and why stand we in ieopardy euery houre?,and why stand we in jeopardy every hour?,STRONG_OUTLIER,STRONG_OUTLIER,,normalization_insensitive,"ops={replace:2, delete:1, insert:0}; examples=replace: [i] -> [j] | replace: [u] -> [v] | delete: [e] -> []","ops={replace:1, delete:0, insert:0}; examples=replace: [ieopardy euery houre?] -> [jeopardy every hour?]","ops={replace:1, delete:0, insert:0}; examples=replace: [And why stand we in ieopardy euery houre] -> [And why stand we in jeopardy every hour]",
JOB:14:3,JOB,14,3,0.27509253827459534,0.27509253827459534,,R0,R1,0.0,"And doest thou open thine eies vpon such an one, and bringest me into iudgment with thee?","And dost thou open thine eyes upon such an one, and bringest me into judgment with thee?","and doest thou open thine eies vpon such an one, and bringest me into iudgment with thee?","and dost thou open thine eyes upon such an one, and bringest me into judgment with thee?",STRONG_OUTLIER,STRONG_OUTLIER,,normalization_insensitive,"ops={replace:3, delete:1, insert:0}; examples=delete: [e] -> [] | replace: [i] -> [y] | replace: [v] -> [u] | replace: [i] -> [j]","ops={replace:3, delete:0, insert:0}; examples=replace: [doest] -> [dost] | replace: [eies vpon] -> [eyes upon] | replace: [iudgment] -> [judgment]","ops={replace:1, delete:0, insert:0}; examples=replace: [And doest thou open thine eies vpon such an one and bringest me into iudgment with thee] -> [And dost thou open thine eyes upon such an one and bringest me into judgment with thee]",
EXO:12:2,EXO,12,2,0.2750758958461875,0.2750758958461875,,R0,R1,0.0,This moneth shalbe vnto you the beginning of moneths: it shall be the first moneth of the yeere to you.,This month shall be unto you the beginning of months: it shall be the first month of the year to you.,this moneth shalbe vnto you the beginning of moneths: it shall be the first moneth of the yeere to you.,this month shall be unto you the beginning of months: it shall be the first month of the year to you.,STRONG_OUTLIER,STRONG_OUTLIER,,normalization_insensitive,"ops={replace:2, delete:4, insert:1}; examples=delete: [e] -> [] | insert: [] -> [l  ] | replace: [v] -> [u] | delete: [e] -> [] | delete: [e] -> [] | replace: [e] -> [a] | delete: [e] -> []","ops={replace:4, delete:0, insert:0}; examples=replace: [moneth shalbe vnto] -> [month shall be unto] | replace: [moneths:] -> [months:] | replace: [moneth] -> [month] | replace: [yeere] -> [year]","ops={replace:1, delete:0, insert:0}; examples=replace: [This moneth shalbe vnto you the beginning of moneths it shall be the first moneth of the yeere to you] -> [This month shall be unto you the beginning of months it shall be the first month of the year to you]",
PSA:124:3,PSA,124,3,0.2750383143920847,0.2750383143920847,,R0,R1,0.0,Then they had swallowed vs vp quicke: when their wrath was kindled against vs.,"Then they had swallowed us up quick, when their wrath was kindled against us:",then they had swallowed vs vp quicke: when their wrath was kindled against vs.,"then they had swallowed us up quick, when their wrath was kindled against us:",STRONG_OUTLIER,STRONG_OUTLIER,,normalization_insensitive,"ops={replace:5, delete:0, insert:0}; examples=replace: [v] -> [u] | replace: [v] -> [u] | replace: [e :] -> [,] | replace: [v] -> [u] | replace: [.] -> [:]","ops={replace:2, delete:0, insert:0}; examples=replace: [vs vp quicke:] -> [us up quick,] | replace: [vs.] -> [us:]","ops={replace:1, delete:0, insert:0}; examples=replace: [Then they had swallowed vs vp quicke when their wrath was kindled against vs] -> [Then they had swallowed us up quick when their wrath was kindled against us]",
PSA:136:23,PSA,136,23,0.27495037629080177,0.27495037629080177,,R0,R1,0.0,Who remembred vs in our lowe estate: for his mercy endureth for euer.,Who remembered us in our low estate: for his mercy endureth for ever:,who remembred vs in our lowe estate: for his mercy endureth for euer.,who remembered us in our low estate: for his mercy endureth for ever:,STRONG_OUTLIER,STRONG_OUTLIER,,normalization_insensitive,"ops={replace:3, delete:1, insert:1}; examples=insert: [] -> [e] | replace: [v] -> [u] | delete: [e] -> [] | replace: [u] -> [v] | replace: [.] -> [:]","ops={replace:3, delete:0, insert:0}; examples=replace: [remembred vs] -> [remembered us] | replace: [lowe] -> [low] | replace: [euer.] -> [ever:]","ops={replace:1, delete:0, insert:0}; examples=replace: [Who remembred vs in our lowe estate for his mercy endureth for euer] -> [Who remembered us in our low estate for his mercy endureth for ever]",
PSA:114:3,PSA,114,3,0.2746053066355637,0.2746053066355637,,R0,R1,0.0,"The sea sawe it, and fled: Iordan was driuen backe.","The sea saw it, and fled: Jordan was driven back.","the sea sawe it, and fled: iordan was driuen backe.","the sea saw it, and fled: jordan was driven back.",STRONG_OUTLIER,STRONG_OUTLIER,,normalization_insensitive,"ops={replace:2, delete:2, insert:0}; examples=delete: [e] -> [] | replace: [I] -> [J] | replace: [u] -> [v] | delete: [e] -> []","ops={replace:3, delete:0, insert:0}; examples=replace: [sawe] -> [saw] | replace: [Iordan] -> [Jordan] | replace: [driuen backe.] -> [driven back.]","ops={replace:2, delete:0, insert:0}; examples=replace: [The sea sawe it] -> [The sea saw it] | replace: [Iordan was driuen backe] -> [Jordan was driven back]",
PRO:10:12,PRO,10,12,0.2743634708766609,0.2743634708766609,,R0,R1,0.0,Hatred stirreth vp strifes: but loue couereth all sinnes.,Hatred stirreth up strifes: but love covereth all sins.,hatred stirreth vp strifes: but loue couereth all sinnes.,hatred stirreth up strifes: but love covereth all sins.,STRONG_OUTLIER,STRONG_OUTLIER,,normalization_insensitive,"ops={replace:3, delete:1, insert:0}; examples=replace: [v] -> [u] | replace: [u] -> [v] | replace: [u] -> [v] | delete: [n e] -> []","ops={replace:3, delete:0, insert:0}; examples=replace: [vp] -> [up] | replace: [loue couereth] -> [love covereth] | replace: [sinnes.] -> [sins.]","ops={replace:1, delete:0, insert:0}; examples=replace: [Hatred stirreth vp strifes but loue couereth all sinnes] -> [Hatred stirreth up strifes but love covereth all sins]",
1CO:13:8,1CO,13,8,0.2743387253803685,0.2743387253803685,,R0,R1,0.0,"Charitie neuer faileth: but whether there be prophesies, they shall faile; whether there bee tongues, they shall cease; whether there bee knowledge, it shall vanish away.","Charity never faileth: but whether there be prophecies, they shall fail; whether there be tongues, they shall cease; whether there be knowledge, it shall vanish away.","charitie neuer faileth: but whether there be prophesies, they shall faile; whether there bee tongues, they shall cease; whether there bee knowledge, it shall vanish away.","charity never faileth: but whether there be prophecies, they shall fail; whether there be tongues, they shall cease; whether there be knowledge, it shall vanish away.",REVIEW_CANDIDATE,REVIEW_CANDIDATE,,normalization_insensitive,"ops={replace:3, delete:3, insert:0}; examples=replace: [i e] -> [y] | replace: [u] -> [v] | replace: [s] -> [c] | delete: [e] -> [] | delete: [e] -> [] | delete: [e] -> []","ops={replace:5, delete:0, insert:0}; examples=replace: [Charitie neuer] -> [Charity never] | replace: [prophesies,] -> [prophecies,] | replace: [faile;] -> [fail;] | replace: [bee] -> [be] | replace: [bee] -> [be]","ops={replace:2, delete:0, insert:0}; examples=replace: [Charitie neuer faileth but whether there be prophesies they shall faile whether there bee tongues] -> [Charity never faileth but whether there be prophecies they shall fail whether there be tongues] | replace: [whether there bee knowledge] -> [whether there be knowledge]",
MRK:15:37,MRK,15,37,0.2743330122085442,0.2743330122085442,,R0,R1,0.0,"And Iesus cryed with a loude voice, and gaue vp the ghost.","And Jesus cried with a loud voice, and gave up the ghost.","and iesus cryed with a loude voice, and gaue vp the ghost.","and jesus cried with a loud voice, and gave up the ghost.",STRONG_OUTLIER,STRONG_OUTLIER,,normalization_insensitive,"ops={replace:4, delete:1, insert:0}; examples=replace: [I] -> [J] | replace: [y] -> [i] | delete: [e] -> [] | replace: [u] -> [v] | replace: [v] -> [u]","ops={replace:3, delete:0, insert:0}; examples=replace: [Iesus cryed] -> [Jesus cried] | replace: [loude] -> [loud] | replace: [gaue vp] -> [gave up]","ops={replace:1, delete:0, insert:0}; examples=replace: [And Iesus cryed with a loude voice and gaue vp the ghost] -> [And Jesus cried with a loud voice and gave up the ghost]",
2CO:13:14,2CO,13,14,0.27430281793159605,0.27430281793159605,,R0,R1,0.0,"The grace of the Lord Iesus Christ, and the loue of God, and the communion of the holy Ghost, be with you all. Amen. The second Epistle to the Corinthians, was written from Philippos a citie of Macedonia, by Titus and Lucas.","The grace of the Lord Jesus Christ, and the love of God, and the communion of the Holy Ghost, be with you all. Amen.","the grace of the lord iesus christ, and the loue of god, and the communion of the holy ghost, be with you all. amen. the second epistle to the corinthians, was written from philippos a citie of macedonia, by titus and lucas.","the grace of the lord jesus christ, and the love of god, and the communion of the holy ghost, be with you all. amen.",STRONG_OUTLIER,STRONG_OUTLIER,,normalization_insensitive,"ops={replace:3, delete:1, insert:0}; examples=replace: [I] -> [J] | replace: [u] -> [v] | replace: [h] -> [H] | delete: [  T h e   s e c o n d   E p i s t l e   t o   t h e   C o r i n t h i a n s ,   w a s   w r i t t e n   f r o m   P h i l i p p o s   a   c i t i e   o f   M a c e d o n i a ,   b y   T i t u s   a n d   L u c a s .] -> []","ops={replace:3, delete:1, insert:0}; examples=replace: [Iesus] -> [Jesus] | replace: [loue] -> [love] | replace: [holy] -> [Holy] | delete: [The second Epistle to the Corinthians, was written from Philippos a citie of Macedonia, by Titus and Lucas.] -> []","ops={replace:1, delete:1, insert:0}; examples=replace: [The grace of the Lord Iesus Christ and the loue of God and the communion of the holy Ghost] -> [The grace of the Lord Jesus Christ and the love of God and the communion of the Holy Ghost] | delete: [The second Epistle to the Corinthians was written from Philippos a citie of Macedonia by Titus and Lucas] -> []",
ACT:1:11,ACT,1,11,0.27404240708963956,0.27404240708963956,,R0,R1,0.0,"Which also said, Yee men of Galililee, why stand yee gazing vp into heauen? This same Iesus, which is taken vp from you into heauen, shall so come, in like maner as yee haue seene him goe into heauen.","Which also said, Ye men of Galilee, why stand ye gazing up into heaven? this same Jesus, which is taken up from you into heaven, shall so come in like manner as ye have seen him go into heaven.","which also said, yee men of galililee, why stand yee gazing vp into heauen? this same iesus, which is taken vp from you into heauen, shall so come, in like maner as yee haue seene him goe into heauen.","which also said, ye men of galilee, why stand ye gazing up into heaven? this same jesus, which is taken up from you into heaven, shall so come in like manner as ye have seen him go into heaven.",STRONG_OUTLIER,STRONG_OUTLIER,,normalization_insensitive,"ops={replace:8, delete:7, insert:1}; examples=delete: [e] -> [] | delete: [l i] -> [] | delete: [e] -> [] | replace: [v] -> [u] | replace: [u] -> [v] | replace: [T] -> [t] | replace: [I] -> [J] | replace: [v] -> [u]","ops={replace:13, delete:0, insert:0}; examples=replace: [Yee] -> [Ye] | replace: [Galililee,] -> [Galilee,] | replace: [yee] -> [ye] | replace: [vp] -> [up] | replace: [heauen? This] -> [heaven? this] | replace: [Iesus,] -> [Jesus,] | replace: [vp] -> [up] | replace: [heauen,] -> [heaven,]","ops={replace:1, delete:0, insert:0}; examples=replace: [Yee men of Galililee why stand yee gazing vp into heauen This same Iesus which is taken vp from you into heauen shall so come in like maner as yee haue seene him goe into heauen] -> [Ye men of Galilee why stand ye gazing up into heaven this same Jesus which is taken up from you into heaven shall so come in like manner as ye have seen him go into heaven]",
JOB:31:1,JOB,31,1,0.2733532261409881,0.2733532261409881,,R0,R1,0.0,I made a couenant with mine eyes; why then should I thinke vpon a mayd?,I made a covenant with mine eyes; why then should I think upon a maid?,i made a couenant with mine eyes; why then should i thinke vpon a mayd?,i made a covenant with mine eyes; why then should i think upon a maid?,STRONG_OUTLIER,STRONG_OUTLIER,,normalization_insensitive,"ops={replace:3, delete:1, insert:0}; examples=replace: [u] -> [v] | delete: [e] -> [] | replace: [v] -> [u] | replace: [y] -> [i]","ops={replace:3, delete:0, insert:0}; examples=replace: [couenant] -> [covenant] | replace: [thinke vpon] -> [think upon] | replace: [mayd?] -> [maid?]","ops={replace:1, delete:0, insert:0}; examples=replace: [I made a couenant with mine eyes why then should I thinke vpon a mayd] -> [I made a covenant with mine eyes why then should I think upon a maid]",
JHN:3:31,JHN,3,31,0.27295398822845385,0.27295398822845385,,R0,R1,0.0,"Hee that commeth from aboue, is aboue all: hee that is of the earth, is earthly, and speaketh of the earth: hee that c&#333;meth from heauen is aboue all:","He that cometh from above is above all: he that is of the earth is earthly, and speaketh of the earth: he that cometh from heaven is above all.","hee that commeth from aboue, is aboue all: hee that is of the earth, is earthly, and speaketh of the earth: hee that c&#333;meth from heauen is aboue all:","he that cometh from above is above all: he that is of the earth is earthly, and speaketh of the earth: he that cometh from heaven is above all.",REVIEW_CANDIDATE,REVIEW_CANDIDATE,,normalization_insensitive,"ops={replace:6, delete:6, insert:0}; examples=delete: [e] -> [] | delete: [m] -> [] | replace: [u] -> [v] | delete: [,] -> [] | replace: [u] -> [v] | delete: [e] -> [] | delete: [,] -> [] | delete: [e] -> []","ops={replace:10, delete:0, insert:0}; examples=replace: [Hee] -> [He] | replace: [commeth] -> [cometh] | replace: [aboue,] -> [above] | replace: [aboue] -> [above] | replace: [hee] -> [he] | replace: [earth,] -> [earth] | replace: [hee] -> [he] | replace: [c&#333;meth] -> [cometh]","ops={replace:2, delete:0, insert:0}; examples=replace: [Hee that commeth from aboue is aboue all hee that is of the earth is earthly] -> [He that cometh from above is above all he that is of the earth is earthly] | replace: [hee that c&#333 meth from heauen is aboue all] -> [he that cometh from heaven is above all]",
1SA:23:29,1SA,23,29,0.272784093390237,0.272784093390237,,R0,R1,0.0,"¶ And Dauid went vp from thence, and dwelt in strong holds at En-gedi.","And David went up from thence, and dwelt in strong holds at Engedi.","¶ and dauid went vp from thence, and dwelt in strong holds at en-gedi.","and david went up from thence, and dwelt in strong holds at engedi.",STRONG_OUTLIER,STRONG_OUTLIER,,normalization_insensitive,"ops={replace:2, delete:2, insert:0}; examples=delete: [¶  ] -> [] | replace: [u] -> [v] | replace: [v] -> [u] | delete: [-] -> []","ops={replace:3, delete:1, insert:0}; examples=delete: [¶] -> [] | replace: [Dauid] -> [David] | replace: [vp] -> [up] | replace: [En-gedi.] -> [Engedi.]","ops={replace:1, delete:0, insert:0}; examples=replace: [¶ And Dauid went vp from thence and dwelt in strong holds at En-gedi] -> [And David went up from thence and dwelt in strong holds at Engedi]",
1CH:18:4,1CH,18,4,0.27242237706052164,0.27242237706052164,,R0,R1,0.0,"And Dauid tooke from him a thousand charets, and seuen thousand horsemen, and twentie thousand footmen: Dauid also houghed all the charet horses, but reserued of them an hundred charets.","And David took from him a thousand chariots, and seven thousand horsemen, and twenty thousand footmen: David also houghed all the chariot horses, but reserved of them an hundred chariots.","and dauid tooke from him a thousand charets, and seuen thousand horsemen, and twentie thousand footmen: dauid also houghed all the charet horses, but reserued of them an hundred charets.","and david took from him a thousand chariots, and seven thousand horsemen, and twenty thousand footmen: david also houghed all the chariot horses, but reserved of them an hundred chariots.",STRONG_OUTLIER,STRONG_OUTLIER,,normalization_insensitive,"ops={replace:8, delete:1, insert:0}; examples=replace: [u] -> [v] | delete: [e] -> [] | replace: [e] -> [i o] | replace: [u] -> [v] | replace: [i e] -> [y] | replace: [u] -> [v] | replace: [e] -> [i o] | replace: [u] -> [v]","ops={replace:8, delete:0, insert:0}; examples=replace: [Dauid tooke] -> [David took] | replace: [charets,] -> [chariots,] | replace: [seuen] -> [seven] | replace: [twentie] -> [twenty] | replace: [Dauid] -> [David] | replace: [charet] -> [chariot] | replace: [reserued] -> [reserved] | replace: [charets.] -> [chariots.]","ops={replace:1, delete:0, insert:0}; examples=replace: [And Dauid tooke from him a thousand charets and seuen thousand horsemen and twentie thousand footmen Dauid also houghed all the charet horses but reserued of them an hundred charets] -> [And David took from him a thousand chariots and seven thousand horsemen and twenty thousand footmen David also houghed all the chariot horses but reserved of them an hundred chariots]",
JHN:7:46,JHN,7,46,0.2718428238740316,0.2718428238740316,,R0,R1,0.0,"The officers answered, Neuer man spake like this man.","The officers answered, Never man spake like this man.","the officers answered, neuer man spake like this man.","the officers answered, never man spake like this man.",REVIEW_CANDIDATE,REVIEW_CANDIDATE,,normalization_insensitive,"ops={replace:1, delete:0, insert:0}; examples=replace: [u] -> [v]","ops={replace:1, delete:0, insert:0}; examples=replace: [Neuer] -> [Never]","ops={replace:1, delete:0, insert:0}; examples=replace: [Neuer man spake like this man] -> [Never man spake like this man]",
1SA:20:17,1SA,20,17,0.27178593819402297,0.27178593819402297,,R0,R1,0.0,"And Ionathan caused Dauid to sweare againe, because he loued him: for he loued him as he loued his owne soule.","And Jonathan caused David to swear again, because he loved him: for he loved him as he loved his own soul.","and ionathan caused dauid to sweare againe, because he loued him: for he loued him as he loued his owne soule.","and jonathan caused david to swear again, because he loved him: for he loved him as he loved his own soul.",STRONG_OUTLIER,STRONG_OUTLIER,,normalization_insensitive,"ops={replace:5, delete:4, insert:0}; examples=replace: [I] -> [J] | replace: [u] -> [v] | delete: [e] -> [] | delete: [e] -> [] | replace: [u] -> [v] | replace: [u] -> [v] | replace: [u] -> [v] | delete: [e] -> []","ops={replace:7, delete:0, insert:0}; examples=replace: [Ionathan] -> [Jonathan] | replace: [Dauid] -> [David] | replace: [sweare againe,] -> [swear again,] | replace: [loued] -> [loved] | replace: [loued] -> [loved] | replace: [loued] -> [loved] | replace: [owne soule.] -> [own soul.]","ops={replace:1, delete:0, insert:0}; examples=replace: [And Ionathan caused Dauid to sweare againe because he loued him for he loued him as he loued his owne soule] -> [And Jonathan caused David to swear again because he loved him for he loved him as he loved his own soul]",
1CH:4:35,1CH,4,35,0.271408235017089,0.271408235017089,,R0,R1,0.0,"And Ioel, and Iehu the sonne of Iosibia, the sonne of Seraia, the sonne of Asiel,","And Joel, and Jehu the son of Josibiah, the son of Seraiah, the son of Asiel,","and ioel, and iehu the sonne of iosibia, the sonne of seraia, the sonne of asiel,","and joel, and jehu the son of josibiah, the son of seraiah, the son of asiel,",STRONG_OUTLIER,STRONG_OUTLIER,,normalization_insensitive,"ops={replace:3, delete:3, insert:2}; examples=replace: [I] -> [J] | replace: [I] -> [J] | delete: [n e] -> [] | replace: [I] -> [J] | insert: [] -> [h] | delete: [n e] -> [] | insert: [] -> [h] | delete: [n e] -> []","ops={replace:7, delete:0, insert:0}; examples=replace: [Ioel,] -> [Joel,] | replace: [Iehu] -> [Jehu] | replace: [sonne] -> [son] | replace: [Iosibia,] -> [Josibiah,] | replace: [sonne] -> [son] | replace: [Seraia,] -> [Seraiah,] | replace: [sonne] -> [son]","ops={replace:1, delete:0, insert:0}; examples=replace: [And Ioel and Iehu the sonne of Iosibia the sonne of Seraia the sonne of Asiel] -> [And Joel and Jehu the son of Josibiah the son of Seraiah the son of Asiel]",
DEU:14:19,DEU,14,19,0.27137924928365,0.27137924928365,,R0,R1,0.0,"And euery creeping thing that flyeth, is vncleane vnto you: they shall not be eaten.",And every creeping thing that flieth is unclean unto you: they shall not be eaten.,"and euery creeping thing that flyeth, is vncleane vnto you: they shall not be eaten.",and every creeping thing that flieth is unclean unto you: they shall not be eaten.,STRONG_OUTLIER,STRONG_OUTLIER,,normalization_insensitive,"ops={replace:4, delete:2, insert:0}; examples=replace: [u] -> [v] | replace: [y] -> [i] | delete: [,] -> [] | replace: [v] -> [u] | delete: [e] -> [] | replace: [v] -> [u]","ops={replace:3, delete:0, insert:0}; examples=replace: [euery] -> [every] | replace: [flyeth,] -> [flieth] | replace: [vncleane vnto] -> [unclean unto]","ops={replace:1, delete:0, insert:0}; examples=replace: [And euery creeping thing that flyeth is vncleane vnto you] -> [And every creeping thing that flieth is unclean unto you]",
ACT:19:7,ACT,19,7,0.2706662423744086,0.2706662423744086,,R0,R1,0.0,And all &thorn; men were about twelue.,And all the men were about twelve.,and all &thorn; men were about twelue.,and all the men were about twelve.,STRONG_OUTLIER,STRONG_OUTLIER,,normalization_insensitive,"ops={replace:2, delete:1, insert:0}; examples=delete: [&] -> [] | replace: [o r n ;] -> [e] | replace: [u] -> [v]","ops={replace:2, delete:0, insert:0}; examples=replace: [&thorn;] -> [the] | replace: [twelue.] -> [twelve.]","ops={replace:1, delete:0, insert:0}; examples=replace: [And all &thorn men were about twelue] -> [And all the men were about twelve]",
2CO:7:2,2CO,7,2,0.2704502062249684,0.2704502062249684,,R0,R1,0.0,"Receiue vs, we haue wronged no man, wee haue corrupted no man, wee haue defrauded no man.","Receive us; we have wronged no man, we have corrupted no man, we have defrauded no man.","receiue vs, we haue wronged no man, wee haue corrupted no man, wee haue defrauded no man.","receive us; we have wronged no man, we have corrupted no man, we have defrauded no man.",STRONG_OUTLIER,STRONG_OUTLIER,,normalization_insensitive,"ops={replace:6, delete:2, insert:0}; examples=replace: [u] -> [v] | replace: [v] -> [u] | replace: [,] -> [;] | replace: [u] -> [v] | delete: [e] -> [] | replace: [u] -> [v] | delete: [e] -> [] | replace: [u] -> [v]","ops={replace:4, delete:0, insert:0}; examples=replace: [Receiue vs,] -> [Receive us;] | replace: [haue] -> [have] | replace: [wee haue] -> [we have] | replace: [wee haue] -> [we have]","ops={replace:1, delete:0, insert:0}; examples=replace: [Receiue vs we haue wronged no man wee haue corrupted no man wee haue defrauded no man] -> [Receive us we have wronged no man we have corrupted no man we have defrauded no man]",
PSA:34:22,PSA,34,22,0.2701986133518942,0.2701986133518942,,R0,R1,0.0,"The Lord redeemech the soule of his seruants: and none of them that trust in him, shalbe desolate.",The LORD redeemeth the soul of his servants: and none of them that trust in him shall be desolate.,"the lord redeemech the soule of his seruants: and none of them that trust in him, shalbe desolate.",the lord redeemeth the soul of his servants: and none of them that trust in him shall be desolate.,STRONG_OUTLIER,STRONG_OUTLIER,,normalization_insensitive,"ops={replace:3, delete:2, insert:1}; examples=replace: [o r d] -> [O R D] | replace: [c] -> [t] | delete: [e] -> [] | replace: [u] -> [v] | delete: [,] -> [] | insert: [] -> [l  ]","ops={replace:4, delete:0, insert:0}; examples=replace: [Lord redeemech] -> [LORD redeemeth] | replace: [soule] -> [soul] | replace: [seruants:] -> [servants:] | replace: [him, shalbe] -> [him shall be]","ops={replace:1, delete:0, insert:0}; examples=replace: [The Lord redeemech the soule of his seruants and none of them that trust in him shalbe desolate] -> [The LORD redeemeth the soul of his servants and none of them that trust in him shall be desolate]",
1SA:20:11,1SA,20,11,0.2700384555878492,0.2700384555878492,,R0,R1,0.0,"¶ And Ionathan said vnto Dauid, Come, and let vs goe out into the field. And they went out both of them into the field.","And Jonathan said unto David, Come, and let us go out into the field. And they went out both of them into the field.","¶ and ionathan said vnto dauid, come, and let vs goe out into the field. and they went out both of them into the field.","and jonathan said unto david, come, and let us go out into the field. and they went out both of them into the field.",STRONG_OUTLIER,STRONG_OUTLIER,,normalization_insensitive,"ops={replace:4, delete:2, insert:0}; examples=delete: [¶  ] -> [] | replace: [I] -> [J] | replace: [v] -> [u] | replace: [u] -> [v] | replace: [v] -> [u] | delete: [e] -> []","ops={replace:3, delete:1, insert:0}; examples=delete: [¶] -> [] | replace: [Ionathan] -> [Jonathan] | replace: [vnto Dauid,] -> [unto David,] | replace: [vs goe] -> [us go]","ops={replace:2, delete:0, insert:0}; examples=replace: [¶ And Ionathan said vnto Dauid] -> [And Jonathan said unto David] | replace: [and let vs goe out into the field] -> [and let us go out into the field]",
ACT:20:33,ACT,20,33,0.26997886089808754,0.26997886089808754,,R0,R1,0.0,"I haue coueted no mans siluer, or golde, or apparell.","I have coveted no man’s silver, or gold, or apparel.","i haue coueted no mans siluer, or golde, or apparell.","i have coveted no man’s silver, or gold, or apparel.",STRONG_OUTLIER,STRONG_OUTLIER,,normalization_insensitive,"ops={replace:3, delete:2, insert:1}; examples=replace: [u] -> [v] | replace: [u] -> [v] | insert: [] -> [’] | replace: [u] -> [v] | delete: [e] -> [] | delete: [l] -> []","ops={replace:4, delete:0, insert:0}; examples=replace: [haue coueted] -> [have coveted] | replace: [mans siluer,] -> [man’s silver,] | replace: [golde,] -> [gold,] | replace: [apparell.] -> [apparel.]","ops={replace:1, delete:0, insert:0}; examples=replace: [I haue coueted no mans siluer or golde or apparell] -> [I have coveted no man’s silver or gold or apparel]",
GEN:5:30,GEN,5,30,0.26989399088959953,0.26989399088959953,,R0,R1,0.0,"And Lamech liued, after hee begate Noah, fiue hundred ninetie and fiue yeeres, and begate sonnes and daughters.","And Lamech lived after he begat Noah five hundred ninety and five years, and begat sons and daughters:","and lamech liued, after hee begate noah, fiue hundred ninetie and fiue yeeres, and begate sonnes and daughters.","and lamech lived after he begat noah five hundred ninety and five years, and begat sons and daughters:",REVIEW_CANDIDATE,REVIEW_CANDIDATE,,normalization_insensitive,"ops={replace:6, delete:7, insert:0}; examples=replace: [u] -> [v] | delete: [,] -> [] | delete: [e] -> [] | delete: [e] -> [] | delete: [,] -> [] | replace: [u] -> [v] | replace: [i e] -> [y] | replace: [u] -> [v]","ops={replace:6, delete:0, insert:0}; examples=replace: [liued,] -> [lived] | replace: [hee begate Noah, fiue] -> [he begat Noah five] | replace: [ninetie] -> [ninety] | replace: [fiue yeeres,] -> [five years,] | replace: [begate sonnes] -> [begat sons] | replace: [daughters.] -> [daughters:]","ops={replace:1, delete:0, insert:0}; examples=replace: [And Lamech liued after hee begate Noah fiue hundred ninetie and fiue yeeres and begate sonnes and daughters] -> [And Lamech lived after he begat Noah five hundred ninety and five years and begat sons and daughters]",
ACT:27:26,ACT,27,26,0.26968462363982526,0.26968462363982526,,R0,R1,0.0,"Howbeit, we must be cast vpon a certaine Iland.",Howbeit we must be cast upon a certain island.,"howbeit, we must be cast vpon a certaine iland.",howbeit we must be cast upon a certain island.,STRONG_OUTLIER,STRONG_OUTLIER,,normalization_insensitive,"ops={replace:2, delete:2, insert:0}; examples=delete: [,] -> [] | replace: [v] -> [u] | delete: [e] -> [] | replace: [I] -> [i s]","ops={replace:3, delete:0, insert:0}; examples=replace: [Howbeit,] -> [Howbeit] | replace: [vpon] -> [upon] | replace: [certaine Iland.] -> [certain island.]","ops={replace:1, delete:0, insert:0}; examples=replace: [Howbeit we must be cast vpon a certaine Iland] -> [Howbeit we must be cast upon a certain island]",
COL:1:13,COL,1,13,0.2695963903023151,0.2695963903023151,,R0,R1,0.0,"Who hath deliuered vs from the power of darkenesse, and hath translated vs into the kingdome of his deare Sonne,","Who hath delivered us from the power of darkness, and hath translated us into the kingdom of his dear Son:","who hath deliuered vs from the power of darkenesse, and hath translated vs into the kingdome of his deare sonne,","who hath delivered us from the power of darkness, and hath translated us into the kingdom of his dear son:",REVIEW_CANDIDATE,REVIEW_CANDIDATE,,normalization_insensitive,"ops={replace:4, delete:4, insert:0}; examples=replace: [u] -> [v] | replace: [v] -> [u] | delete: [e] -> [] | delete: [e] -> [] | replace: [v] -> [u] | delete: [e] -> [] | delete: [e] -> [] | replace: [n e ,] -> [:]","ops={replace:5, delete:0, insert:0}; examples=replace: [deliuered vs] -> [delivered us] | replace: [darkenesse,] -> [darkness,] | replace: [vs] -> [us] | replace: [kingdome] -> [kingdom] | replace: [deare Sonne,] -> [dear Son:]","ops={replace:1, delete:0, insert:0}; examples=replace: [Who hath deliuered vs from the power of darkenesse and hath translated vs into the kingdome of his deare Sonne] -> [Who hath delivered us from the power of darkness and hath translated us into the kingdom of his dear Son]",
JOS:7:10,JOS,7,10,0.26927619809837544,0.26927619809837544,,R0,R1,0.0,"¶ And the Lord saide vnto Ioshua, Get thee vp; wherefore liest thou thus vpon thy face?","And the LORD said unto Joshua, Get thee up; wherefore liest thou thus upon thy face?","¶ and the lord saide vnto ioshua, get thee vp; wherefore liest thou thus vpon thy face?","and the lord said unto joshua, get thee up; wherefore liest thou thus upon thy face?",STRONG_OUTLIER,STRONG_OUTLIER,,normalization_insensitive,"ops={replace:5, delete:2, insert:0}; examples=delete: [¶  ] -> [] | replace: [o r d] -> [O R D] | delete: [e] -> [] | replace: [v] -> [u] | replace: [I] -> [J] | replace: [v] -> [u] | replace: [v] -> [u]","ops={replace:3, delete:1, insert:0}; examples=delete: [¶] -> [] | replace: [Lord saide vnto Ioshua,] -> [LORD said unto Joshua,] | replace: [vp;] -> [up;] | replace: [vpon] -> [upon]","ops={replace:1, delete:0, insert:0}; examples=replace: [¶ And the Lord saide vnto Ioshua Get thee vp wherefore liest thou thus vpon thy face] -> [And the LORD said unto Joshua Get thee up wherefore liest thou thus upon thy face]",
LEV:15:4,LEV,15,4,0.26918809124040666,0.26918809124040666,,R0,R1,0.0,"Euery bed whereon he lieth, that hath the issue, is vncleane: and euery thing whereon he sitteth, shall bee vncleane.","Every bed, whereon he lieth that hath the issue, is unclean: and every thing, whereon he sitteth, shall be unclean.","euery bed whereon he lieth, that hath the issue, is vncleane: and euery thing whereon he sitteth, shall bee vncleane.","every bed, whereon he lieth that hath the issue, is unclean: and every thing, whereon he sitteth, shall be unclean.",STRONG_OUTLIER,STRONG_OUTLIER,,normalization_insensitive,"ops={replace:4, delete:4, insert:2}; examples=replace: [u] -> [v] | insert: [] -> [,] | delete: [,] -> [] | replace: [v] -> [u] | delete: [e] -> [] | replace: [u] -> [v] | insert: [] -> [,] | delete: [e] -> []","ops={replace:5, delete:0, insert:0}; examples=replace: [Euery bed] -> [Every bed,] | replace: [lieth,] -> [lieth] | replace: [vncleane:] -> [unclean:] | replace: [euery thing] -> [every thing,] | replace: [bee vncleane.] -> [be unclean.]","ops={replace:1, delete:0, insert:0}; examples=replace: [Euery bed whereon he lieth that hath the issue is vncleane and euery thing whereon he sitteth shall bee vncleane] -> [Every bed whereon he lieth that hath the issue is unclean and every thing whereon he sitteth shall be unclean]",
GEN:49:9,GEN,49,9,0.26781014543218706,0.26781014543218706,,R0,R1,0.0,"Iudah is a Lyons whelpe: from the pray my sonne thou art gone vp: he stouped downe, hee couched as a Lyon, and as an old Lyon: who shall rouse him vp?","Judah is a lion’s whelp: from the prey, my son, thou art gone up: he stooped down, he couched as a lion, and as an old lion; who shall rouse him up?","iudah is a lyons whelpe: from the pray my sonne thou art gone vp: he stouped downe, hee couched as a lyon, and as an old lyon: who shall rouse him vp?","judah is a lion’s whelp: from the prey, my son, thou art gone up: he stooped down, he couched as a lion, and as an old lion; who shall rouse him up?",REVIEW_CANDIDATE,REVIEW_CANDIDATE,,normalization_insensitive,"ops={replace:10, delete:3, insert:2}; examples=replace: [I] -> [J] | replace: [L y] -> [l i] | insert: [] -> [’] | delete: [e] -> [] | replace: [a] -> [e] | insert: [] -> [,] | replace: [n e] -> [,] | replace: [v] -> [u]","ops={replace:9, delete:0, insert:0}; examples=replace: [Iudah] -> [Judah] | replace: [Lyons whelpe:] -> [lion’s whelp:] | replace: [pray] -> [prey,] | replace: [sonne] -> [son,] | replace: [vp:] -> [up:] | replace: [stouped downe, hee] -> [stooped down, he] | replace: [Lyon,] -> [lion,] | replace: [Lyon:] -> [lion;]","ops={replace:1, delete:0, insert:0}; examples=replace: [Iudah is a Lyons whelpe from the pray my sonne thou art gone vp he stouped downe hee couched as a Lyon and as an old Lyon who shall rouse him vp] -> [Judah is a lion’s whelp from the prey my son thou art gone up he stooped down he couched as a lion and as an old lion who shall rouse him up]",
LUK:7:35,LUK,7,35,0.267699982269347,0.267699982269347,,R0,R1,0.0,But wisedome is iustified of all her children.,But wisdom is justified of all her children.,but wisedome is iustified of all her children.,but wisdom is justified of all her children.,STRONG_OUTLIER,STRONG_OUTLIER,,normalization_insensitive,"ops={replace:1, delete:2, insert:0}; examples=delete: [e] -> [] | delete: [e] -> [] | replace: [i] -> [j]","ops={replace:2, delete:0, insert:0}; examples=replace: [wisedome] -> [wisdom] | replace: [iustified] -> [justified]","ops={replace:1, delete:0, insert:0}; examples=replace: [But wisedome is iustified of all her children] -> [But wisdom is justified of all her children]",
2SA:8:4,2SA,8,4,0.26728408905596646,0.26728408905596646,,R0,R1,0.0,"And Dauid tooke from him a thousand charets, and seuen hundred horsemen, and twentie thousand footemen: and Dauid houghed all the charet horses, but reserued of them for an hundred charets.","And David took from him a thousand chariots, and seven hundred horsemen, and twenty thousand footmen: and David houghed all the chariot horses, but reserved of them for an hundred chariots.","and dauid tooke from him a thousand charets, and seuen hundred horsemen, and twentie thousand footemen: and dauid houghed all the charet horses, but reserued of them for an hundred charets.","and david took from him a thousand chariots, and seven hundred horsemen, and twenty thousand footmen: and david houghed all the chariot horses, but reserved of them for an hundred chariots.",STRONG_OUTLIER,STRONG_OUTLIER,,normalization_insensitive,"ops={replace:8, delete:2, insert:0}; examples=replace: [u] -> [v] | delete: [e] -> [] | replace: [e] -> [i o] | replace: [u] -> [v] | replace: [i e] -> [y] | delete: [e] -> [] | replace: [u] -> [v] | replace: [e] -> [i o]","ops={replace:9, delete:0, insert:0}; examples=replace: [Dauid tooke] -> [David took] | replace: [charets,] -> [chariots,] | replace: [seuen] -> [seven] | replace: [twentie] -> [twenty] | replace: [footemen:] -> [footmen:] | replace: [Dauid] -> [David] | replace: [charet] -> [chariot] | replace: [reserued] -> [reserved]","ops={replace:1, delete:0, insert:0}; examples=replace: [And Dauid tooke from him a thousand charets and seuen hundred horsemen and twentie thousand footemen and Dauid houghed all the charet horses but reserued of them for an hundred charets] -> [And David took from him a thousand chariots and seven hundred horsemen and twenty thousand footmen and David houghed all the chariot horses but reserved of them for an hundred chariots]",
PRO:7:12,PRO,7,12,0.26722594596802773,0.26722594596802773,,R0,R1,0.0,"Now is shee without, now in the streetes, and lieth in waite at euery corner.)","Now is she without, now in the streets, and lieth in wait at every corner.)","now is shee without, now in the streetes, and lieth in waite at euery corner.)","now is she without, now in the streets, and lieth in wait at every corner.)",STRONG_OUTLIER,STRONG_OUTLIER,,normalization_insensitive,"ops={replace:1, delete:3, insert:0}; examples=delete: [e] -> [] | delete: [e] -> [] | delete: [e] -> [] | replace: [u] -> [v]","ops={replace:4, delete:0, insert:0}; examples=replace: [shee] -> [she] | replace: [streetes,] -> [streets,] | replace: [waite] -> [wait] | replace: [euery] -> [every]","ops={replace:1, delete:0, insert:0}; examples=replace: [Now is shee without now in the streetes and lieth in waite at euery corner] -> [Now is she without now in the streets and lieth in wait at every corner]",
ZEC:11:3,ZEC,11,3,0.2666588992038751,0.2666588992038751,,R0,R1,0.0,¶ There is a voyce of the howling of the shepheards; for their glory is spoiled: a voyce of the roaring of young lyons; for the pride of Iordan is spoiled.,There is a voice of the howling of the shepherds; for their glory is spoiled: a voice of the roaring of young lions; for the pride of Jordan is spoiled.,¶ there is a voyce of the howling of the shepheards; for their glory is spoiled: a voyce of the roaring of young lyons; for the pride of iordan is spoiled.,there is a voice of the howling of the shepherds; for their glory is spoiled: a voice of the roaring of young lions; for the pride of jordan is spoiled.,STRONG_OUTLIER,STRONG_OUTLIER,,normalization_insensitive,"ops={replace:4, delete:2, insert:0}; examples=delete: [¶  ] -> [] | replace: [y] -> [i] | delete: [a] -> [] | replace: [y] -> [i] | replace: [y] -> [i] | replace: [I] -> [J]","ops={replace:5, delete:1, insert:0}; examples=delete: [¶] -> [] | replace: [voyce] -> [voice] | replace: [shepheards;] -> [shepherds;] | replace: [voyce] -> [voice] | replace: [lyons;] -> [lions;] | replace: [Iordan] -> [Jordan]","ops={replace:2, delete:0, insert:0}; examples=replace: [¶ There is a voyce of the howling of the shepheards] -> [There is a voice of the howling of the shepherds] | replace: [a voyce of the roaring of young lyons for the pride of Iordan is spoiled] -> [a voice of the roaring of young lions for the pride of Jordan is spoiled]",
2JN:1:2,2JN,1,2,0.26656153419325246,0.26656153419325246,,R0,R1,0.0,"For the trueths sake which dwelleth in vs, and shalbe with vs for euer:","For the truth’s sake, which dwelleth in us, and shall be with us for ever.","for the trueths sake which dwelleth in vs, and shalbe with vs for euer:","for the truth’s sake, which dwelleth in us, and shall be with us for ever.",STRONG_OUTLIER,STRONG_OUTLIER,,normalization_insensitive,"ops={replace:4, delete:1, insert:3}; examples=delete: [e] -> [] | insert: [] -> [’] | insert: [] -> [,] | replace: [v] -> [u] | insert: [] -> [l  ] | replace: [v] -> [u] | replace: [u] -> [v] | replace: [:] -> [.]","ops={replace:5, delete:0, insert:0}; examples=replace: [trueths sake] -> [truth’s sake,] | replace: [vs,] -> [us,] | replace: [shalbe] -> [shall be] | replace: [vs] -> [us] | replace: [euer:] -> [ever.]","ops={replace:1, delete:0, insert:0}; examples=replace: [For the trueths sake which dwelleth in vs and shalbe with vs for euer] -> [For the truth’s sake which dwelleth in us and shall be with us for ever]",
GEN:41:26,GEN,41,26,0.26646854066847325,0.26646854066847325,,R0,R1,0.0,The seuen good kine are seuen yeeres: and the seuen good eares are seuen yeeres: the dreame is one.,The seven good kine are seven years; and the seven good ears are seven years: the dream is one.,the seuen good kine are seuen yeeres: and the seuen good eares are seuen yeeres: the dreame is one.,the seven good kine are seven years; and the seven good ears are seven years: the dream is one.,REVIEW_CANDIDATE,REVIEW_CANDIDATE,,normalization_insensitive,"ops={replace:7, delete:4, insert:0}; examples=replace: [u] -> [v] | replace: [u] -> [v] | replace: [e] -> [a] | delete: [e] -> [] | replace: [:] -> [;] | replace: [u] -> [v] | delete: [e] -> [] | replace: [u] -> [v]","ops={replace:6, delete:0, insert:0}; examples=replace: [seuen] -> [seven] | replace: [seuen yeeres:] -> [seven years;] | replace: [seuen] -> [seven] | replace: [eares] -> [ears] | replace: [seuen yeeres:] -> [seven years:] | replace: [dreame] -> [dream]","ops={replace:1, delete:0, insert:0}; examples=replace: [The seuen good kine are seuen yeeres and the seuen good eares are seuen yeeres the dreame is one] -> [The seven good kine are seven years and the seven good ears are seven years the dream is one]",
MAT:3:5,MAT,3,5,0.2660258497242225,0.2660258497242225,,R0,R1,0.0,"Then went out to him Hierusalem, and all Iudea, and all the region round about Iordane,","Then went out to him Jerusalem, and all Judaea, and all the region round about Jordan,","then went out to him hierusalem, and all iudea, and all the region round about iordane,","then went out to him jerusalem, and all judaea, and all the region round about jordan,",STRONG_OUTLIER,STRONG_OUTLIER,,normalization_insensitive,"ops={replace:3, delete:1, insert:1}; examples=replace: [H i] -> [J] | replace: [I] -> [J] | insert: [] -> [a] | replace: [I] -> [J] | delete: [e] -> []","ops={replace:3, delete:0, insert:0}; examples=replace: [Hierusalem,] -> [Jerusalem,] | replace: [Iudea,] -> [Judaea,] | replace: [Iordane,] -> [Jordan,]","ops={replace:1, delete:0, insert:0}; examples=replace: [Then went out to him Hierusalem and all Iudea and all the region round about Iordane] -> [Then went out to him Jerusalem and all Judaea and all the region round about Jordan]",
MAT:27:18,MAT,27,18,0.2659338600906136,0.2659338600906136,,R0,R1,0.0,For hee knew that for enuie they had deliuered him.,For he knew that for envy they had delivered him.,for hee knew that for enuie they had deliuered him.,for he knew that for envy they had delivered him.,STRONG_OUTLIER,STRONG_OUTLIER,,normalization_insensitive,"ops={replace:2, delete:1, insert:0}; examples=delete: [e] -> [] | replace: [u i e] -> [v y] | replace: [u] -> [v]","ops={replace:3, delete:0, insert:0}; examples=replace: [hee] -> [he] | replace: [enuie] -> [envy] | replace: [deliuered] -> [delivered]","ops={replace:1, delete:0, insert:0}; examples=replace: [For hee knew that for enuie they had deliuered him] -> [For he knew that for envy they had delivered him]",
2CO:8:20,2CO,8,20,0.26591497996350155,0.26591497996350155,,R0,R1,0.0,"Auoyding this, that no man should blame vs in this aboundance which is administred by vs.","Avoiding this, that no man should blame us in this abundance which is administered by us:","auoyding this, that no man should blame vs in this aboundance which is administred by vs.","avoiding this, that no man should blame us in this abundance which is administered by us:",STRONG_OUTLIER,STRONG_OUTLIER,,normalization_insensitive,"ops={replace:5, delete:1, insert:1}; examples=replace: [u] -> [v] | replace: [y] -> [i] | replace: [v] -> [u] | delete: [o] -> [] | insert: [] -> [e] | replace: [v] -> [u] | replace: [.] -> [:]","ops={replace:5, delete:0, insert:0}; examples=replace: [Auoyding] -> [Avoiding] | replace: [vs] -> [us] | replace: [aboundance] -> [abundance] | replace: [administred] -> [administered] | replace: [vs.] -> [us:]","ops={replace:1, delete:0, insert:0}; examples=replace: [Auoyding this that no man should blame vs in this aboundance which is administred by vs] -> [Avoiding this that no man should blame us in this abundance which is administered by us]",
ECC:5:10,ECC,5,10,0.26587153797600105,0.26587153797600105,,R0,R1,0.0,"Hee that loueth siluer shall not be satisfied with siluer; nor he that loueth abundance, with increase: this is also vanitie.",He that loveth silver shall not be satisfied with silver; nor he that loveth abundance with increase: this is also vanity.,"hee that loueth siluer shall not be satisfied with siluer; nor he that loueth abundance, with increase: this is also vanitie.",he that loveth silver shall not be satisfied with silver; nor he that loveth abundance with increase: this is also vanity.,STRONG_OUTLIER,STRONG_OUTLIER,,normalization_insensitive,"ops={replace:5, delete:2, insert:0}; examples=delete: [e] -> [] | replace: [u] -> [v] | replace: [u] -> [v] | replace: [u] -> [v] | replace: [u] -> [v] | delete: [,] -> [] | replace: [i e] -> [y]","ops={replace:5, delete:0, insert:0}; examples=replace: [Hee] -> [He] | replace: [loueth siluer] -> [loveth silver] | replace: [siluer;] -> [silver;] | replace: [loueth abundance,] -> [loveth abundance] | replace: [vanitie.] -> [vanity.]","ops={replace:1, delete:0, insert:0}; examples=replace: [Hee that loueth siluer shall not be satisfied with siluer nor he that loueth abundance with increase this is also vanitie] -> [He that loveth silver shall not be satisfied with silver nor he that loveth abundance with increase this is also vanity]",
ROM:12:9,ROM,12,9,0.26586022970099166,0.26586022970099166,,R0,R1,0.0,"Let loue bee without dissimulation: abhorre that which is euill, cleaue to that which is good.",Let love be without dissimulation. Abhor that which is evil; cleave to that which is good.,"let loue bee without dissimulation: abhorre that which is euill, cleaue to that which is good.",let love be without dissimulation. abhor that which is evil; cleave to that which is good.,STRONG_OUTLIER,STRONG_OUTLIER,,normalization_insensitive,"ops={replace:6, delete:2, insert:0}; examples=replace: [u] -> [v] | delete: [e] -> [] | replace: [:] -> [.] | replace: [a] -> [A] | delete: [r e] -> [] | replace: [u] -> [v] | replace: [l ,] -> [;] | replace: [u] -> [v]","ops={replace:3, delete:0, insert:0}; examples=replace: [loue bee] -> [love be] | replace: [dissimulation: abhorre] -> [dissimulation. Abhor] | replace: [euill, cleaue] -> [evil; cleave]","ops={replace:1, delete:0, insert:0}; examples=replace: [Let loue bee without dissimulation abhorre that which is euill cleaue to that which is good] -> [Let love be without dissimulation Abhor that which is evil cleave to that which is good]",
LEV:11:24,LEV,11,24,0.2658306339490033,0.2658306339490033,,R0,R1,0.0,"And for these ye shalbe vncleane: whosoeuer toucheth the carkasse of them, shall be vncleane vntill the euen.",And for these ye shall be unclean: whosoever toucheth the carcase of them shall be unclean until the even.,"and for these ye shalbe vncleane: whosoeuer toucheth the carkasse of them, shall be vncleane vntill the euen.",and for these ye shall be unclean: whosoever toucheth the carcase of them shall be unclean until the even.,STRONG_OUTLIER,STRONG_OUTLIER,,normalization_insensitive,"ops={replace:6, delete:5, insert:1}; examples=insert: [] -> [l  ] | replace: [v] -> [u] | delete: [e] -> [] | replace: [u] -> [v] | replace: [k] -> [c] | delete: [s] -> [] | delete: [,] -> [] | replace: [v] -> [u]","ops={replace:5, delete:0, insert:0}; examples=replace: [shalbe vncleane: whosoeuer] -> [shall be unclean: whosoever] | replace: [carkasse] -> [carcase] | replace: [them,] -> [them] | replace: [vncleane vntill] -> [unclean until] | replace: [euen.] -> [even.]","ops={replace:1, delete:0, insert:0}; examples=replace: [And for these ye shalbe vncleane whosoeuer toucheth the carkasse of them shall be vncleane vntill the euen] -> [And for these ye shall be unclean whosoever toucheth the carcase of them shall be unclean until the even]",
PSA:55:22,PSA,55,22,0.26580821553602885,0.26580821553602885,,R0,R1,0.0,"Cast thy burden vpon the Lord, and he shall sustaine thee: hee shall neuer suffer the righteous to bee moued.","Cast thy burden upon the LORD, and he shall sustain thee: he shall never suffer the righteous to be moved.","cast thy burden vpon the lord, and he shall sustaine thee: hee shall neuer suffer the righteous to bee moued.","cast thy burden upon the lord, and he shall sustain thee: he shall never suffer the righteous to be moved.",STRONG_OUTLIER,STRONG_OUTLIER,,normalization_insensitive,"ops={replace:4, delete:3, insert:0}; examples=replace: [v] -> [u] | replace: [o r d] -> [O R D] | delete: [e] -> [] | delete: [e] -> [] | replace: [u] -> [v] | delete: [e] -> [] | replace: [u] -> [v]","ops={replace:6, delete:0, insert:0}; examples=replace: [vpon] -> [upon] | replace: [Lord,] -> [LORD,] | replace: [sustaine] -> [sustain] | replace: [hee] -> [he] | replace: [neuer] -> [never] | replace: [bee moued.] -> [be moved.]","ops={replace:1, delete:0, insert:0}; examples=replace: [Cast thy burden vpon the Lord and he shall sustaine thee hee shall neuer suffer the righteous to bee moued] -> [Cast thy burden upon the LORD and he shall sustain thee he shall never suffer the righteous to be moved]",
MAL:2:4,MAL,2,4,0.2655089927954719,0.2655089927954719,,R0,R1,0.0,"And yee shall know that I haue sent this commaundement vnto you, that my couenant might be with Leui, saith the Lord of hostes.","And ye shall know that I have sent this commandment unto you, that my covenant might be with Levi, saith the LORD of hosts.","and yee shall know that i haue sent this commaundement vnto you, that my couenant might be with leui, saith the lord of hostes.","and ye shall know that i have sent this commandment unto you, that my covenant might be with levi, saith the lord of hosts.",STRONG_OUTLIER,STRONG_OUTLIER,,normalization_insensitive,"ops={replace:5, delete:4, insert:0}; examples=delete: [e] -> [] | replace: [u] -> [v] | delete: [u] -> [] | delete: [e] -> [] | replace: [v] -> [u] | replace: [u] -> [v] | replace: [u] -> [v] | replace: [o r d] -> [O R D]","ops={replace:7, delete:0, insert:0}; examples=replace: [yee] -> [ye] | replace: [haue] -> [have] | replace: [commaundement vnto] -> [commandment unto] | replace: [couenant] -> [covenant] | replace: [Leui,] -> [Levi,] | replace: [Lord] -> [LORD] | replace: [hostes.] -> [hosts.]","ops={replace:1, delete:0, insert:0}; examples=replace: [And yee shall know that I haue sent this commaundement vnto you that my couenant might be with Leui saith the Lord of hostes] -> [And ye shall know that I have sent this commandment unto you that my covenant might be with Levi saith the LORD of hosts]",
GAL:1:22,GAL,1,22,0.2654394513164544,0.2654394513164544,,R0,R1,0.0,"And was vnknowen by face vnto the Churches of Iudea, which were in Christ.",And was unknown by face unto the churches of Judaea which were in Christ:,"and was vnknowen by face vnto the churches of iudea, which were in christ.",and was unknown by face unto the churches of judaea which were in christ:,STRONG_OUTLIER,STRONG_OUTLIER,,normalization_insensitive,"ops={replace:5, delete:2, insert:1}; examples=replace: [v] -> [u] | delete: [e] -> [] | replace: [v] -> [u] | replace: [C] -> [c] | replace: [I] -> [J] | insert: [] -> [a] | delete: [,] -> [] | replace: [.] -> [:]","ops={replace:5, delete:0, insert:0}; examples=replace: [vnknowen] -> [unknown] | replace: [vnto] -> [unto] | replace: [Churches] -> [churches] | replace: [Iudea,] -> [Judaea] | replace: [Christ.] -> [Christ:]","ops={replace:1, delete:0, insert:0}; examples=replace: [And was vnknowen by face vnto the Churches of Iudea which were in Christ] -> [And was unknown by face unto the churches of Judaea which were in Christ]",
NEH:12:11,NEH,12,11,0.2646609003098135,0.2646609003098135,,R0,R1,0.0,"And Ioiada begate Ionathan, and Ionathan begate Iaddua.","And Joiada begat Jonathan, and Jonathan begat Jaddua.","and ioiada begate ionathan, and ionathan begate iaddua.","and joiada begat jonathan, and jonathan begat jaddua.",STRONG_OUTLIER,STRONG_OUTLIER,,normalization_insensitive,"ops={replace:4, delete:2, insert:0}; examples=replace: [I] -> [J] | delete: [e] -> [] | replace: [I] -> [J] | replace: [I] -> [J] | delete: [e] -> [] | replace: [I] -> [J]","ops={replace:2, delete:0, insert:0}; examples=replace: [Ioiada begate Ionathan,] -> [Joiada begat Jonathan,] | replace: [Ionathan begate Iaddua.] -> [Jonathan begat Jaddua.]","ops={replace:1, delete:0, insert:0}; examples=replace: [And Ioiada begate Ionathan and Ionathan begate Iaddua] -> [And Joiada begat Jonathan and Jonathan begat Jaddua]",
ACT:17:5,ACT,17,5,0.26458658677206925,0.26458658677206925,,R0,R1,0.0,"¶ But the Iewes which beleeued not, mooued with enuie, tooke vnto them certaine lewd fellowes of the baser sort, and gathered a company, and set all the citie on an vprore, and assaulted the house of Iason, and sought to bring them out to the people.","But the Jews which believed not, moved with envy, took unto them certain lewd fellows of the baser sort, and gathered a company, and set all the city on an uproar, and assaulted the house of Jason, and sought to bring them out to the people.","¶ but the iewes which beleeued not, mooued with enuie, tooke vnto them certaine lewd fellowes of the baser sort, and gathered a company, and set all the citie on an vprore, and assaulted the house of iason, and sought to bring them out to the people.","but the jews which believed not, moved with envy, took unto them certain lewd fellows of the baser sort, and gathered a company, and set all the city on an uproar, and assaulted the house of jason, and sought to bring them out to the people.",STRONG_OUTLIER,STRONG_OUTLIER,,normalization_insensitive,"ops={replace:5, delete:2, insert:0}; examples=delete: [¶  ] -> [] | replace: [I e w e] -> [J e w] | replace: [e e u e d   n o t ,   m o o u e d   w i t h   e n u i e] -> [i e v e d   n o t ,   m o v e d   w i t h   e n v y] | replace: [e   v n t o   t h e m   c e r t a i n e] -> [  u n t o   t h e m   c e r t a i n] | delete: [e] -> [] | replace: [i e   o n   a n   v p r o r e] -> [y   o n   a n   u p r o a r] | replace: [I] -> [J]","ops={replace:9, delete:1, insert:0}; examples=delete: [¶] -> [] | replace: [Iewes] -> [Jews] | replace: [beleeued] -> [believed] | replace: [mooued] -> [moved] | replace: [enuie, tooke vnto] -> [envy, took unto] | replace: [certaine] -> [certain] | replace: [fellowes] -> [fellows] | replace: [citie] -> [city]","ops={replace:2, delete:0, insert:0}; examples=replace: [¶ But the Iewes which beleeued not mooued with enuie tooke vnto them certaine lewd fellowes of the baser sort] -> [But the Jews which believed not moved with envy took unto them certain lewd fellows of the baser sort] | replace: [and set all the citie on an vprore and assaulted the house of Iason] -> [and set all the city on an uproar and assaulted the house of Jason]",
LUK:2:42,LUK,2,42,0.2645308325462222,0.2645308325462222,,R0,R1,0.0,"And when he was twelue yeeres old, they went vp to Hierusalem, after the custome of the feast.","And when he was twelve years old, they went up to Jerusalem after the custom of the feast.","and when he was twelue yeeres old, they went vp to hierusalem, after the custome of the feast.","and when he was twelve years old, they went up to jerusalem after the custom of the feast.",STRONG_OUTLIER,STRONG_OUTLIER,,normalization_insensitive,"ops={replace:4, delete:3, insert:0}; examples=replace: [u] -> [v] | replace: [e] -> [a] | delete: [e] -> [] | replace: [v] -> [u] | replace: [H i] -> [J] | delete: [,] -> [] | delete: [e] -> []","ops={replace:4, delete:0, insert:0}; examples=replace: [twelue yeeres] -> [twelve years] | replace: [vp] -> [up] | replace: [Hierusalem,] -> [Jerusalem] | replace: [custome] -> [custom]","ops={replace:1, delete:0, insert:0}; examples=replace: [And when he was twelue yeeres old they went vp to Hierusalem after the custome of the feast] -> [And when he was twelve years old they went up to Jerusalem after the custom of the feast]",
PRO:24:3,PRO,24,3,0.26449749872922834,0.26449749872922834,,R0,R1,0.0,"Through wisedome is an house builded, and by vnderstanding it is established.",Through wisdom is an house builded; and by understanding it is established:,"through wisedome is an house builded, and by vnderstanding it is established.",through wisdom is an house builded; and by understanding it is established:,STRONG_OUTLIER,STRONG_OUTLIER,,normalization_insensitive,"ops={replace:3, delete:2, insert:0}; examples=delete: [e] -> [] | delete: [e] -> [] | replace: [,] -> [;] | replace: [v] -> [u] | replace: [.] -> [:]","ops={replace:4, delete:0, insert:0}; examples=replace: [wisedome] -> [wisdom] | replace: [builded,] -> [builded;] | replace: [vnderstanding] -> [understanding] | replace: [established.] -> [established:]","ops={replace:1, delete:0, insert:0}; examples=replace: [Through wisedome is an house builded and by vnderstanding it is established] -> [Through wisdom is an house builded and by understanding it is established]",
LEV:25:13,LEV,25,13,0.2639836026549581,0.2639836026549581,,R0,R1,0.0,In the yeere of this Iubile yee shall returne euery man vnto his possession.,In the year of this jubile ye shall return every man unto his possession.,in the yeere of this iubile yee shall returne euery man vnto his possession.,in the year of this jubile ye shall return every man unto his possession.,STRONG_OUTLIER,STRONG_OUTLIER,,normalization_insensitive,"ops={replace:4, delete:3, insert:0}; examples=replace: [e] -> [a] | delete: [e] -> [] | replace: [I] -> [j] | delete: [e] -> [] | delete: [e] -> [] | replace: [u] -> [v] | replace: [v] -> [u]","ops={replace:4, delete:0, insert:0}; examples=replace: [yeere] -> [year] | replace: [Iubile yee] -> [jubile ye] | replace: [returne euery] -> [return every] | replace: [vnto] -> [unto]","ops={replace:1, delete:0, insert:0}; examples=replace: [In the yeere of this Iubile yee shall returne euery man vnto his possession] -> [In the year of this jubile ye shall return every man unto his possession]",
RUT:4:22,RUT,4,22,0.2636929655673068,0.2636929655673068,,R0,R1,0.0,"And Obed begat Iesse, and Iesse begate Dauid.","And Obed begat Jesse, and Jesse begat David.","and obed begat iesse, and iesse begate dauid.","and obed begat jesse, and jesse begat david.",STRONG_OUTLIER,STRONG_OUTLIER,,normalization_insensitive,"ops={replace:3, delete:1, insert:0}; examples=replace: [I] -> [J] | replace: [I] -> [J] | delete: [e] -> [] | replace: [u] -> [v]","ops={replace:2, delete:0, insert:0}; examples=replace: [Iesse,] -> [Jesse,] | replace: [Iesse begate Dauid.] -> [Jesse begat David.]","ops={replace:1, delete:0, insert:0}; examples=replace: [And Obed begat Iesse and Iesse begate Dauid] -> [And Obed begat Jesse and Jesse begat David]",
LEV:11:26,LEV,11,26,0.2636645553127581,0.2636645553127581,,R0,R1,0.0,"The carkasses of euery beast which diuideth the hoofe, and is not clouen footed, nor cheweth the cud, are vncleane vnto you: euery one that toucheth them, shalbe vncleane.","The carcases of every beast which divideth the hoof, and is not clovenfooted, nor cheweth the cud, are unclean unto you: every one that toucheth them shall be unclean.","the carkasses of euery beast which diuideth the hoofe, and is not clouen footed, nor cheweth the cud, are vncleane vnto you: euery one that toucheth them, shalbe vncleane.","the carcases of every beast which divideth the hoof, and is not clovenfooted, nor cheweth the cud, are unclean unto you: every one that toucheth them shall be unclean.",STRONG_OUTLIER,STRONG_OUTLIER,,normalization_insensitive,"ops={replace:8, delete:6, insert:1}; examples=replace: [k] -> [c] | delete: [s] -> [] | replace: [u] -> [v] | replace: [u] -> [v] | delete: [e] -> [] | replace: [u] -> [v] | delete: [ ] -> [] | replace: [v] -> [u]","ops={replace:8, delete:0, insert:0}; examples=replace: [carkasses] -> [carcases] | replace: [euery] -> [every] | replace: [diuideth] -> [divideth] | replace: [hoofe,] -> [hoof,] | replace: [clouen footed,] -> [clovenfooted,] | replace: [vncleane vnto] -> [unclean unto] | replace: [euery] -> [every] | replace: [them, shalbe vncleane.] -> [them shall be unclean.]","ops={replace:2, delete:0, insert:0}; examples=replace: [The carkasses of euery beast which diuideth the hoofe and is not clouen footed] -> [The carcases of every beast which divideth the hoof and is not clovenfooted] | replace: [are vncleane vnto you euery one that toucheth them shalbe vncleane] -> [are unclean unto you every one that toucheth them shall be unclean]",
MRK:11:19,MRK,11,19,0.2634684588379259,0.2634684588379259,,R0,R1,0.0,"And when Euen was come, Hee went out of the citie.","And when even was come, he went out of the city.","and when euen was come, hee went out of the citie.","and when even was come, he went out of the city.",STRONG_OUTLIER,STRONG_OUTLIER,,normalization_insensitive,"ops={replace:3, delete:0, insert:0}; examples=replace: [E u] -> [e v] | replace: [H e] -> [h] | replace: [i e] -> [y]","ops={replace:3, delete:0, insert:0}; examples=replace: [Euen] -> [even] | replace: [Hee] -> [he] | replace: [citie.] -> [city.]","ops={replace:1, delete:0, insert:0}; examples=replace: [And when Euen was come Hee went out of the citie] -> [And when even was come he went out of the city]",
EXO:7:25,EXO,7,25,0.26322896239240723,0.26322896239240723,,R0,R1,0.0,And seuen dayes were fulfilled after that the Lord had smitten the riuer.,"And seven days were fulfilled, after that the LORD had smitten the river.",and seuen dayes were fulfilled after that the lord had smitten the riuer.,"and seven days were fulfilled, after that the lord had smitten the river.",STRONG_OUTLIER,STRONG_OUTLIER,,normalization_insensitive,"ops={replace:3, delete:1, insert:1}; examples=replace: [u] -> [v] | delete: [e] -> [] | insert: [] -> [,] | replace: [o r d] -> [O R D] | replace: [u] -> [v]","ops={replace:4, delete:0, insert:0}; examples=replace: [seuen dayes] -> [seven days] | replace: [fulfilled] -> [fulfilled,] | replace: [Lord] -> [LORD] | replace: [riuer.] -> [river.]","ops={replace:1, delete:0, insert:0}; examples=replace: [And seuen dayes were fulfilled after that the Lord had smitten the riuer] -> [And seven days were fulfilled after that the LORD had smitten the river]",
2SA:17:22,2SA,17,22,0.2631869304794321,0.2631869304794321,,R0,R1,0.0,"Then Dauid arose, and all the people that were with him, and they passed ouer Iordane: by the morning light there lacked not one of them that was not gone ouer Iordane.","Then David arose, and all the people that were with him, and they passed over Jordan: by the morning light there lacked not one of them that was not gone over Jordan.","then dauid arose, and all the people that were with him, and they passed ouer iordane: by the morning light there lacked not one of them that was not gone ouer iordane.","then david arose, and all the people that were with him, and they passed over jordan: by the morning light there lacked not one of them that was not gone over jordan.",STRONG_OUTLIER,STRONG_OUTLIER,,normalization_insensitive,"ops={replace:5, delete:2, insert:0}; examples=replace: [u] -> [v] | replace: [u] -> [v] | replace: [I] -> [J] | delete: [e] -> [] | replace: [u] -> [v] | replace: [I] -> [J] | delete: [e] -> []","ops={replace:3, delete:0, insert:0}; examples=replace: [Dauid] -> [David] | replace: [ouer Iordane:] -> [over Jordan:] | replace: [ouer Iordane.] -> [over Jordan.]","ops={replace:2, delete:0, insert:0}; examples=replace: [Then Dauid arose] -> [Then David arose] | replace: [and they passed ouer Iordane by the morning light there lacked not one of them that was not gone ouer Iordane] -> [and they passed over Jordan by the morning light there lacked not one of them that was not gone over Jordan]",
JER:46:7,JER,46,7,0.26314719263139996,0.26314719263139996,,R0,R1,0.0,"Who is this that c&#333;meth vp as a flood, whose waters are moued as &thorn; riuers?","Who is this that cometh up as a flood, whose waters are moved as the rivers?","who is this that c&#333;meth vp as a flood, whose waters are moued as &thorn; riuers?","who is this that cometh up as a flood, whose waters are moved as the rivers?",STRONG_OUTLIER,STRONG_OUTLIER,,normalization_insensitive,"ops={replace:5, delete:1, insert:0}; examples=replace: [& # 3 3 3 ;] -> [o] | replace: [v] -> [u] | replace: [u] -> [v] | delete: [&] -> [] | replace: [o r n ;] -> [e] | replace: [u] -> [v]","ops={replace:3, delete:0, insert:0}; examples=replace: [c&#333;meth vp] -> [cometh up] | replace: [moued] -> [moved] | replace: [&thorn; riuers?] -> [the rivers?]","ops={replace:1, delete:0, insert:0}; examples=replace: [Who is this that c&#333 meth vp as a flood whose waters are moued as &thorn riuers] -> [Who is this that cometh up as a flood whose waters are moved as the rivers]",
